Report Number,Local Case Number,Agency Name,ACRS Report Type,Crash Date/Time,Hit/Run,Route Type,Lane Direction,Lane Type,Number of Lanes,Direction,Distance,Distance Unit,Road Grade,Road Name,Cross-Street Name,Off-Road Description,Municipality,Related Non-Motorist,At Fault,Collision Type,Weather,Surface Condition,Light,Traffic Control,Driver Substance Abuse,Non-Motorist Substance Abuse,First Harmful Event,Second Harmful Event,Junction,Intersection Type,Road Alignment,Road Condition,Road Division,Latitude,Longitude,Location
MCP32900041,250005619,MONTGOMERY,Injury Crash,02/07/2025 12:49:00 PM,No,County Route,Northbound,Lane 3,3,South,0,FEET,Level,DENNIS AVE,GEORGIA AVE,,,Pedestrian,DRIVER,Single Vehicle,Clear,Dry,Daylight,Traffic Control Signal,"Not Suspect of Alcohol Use, Not Suspect of Drug Use","Not Suspect of Alcohol Use, Not Suspect of Drug Use",Pedestrian,,Intersection or Related,Angled/Skewed,Straight,No Defects,"Divided, Raised Median (curbed)",39.02531197,-77.0459823,"(39.02531197, -77.0459823)"
HA25250007,24000675,MCPARK,Property Damage Crash,04/16/2024 12:20:00 PM,,,,,0,,,FEET,,,,"Parking Lot Way        PARKING LOT @ 1800 GLENALLAN AVE, SILVER SPRING, MD 20902",,,UNKNOWN,Rear To Rear,Clear,,Daylight,,"Not Suspect of Alcohol Use, Not Suspect of Drug Use",,Motor Vehicle In Transport,Parked Vehicle,,,,,,39.05834642,-77.0388883,"(39.05834642, -77.0388883)"
MCP3040002V,180064739,Montgomery County Police,Property Damage Crash,12/27/2018 03:30:00 PM,No,Maryland (State),North,,1,North,0,FEET,LEVEL,NEW HAMPSHIRE AVE,ROCKY GLEN DR,,N/A,,DRIVER,SINGLE VEHICLE,CLEAR,DRY,DAYLIGHT,N/A,N/A,,ANIMAL,N/A,INTERSECTION,T-INTERSECTION,STRAIGHT,NO DEFECTS,"TWO-WAY, NOT DIVIDED",39.203495,-77.02795667,"(39.203495, -77.02795667)"
MCP271700GV,180016548,Montgomery County Police,Property Damage Crash,04/05/2018 03:30:00 PM,No,County,West,,2,South,0,FEET,LEVEL,SAUL RD,HAVERHILL DR,,N/A,,DRIVER,SINGLE VEHICLE,CLEAR,DRY,DAYLIGHT,NO CONTROLS,NONE DETECTED,,FIXED OBJECT,N/A,INTERSECTION,Y-INTERSECTION,STRAIGHT,NO DEFECTS,"TWO-WAY, DIVIDED, UNPROTECTED PAINTED MIN 4 FEET",39.01597167,-77.07299117,"(39.01597167, -77.07299117)"
MCP2598000F,15011955,Montgomery County Police,Property Damage Crash,03/15/2015 05:12:00 PM,No,County,East,,1,East,0,FEET,HILL UPHILL,E WAYNE AVE,ETON RD,,N/A,,DRIVER,SAME DIR REND LEFT TURN,N/A,DRY,DAYLIGHT,NO CONTROLS,NONE DETECTED,,OTHER VEHICLE,N/A,INTERSECTION,T-INTERSECTION,STRAIGHT,NO DEFECTS,"TWO-WAY, NOT DIVIDED",39.00247333,-77.00740167,"(39.00247333, -77.00740167)"
MCP137800W8,210002637,Montgomery County Police,Injury Crash,01/21/2021 04:19:00 PM,No,County,South,,2,North,75,FEET,LEVEL,SNOUFFERS SCHOOL RD,WELBECK WAY,,N/A,,DRIVER,SAME DIR REAR END,CLEAR,DRY,DAYLIGHT,NO CONTROLS,NONE DETECTED,,OTHER VEHICLE,N/A,NON INTERSECTION,N/A,STRAIGHT,NO DEFECTS,"TWO-WAY, NOT DIVIDED",39.18578139,-77.18407244,"(39.18578139, -77.18407244)"
MCP20520014,16054497,Montgomery County Police,Property Damage Crash,10/23/2016 12:26:00 AM,No,County,South,,1,South,335,FEET,HILL UPHILL,GOSHEN RD,BRINK RD,,N/A,,DRIVER,SINGLE VEHICLE,CLEAR,DRY,DARK LIGHTS ON,NO CONTROLS,ALCOHOL CONTRIBUTED,,FIXED OBJECT,FIXED OBJECT,N/A,N/A,CURVE LEFT,NO DEFECTS,"TWO-WAY, NOT DIVIDED",39.20332895,-77.18727529,"(39.20332895, -77.18727529)"
MCP2439000X,190018291,Montgomery County Police,Property Damage Crash,04/19/2019 12:00:00 AM,Yes,County,Unknown,OTHER,1,East,0,UNKNOWN,LEVEL,MAPLE LEAF DR,MAPLE LEAF CT,,N/A,,DRIVER,OTHER,UNKNOWN,UNKNOWN,DARK -- UNKNOWN LIGHTING,NO CONTROLS,ALCOHOL PRESENT,,OTHER VEHICLE,N/A,N/A,N/A,STRAIGHT,NO DEFECTS,N/A,39.18862333,-77.20718,"(39.18862333, -77.20718)"
MCP3027001J,170551167,Montgomery County Police,Property Damage Crash,12/29/2017 01:03:00 PM,No,Maryland (State),North,,2,North,0,FEET,HILL UPHILL,PINEY BRANCH RD,DALE DR,,N/A,,DRIVER,SAME DIRECTION RIGHT TURN,CLEAR,DRY,DAYLIGHT,TRAFFIC SIGNAL,N/A,,OTHER VEHICLE,N/A,INTERSECTION,FOUR-WAY INTERSECTION,CURVE LEFT,NO DEFECTS,"TWO-WAY, NOT DIVIDED",38.99365667,-77.00915,"(38.99365667, -77.00915)"
MCP2212003F,180023538,Montgomery County Police,Injury Crash,05/13/2018 02:00:00 PM,No,US (State),North,,3,South,200,FEET,N/A,COLUMBIA PIKE,TECH RD,,N/A,,DRIVER,SAME DIR REAR END,OTHER,DRY,DAYLIGHT,NO CONTROLS,NONE DETECTED,,OTHER VEHICLE,OTHER VEHICLE,N/A,N/A,STRAIGHT,NO DEFECTS,"TWO-WAY, DIVIDED, POSITIVE MEDIAN BARRIER",39.05699167,-76.969925,"(39.05699167, -76.969925)"
MCP2971003Z,180031547,Montgomery County Police,Property Damage Crash,06/26/2018 11:55:00 PM,No,County,South,,2,South,25,FEET,LEVEL,CRICKET HILL DR,RICHTER FARM RD,,N/A,,DRIVER,OTHER,CLEAR,DRY,DARK LIGHTS ON,N/A,NONE DETECTED,,PARKED VEHICLE,N/A,N/A,N/A,STRAIGHT,NO DEFECTS,"TWO-WAY, NOT DIVIDED",39.15071,-77.28167333,"(39.15071, -77.28167333)"
MCP25680013,220012450,Montgomery County Police,Property Damage Crash,03/22/2022 10:35:00 PM,Yes,County,North,,2,South,100,FEET,HILL UPHILL,CRABBS BRANCH WAY,ENT TO MONT CO DEPT OF TRANS,,N/A,,DRIVER,SINGLE VEHICLE,CLEAR,DRY,DARK LIGHTS ON,TRAFFIC SIGNAL,ALCOHOL PRESENT,,FIXED OBJECT,N/A,INTERSECTION RELATED,FOUR-WAY INTERSECTION,STRAIGHT,NO DEFECTS,"TWO-WAY, DIVIDED, POSITIVE MEDIAN BARRIER",39.12480167,-77.16441,"(39.12480167, -77.16441)"
MCP2921003P,200015243,Montgomery County Police,Property Damage Crash,04/05/2020 12:30:00 PM,No,,,,,,,,,,,DRIVEWAY OF RESIDENCE ON 8829 COCHRANE CT.,,,DRIVER,OTHER,CLEAR,,DAYLIGHT,N/A,N/A,,PARKED VEHICLE,N/A,,,,,,39.18134315,-77.1827057,"(39.18134315, -77.1827057)"
MCP31450048,230061656,Montgomery County Police,Property Damage Crash,10/20/2023 03:30:00 PM,No,Maryland (State),North,,3,North,0,FEET,LEVEL,NEW HAMPSHIRE AVE,ELTON RD,,N/A,,DRIVER,HEAD ON LEFT TURN,RAINING,WET,DAYLIGHT,TRAFFIC SIGNAL,NONE DETECTED,,OTHER VEHICLE,OTHER VEHICLE,INTERSECTION,T-INTERSECTION,STRAIGHT,NO DEFECTS,"TWO-WAY, DIVIDED, POSITIVE MEDIAN BARRIER",39.02044167,-76.97663,"(39.02044167, -76.97663)"
MCP3017002W,240035503,MONTGOMERY,Property Damage Crash,07/27/2024 09:58:00 PM,No,County Route,Westbound,Lane 1,2,South,0,FEET,Level,EAST VILLAGE AVE,LEWISBERRY DR,,,,DRIVER,Single Vehicle,Clear,Dry,Dark - Lighted,Stop Sign,"Not Suspect of Alcohol Use, Not Suspect of Drug Use",,Tree (standing),Tree (standing),Intersection or Related,Angled/Skewed,Curve Left,No Defects,"Divided, Flush Median (greater than 4ft wide)",39.185095,-77.17591833,"(39.185095, -77.17591833)"
MCP1550004G,230023984,Montgomery County Police,Property Damage Crash,05/19/2023 08:00:00 AM,Yes,County,West,,2,West,100,FEET,HILL UPHILL,NICHOLSON LA,BOILING BROOK PKWY,,N/A,,DRIVER,SAME DIRECTION SIDESWIPE,CLOUDY,DRY,DAYLIGHT,NO CONTROLS,NONE DETECTED,,OTHER VEHICLE,FIXED OBJECT,NON INTERSECTION,N/A,STRAIGHT,NO DEFECTS,"TWO-WAY, DIVIDED, UNPROTECTED PAINTED MIN 4 FEET",39.04856933,-77.10176717,"(39.04856933, -77.10176717)"
MCP25910013,190032981,Montgomery County Police,Property Damage Crash,07/11/2019 04:30:00 PM,No,US (State),North,,3,North,0,FEET,HILL UPHILL,COLESVILLE RD,GRANVILLE DR,,N/A,,DRIVER,SAME DIRECTION SIDESWIPE,RAINING,WET,DAYLIGHT,N/A,NONE DETECTED,,OTHER VEHICLE,N/A,INTERSECTION,FOUR-WAY INTERSECTION,STRAIGHT,NO DEFECTS,"TWO-WAY, DIVIDED, POSITIVE MEDIAN BARRIER",39.01369833,-77.01669333,"(39.01369833, -77.01669333)"
MCP2394001X,16002879,Montgomery County Police,Property Damage Crash,01/15/2016 08:52:00 PM,No,County,East,,3,East,0,FEET,GRADE DOWNHILL,E GUDE DR,CECIL ST,,N/A,,DRIVER,SAME DIR REAR END,RAINING,WET,DARK LIGHTS ON,TRAFFIC SIGNAL,NONE DETECTED,,OTHER VEHICLE,OTHER VEHICLE,INTERSECTION,FOUR-WAY INTERSECTION,STRAIGHT,NO DEFECTS,"TWO-WAY, DIVIDED, POSITIVE MEDIAN BARRIER",39.10637667,-77.15263,"(39.10637667, -77.15263)"
MCP2177004S,230046972,Montgomery County Police,Injury Crash,07/30/2023 02:40:00 PM,No,Municipality,South,,1,South,40,FEET,HILL UPHILL,RUSSELL AVE,SPUR TO ODENDHAL AVE,,N/A,PEDESTRIAN,DRIVER,SINGLE VEHICLE,CLEAR,DRY,DAYLIGHT,N/A,NONE DETECTED,NONE DETECTED,PEDESTRIAN,N/A,N/A,OTHER,CURVE RIGHT,NO DEFECTS,N/A,39.15050159,-77.2043814,"(39.15050159, -77.2043814)"
MCP2867000Y,15011431,Montgomery County Police,Injury Crash,03/12/2015 01:21:00 PM,No,US (State),South,,4,North,0,FEET,LEVEL,COLESVILLE RD,UNIVERSITY BLVD E,,N/A,,DRIVER,STRAIGHT MOVEMENT ANGLE,CLEAR,DRY,N/A,TRAFFIC SIGNAL,NONE DETECTED,,OTHER VEHICLE,N/A,INTERSECTION,FOUR-WAY INTERSECTION,STRAIGHT,NO DEFECTS,ONE-WAY TRAFFICWAY,39.0204668,-77.0129867,"(39.0204668, -77.0129867)"
MCP2399005W,220028563,Montgomery County Police,Property Damage Crash,07/03/2022 03:45:00 PM,No,County,East,,1,East,400,FEET,LEVEL,ROTHBURY DR,SPUR HILL DR,,N/A,,DRIVER,SAME DIR REAR END,CLEAR,DRY,DAYLIGHT,N/A,NONE DETECTED,,OTHER VEHICLE,N/A,COMMERCIAL DRIVEWAY,T-INTERSECTION,STRAIGHT,NO DEFECTS,"TWO-WAY, DIVIDED, UNPROTECTED PAINTED MIN 4 FEET",39.18555,-77.189785,"(39.18555, -77.189785)"
MCP276700BR,250001727,MONTGOMERY,Property Damage Crash,01/13/2025 05:59:00 PM,No,County Route,Eastbound,Lane 1,1,East,23.23,FEET,Level,ELTON RD,,,,,DRIVER,Front to Rear,Clear,Wet,Dark - Lighted,No Controls,"Not Suspect of Alcohol Use, Not Suspect of Drug Use, Not Suspect of Alcohol Use, Not Suspect of Drug Use",,Motor Vehicle In Transport,,Non-Junction,,Straight,No Defects,Not Divided,39.02008483,-76.97558967,"(39.02008483, -76.97558967)"
MCP22980151,240002409,MONTGOMERY,Property Damage Crash,01/15/2024 04:03:00 PM,No,County Route,"Eastbound, Westbound",Lane 1,2,East,30.61,FEET,"Downhill, Uphill",EDNOR RD,,,,,UNKNOWN,Rear To Side,Snow,Snow,Daylight,No Controls,"Not Suspect of Alcohol Use, Not Suspect of Drug Use, Not Suspect of Alcohol Use, Not Suspect of Drug Use",,Motor Vehicle In Transport,Motor Vehicle In Transport,Non-Junction,,Straight,,Not Divided,39.12696917,-77.02078495,"(39.12696917, -77.02078495)"
MCP33370008,220038934,Montgomery County Police,Property Damage Crash,09/07/2022 10:14:00 PM,Yes,Maryland (State),North,,3,North,100,FEET,LEVEL,GEORGIA AVE,RANDOLPH RD,,N/A,,DRIVER,SAME DIRECTION SIDESWIPE,CLEAR,DRY,DARK LIGHTS ON,N/A,"NONE DETECTED, UNKNOWN",,OTHER VEHICLE,N/A,N/A,N/A,STRAIGHT,NO DEFECTS,"TWO-WAY, DIVIDED, POSITIVE MEDIAN BARRIER",39.062193,-77.0535329,"(39.062193, -77.0535329)"
MCP3094000X,190004049,Montgomery County Police,Property Damage Crash,01/25/2019 10:09:00 PM,Yes,Municipality,South,,2,West,0,FEET,GRADE DOWNHILL,FIRSTFIELD RD,CLOPPER RD,,N/A,,DRIVER,SAME DIRECTION RIGHT TURN,CLEAR,DRY,DARK LIGHTS ON,TRAFFIC SIGNAL,"NONE DETECTED, UNKNOWN",,OTHER VEHICLE,N/A,INTERSECTION,FOUR-WAY INTERSECTION,STRAIGHT,NO DEFECTS,"TWO-WAY, DIVIDED, POSITIVE MEDIAN BARRIER",39.14402317,-77.223574,"(39.14402317, -77.223574)"
MCP2737005Z,230068000,Montgomery County Police,Injury Crash,11/24/2023 02:21:00 AM,No,Maryland (State),South,,2,North,0,FEET,LEVEL,NEW HAMPSHIRE AVE,GOOD HOPE RD,,N/A,,DRIVER,STRAIGHT MOVEMENT ANGLE,CLEAR,DRY,DARK LIGHTS ON,TRAFFIC SIGNAL,NONE DETECTED,,OTHER VEHICLE,N/A,INTERSECTION,FOUR-WAY INTERSECTION,STRAIGHT,NO DEFECTS,"TWO-WAY, DIVIDED, POSITIVE MEDIAN BARRIER",39.09570076,-77.00214832,"(39.09570076, -77.00214832)"
MCP00360035,15059129,MONTGOMERY,Injury Crash,11/19/2015 04:20:00 PM,No,Maryland (State),South,OFF ROAD,1,South,300,FEET,GRADE DOWNHILL,WOODFIELD RD,ESSEX VIEW DR,,N/A,,DRIVER,SINGLE VEHICLE,RAINING,WET,DAYLIGHT,NO CONTROLS,NONE DETECTED,,OFF ROAD,FIXED OBJECT,NON INTERSECTION,N/A,CURVE LEFT,NO DEFECTS,"TWO-WAY, NOT DIVIDED",39.22036333,-77.17515,"(39.22036333, -77.17515)"
MCP2298012D,220056694,Montgomery County Police,Property Damage Crash,12/21/2022 05:26:00 PM,No,Maryland (State),North,,3,North,200,FEET,HILL UPHILL,S FREDERICK RD,FAIRBANKS BLVD,,GAITHERSBURG,,DRIVER,SAME DIR REAR END,CLEAR,DRY,DARK LIGHTS ON,NO CONTROLS,"N/A, NONE DETECTED",,OTHER VEHICLE,N/A,NON INTERSECTION,N/A,STRAIGHT,NO DEFECTS,"TWO-WAY, DIVIDED, POSITIVE MEDIAN BARRIER",39.13435833,-77.19084,"(39.13435833, -77.19084)"
MCP33720021,230071123,Montgomery County Police,Property Damage Crash,12/11/2023 03:30:00 PM,No,County,South,,3,North,0,FEET,LEVEL,HOMECREST RD,BEL PRE RD,,N/A,,DRIVER,SAME DIR REAR END,CLEAR,DRY,DAYLIGHT,TRAFFIC SIGNAL,NONE DETECTED,,OTHER VEHICLE,N/A,INTERSECTION,T-INTERSECTION,STRAIGHT,NO DEFECTS,"TWO-WAY, DIVIDED, UNPROTECTED PAINTED MIN 4 FEET",39.09170838,-77.06282288,"(39.09170838, -77.06282288)"
MCP91130010,15062037,MONTGOMERY,Injury Crash,12/04/2015 07:19:00 PM,No,Maryland (State),South,,1,North,0,FEET,LEVEL,CONNECTICUT AVE,WELLER RD,,N/A,,DRIVER,OTHER,CLEAR,DRY,DARK LIGHTS ON,TRAFFIC SIGNAL,NONE DETECTED,,OTHER VEHICLE,N/A,INTERSECTION,FOUR-WAY INTERSECTION,STRAIGHT,NO DEFECTS,N/A,39.06310833,-77.07401167,"(39.06310833, -77.07401167)"
DM8423001Y,190025944,Takoma Park Police Depart,Property Damage Crash,04/20/2019 03:00:00 AM,No,Maryland (State),Unknown,UNKNOWN,2,South,0,FEET,LEVEL,FLOWER AVE,DOMER AVE,,TAKOMA PARK,,DRIVER,UNKNOWN,CLEAR,DRY,DARK LIGHTS ON,NO CONTROLS,N/A,,PARKED VEHICLE,N/A,N/A,N/A,STRAIGHT,NO DEFECTS,"TWO-WAY, NOT DIVIDED",38.99637833,-77.00315167,"(38.99637833, -77.00315167)"
MCP2048002T,200020228,Montgomery County Police,Injury Crash,05/20/2020 04:30:00 PM,Yes,,,,,,,,,,,PARKING LOT OF 1028 QUEBEC TERR,,,DRIVER,OTHER,CLEAR,,DAYLIGHT,N/A,ALCOHOL PRESENT,,PARKED VEHICLE,PARKED VEHICLE,,,,,,39.00087333,-76.985895,"(39.00087333, -76.985895)"
MCP2891000Z,15031017,Montgomery County Police,Property Damage Crash,06/25/2015 01:59:00 PM,No,Maryland (State),North,,3,North,0,FEET,LEVEL,16TH ST,SPRING ST,,N/A,,UNKNOWN,HEAD ON LEFT TURN,CLEAR,DRY,DAYLIGHT,TRAFFIC SIGNAL,NONE DETECTED,,OTHER VEHICLE,OTHER VEHICLE,INTERSECTION,T-INTERSECTION,OTHER,NO DEFECTS,"TWO-WAY, DIVIDED, POSITIVE MEDIAN BARRIER",38.9964655,-77.03640103,"(38.9964655, -77.03640103)"
MCP3280003H,230028396,Montgomery County Police,Property Damage Crash,06/13/2023 10:00:00 AM,Yes,County,South,RIGHT TURN LANE,4,North,20,FEET,LEVEL,CHERRY HILL RD,PLUM ORCHARD DR,,N/A,,DRIVER,SAME DIRECTION SIDESWIPE,CLEAR,DRY,DAYLIGHT,TRAFFIC SIGNAL,"NONE DETECTED, UNKNOWN",,OTHER VEHICLE,N/A,INTERSECTION RELATED,FOUR-WAY INTERSECTION,STRAIGHT,NO DEFECTS,"TWO-WAY, NOT DIVIDED",39.05287336,-76.9532811,"(39.05287336, -76.9532811)"
MCP2723009Q,250031783,MONTGOMERY,Injury Crash,07/16/2025 04:20:00 PM,No,County Route,Westbound,Lane 1,1,East,42.87,FEET,Uphill,BONIFANT RD,ALDERTON RD,,,Cyclist (non-electric),DRIVER,Single Vehicle,Clear,Dry,Daylight,No Controls,"Not Suspect of Alcohol Use, Not Suspect of Drug Use","Not Suspect of Alcohol Use, Not Suspect of Drug Use",Pedalcycle,,Non-Junction,,Curve Right,No Defects,Not Divided,39.09349827,-77.0358374,"(39.09349827, -77.0358374)"
MCP2965006T,230007210,Montgomery County Police,Property Damage Crash,02/13/2023 07:18:00 AM,No,Maryland (State),East,,2,East,0.5,MILE,ON BRIDGE,NORBECK RD,AVERY RD,,ROCKVILLE,,DRIVER,SAME DIRECTION SIDESWIPE,SLEET,ICE,DAYLIGHT,NO CONTROLS,NONE DETECTED,,OTHER VEHICLE,OTHER VEHICLE,N/A,N/A,STRAIGHT,NO DEFECTS,"TWO-WAY, DIVIDED, POSITIVE MEDIAN BARRIER",39.09438333,-77.11918667,"(39.09438333, -77.11918667)"
EJ78860018,220011792,Gaithersburg Police Depar,Property Damage Crash,03/18/2022 11:16:00 PM,No,Maryland (State),North,,2,South,20,FEET,HILL UPHILL,QUINCE ORCHARD RD,TWIN LAKES DR,,GAITHERSBURG,,DRIVER,SINGLE VEHICLE,CLEAR,DRY,DARK LIGHTS ON,N/A,ALCOHOL CONTRIBUTED,,FIXED OBJECT,N/A,NON INTERSECTION,N/A,N/A,NO DEFECTS,"TWO-WAY, DIVIDED, POSITIVE MEDIAN BARRIER",39.12931681,-77.22822593,"(39.12931681, -77.22822593)"
MCP29460039,190015455,Montgomery County Police,Injury Crash,04/03/2019 02:37:00 PM,No,County,West,,3,West,30,FEET,LEVEL,MIDDLEBROOK RD,RAMP 6 FR MIDDLEBROOK RD EB TO IS 270 SB,,N/A,,DRIVER,ANGLE MEETS LEFT TURN,CLEAR,DRY,DAYLIGHT,FLASHING TRAFFIC SIGNAL,NONE DETECTED,,OTHER VEHICLE,OFF ROAD,INTERSECTION RELATED,OTHER,STRAIGHT,NO DEFECTS,"TWO-WAY, DIVIDED, POSITIVE MEDIAN BARRIER",39.17463167,-77.24843,"(39.17463167, -77.24843)"
MCP29620029,180002435,Montgomery County Police,Property Damage Crash,01/16/2018 08:33:00 AM,No,,,,,,,,,,,REAR PARKING LOT OF 17811 MILLHAVEN TERRACE.,,,DRIVER,OTHER,CLEAR,,DAYLIGHT,N/A,NONE DETECTED,,FIXED OBJECT,N/A,,,,,,39.14901167,-77.27464333,"(39.14901167, -77.27464333)"
MCP28120049,180055029,Montgomery County Police,Property Damage Crash,11/02/2018 04:36:00 PM,No,Government,West,,1,West,50,FEET,LEVEL,SLIGO CREEK PKWY,THREE OAKS DR,,N/A,,DRIVER,OPPOSITE DIRECTION SIDESWIPE,CLEAR,DRY,DAYLIGHT,NO CONTROLS,N/A,,OTHER VEHICLE,N/A,NON INTERSECTION,N/A,STRAIGHT,NO DEFECTS,"TWO-WAY, NOT DIVIDED",39.0041728,-77.01519838,"(39.0041728, -77.01519838)"
MCP30550038,210046054,Montgomery County Police,Injury Crash,11/13/2021 01:59:00 PM,No,Maryland (State),South,,4,North,0,FEET,LEVEL,GEORGIA AVE,BEL PRE RD,,N/A,BICYCLIST,NONMOTORIST,OTHER,CLEAR,DRY,DAYLIGHT,TRAFFIC SIGNAL,N/A,N/A,BICYCLE,N/A,INTERSECTION,FOUR-WAY INTERSECTION,STRAIGHT,NO DEFECTS,"TWO-WAY, DIVIDED, POSITIVE MEDIAN BARRIER",39.092965,-77.07975833,"(39.092965, -77.07975833)"
MCP1119002Y,16056647,Montgomery County Police,Property Damage Crash,11/03/2016 09:34:00 AM,No,Maryland (State),South,,3,North,10,FEET,LEVEL,GEORGIA AVE,RANDOLPH RD,,N/A,,DRIVER,OTHER,CLEAR,DRY,DAYLIGHT,TRAFFIC SIGNAL,NONE DETECTED,,OTHER VEHICLE,N/A,INTERSECTION RELATED,FOUR-WAY INTERSECTION,CURVE RIGHT,NO DEFECTS,"TWO-WAY, NOT DIVIDED",39.0568,-77.05004,"(39.0568, -77.05004)"
MCP3095002B,200049266,Montgomery County Police,Injury Crash,12/14/2020 04:17:00 PM,No,County,West,,3,North,0,FEET,LEVEL,LOCKSLEY LA,RANDOLPH RD,,N/A,,DRIVER,STRAIGHT MOVEMENT ANGLE,CLEAR,WET,DAYLIGHT,TRAFFIC SIGNAL,N/A,,OTHER VEHICLE,N/A,INTERSECTION,T-INTERSECTION,STRAIGHT,NO DEFECTS,"TWO-WAY, DIVIDED, POSITIVE MEDIAN BARRIER",39.07173667,-77.01114,"(39.07173667, -77.01114)"
MCP3275002V,250012612,MONTGOMERY,Injury Crash,03/22/2025 05:00:00 PM,No,US (State),Southbound,Lane 3,5,North,45.34,FEET,Level,COLUMBIA PIKE (SB/L),,,,,DRIVER,Front to Rear,Clear,Dry,Daylight,No Controls,"Not Suspect of Alcohol Use, Not Suspect of Drug Use, Not Suspect of Alcohol Use, Not Suspect of Drug Use, Not Suspect of Alcohol Use, Not Suspect of Drug Use",,Motor Vehicle In Transport,,Crossover-Related,,Straight,No Defects,"Divided, Raised Median (curbed)",39.09569077,-76.93806953,"(39.09569077, -76.93806953)"
MCP26860071,240020347,MONTGOMERY,Injury Crash,05/01/2024 03:40:00 PM,No,,,,0,,,FEET,,,,Parking Lot Way        PARKING LOT DRIVEWAY OF 12918 MIDDLEBROOK RD,,,DRIVER,Front to Rear,Clear,,Daylight,,"Not Suspect of Alcohol Use, Not Suspect of Drug Use, Not Suspect of Alcohol Use, Not Suspect of Drug Use",,Motor Vehicle In Transport,,,,,,,39.17989646,-77.26918281,"(39.17989646, -77.26918281)"
MCP2437000S,15004268,Montgomery County Police,Property Damage Crash,01/27/2015 08:54:00 AM,No,Maryland (State),South,LEFT TURN LANE,1,North,0,FEET,GRADE DOWNHILL,GEORGIA AVE,DIRECTIONAL CROSSOVER,,N/A,,DRIVER,SINGLE VEHICLE,CLOUDY,SLUSH,DAYLIGHT,NO CONTROLS,NONE DETECTED,,FIXED OBJECT,N/A,CROSSOVER RELATED,OTHER,STRAIGHT,NO DEFECTS,"TWO-WAY, DIVIDED, UNPROTECTED PAINTED MIN 4 FEET",39.07981667,-77.07363333,"(39.07981667, -77.07363333)"
MCP26080058,230052260,Montgomery County Police,Property Damage Crash,08/30/2023 03:30:00 PM,No,County,North,,1,West,0,FEET,LEVEL,COLONY RD,NORTHAMPTON DR,,N/A,PEDESTRIAN,UNKNOWN,STRAIGHT MOVEMENT ANGLE,CLEAR,DRY,DAYLIGHT,NO CONTROLS,N/A,N/A,PEDESTRIAN,N/A,INTERSECTION,FOUR-WAY INTERSECTION,STRAIGHT,NO DEFECTS,"TWO-WAY, DIVIDED, POSITIVE MEDIAN BARRIER",39.0075552,-76.98384145,"(39.0075552, -76.98384145)"
DD5583007K,220047957,Rockville Police Departme,Property Damage Crash,11/01/2022 09:05:00 AM,Yes,Maryland (State),East,,1,East,100,FEET,LEVEL,W MONTGOMERY AVE,ADCLARE RD,,ROCKVILLE,,DRIVER,SAME DIR REAR END,N/A,DRY,DAYLIGHT,N/A,NONE DETECTED,,OTHER VEHICLE,N/A,NON INTERSECTION,N/A,STRAIGHT,NO DEFECTS,"TWO-WAY, DIVIDED, UNPROTECTED PAINTED MIN 4 FEET",39.08564283,-77.1683045,"(39.08564283, -77.1683045)"
MCP304800C3,240011409,MONTGOMERY,Property Damage Crash,03/09/2024 10:40:00 AM,,,,,0,,,FEET,,,,"Parking Lot Way        PARKING LOT OF 3706 HOWARD AVENUE KENSINGTON, MD",,,UNKNOWN,Front to Rear,Rain,,Daylight,,"Not Suspect of Alcohol Use, Not Suspect of Drug Use, Not Suspect of Alcohol Use, Not Suspect of Drug Use",,Parked Vehicle,,,,,,,39.02676633,-77.0726218,"(39.02676633, -77.0726218)"
EJ7870006T,240016102,GAITHERSBURG,Injury Crash,04/06/2024 08:26:00 PM,No,Municipality Route,"Eastbound, Northbound","Lane 1, Left Turn Lane","2, 3",East,0,FEET,"Downhill, Uphill",RUSSELL AVE (SB/L),WATKINS MILL RD,,,,UNKNOWN,Angle,Clear,Dry,Dark - Lighted,"No Controls, Stop Sign","Not Suspect of Alcohol Use, Not Suspect of Drug Use, Not Suspect of Alcohol Use, Not Suspect of Drug Use",,Motor Vehicle In Transport,,Intersection or Related,Perpendicular,"Curve Left, Straight",,"Divided, Raised Median (curbed)",39.15992983,-77.21630067,"(39.15992983, -77.21630067)"
MCP32950033,230048985,Montgomery County Police,Property Damage Crash,08/11/2023 06:29:00 PM,No,Maryland (State),North,,2,East,0,FEET,LEVEL,SANDY SPRING RD,SPUR TO US 29A,,N/A,,UNKNOWN,OTHER,CLEAR,DRY,DAYLIGHT,TRAFFIC SIGNAL,NONE DETECTED,,OTHER VEHICLE,N/A,INTERSECTION,FOUR-WAY INTERSECTION,STRAIGHT,NO DEFECTS,ONE-WAY TRAFFICWAY,39.11155141,-76.92866085,"(39.11155141, -76.92866085)"
MCP94420005,15018850,Montgomery County Police,Injury Crash,04/22/2015 09:15:00 AM,No,Municipality,South,,2,North,0,FEET,GRADE DOWNHILL,CHRISTOPHER AVE,RUSSELL AVE,,GAITHERSBURG,,DRIVER,SAME DIR REAR END,CLEAR,DRY,DAYLIGHT,TRAFFIC SIGNAL,NONE DETECTED,,OTHER VEHICLE,N/A,INTERSECTION,FOUR-WAY INTERSECTION,STRAIGHT,NO DEFECTS,"TWO-WAY, DIVIDED, POSITIVE MEDIAN BARRIER",39.158595,-77.21248667,"(39.158595, -77.21248667)"