Report Number,Local Case Number,Agency Name,ACRS Report Type,Crash Date/Time,Hit/Run,Route Type,Lane Direction,Lane Type,Number of Lanes,Direction,Distance,Distance Unit,Road Grade,Road Name,Cross-Street Name,Off-Road Description,Municipality,Related Non-Motorist,At Fault,Collision Type,Weather,Surface Condition,Light,Traffic Control,Driver Substance Abuse,Non-Motorist Substance Abuse,First Harmful Event,Second Harmful Event,Junction,Intersection Type,Road Alignment,Road Condition,Road Division,Latitude,Longitude,Location
MCP2752001D,16028422,Montgomery County Police,Property Damage Crash,06/04/2016 05:00:00 PM,Yes,,,,,,0,,,,,PARKING LOT TO THE REAR OF 4730 BRADLEY BLVD,,,UNKNOWN,SAME DIRECTION SIDESWIPE,N/A,,UNKNOWN,N/A,,,OTHER VEHICLE,N/A,,,,,,38.984955,-77.09242,"(38.984955, -77.09242)"
MCP2859002X,16056273,Montgomery County Police,Property Damage Crash,11/01/2016 02:04:00 PM,No,Maryland (State),South,,5,North,0,FEET,LEVEL,FREDERICK RD,SHADY GROVE RD,,N/A,,DRIVER,SAME DIRECTION RIGHT TURN,CLOUDY,DRY,DAYLIGHT,TRAFFIC SIGNAL,NONE DETECTED,,OTHER VEHICLE,N/A,INTERSECTION,FOUR-WAY INTERSECTION,STRAIGHT,NO DEFECTS,"TWO-WAY, DIVIDED, POSITIVE MEDIAN BARRIER",39.12236981,-77.17751741,"(39.12236981, -77.17751741)"
MCP29950077,200045435,Montgomery County Police,Injury Crash,11/17/2020 06:27:00 PM,No,County,West,,3,East,0,FEET,HILL UPHILL,RANDOLPH RD,SELFRIDGE RD,,N/A,,DRIVER,STRAIGHT MOVEMENT ANGLE,CLEAR,DRY,DARK LIGHTS ON,TRAFFIC SIGNAL,NONE DETECTED,,OTHER VEHICLE,N/A,INTERSECTION,FOUR-WAY INTERSECTION,STRAIGHT,NO DEFECTS,"TWO-WAY, DIVIDED, UNPROTECTED PAINTED MIN 4 FEET",39.0553274,-77.08359421,"(39.0553274, -77.08359421)"
EJ7846005K,200041056,Gaithersburg Police Depar,Property Damage Crash,10/18/2020 07:25:00 AM,No,County,South,ON RAMP,1,North,0,FEET,LEVEL,SAM EIG HWY,SPUR FR MD 119,,N/A,,DRIVER,HEAD ON,CLEAR,DRY,DAYLIGHT,OTHER,"ILLEGAL DRUG CONTRIBUTED, NONE DETECTED",,OTHER VEHICLE,N/A,INTERCHANGE RELATED,N/A,CURVE RIGHT,N/A,ONE-WAY TRAFFICWAY,39.11031095,-77.21137752,"(39.11031095, -77.21137752)"
EJ7902000M,240008673,GAITHERSBURG,Injury Crash,02/22/2024 12:29:00 PM,No,County Route,"Eastbound, Southbound",Lane 2,"2, 3",West,0,FEET,"Downhill, Level",SHADY GROVE RD,RAMP 1 FR IS 270 NB TO SHADY GROVE RD WB,,,,DRIVER,Angle,Clear,Dry,Daylight,Traffic Control Signal,"Not Suspect of Alcohol Use, Not Suspect of Drug Use, Not Suspect of Alcohol Use, Not Suspect of Drug Use",,Motor Vehicle In Transport,,Intersection or Related,Perpendicular,Straight,No Defects,"Divided, Raised Median (curbed), Not Divided",39.11184842,-77.18702347,"(39.11184842, -77.18702347)"
MCP271700SB,200034393,Montgomery County Police,Property Damage Crash,09/02/2020 08:10:00 PM,No,Maryland (State),South,,3,North,0,FEET,LEVEL,WISCONSIN AVE,NOTTINGHAM DR,,N/A,,DRIVER,SAME DIR REAR END,CLEAR,WET,DARK LIGHTS ON,NO CONTROLS,NONE DETECTED,,OTHER VEHICLE,N/A,INTERSECTION,T-INTERSECTION,STRAIGHT,NO DEFECTS,"TWO-WAY, DIVIDED, POSITIVE MEDIAN BARRIER",38.97655083,-77.09042167,"(38.97655083, -77.09042167)"
MCP2487003K,240041018,MONTGOMERY,Property Damage Crash,08/30/2024 05:50:00 AM,No,Maryland (State) Route,Eastbound,Lane 1,1,South,10.61,FEET,Level,,,,,,UNKNOWN,Single Vehicle,Rain,Wet,Dark - Not Lighted,No Controls,"Not Suspect of Alcohol Use, Not Suspect of Drug Use",,Animal (live),,Non-Junction,,Straight,No Defects,Not Divided,39.21380333,-77.42967,"(39.21380333, -77.42967)"
MCP242500CS,180052866,Montgomery County Police,Property Damage Crash,10/22/2018 11:59:00 AM,No,US (State),North,,3,North,0,FEET,LEVEL,COLUMBIA PIKE,FAIRLAND RD,,N/A,,DRIVER,STRAIGHT MOVEMENT ANGLE,CLEAR,DRY,DAYLIGHT,TRAFFIC SIGNAL,NONE DETECTED,,OTHER VEHICLE,N/A,INTERSECTION,FOUR-WAY INTERSECTION,STRAIGHT,NO DEFECTS,"TWO-WAY, DIVIDED, POSITIVE MEDIAN BARRIER",39.072905,-76.95559333,"(39.072905, -76.95559333)"
MCP2852001M,180058359,Montgomery County Police,Property Damage Crash,11/21/2018 05:27:00 AM,No,County,North,,2,South,0,FEET,LEVEL,FATHER HURLEY BLVD,SWEET GUM CIR,,N/A,,DRIVER,STRAIGHT MOVEMENT ANGLE,CLEAR,DRY,DARK LIGHTS ON,FLASHING TRAFFIC SIGNAL,NONE DETECTED,,OTHER VEHICLE,N/A,INTERSECTION,FOUR-WAY INTERSECTION,STRAIGHT,NO DEFECTS,"TWO-WAY, DIVIDED, POSITIVE MEDIAN BARRIER",39.18412667,-77.273575,"(39.18412667, -77.273575)"
MCP3320002W,240060528,MONTGOMERY,Property Damage Crash,12/18/2024 06:40:00 PM,No,County Route,Eastbound,Lane 1,1,West,14.55,FEET,Level,SEMINARY RD,,,,,DRIVER,Front to Rear,Rain,Wet,Dark - Not Lighted,Traffic Control Signal,"Not Suspect of Alcohol Use, Not Suspect of Drug Use, Not Suspect of Alcohol Use, Not Suspect of Drug Use, Not Suspect of Alcohol Use, Not Suspect of Drug Use",,Motor Vehicle In Transport,,Non-Junction,,Straight,No Defects,Not Divided,39.0142025,-77.05426183,"(39.0142025, -77.05426183)"
MCP1378016C,230064207,Montgomery County Police,Property Damage Crash,11/03/2023 02:57:00 PM,No,,,,,,,,,,,IN FRONT OF 11841 PEPPERVINE DR,,,DRIVER,OPPOSITE DIRECTION SIDESWIPE,CLEAR,,DAYLIGHT,NO CONTROLS,NONE DETECTED,,PARKED VEHICLE,N/A,,,,,,39.22705419,-77.24215183,"(39.22705419, -77.24215183)"
MCP3232004Q,240007544,MONTGOMERY,Property Damage Crash,02/15/2024 05:26:00 PM,No,County Route,Northbound,Lane 1,1,North,10.4,FEET,Level,TAMARACK RD,COLLINGWOOD TERR,,,,UNKNOWN,"Sideswipe, Same Direction",Clear,Dry,Daylight,No Controls,"Not Suspect of Alcohol Use, Not Suspect of Drug Use",,Motor Vehicle In Transport,,Through Roadway,,Curve Right,No Defects,Not Divided,39.07760132,-76.97982608,"(39.07760132, -76.97982608)"
MCP33920015,240035539,MONTGOMERY,Injury Crash,07/28/2024 09:06:00 AM,No,,,,0,,,FEET,,,,Parking Lot Way        12000 BLOCK PARKING LOT OF GEORGIA AVE / SHOREFIELD RD,,,DRIVER,Angle,Clear,,Daylight,,"Not Suspect of Alcohol Use, Not Suspect of Drug Use",,Motor Vehicle In Transport,,,,,,,39.05234994,-77.0500564,"(39.05234994, -77.0500564)"
MCP3362005W,250029425,MONTGOMERY,Property Damage Crash,07/02/2025 01:42:00 PM,No,Maryland (State) Route,Southbound,Lane 2,2,North,23.84,FEET,Level,NEW HAMPSHIRE AVE (SB/L),,,,,UNKNOWN,Front to Rear,Clear,Dry,Daylight,Traffic Control Signal,"Not Suspect of Alcohol Use, Not Suspect of Drug Use, Not Suspect of Alcohol Use, Not Suspect of Drug Use",,Motor Vehicle In Transport,,Non-Junction,,Straight,No Defects,"Divided, Raised Median (curbed)",39.04483083,-76.9923405,"(39.04483083, -76.9923405)"
MCP2814003K,230007642,Montgomery County Police,Injury Crash,02/15/2023 08:26:00 AM,No,Maryland (State),North,CROSSOVER AREA,3,North,0,FEET,LEVEL,S FREDERICK RD,S SUMMIT AVE,,GAITHERSBURG,,DRIVER,ANGLE MEETS LEFT TURN,N/A,DRY,DAYLIGHT,TRAFFIC SIGNAL,NONE DETECTED,,OTHER VEHICLE,N/A,INTERSECTION,FOUR-WAY INTERSECTION,STRAIGHT,NO DEFECTS,"TWO-WAY, DIVIDED, POSITIVE MEDIAN BARRIER",39.13810834,-77.19409053,"(39.13810834, -77.19409053)"
MCP14530065,180054093,Montgomery County Police,Injury Crash,10/29/2018 07:33:00 AM,No,Maryland (State),South,,2,North,75,FEET,GRADE DOWNHILL,WOODFIELD RD,WELSH RD,,N/A,,DRIVER,SAME DIR REAR END,CLOUDY,DRY,DAWN,NO CONTROLS,NONE DETECTED,,OTHER VEHICLE,N/A,NON INTERSECTION,N/A,STRAIGHT,NO DEFECTS,"TWO-WAY, NOT DIVIDED",39.25918333,-77.202305,"(39.25918333, -77.202305)"
MCP23580095,220003540,Montgomery County Police,Property Damage Crash,01/27/2022 09:00:00 AM,No,County,West,,1,West,100,FEET,LEVEL,WILMETT RD,EWING DR,,N/A,,DRIVER,HEAD ON,CLEAR,DRY,DAYLIGHT,NO CONTROLS,NONE DETECTED,,OTHER VEHICLE,N/A,NON INTERSECTION,N/A,STRAIGHT,NO DEFECTS,"TWO-WAY, NOT DIVIDED",39.00806,-77.12353,"(39.00806, -77.12353)"
MCP2192002S,180045293,Montgomery County Police,Injury Crash,09/11/2018 08:11:00 AM,No,County,West,,2,West,50,FEET,LEVEL,BEL PRE RD,BEL PRE DR,,N/A,,DRIVER,SAME DIR REAR END,RAINING,WET,DAYLIGHT,N/A,NONE DETECTED,,OTHER VEHICLE,N/A,N/A,N/A,STRAIGHT,NO DEFECTS,"TWO-WAY, DIVIDED, UNPROTECTED PAINTED MIN 4 FEET",39.09090833,-77.05163333,"(39.09090833, -77.05163333)"
MCP2947000R,15041878,MONTGOMERY,Injury Crash,08/21/2015 12:52:00 PM,No,,,,,,,,,,,FISKE DR AT S. LEISURE WORLD BLVD IN LEISURE WORLD GATED COMMUNITY.,,,DRIVER,SINGLE VEHICLE,CLEAR,,DAYLIGHT,STOP SIGN,NONE DETECTED,,N/A,N/A,,,,,,39.09558824,-77.07038999,"(39.09558824, -77.07038999)"
MCP21070020,180050487,Montgomery County Police,Property Damage Crash,10/09/2018 02:07:00 PM,No,County,East,,4,West,30,FEET,GRADE DOWNHILL,WISTERIA DR,GERMANTOWN RD,,N/A,,DRIVER,OTHER,CLOUDY,DRY,DAYLIGHT,OTHER,NONE DETECTED,,OTHER VEHICLE,OTHER VEHICLE,NON INTERSECTION,N/A,STRAIGHT,NO DEFECTS,"TWO-WAY, NOT DIVIDED",39.177145,-77.270505,"(39.177145, -77.270505)"
MCP3168007G,240057382,MONTGOMERY,Property Damage Crash,11/30/2024 06:48:00 PM,No,Maryland (State) Route,Northbound,Lane 1,3,North,29.28,FEET,Downhill,VEIRS MILL RD,,,,,UNKNOWN,Front to Rear,Clear,Dry,Dark - Lighted,Traffic Control Signal,"Not Suspect of Alcohol Use, Not Suspect of Drug Use, Not Suspect of Alcohol Use, Not Suspect of Drug Use",,Motor Vehicle In Transport,,Acceleration/Deceleration Lane,,Straight,No Defects,"Divided, Raised Median (curbed)",39.07359081,-77.11241267,"(39.07359081, -77.11241267)"
DD5611000F,15043921,ROCKVILLE,Property Damage Crash,09/01/2015 11:54:00 AM,No,Municipality,North,,1,North,200,FEET,LEVEL,COLLEGE PKWY,YALE PL,,ROCKVILLE,,DRIVER,SAME DIR REAR END,CLEAR,DRY,DAYLIGHT,NO CONTROLS,NONE DETECTED,,PARKED VEHICLE,N/A,N/A,N/A,STRAIGHT,NO DEFECTS,"TWO-WAY, NOT DIVIDED",39.10170802,-77.16048002,"(39.10170802, -77.16048002)"
MCP3317001V,240027654,MONTGOMERY,Property Damage Crash,06/10/2024 05:07:00 PM,,County Route,Westbound,Lane 1,3,North,14.78,FEET,Level,LIVINGSTON ST,,,,,UNKNOWN,"Sideswipe, Same Direction",Cloudy,Dry,Daylight,No Controls,"Not Suspect of Alcohol Use, Not Suspect of Drug Use, Unknown, Unknown",,Motor Vehicle In Transport,,Non-Junction,,Straight,No Defects,"Divided, Raised Median (curbed)",39.05829598,-77.05541801,"(39.05829598, -77.05541801)"
MCP28270015,15027264,Montgomery County Police,Property Damage Crash,06/05/2015 04:48:00 PM,No,County,West,,2,North,0,FEET,LEVEL,PRINCE PHILIP DR,GEORGIA AVE,,N/A,,DRIVER,SAME DIR REAR END,CLEAR,DRY,DAYLIGHT,TRAFFIC SIGNAL,NONE DETECTED,,OTHER VEHICLE,N/A,N/A,FOUR-WAY INTERSECTION,STRAIGHT,NO DEFECTS,"TWO-WAY, NOT DIVIDED",39.15931,-77.06418667,"(39.15931, -77.06418667)"
MCP3331001S,230020091,Montgomery County Police,Property Damage Crash,04/27/2023 08:30:00 AM,No,County,West,,1,South,0,FEET,LEVEL,KERSEY RD,N BELGRADE RD,,N/A,,DRIVER,STRAIGHT MOVEMENT ANGLE,CLEAR,DRY,DAYLIGHT,STOP SIGN,NONE DETECTED,,OTHER VEHICLE,N/A,INTERSECTION,FOUR-WAY INTERSECTION,STRAIGHT,NO DEFECTS,"TWO-WAY, NOT DIVIDED",39.04418833,-77.0288685,"(39.04418833, -77.0288685)"
MCP1148001N,170509974,Montgomery County Police,Property Damage Crash,05/26/2017 08:58:00 AM,Yes,,,,,,,,,,,"PARKING LOT OF WAVERLY HOUSE
4521 EAST WEST HWY",,,DRIVER,OTHER,CLEAR,,DAYLIGHT,N/A,UNKNOWN,,PARKED VEHICLE,N/A,,,,,,38.985035,-77.09248,"(38.985035, -77.09248)"
MCP26230047,190061695,Montgomery County Police,Injury Crash,12/22/2019 10:48:00 PM,No,County,East,LEFT TURN LANE,2,East,0,FEET,LEVEL,BROADBIRCH DR,CHERRY HILL RD,,N/A,,DRIVER,HEAD ON LEFT TURN,CLEAR,DRY,DARK LIGHTS ON,TRAFFIC SIGNAL,NONE DETECTED,,OTHER VEHICLE,N/A,INTERSECTION,FOUR-WAY INTERSECTION,STRAIGHT,NO DEFECTS,"TWO-WAY, NOT DIVIDED",39.056065,-76.95451167,"(39.056065, -76.95451167)"
MCP1519003K,210034533,Montgomery County Police,Property Damage Crash,08/29/2021 08:30:00 AM,Yes,County,South,,1,North,125,FEET,LEVEL,SPLIT ROCK LA,MATENY RD,,N/A,,DRIVER,OTHER,CLEAR,DRY,DAYLIGHT,NO CONTROLS,UNKNOWN,,PARKED VEHICLE,PARKED VEHICLE,NON INTERSECTION,N/A,CURVE LEFT,NO DEFECTS,"TWO-WAY, NOT DIVIDED",39.15926167,-77.26829,"(39.15926167, -77.26829)"
MCP1438005C,170545301,Montgomery County Police,Property Damage Crash,11/28/2017 07:50:00 AM,No,County,North,,2,North,0,FEET,LEVEL,EMORY GROVE RD,TEA ROSE DR,,N/A,,DRIVER,SAME DIRECTION SIDESWIPE,CLEAR,DRY,DAYLIGHT,NO CONTROLS,NONE DETECTED,,OTHER VEHICLE,N/A,INTERSECTION,FOUR-WAY INTERSECTION,STRAIGHT,NO DEFECTS,"TWO-WAY, NOT DIVIDED",39.15572167,-77.176365,"(39.15572167, -77.176365)"
MCP2766001W,15054856,MONTGOMERY,Injury Crash,10/28/2015 07:09:00 PM,No,Maryland (State),South,,3,North,50,FEET,LEVEL,GEORGIA AVE,HEWITT AVE,,N/A,,DRIVER,SAME DIRECTION SIDESWIPE,RAINING,WET,DARK LIGHTS ON,N/A,NONE DETECTED,,OTHER VEHICLE,N/A,N/A,N/A,STRAIGHT,NO DEFECTS,"TWO-WAY, DIVIDED, POSITIVE MEDIAN BARRIER",39.077655,-77.07120667,"(39.077655, -77.07120667)"
MCP3188000C,190013788,Montgomery County Police,Injury Crash,03/25/2019 04:54:00 PM,No,Maryland (State),West,,2,East,200,FEET,LEVEL,STRATHMORE AVE,ENT TO HOLY CROSS CATHOLIC CHURCH,,N/A,,DRIVER,SAME DIR REAR END,CLOUDY,DRY,DAYLIGHT,N/A,N/A,,OTHER VEHICLE,OTHER VEHICLE,INTERSECTION RELATED,T-INTERSECTION,STRAIGHT,NO DEFECTS,"TWO-WAY, NOT DIVIDED",39.03482,-77.09745,"(39.03482, -77.09745)"
MCP31730017,200023535,Montgomery County Police,Property Damage Crash,06/15/2020 09:50:00 PM,No,US (State),North,,3,North,0,FEET,LEVEL,COLUMBIA PIKE,INDUSTRIAL PKWY,,N/A,,UNKNOWN,ANGLE MEETS LEFT HEAD ON,N/A,DRY,DARK LIGHTS ON,TRAFFIC SIGNAL,NONE DETECTED,,OTHER VEHICLE,OTHER VEHICLE,INTERSECTION,T-INTERSECTION,STRAIGHT,NO DEFECTS,"TWO-WAY, DIVIDED, POSITIVE MEDIAN BARRIER",39.05605,-76.9713335,"(39.05605, -76.9713335)"
DD562000C6,250019057,ROCKVILLE,Property Damage Crash,04/24/2025 12:32:00 PM,,,,,0,,,FEET,,,,Parking Lot Way        14939 SHADY GROVE RD PARKING LOT,,,DRIVER,Other,Clear,,Daylight,,"Unknown, Unknown",,Parked Vehicle,,,,,,,39.0966522,-77.19229484,"(39.0966522, -77.19229484)"
MCP2905006S,240060651,MONTGOMERY,Property Damage Crash,12/19/2024 01:38:00 PM,,County Route,Southbound,Lane 1,1,South,66.08,FEET,Level,WHITTIER BLVD,,,,,DRIVER,"Sideswipe, Same Direction",Clear,Dry,Daylight,No Controls,"Not Suspect of Alcohol Use, Not Suspect of Drug Use, Not Suspect of Alcohol Use, Not Suspect of Drug Use",,Motor Vehicle In Transport,,Non-Junction,,Straight,No Defects,"Divided, Flush Median (greater than 4ft wide)",38.98455194,-77.12643879,"(38.98455194, -77.12643879)"
EJ78980037,240031941,GAITHERSBURG,Injury Crash,07/07/2024 07:50:00 AM,No,Local Route,"Southbound, Westbound","Lane 1, Left Turn Lane",3,West,40.29,FEET,Level,N270-W DIAMOND EAST RAMP,,,,,DRIVER,Angle,Clear,Dry,Daylight,Traffic Control Signal,"Not Suspect of Alcohol Use, Not Suspect of Drug Use, Not Suspect of Alcohol Use, Not Suspect of Drug Use",,Motor Vehicle In Transport,,Entrance/Exit Ramp or Related,,"Curve Right, Straight",,"Divided, Raised Median (curbed)",39.1405565,-77.21049983,"(39.1405565, -77.21049983)"
MCP3196000K,190046700,Montgomery County Police,Injury Crash,09/29/2019 04:22:00 PM,Yes,Maryland (State),South,,3,North,75,FEET,LEVEL,GREAT SENECA HWY,DAWSON FARM RD,,N/A,,DRIVER,SAME DIR REAR END,CLEAR,DRY,DAYLIGHT,TRAFFIC SIGNAL,NONE DETECTED,,OTHER VEHICLE,OTHER VEHICLE,INTERSECTION RELATED,FOUR-WAY INTERSECTION,STRAIGHT,NO DEFECTS,"TWO-WAY, DIVIDED, POSITIVE MEDIAN BARRIER",39.16703833,-77.26962167,"(39.16703833, -77.26962167)"
MCP2031001S,190006541,Montgomery County Police,Property Damage Crash,02/10/2019 11:01:00 AM,No,,,,,,,,,,,21400 LAYTONSVILLE RD - FIRE HOUSE GARAGE,,,DRIVER,SINGLE VEHICLE,CLEAR,,DAYLIGHT,N/A,NONE DETECTED,,FIXED OBJECT,N/A,,,,,,39.20729817,-77.14158667,"(39.20729817, -77.14158667)"
MCP9130002Q,16053033,Montgomery County Police,Injury Crash,10/15/2016 02:09:00 PM,No,County,South,,1,North,50,FEET,LEVEL,FLOWER AVE,E SCHUYLER RD,,N/A,,DRIVER,SAME DIR REAR END,CLEAR,DRY,DAYLIGHT,NO CONTROLS,NONE DETECTED,,OTHER VEHICLE,N/A,NON INTERSECTION,N/A,STRAIGHT,NO DEFECTS,"TWO-WAY, NOT DIVIDED",39.00393167,-77.00601167,"(39.00393167, -77.00601167)"
MCP2782002X,190019413,Montgomery County Police,Injury Crash,04/25/2019 05:25:00 PM,No,County,East,,2,West,30,FEET,LEVEL,BEL PRE RD,CONNECTICUT AVE,,N/A,,DRIVER,SAME DIR REAR END,CLEAR,DRY,DAYLIGHT,TRAFFIC SIGNAL,NONE DETECTED,,OTHER VEHICLE,N/A,INTERSECTION RELATED,FOUR-WAY INTERSECTION,STRAIGHT,NO DEFECTS,"TWO-WAY, DIVIDED, POSITIVE MEDIAN BARRIER",39.09205783,-77.0707025,"(39.09205783, -77.0707025)"
MCP12200028,15019950,Montgomery County Police,Injury Crash,04/28/2015 08:25:00 AM,No,County,South,,2,South,130,FEET,GRADE DOWNHILL,BROOKVILLE RD,LINDEN LA,,N/A,,DRIVER,SAME DIR REAR END,CLEAR,DRY,DAYLIGHT,NO CONTROLS,NONE DETECTED,,OTHER VEHICLE,OTHER VEHICLE,OTHER DRIVEWAY,T-INTERSECTION,STRAIGHT,NO DEFECTS,"TWO-WAY, NOT DIVIDED",39.00829333,-77.0463,"(39.00829333, -77.0463)"
EJ7860002C,200001934,Gaithersburg Police Depar,Injury Crash,01/12/2020 12:18:00 AM,No,Maryland (State),East,OTHER,2,East,0,FEET,LEVEL,CLOPPER RD,FIRSTFIELD RD,,GAITHERSBURG,,DRIVER,STRAIGHT MOVEMENT ANGLE,RAINING,WET,DARK NO LIGHTS,TRAFFIC SIGNAL,"ALCOHOL PRESENT, NONE DETECTED",,OTHER VEHICLE,N/A,INTERSECTION,FOUR-WAY INTERSECTION,STRAIGHT,NO DEFECTS,"TWO-WAY, NOT DIVIDED",39.143785,-77.22366833,"(39.143785, -77.22366833)"
MCP2767006F,190026301,Montgomery County Police,Injury Crash,06/02/2019 02:51:00 PM,No,Maryland (State),West,LEFT TURN LANE,6,East,0,FEET,LEVEL,UNIVERSITY BLVD W,KERWIN RD,,N/A,,DRIVER,HEAD ON,CLEAR,DRY,DAYLIGHT,OTHER,NONE DETECTED,,OTHER VEHICLE,FIXED OBJECT,INTERSECTION,FOUR-WAY INTERSECTION,STRAIGHT,NO DEFECTS,"TWO-WAY, DIVIDED, POSITIVE MEDIAN BARRIER",39.02775051,-77.02036062,"(39.02775051, -77.02036062)"
DD56570012,230047956,Rockville Police Departme,Property Damage Crash,08/05/2023 01:30:00 PM,No,Municipality,East,SHOULDER AREA,0,East,300,FEET,LEVEL,E MONTGOMERY AVE,MONROE ST,,ROCKVILLE,,DRIVER,OTHER,CLEAR,DRY,DAYLIGHT,N/A,NONE DETECTED,,OTHER VEHICLE,N/A,NON INTERSECTION,N/A,STRAIGHT,NO DEFECTS,"TWO-WAY, NOT DIVIDED",39.08402489,-77.14967855,"(39.08402489, -77.14967855)"
HA2451000W,P243540530,MCPARK,Property Damage Crash,12/19/2024 09:45:00 PM,No,Maryland (State) Route,Westbound,"Lane 1, Lane 2",3,West,0,FEET,Level,UNIVERSITY BLVD W,SLIGO CREEK PKWY,,,,UNKNOWN,Rear To Side,Clear,Dry,Dark - Lighted,Traffic Control Signal,"Not Suspect of Alcohol Use, Not Suspect of Drug Use, Not Suspect of Alcohol Use, Not Suspect of Drug Use",,Motor Vehicle In Transport,,Intersection or Related,Perpendicular,Straight,No Defects,"Divided, Raised Median (curbed)",39.03639365,-77.03013565,"(39.03639365, -77.03013565)"
MCP2708003L,180040624,Montgomery County Police,Property Damage Crash,08/15/2018 03:10:00 PM,Yes,County,South,,1,South,0,FEET,LEVEL,SCHINDLER DR,LILAC PL,,N/A,,DRIVER,SAME DIR REAR END,CLEAR,DRY,DAYLIGHT,NO CONTROLS,OTHER,,PARKED VEHICLE,N/A,INTERSECTION,T-INTERSECTION,STRAIGHT,NO DEFECTS,"TWO-WAY, NOT DIVIDED",39.03133766,-76.98848953,"(39.03133766, -76.98848953)"
MCP2724001S,16066757,Montgomery County Police,Property Damage Crash,12/28/2016 12:32:00 PM,No,County,East,OTHER,2,North,500,FEET,LEVEL,CHERRY HILL RD,CALVERTON BLVD,,N/A,,DRIVER,OTHER,CLEAR,DRY,DAYLIGHT,N/A,N/A,,OTHER,N/A,N/A,N/A,STRAIGHT,NO DEFECTS,"TWO-WAY, DIVIDED, UNPROTECTED PAINTED MIN 4 FEET",39.058625,-76.95563667,"(39.058625, -76.95563667)"
MCP13890020,180053847,Montgomery County Police,Property Damage Crash,10/27/2018 03:45:00 PM,No,County,South,,2,North,750,FEET,LEVEL,AIRPARK RD,MUNCASTER MILL RD,,N/A,,DRIVER,SINGLE VEHICLE,CLOUDY,WET,DAYLIGHT,N/A,NONE DETECTED,,FIXED OBJECT,N/A,N/A,N/A,CURVE RIGHT,NO DEFECTS,"TWO-WAY, DIVIDED, POSITIVE MEDIAN BARRIER",39.15322833,-77.14187333,"(39.15322833, -77.14187333)"
EJ7839000M,15041189,GAITHERSBURG,Injury Crash,08/17/2015 08:34:00 PM,No,Maryland (State),South,RIGHT TURN LANE,3,South,5,MILE,LEVEL,FREDERICK RD,ENT TO GAITHERSBURG SQUAR SHOPPING CTR,,N/A,,DRIVER,SAME DIRECTION LEFT TURN,CLEAR,DRY,DARK LIGHTS ON,NO CONTROLS,NONE DETECTED,,OTHER VEHICLE,N/A,COMMERCIAL DRIVEWAY,OTHER,STRAIGHT,NO DEFECTS,"TWO-WAY, DIVIDED, UNPROTECTED PAINTED MIN 4 FEET",39.14944833,-77.208435,"(39.14944833, -77.208435)"
MCP32420025,250001779,MONTGOMERY,Property Damage Crash,01/14/2025 08:45:00 AM,No,County Route,Northbound,Lane 1,2,East,67.96,FEET,Uphill,NEELSVILLE CHURCH RD,,,,,UNKNOWN,Front to Rear,Clear,Dry,Daylight,No Controls,"Not Suspect of Alcohol Use, Not Suspect of Drug Use, Not Suspect of Alcohol Use, Not Suspect of Drug Use",,Motor Vehicle In Transport,,Driveway Access or Related,,Curve Right,No Defects,Not Divided,39.19580269,-77.24141811,"(39.19580269, -77.24141811)"
MCP3130005G,220046191,Montgomery County Police,Property Damage Crash,10/21/2022 10:29:00 AM,No,Maryland (State),North,,2,North,10,FEET,HILL CREST,LAYHILL RD,BALLOWS WAY,,N/A,,DRIVER,SAME DIR REAR END,CLEAR,DRY,DAYLIGHT,NO CONTROLS,NONE DETECTED,,OTHER VEHICLE,N/A,INTERSECTION RELATED,T-INTERSECTION,STRAIGHT,NO DEFECTS,"TWO-WAY, DIVIDED, POSITIVE MEDIAN BARRIER",39.09287867,-77.04503717,"(39.09287867, -77.04503717)"
MCP3295004S,250010732,MONTGOMERY,Property Damage Crash,03/10/2025 12:43:00 PM,,,,,0,,,FEET,,,,Parking Stall        IN PARKING AREA IN FRONT OF 13880 OLD COLUMBIA PIKE,,,UNKNOWN,Front to Front,Clear,,Daylight,,"Unknown, Unknown",,Motor Vehicle In Transport,,,,,,,39.08432431,-76.95180278,"(39.08432431, -76.95180278)"