Report Number,Local Case Number,Agency Name,ACRS Report Type,Crash Date/Time,Hit/Run,Route Type,Lane Direction,Lane Type,Number of Lanes,Direction,Distance,Distance Unit,Road Grade,Road Name,Cross-Street Name,Off-Road Description,Municipality,Related Non-Motorist,At Fault,Collision Type,Weather,Surface Condition,Light,Traffic Control,Driver Substance Abuse,Non-Motorist Substance Abuse,First Harmful Event,Second Harmful Event,Junction,Intersection Type,Road Alignment,Road Condition,Road Division,Latitude,Longitude,Location
MCP2052002R,230001741,Montgomery County Police,Injury Crash,01/11/2023 03:42:00 PM,No,Maryland (State),West,,3,East,150,FEET,GRADE DOWNHILL,CLOPPER RD,DIRECTIONAL CROSSOVER,,N/A,,DRIVER,SAME DIR REAR END,CLEAR,DRY,DAYLIGHT,NO CONTROLS,NONE DETECTED,,OTHER VEHICLE,N/A,INTERSECTION RELATED,Y-INTERSECTION,STRAIGHT,NO DEFECTS,"TWO-WAY, NOT DIVIDED",39.14290803,-77.22160733,"(39.14290803, -77.22160733)"
MCP3230002Z,220024979,Montgomery County Police,Property Damage Crash,06/10/2022 06:30:00 PM,Yes,County,West,,1,East,10,FEET,LEVEL,INDEPENDENCE ST,PARKLAND DR,,N/A,,DRIVER,SAME DIR REAR END,CLEAR,DRY,DAYLIGHT,STOP SIGN,"NONE DETECTED, UNKNOWN",,OTHER VEHICLE,N/A,INTERSECTION RELATED,FOUR-WAY INTERSECTION,UNKNOWN,NO DEFECTS,"TWO-WAY, DIVIDED, UNPROTECTED PAINTED MIN 4 FEET",39.07272883,-77.08682017,"(39.07272883, -77.08682017)"
MCP3280001C,210036955,Montgomery County Police,Property Damage Crash,09/19/2021 03:49:00 AM,No,County,North,,2,East,5,FEET,LEVEL,DILSTON RD,ARMISTEAD RD,,N/A,,DRIVER,SAME DIRECTION SIDESWIPE,CLEAR,DRY,DARK -- UNKNOWN LIGHTING,NO CONTROLS,ALCOHOL PRESENT,,OTHER VEHICLE,N/A,INTERSECTION RELATED,T-INTERSECTION,STRAIGHT,NO DEFECTS,"TWO-WAY, NOT DIVIDED",39.01300667,-76.98260667,"(39.01300667, -76.98260667)"
MCP30900075,240001640,MONTGOMERY,Property Damage Crash,01/11/2024 03:30:00 AM,No,County Route,Northbound,Lane 1,1,South,0,FEET,Uphill,,OAKMONT AVE,,,,UNKNOWN,Single Vehicle,Clear,Dry,Dark - Not Lighted,Stop Sign,,,Ditch,"Other Fixed Object (wall, building, tunnel, etc.)",Intersection or Related,Perpendicular,Straight,No Defects,Not Divided,39.13448775,-77.17613677,"(39.13448775, -77.17613677)"
MCP3038004Q,200025488,Montgomery County Police,Property Damage Crash,06/30/2020 05:12:00 PM,Yes,Maryland (State),South,,3,North,100,FEET,LEVEL,NEW HAMPSHIRE AVE,ELTON RD,,N/A,,DRIVER,SAME DIR REAR END,CLEAR,DRY,DAYLIGHT,NO CONTROLS,"N/A, NONE DETECTED",,OTHER VEHICLE,N/A,NON INTERSECTION,N/A,STRAIGHT,NO DEFECTS,"TWO-WAY, DIVIDED, POSITIVE MEDIAN BARRIER",39.01507,-76.97660167,"(39.01507, -76.97660167)"
DD5625001N,180064941,Rockville Police Departme,Property Damage Crash,12/28/2018 06:20:00 PM,No,Maryland (State),North,,3,North,0.2,MILE,LEVEL,ROCKVILLE PIKE,TALBOTT ST,,ROCKVILLE,,DRIVER,STRAIGHT MOVEMENT ANGLE,RAINING,WET,DARK LIGHTS ON,NO CONTROLS,"N/A, NONE DETECTED",,OTHER VEHICLE,N/A,INTERSECTION RELATED,OTHER,STRAIGHT,NO DEFECTS,"TWO-WAY, DIVIDED, POSITIVE MEDIAN BARRIER",39.07220467,-77.133147,"(39.07220467, -77.133147)"
MCP2031000Y,170536182,Montgomery County Police,Injury Crash,10/12/2017 06:58:00 AM,Yes,Maryland (State),South,,1,South,20,FEET,LEVEL,WOODFIELD RD,AUGUSTA FARM LANE,,N/A,,DRIVER,SAME DIR REAR END,N/A,WET,DAWN,NO CONTROLS,"N/A, NONE DETECTED",,OTHER VEHICLE,OTHER VEHICLE,NON INTERSECTION,N/A,STRAIGHT,NO DEFECTS,"TWO-WAY, NOT DIVIDED",39.22285167,-77.17610333,"(39.22285167, -77.17610333)"
MCP9311000L,16013554,MONTGOMERY,Injury Crash,03/19/2016 11:53:00 AM,No,Maryland (State),South,,3,North,0,FEET,LEVEL,OLD GEORGETOWN RD,EISENHOWER MEMORIAL HWY,,N/A,,DRIVER,SAME DIR REAR END,RAINING,WET,DAYLIGHT,TRAFFIC SIGNAL,NONE DETECTED,,OTHER VEHICLE,OTHER VEHICLE,INTERSECTION,FOUR-WAY INTERSECTION,STRAIGHT,NO DEFECTS,"TWO-WAY, DIVIDED, POSITIVE MEDIAN BARRIER",39.03138167,-77.12643833,"(39.03138167, -77.12643833)"
MCP2761005N,240010487,MONTGOMERY,Property Damage Crash,03/03/2024 10:15:00 PM,,,,,0,,,FEET,,,,Parking Lot Way        PARKING LOT OF 18705 SPARKLING WATER DRIVE,,,UNKNOWN,Front to Rear,Clear,,Dark - Unknown Lighting,,"Unknown, Unknown",,Parked Vehicle,,,,,,,39.16226492,-77.27551125,"(39.16226492, -77.27551125)"
MCP2008005Z,190022156,Montgomery County Police,Injury Crash,05/10/2019 08:47:00 PM,No,Interstate (State),South,,1,North,15,FEET,LEVEL,NO NAME,RAMP 5 FR IS 270Y SB TO WESTLAKE TERR,,N/A,,DRIVER,SAME DIR REAR END,CLOUDY,DRY,DARK LIGHTS ON,TRAFFIC SIGNAL,NONE DETECTED,,OTHER VEHICLE,N/A,INTERSECTION RELATED,T-INTERSECTION,STRAIGHT,N/A,"TWO-WAY, DIVIDED, POSITIVE MEDIAN BARRIER",39.02652833,-77.14190833,"(39.02652833, -77.14190833)"
MCP3019004F,220001127,Montgomery County Police,Property Damage Crash,01/10/2022 02:45:00 PM,Yes,Maryland (State),North,,3,South,20,FEET,LEVEL,WISCONSIN AVE,BATTERY LA,,N/A,,DRIVER,SAME DIR REAR END,CLEAR,DRY,DAYLIGHT,NO CONTROLS,N/A,,OTHER VEHICLE,N/A,N/A,N/A,STRAIGHT,NO DEFECTS,"TWO-WAY, DIVIDED, POSITIVE MEDIAN BARRIER",39.072055,-77.13418333,"(39.072055, -77.13418333)"
MCP3201004T,230062291,Montgomery County Police,Property Damage Crash,10/23/2023 01:15:00 PM,Yes,County,East,,3,West,0,FEET,LEVEL,MEDICAL CENTER WAY,SHADY GROVE RD,,N/A,,DRIVER,SAME DIRECTION LEFT TURN,CLEAR,DRY,DAYLIGHT,TRAFFIC SIGNAL,NONE DETECTED,,OTHER VEHICLE,N/A,INTERSECTION,FOUR-WAY INTERSECTION,STRAIGHT,NO DEFECTS,"TWO-WAY, DIVIDED, POSITIVE MEDIAN BARRIER",39.09697934,-77.1950081,"(39.09697934, -77.1950081)"
MCP2899006X,240061108,MONTGOMERY,Property Damage Crash,12/22/2024 02:16:00 AM,No,Interstate (State),Southbound,Shoulder Area,4,North,48.53,FEET,Level,EISENHOWER MEMORIAL HWY (SB/L),,,,,UNKNOWN,Other,Clear,Dry,Dark - Lighted,No Controls,"Not Suspect of Alcohol Use, Not Suspect of Drug Use, Not Suspect of Alcohol Use, Not Suspect of Drug Use",,Parked Vehicle,,Non-Junction,,Straight,No Defects,"Divided, Raised Median (curbed)",39.14358667,-77.214145,"(39.14358667, -77.214145)"
MCP3180002V,220015389,Montgomery County Police,Property Damage Crash,04/23/2022 04:31:00 PM,No,County,West,,2,West,300,FEET,OTHER,BOWIE MILL RD,OLNEY LAYTONSVILLE RD,,N/A,,DRIVER,SINGLE VEHICLE,CLEAR,DRY,DAYLIGHT,NO CONTROLS,ALCOHOL PRESENT,,FIXED OBJECT,OTHER,NON INTERSECTION,N/A,STRAIGHT,NO DEFECTS,"TWO-WAY, NOT DIVIDED",39.16069287,-77.0802263,"(39.16069287, -77.0802263)"
MCP2872002L,180002164,Montgomery County Police,Property Damage Crash,01/14/2018 07:30:00 AM,Yes,County,North,,1,South,15,FEET,HILL UPHILL,WATKINS MILL RD,BEGIN BRIDGE,,N/A,,DRIVER,OTHER,CLEAR,DRY,DARK LIGHTS ON,NO CONTROLS,UNKNOWN,,PARKED VEHICLE,PARKED VEHICLE,NON INTERSECTION,N/A,CURVE RIGHT,N/A,"TWO-WAY, DIVIDED, UNPROTECTED PAINTED MIN 4 FEET",39.18523333,-77.21186833,"(39.18523333, -77.21186833)"
MCP137800CW,16050300,Montgomery County Police,Injury Crash,09/30/2016 03:46:00 PM,No,Maryland (State),North,,3,North,0,FEET,LEVEL,QUINCE ORCHARD RD,ENT TO PARK & RIDE,,N/A,,DRIVER,STRAIGHT MOVEMENT ANGLE,RAINING,WET,DAYLIGHT,TRAFFIC SIGNAL,NONE DETECTED,,OTHER VEHICLE,N/A,INTERSECTION,FOUR-WAY INTERSECTION,STRAIGHT,NO DEFECTS,"TWO-WAY, DIVIDED, POSITIVE MEDIAN BARRIER",39.14795139,-77.2180751,"(39.14795139, -77.2180751)"
MCP1202004J,200023732,Montgomery County Police,Property Damage Crash,06/17/2020 11:49:00 AM,No,Maryland (State),West,LEFT TURN LANE,6,East,50,FEET,LEVEL,RIVER RD,WILSON LA,,N/A,,DRIVER,SAME DIR REAR END,CLOUDY,DRY,DAYLIGHT,TRAFFIC SIGNAL,NONE DETECTED,,OTHER VEHICLE,N/A,N/A,FOUR-WAY INTERSECTION,STRAIGHT,NO DEFECTS,"TWO-WAY, DIVIDED, POSITIVE MEDIAN BARRIER",38.9831,-77.137,"(38.9831, -77.137)"
MCP2683001Z,16037810,Montgomery County Police,Property Damage Crash,07/26/2016 02:25:00 PM,No,County,North,,2,North,300,FEET,GRADE DOWNHILL,MONTGOMERY VILLAGE AVE,LAKE SHORE DR,,N/A,,DRIVER,SINGLE VEHICLE,N/A,DRY,DAYLIGHT,NO CONTROLS,NONE DETECTED,,FIXED OBJECT,N/A,NON INTERSECTION,N/A,STRAIGHT,NO DEFECTS,"TWO-WAY, DIVIDED, POSITIVE MEDIAN BARRIER",39.16221333,-77.20189833,"(39.16221333, -77.20189833)"
MCP20160084,240045703,MONTGOMERY,Injury Crash,09/25/2024 09:43:00 AM,No,County Route,Westbound,Lane 1,1,South,49.01,FEET,Level,MONTROSE RD,,,,,UNKNOWN,Unknown,Rain,Wet,Daylight,No Controls,"Not Suspect of Alcohol Use, Not Suspect of Drug Use, Not Suspect of Alcohol Use, Not Suspect of Drug Use",,"Other Post, Pole, Or Support",Motor Vehicle In Transport,Non-Junction,,Straight,No Defects,"Divided, Raised Median (curbed)",39.0536755,-77.13511833,"(39.0536755, -77.13511833)"
MCP2823003X,180018288,Montgomery County Police,Injury Crash,04/14/2018 07:00:00 PM,No,County,North,,1,South,0,FEET,LEVEL,GREENLY ST,ATHERTON DR,,N/A,,DRIVER,STRAIGHT MOVEMENT ANGLE,CLEAR,DRY,DAYLIGHT,STOP SIGN,NONE DETECTED,,OTHER VEHICLE,N/A,INTERSECTION,FOUR-WAY INTERSECTION,STRAIGHT,NO DEFECTS,"TWO-WAY, NOT DIVIDED",39.061585,-77.07534667,"(39.061585, -77.07534667)"
MCP2055003J,240026910,MONTGOMERY,Injury Crash,06/06/2024 11:15:00 AM,No,Maryland (State) Route,Southbound,Lane 1,6,North,41.85,FEET,Level,GREAT SENECA HWY,,,,,UNKNOWN,Front to Rear,Clear,Dry,Daylight,No Controls,"Not Suspect of Alcohol Use, Not Suspect of Drug Use, Not Suspect of Alcohol Use, Not Suspect of Drug Use",,Motor Vehicle In Transport,Not Applicable,Non-Junction,,Straight,No Defects,"Divided, Raised Median (curbed)",39.109898,-77.21668267,"(39.109898, -77.21668267)"
MCP27490019,16036191,Montgomery County Police,Injury Crash,07/17/2016 12:15:00 PM,No,,,,,,0,,,,,IFO 13428 NEW HAMPSHIRE AVE,,OTHER,DRIVER,SAME DIR REAR END,CLEAR,,DAYLIGHT,NO CONTROLS,NONE DETECTED,N/A,PARKED VEHICLE,FIXED OBJECT,,,,,,39.111685,-76.99486167,"(39.111685, -76.99486167)"
MCP2728006X,200006834,Montgomery County Police,Property Damage Crash,02/10/2020 06:51:00 PM,No,Maryland (State),North,,3,North,0,MILE,HILL UPHILL,GEORGIA AVE,RAMP 3 FR IS 495 EB TO MD 97 NB,,N/A,,DRIVER,SAME DIR REAR END,RAINING,WET,DARK LIGHTS ON,NO CONTROLS,NONE DETECTED,,OTHER VEHICLE,N/A,N/A,N/A,STRAIGHT,N/A,"TWO-WAY, DIVIDED, POSITIVE MEDIAN BARRIER",39.012835,-77.04169874,"(39.012835, -77.04169874)"
MCP29460073,240042935,MONTGOMERY,Property Damage Crash,09/10/2024 08:43:00 AM,No,Maryland (State) Route,Southbound,Lane 1,3,South,7.15,FEET,Uphill,,CANTERFIELD WAY ROSECREST DR,,,,DRIVER,Front to Rear,Clear,Dry,Daylight,No Controls,"Not Suspect of Alcohol Use, Not Suspect of Drug Use, Not Suspect of Alcohol Use, Not Suspect of Drug Use",,Motor Vehicle In Transport,,Non-Junction,,Straight,No Defects,Not Divided,39.21993363,-77.25757544,"(39.21993363, -77.25757544)"
MCP31440037,250019108,MONTGOMERY,Property Damage Crash,05/01/2025 04:05:00 PM,,County Route,Northbound,Lane 3,4,West,0,FEET,Level,MANOR RD,CONNECTICUT AVE,,,,UNKNOWN,Front to Rear,Clear,Dry,Daylight,Traffic Control Signal,"Not Suspect of Alcohol Use, Not Suspect of Drug Use, Unknown, Unknown",,Motor Vehicle In Transport,,Intersection or Related,Angled/Skewed,Straight,No Defects,"Divided, Raised Median (curbed)",38.99614242,-77.07671301,"(38.99614242, -77.07671301)"
MCP272600BD,240041889,MONTGOMERY,Injury Crash,09/04/2024 11:01:00 AM,No,County Route,"Eastbound, Westbound","Lane 1, Left Turn Lane",3,West,0,FEET,Level,E GUDE DR,DOVER RD,,,,DRIVER,Other,Clear,Dry,Daylight,Traffic Control Signal,"Not Suspect of Alcohol Use, Not Suspect of Drug Use, Not Suspect of Alcohol Use, Not Suspect of Drug Use",,Motor Vehicle In Transport,,Intersection or Related,Perpendicular,Straight,No Defects,"Divided, Flush Median (greater than 4ft wide)",39.09989702,-77.13978149,"(39.09989702, -77.13978149)"
EJ7895007B,250016386,GAITHERSBURG,Property Damage Crash,04/15/2025 01:00:00 PM,No,Maryland (State) Route,Southbound,"Lane 2, Lane 3",3,North,11.01,FEET,Level,FREDERICK RD,,,,,UNKNOWN,"Sideswipe, Same Direction",Clear,Dry,Daylight,Traffic Control Signal,"Not Suspect of Alcohol Use, Not Suspect of Drug Use, Not Suspect of Alcohol Use, Not Suspect of Drug Use",,Motor Vehicle In Transport,,Non-Junction,,Straight,No Defects,"Divided, Flush Median (greater than 4ft wide)",39.14637468,-77.2045368,"(39.14637468, -77.2045368)"
MCP296200B9,250032679,MONTGOMERY,Property Damage Crash,07/22/2025 01:22:00 PM,No,Spur,Eastbound,On Ramp,3,East,48.2,FEET,Level,,,,,,DRIVER,Front to Rear,Clear,Dry,Daylight,Yield Sign,"Not Suspect of Alcohol Use, Not Suspect of Drug Use, Not Suspect of Alcohol Use, Not Suspect of Drug Use",,Motor Vehicle In Transport,,Non-Junction,,Straight,No Defects,"Divided, Raised Median (curbed)",39.14837784,-77.27681317,"(39.14837784, -77.27681317)"
MCP2666003Y,200007514,Montgomery County Police,Property Damage Crash,02/14/2020 11:30:00 AM,Yes,County,East,,2,West,0,FEET,LEVEL,LINDEN LA,SECOND AVE,,N/A,,DRIVER,SAME DIRECTION SIDESWIPE,CLEAR,DRY,DAYLIGHT,TRAFFIC SIGNAL,"NONE DETECTED, UNKNOWN",,OTHER VEHICLE,N/A,INTERSECTION,FOUR-WAY INTERSECTION,STRAIGHT,NO DEFECTS,"TWO-WAY, DIVIDED, UNPROTECTED PAINTED MIN 4 FEET",39.00898066,-77.04383725,"(39.00898066, -77.04383725)"
MCP9419003Z,220056785,Montgomery County Police,Injury Crash,12/22/2022 10:10:00 AM,No,Municipality,East,,4,West,50,FEET,LEVEL,W GUDE DR,FREDERICK RD,,N/A,,DRIVER,SAME DIR REAR END,RAINING,WET,DAYLIGHT,TRAFFIC SIGNAL,NONE DETECTED,,OTHER VEHICLE,OTHER VEHICLE,N/A,FOUR-WAY INTERSECTION,STRAIGHT,NO DEFECTS,"TWO-WAY, DIVIDED, POSITIVE MEDIAN BARRIER",39.10656667,-77.15939833,"(39.10656667, -77.15939833)"
MCP242500B1,170523627,Montgomery County Police,Injury Crash,08/08/2017 11:21:00 AM,No,Maryland (State),Unknown,LEFT TURN LANE,3,North,0,FEET,LEVEL,GEORGIA AVE,ENT TO BUSINESS,,N/A,,DRIVER,STRAIGHT MOVEMENT ANGLE,N/A,DRY,DAYLIGHT,OTHER,"N/A, NONE DETECTED",,OTHER VEHICLE,FIXED OBJECT,COMMERCIAL DRIVEWAY,T-INTERSECTION,STRAIGHT,NO DEFECTS,"TWO-WAY, NOT DIVIDED",39.01071667,-77.04085333,"(39.01071667, -77.04085333)"
MCP3192002X,220030726,Montgomery County Police,Property Damage Crash,07/17/2022 05:59:00 PM,No,County,South,,1,South,0,FEET,LEVEL,CENTERHILL ST,EMBRY ST,,N/A,,DRIVER,STRAIGHT MOVEMENT ANGLE,CLEAR,DRY,DAYLIGHT,STOP SIGN,NONE DETECTED,,PARKED VEHICLE,N/A,INTERSECTION,T-INTERSECTION,STRAIGHT,NO DEFECTS,"TWO-WAY, NOT DIVIDED",39.05423,-77.07011217,"(39.05423, -77.07011217)"
MCP30740031,180065360,Montgomery County Police,Property Damage Crash,12/31/2018 04:33:00 PM,Yes,US (State),North,,3,North,0,FEET,GRADE DOWNHILL,COLESVILLE RD,GREYROCK DR,,N/A,,DRIVER,SAME DIRECTION SIDESWIPE,RAINING,WET,DAYLIGHT,NO CONTROLS,"N/A, UNKNOWN",,OTHER VEHICLE,N/A,INTERSECTION,T-INTERSECTION,STRAIGHT,NO DEFECTS,"TWO-WAY, NOT DIVIDED",39.00616667,-77.02193833,"(39.00616667, -77.02193833)"
MCP2720002Q,17013214,Montgomery County Police,Property Damage Crash,03/13/2017 10:32:00 PM,No,Maryland (State),South,,2,North,100,FEET,LEVEL,LAYHILL RD,EAST GATE DR,,N/A,,DRIVER,SINGLE VEHICLE,SNOW,WET,DARK -- UNKNOWN LIGHTING,NO CONTROLS,NONE DETECTED,,FIXED OBJECT,N/A,NON INTERSECTION,N/A,STRAIGHT,NO DEFECTS,"TWO-WAY, DIVIDED, POSITIVE MEDIAN BARRIER",39.08549167,-77.04586667,"(39.08549167, -77.04586667)"
MCP2470000V,15056924,MONTGOMERY,Property Damage Crash,11/08/2015 11:03:00 AM,No,County,East,,3,North,0,FEET,LEVEL,SHADY GROVE RD,CRABBS BRANCH WAY,,N/A,,DRIVER,HEAD ON LEFT TURN,CLEAR,DRY,DAYLIGHT,TRAFFIC SIGNAL,NONE DETECTED,,OTHER VEHICLE,N/A,INTERSECTION,FOUR-WAY INTERSECTION,STRAIGHT,NO DEFECTS,"TWO-WAY, DIVIDED, POSITIVE MEDIAN BARRIER",39.12867,-77.16748,"(39.12867, -77.16748)"
MCP3352002Z,250032147,MONTGOMERY,Property Damage Crash,07/18/2025 04:30:00 PM,No,County Route,Southbound,Lane 1,1,North,21.03,FEET,Level,WASHINGTON GROVE LA,,,,,UNKNOWN,Single Vehicle,Clear,Dry,Daylight,No Controls,"Not Suspect of Alcohol Use, Not Suspect of Drug Use",,Animal (live),,Non-Junction,,Straight,No Defects,Not Divided,39.15185178,-77.16498865,"(39.15185178, -77.16498865)"
MCP25860021,16042141,Montgomery County Police,Injury Crash,08/19/2016 04:10:00 PM,No,US (State),South,,2,North,200,FEET,GRADE DOWNHILL,COLUMBIA PIKE,RAMP 6 FR MD 198 EB TO US 29 SB,,N/A,,DRIVER,SINGLE VEHICLE,CLEAR,DRY,DAYLIGHT,N/A,NONE DETECTED,,FIXED OBJECT,N/A,OTHER,OTHER,STRAIGHT,NO DEFECTS,"TWO-WAY, DIVIDED, POSITIVE MEDIAN BARRIER",39.10775167,-76.93152167,"(39.10775167, -76.93152167)"
DD56030099,220014315,Rockville Police Departme,Injury Crash,04/04/2022 02:45:00 PM,No,Maryland (State),North,,3,North,0,FEET,LEVEL,HUNGERFORD DR,FREDERICK AVE #2,,ROCKVILLE,,DRIVER,STRAIGHT MOVEMENT ANGLE,CLEAR,DRY,DAYLIGHT,TRAFFIC SIGNAL,NONE DETECTED,,OTHER VEHICLE,N/A,INTERSECTION,FOUR-WAY INTERSECTION,STRAIGHT,NO DEFECTS,"TWO-WAY, DIVIDED, POSITIVE MEDIAN BARRIER",39.23061833,-77.283255,"(39.23061833, -77.283255)"
MCP2723005J,210015343,Montgomery County Police,Injury Crash,04/24/2021 08:15:00 PM,No,County,South,,1,South,0,FEET,LEVEL,PARKLAND DR,INDEPENDENCE ST,,N/A,PEDESTRIAN,DRIVER,SINGLE VEHICLE,RAINING,WET,DARK LIGHTS ON,STOP SIGN,NONE DETECTED,NONE DETECTED,PEDESTRIAN,N/A,INTERSECTION,FOUR-WAY INTERSECTION,STRAIGHT,NO DEFECTS,"TWO-WAY, DIVIDED, UNPROTECTED PAINTED MIN 4 FEET",39.07246333,-77.08724333,"(39.07246333, -77.08724333)"
MCP3299003K,240020680,MONTGOMERY,Property Damage Crash,05/03/2024 07:07:00 AM,,County Route,Northbound,Lane 3,3,West,0,FEET,Level,COLESVILLE MANOR DR,NEW HAMPSHIRE AVE (SB/L),,,,DRIVER,Front to Rear,Clear,Dry,Daylight,No Controls,"Not Suspect of Alcohol Use, Not Suspect of Drug Use, Not Suspect of Alcohol Use, Not Suspect of Drug Use",,Motor Vehicle In Transport,,Intersection or Related,Perpendicular,Straight,No Defects,"Divided, Raised Median (curbed)",39.0855246,-76.99955048,"(39.0855246, -76.99955048)"
MCP33280020,230025922,Montgomery County Police,Property Damage Crash,05/30/2023 04:00:00 PM,Yes,County,South,,1,North,0,FEET,HILL UPHILL,CLARIDGE RD,MEDWAY ST,,N/A,,DRIVER,OPPOSITE DIRECTION SIDESWIPE,CLEAR,DRY,DAYLIGHT,STOP SIGN,"NONE DETECTED, UNKNOWN",,OTHER VEHICLE,N/A,INTERSECTION,T-INTERSECTION,STRAIGHT,NO DEFECTS,"TWO-WAY, NOT DIVIDED",39.05297556,-77.06390225,"(39.05297556, -77.06390225)"
MCP3347002D,240058750,MONTGOMERY,Property Damage Crash,12/08/2024 09:25:00 PM,,County Route,"Eastbound, Not On Roadway",Lane 1,1,East,36.94,FEET,Uphill,NORTHFIELD RD,,,,,UNKNOWN,"Sideswipe, Opposite Direction",Clear,Dry,Dark - Lighted,No Controls,"Unknown, Unknown",,Parked Vehicle,,Non-Junction,,Straight,No Defects,Not Divided,38.993505,-77.11329567,"(38.993505, -77.11329567)"
MCP32800074,250031878,MONTGOMERY,Injury Crash,07/17/2025 08:15:00 AM,No,US (State),Southbound,Right Turn Lane,4,South,24.38,FEET,Level,COLESVILLE RD (SB/L),,,,,DRIVER,Front to Rear,Clear,Dry,Daylight,No Controls,"Not Suspect of Alcohol Use, Not Suspect of Drug Use, Not Suspect of Alcohol Use, Not Suspect of Drug Use",,Motor Vehicle In Transport,,Entrance/Exit Ramp or Related,,Straight,No Defects,"Divided, Raised Median (curbed)",39.01804491,-77.01511023,"(39.01804491, -77.01511023)"
MCP2766004N,190012967,Montgomery County Police,Injury Crash,03/20/2019 09:08:00 PM,No,Maryland (State),South,,3,North,0,FEET,LEVEL,GEORGIA AVE,HEWITT AVE,,N/A,PEDESTRIAN,NONMOTORIST,SINGLE VEHICLE,CLEAR,DRY,DARK LIGHTS ON,TRAFFIC SIGNAL,NONE DETECTED,UNKNOWN,PEDESTRIAN,N/A,INTERSECTION,T-INTERSECTION,STRAIGHT,NO DEFECTS,"TWO-WAY, DIVIDED, POSITIVE MEDIAN BARRIER",39.07761333,-77.071225,"(39.07761333, -77.071225)"
MCP2859000M,15000603,Montgomery County Police,Property Damage Crash,01/04/2015 05:16:00 PM,No,County,North,,4,South,50,FEET,GRADE DOWNHILL,SNOUFFERS SCHOOL RD,GOSHEN RD,,N/A,,DRIVER,SAME DIR REAR END,CLOUDY,WET,DARK LIGHTS ON,NO CONTROLS,NONE DETECTED,,OTHER VEHICLE,N/A,NON INTERSECTION,N/A,STRAIGHT,NO DEFECTS,"TWO-WAY, NOT DIVIDED",39.18728167,-77.18571333,"(39.18728167, -77.18571333)"
MCP3163008F,250010912,MONTGOMERY,Property Damage Crash,03/12/2025 05:02:00 PM,No,Maryland (State) Route,Northbound,"Lane 1, Lane 2",4,South,0,FEET,Level,WISCONSIN AVE,MONTGOMERY AVE,,,,UNKNOWN,"Sideswipe, Same Direction",Clear,Dry,Daylight,Traffic Control Signal,"Not Suspect of Alcohol Use, Not Suspect of Drug Use, Not Suspect of Alcohol Use, Not Suspect of Drug Use",,Motor Vehicle In Transport,,Intersection or Related,Angled/Skewed,Straight,No Defects,"Divided, Raised Median (curbed)",38.9836634,-77.09376764,"(38.9836634, -77.09376764)"
MCP29460028,17012480,Montgomery County Police,Property Damage Crash,03/09/2017 04:45:00 PM,Yes,County,North,,2,South,40,FEET,LEVEL,SNOUFFERS SCHOOL RD,GOSHEN RD,,N/A,,DRIVER,SAME DIR REAR END,CLEAR,DRY,DAYLIGHT,TRAFFIC SIGNAL,"N/A, NONE DETECTED",,OTHER VEHICLE,N/A,INTERSECTION RELATED,FOUR-WAY INTERSECTION,STRAIGHT,NO DEFECTS,"TWO-WAY, NOT DIVIDED",39.18769612,-77.18662351,"(39.18769612, -77.18662351)"
MCP3052003H,230053893,Montgomery County Police,Property Damage Crash,09/08/2023 11:42:00 PM,Yes,Ramp,North,ON RAMP,4,North,0,MILE,UNKNOWN,RAMP 1 FR IS 270 NB TO IS 370 WB,RAMP 5 FR IS 270 SB TO IS 370 EB,,N/A,,DRIVER,SAME DIRECTION SIDESWIPE,CLEAR,DRY,DARK LIGHTS ON,NO CONTROLS,"NONE DETECTED, UNKNOWN",,OTHER VEHICLE,N/A,INTERCHANGE RELATED,OTHER,UNKNOWN,NO DEFECTS,"TWO-WAY, DIVIDED, POSITIVE MEDIAN BARRIER",39.12822831,-77.20321341,"(39.12822831, -77.20321341)"
MCP271700V6,210017886,Montgomery County Police,Injury Crash,05/12/2021 03:45:00 PM,No,Maryland (State),West,,2,East,0,FEET,GRADE DOWNHILL,EAST WEST HWY,GLENDALE RD,,N/A,,DRIVER,STRAIGHT MOVEMENT ANGLE,CLEAR,DRY,DAYLIGHT,STOP SIGN,NONE DETECTED,,OTHER VEHICLE,FIXED OBJECT,INTERSECTION,FOUR-WAY INTERSECTION,STRAIGHT,NO DEFECTS,"TWO-WAY, DIVIDED, UNPROTECTED PAINTED MIN 4 FEET",38.98849283,-77.07511617,"(38.98849283, -77.07511617)"