Report Number,Local Case Number,Agency Name,ACRS Report Type,Crash Date/Time,Hit/Run,Route Type,Lane Direction,Lane Type,Number of Lanes,Direction,Distance,Distance Unit,Road Grade,Road Name,Cross-Street Name,Off-Road Description,Municipality,Related Non-Motorist,At Fault,Collision Type,Weather,Surface Condition,Light,Traffic Control,Driver Substance Abuse,Non-Motorist Substance Abuse,First Harmful Event,Second Harmful Event,Junction,Intersection Type,Road Alignment,Road Condition,Road Division,Latitude,Longitude,Location
MCP9432002S,200034713,Montgomery County Police,Injury Crash,09/04/2020 07:00:00 PM,Yes,,West,,2,West,0,FEET,LEVEL,GODWIT STREET,MERLIN AVENUE,,N/A,BICYCLIST,DRIVER,STRAIGHT MOVEMENT ANGLE,CLEAR,DRY,DUSK,NO CONTROLS,UNKNOWN,NONE DETECTED,BICYCLE,N/A,INTERSECTION,FOUR-WAY INTERSECTION,STRAIGHT,NO DEFECTS,"TWO-WAY, NOT DIVIDED",39.21974833,-77.29039,"(39.21974833, -77.29039)"
DD5598001D,170501250,Rockville Police Departme,Property Damage Crash,04/09/2017 02:20:00 PM,No,Maryland (State),West,,2,East,0,FEET,LEVEL,FIRST ST,BALTIMORE RD,,ROCKVILLE,,DRIVER,HEAD ON LEFT TURN,CLEAR,DRY,DAYLIGHT,TRAFFIC SIGNAL,N/A,,OTHER VEHICLE,N/A,INTERSECTION,FOUR-WAY INTERSECTION,STRAIGHT,NO DEFECTS,"TWO-WAY, DIVIDED, POSITIVE MEDIAN BARRIER",39.08456083,-77.13660117,"(39.08456083, -77.13660117)"
MCP9417000F,15008335,Montgomery County Police,Property Damage Crash,02/20/2015 11:46:00 AM,No,Maryland (State),North,,3,North,0,FEET,LEVEL,ROCKVILLE PIKE,OLD GEORGETOWN RD,,N/A,,DRIVER,HEAD ON LEFT TURN,CLEAR,DRY,DAYLIGHT,TRAFFIC SIGNAL,NONE DETECTED,,OTHER VEHICLE,N/A,N/A,FOUR-WAY INTERSECTION,STRAIGHT,NO DEFECTS,"TWO-WAY, DIVIDED, POSITIVE MEDIAN BARRIER",39.04946833,-77.114135,"(39.04946833, -77.114135)"
MCP3228003N,220021544,Montgomery County Police,Property Damage Crash,05/20/2022 03:45:00 PM,Yes,Maryland (State),North,,4,North,0,FEET,DIP SAG,GEORGIA AVE,RAMP 4 FR MD 97 NB TO IS 495 EB,,N/A,,DRIVER,SAME DIRECTION SIDESWIPE,CLEAR,DRY,DAYLIGHT,TRAFFIC SIGNAL,"NONE DETECTED, UNKNOWN",,OTHER VEHICLE,N/A,NON INTERSECTION,N/A,STRAIGHT,NO DEFECTS,"TWO-WAY, NOT DIVIDED",39.01316579,-77.04179059,"(39.01316579, -77.04179059)"
MCP3307001T,220034306,Montgomery County Police,Property Damage Crash,08/10/2022 05:00:00 AM,No,Maryland (State),South,,3,North,0,FEET,LEVEL,GEORGIA AVE,JANET RD,,N/A,,DRIVER,ANGLE MEETS RIGHT TURN,N/A,DRY,DARK NO LIGHTS,STOP SIGN,NONE DETECTED,,OTHER VEHICLE,N/A,INTERSECTION,T-INTERSECTION,STRAIGHT,NO DEFECTS,"TWO-WAY, DIVIDED, POSITIVE MEDIAN BARRIER",39.0693228,-77.0622374,"(39.0693228, -77.0622374)"
MCP2671003W,240029158,MONTGOMERY,Property Damage Crash,06/19/2024 03:10:00 PM,No,US (State),Northbound,Lane 2,3,West,34.48,FEET,Level,GEORGIA AVE,SILVER SPRING AVE,,,,DRIVER,Rear To Side,Clear,Dry,Daylight,Traffic Control Signal,"Not Suspect of Alcohol Use, Not Suspect of Drug Use, Not Suspect of Alcohol Use, Not Suspect of Drug Use",,Motor Vehicle In Transport,,Non-Junction,,Straight,,"Divided, Raised Median (curbed)",38.99160854,-77.02643057,"(38.99160854, -77.02643057)"
MCP2892009J,210023035,Montgomery County Police,Injury Crash,06/16/2021 02:57:00 PM,No,Maryland (State),West,,3,East,0,FEET,LEVEL,UNIVERSITY BLVD E,INDIAN SPRING DR,,N/A,,DRIVER,STRAIGHT MOVEMENT ANGLE,CLEAR,DRY,DAYLIGHT,NO CONTROLS,NONE DETECTED,,OTHER VEHICLE,N/A,INTERSECTION,FOUR-WAY INTERSECTION,STRAIGHT,NO DEFECTS,"TWO-WAY, DIVIDED, POSITIVE MEDIAN BARRIER",39.01350489,-77.00354929,"(39.01350489, -77.00354929)"
MCP1268000D,16024592,Montgomery County Police,Property Damage Crash,05/17/2016 09:00:00 PM,No,County,North,,2,North,0,FEET,LEVEL,OMEGA DR,KEY WEST AVE,,N/A,,DRIVER,SINGLE VEHICLE,RAINING,WET,DARK LIGHTS ON,TRAFFIC SIGNAL,NONE DETECTED,,FIXED OBJECT,FIXED OBJECT,INTERSECTION,FOUR-WAY INTERSECTION,STRAIGHT,NO DEFECTS,"TWO-WAY, NOT DIVIDED",39.10580667,-77.19627,"(39.10580667, -77.19627)"
MCP2947001F,15066124,MONTGOMERY,Property Damage Crash,12/25/2015 11:24:00 AM,No,,,,,,,,,,,"PARKING LOT OF LAUNDRY BUSINESS LOCATED AT 14021-A GEORGIA AVE, SILVER SPRING, MONTGOMERY COUNTY MD",,,DRIVER,HEAD ON,CLOUDY,,DAYLIGHT,NO CONTROLS,ALCOHOL PRESENT,,PARKED VEHICLE,N/A,,,,,,39.083875,-77.07744167,"(39.083875, -77.07744167)"
MCP3249001T,210031612,Montgomery County Police,Property Damage Crash,08/14/2021 11:10:00 AM,Yes,,,,,,,,,,,PARKING LOT AT 12289 TECH ROAD,,,DRIVER,OTHER,CLEAR,,DAYLIGHT,NO CONTROLS,N/A,,OTHER VEHICLE,OTHER VEHICLE,,,,,,39.05731747,-76.96726122,"(39.05731747, -76.96726122)"
MCP9392001H,230061720,Montgomery County Police,Property Damage Crash,10/20/2023 09:35:00 PM,No,County,South,,3,North,300,FEET,HILL UPHILL,FATHER HURLEY BLVD,BEGIN BRIDGE,,N/A,,DRIVER,SINGLE VEHICLE,CLEAR,WET,DARK LIGHTS ON,NO CONTROLS,N/A,,FIXED OBJECT,N/A,NON INTERSECTION,N/A,STRAIGHT,NO DEFECTS,"TWO-WAY, DIVIDED, POSITIVE MEDIAN BARRIER",39.19864333,-77.26188167,"(39.19864333, -77.26188167)"
DM85040015,230034514,Takoma Park Police Depart,Injury Crash,07/20/2023 09:20:00 AM,No,Maryland (State),North,,1,North,0,UNKNOWN,GRADE DOWNHILL,PINEY BRANCH RD,PINEY BRANCH NW,,N/A,OTHER,UNKNOWN,SAME DIR REND LEFT TURN,CLEAR,DRY,DAYLIGHT,NO CONTROLS,N/A,NONE DETECTED,OTHER VEHICLE,OTHER,N/A,N/A,STRAIGHT,NO DEFECTS,"TWO-WAY, NOT DIVIDED",38.98086834,-77.01648149,"(38.98086834, -77.01648149)"
MCP102200CD,190024672,Montgomery County Police,Injury Crash,05/24/2019 09:50:00 AM,No,,,,,,,,,,,"SOUTH SIDE PARKING LOT AT GERMANTOWN ASSISTED LIVING  20990 FATHER HURLEY BLVD GERMANTOWN, MD 20874",,PEDESTRIAN,DRIVER,SINGLE VEHICLE,CLEAR,,DAYLIGHT,NO CONTROLS,NONE DETECTED,NONE DETECTED,PEDESTRIAN,N/A,,,,,,39.190085,-77.27435667,"(39.190085, -77.27435667)"
MCP33010031,250021005,MONTGOMERY,Injury Crash,05/12/2025 10:19:00 PM,No,County Route,Eastbound,Lane 1,4,North,0,FEET,Level,MCKNEW RD,SANDY SPRING RD,,,,DRIVER,Front to Rear,Clear,Dry,Dark - Lighted,Traffic Control Signal,"Not Suspect of Alcohol Use, Not Suspect of Drug Use, Not Suspect of Alcohol Use, Not Suspect of Drug Use",,Motor Vehicle In Transport,,Intersection or Related,Angled/Skewed,Straight,No Defects,"Divided, Flush Median (greater than 4ft wide)",39.10611059,-76.9188866,"(39.10611059, -76.9188866)"
MCP25260018,170525961,Montgomery County Police,Injury Crash,08/18/2017 04:16:00 PM,No,County,North,,5,North,0,FEET,LEVEL,SHADY GROVE RD,BLACKWELL RD,,N/A,,DRIVER,STRAIGHT MOVEMENT ANGLE,CLOUDY,DRY,DAYLIGHT,NO CONTROLS,"N/A, NONE DETECTED",,OTHER VEHICLE,N/A,INTERSECTION,FOUR-WAY INTERSECTION,STRAIGHT,NO DEFECTS,"TWO-WAY, DIVIDED, POSITIVE MEDIAN BARRIER",39.10068167,-77.19182,"(39.10068167, -77.19182)"
MCP25040048,190020643,Montgomery County Police,Property Damage Crash,05/02/2019 03:30:00 PM,Yes,Maryland (State),North,,2,South,500,FEET,LEVEL,FALLS RD,TUCKERMAN LA,,N/A,,DRIVER,OPPOSITE DIRECTION SIDESWIPE,RAINING,WET,DAYLIGHT,NO CONTROLS,NONE DETECTED,,OTHER VEHICLE,OFF ROAD,NON INTERSECTION,N/A,STRAIGHT,NO DEFECTS,"TWO-WAY, NOT DIVIDED",39.04888167,-77.18924667,"(39.04888167, -77.18924667)"
MCP31290092,240016951,MONTGOMERY,Injury Crash,04/12/2024 05:58:00 AM,No,Maryland (State) Route,Westbound,"Lane 1, Lane 2",4,West,51.26,FEET,Uphill,VEIRS MILL RD (WB/L),,,,,DRIVER,Front to Rear,Cloudy,Wet,Dark - Lighted,No Controls,"Not Suspect of Alcohol Use, Not Suspect of Drug Use, Not Suspect of Alcohol Use, Not Suspect of Drug Use, Not Suspect of Alcohol Use, Not Suspect of Drug Use",,Motor Vehicle In Transport,Motor Vehicle In Transport,Non-Junction,,Straight,No Defects,"Divided, Raised Median (curbed)",39.06133316,-77.09144534,"(39.06133316, -77.09144534)"
MCP3328004K,250011689,MONTGOMERY,Property Damage Crash,03/17/2025 03:32:00 PM,No,County Route,Northbound,Lane 1,2,South,11.1,FEET,Level,MEDWAY ST,,,,,DRIVER,Front to Rear,Clear,Dry,Daylight,No Controls,"Not Suspect of Alcohol Use, Not Suspect of Drug Use, Suspect of Alcohol Use, Not Suspect of Drug Use",,Motor Vehicle In Transport,,Non-Junction,,Straight,No Defects,Not Divided,39.05104446,-77.06283853,"(39.05104446, -77.06283853)"
DD5637002M,210026451,Rockville Police Departme,Property Damage Crash,07/09/2021 07:42:00 PM,No,,,,,,,,,,,PARKING LOT OF 775 ROCKVILLE PIKE,,,DRIVER,STRAIGHT MOVEMENT ANGLE,CLEAR,,DAYLIGHT,NO CONTROLS,NONE DETECTED,,OTHER VEHICLE,N/A,,,,,,39.07786368,-77.14106479,"(39.07786368, -77.14106479)"
MCP3129005K,220052847,Montgomery County Police,Property Damage Crash,11/30/2022 02:17:00 PM,No,Maryland (State),North,CROSSOVER AREA,3,North,0,FEET,HILL UPHILL,GEORGIA AVE,CONNECTICUT AVE,,N/A,,DRIVER,STRAIGHT MOVEMENT ANGLE,CLOUDY,WET,DAYLIGHT,TRAFFIC SIGNAL,NONE DETECTED,,OTHER VEHICLE,OTHER VEHICLE,INTERSECTION,FOUR-WAY INTERSECTION,STRAIGHT,NO DEFECTS,"TWO-WAY, DIVIDED, POSITIVE MEDIAN BARRIER",39.08373952,-77.07759746,"(39.08373952, -77.07759746)"
EJ7871002S,200004006,Gaithersburg Police Depar,Property Damage Crash,01/24/2020 03:20:00 PM,No,Maryland (State),North,,2,East,0,FEET,LEVEL,W DIAMOND AVE,BUREAU DR,,GAITHERSBURG,,DRIVER,SAME DIR REAR END,CLEAR,DRY,DAYLIGHT,NO CONTROLS,NONE DETECTED,,OTHER VEHICLE,N/A,INTERSECTION,T-INTERSECTION,STRAIGHT,NO DEFECTS,"TWO-WAY, NOT DIVIDED",39.14050905,-77.21240776,"(39.14050905, -77.21240776)"
MCP2951002N,180016911,Montgomery County Police,Property Damage Crash,04/07/2018 03:00:00 PM,No,,,,,,,,,,,PARKING LOT OF 2900 N LEISURE WORLD BLVD,,,DRIVER,SINGLE VEHICLE,CLEAR,,DAYLIGHT,NO CONTROLS,NONE DETECTED,,FIXED OBJECT,FIXED OBJECT,,,,,,39.10467817,-77.0598245,"(39.10467817, -77.0598245)"
MCP2776002B,180017533,Montgomery County Police,Property Damage Crash,04/11/2018 12:10:00 AM,Yes,Maryland (State),East,,1,East,0,FEET,LEVEL,OLNEY SANDY SPRING RD,BENTLEY RD,,N/A,,DRIVER,SINGLE VEHICLE,CLEAR,DRY,DARK LIGHTS ON,NO CONTROLS,ALCOHOL CONTRIBUTED,,FIXED OBJECT,N/A,INTERSECTION,T-INTERSECTION,STRAIGHT,NO DEFECTS,"TWO-WAY, NOT DIVIDED",39.14889333,-77.02205167,"(39.14889333, -77.02205167)"
MCP32120023,200043884,Montgomery County Police,Injury Crash,11/06/2020 08:01:00 PM,No,Maryland (State),North,,3,North,0,FEET,LEVEL,GEORGIA AVE,AUGUST DR,,N/A,,DRIVER,STRAIGHT MOVEMENT ANGLE,CLEAR,DRY,DARK LIGHTS ON,TRAFFIC SIGNAL,NONE DETECTED,,OTHER VEHICLE,N/A,INTERSECTION RELATED,T-INTERSECTION,STRAIGHT,NO DEFECTS,"TWO-WAY, DIVIDED, POSITIVE MEDIAN BARRIER",39.02126016,-77.04449965,"(39.02126016, -77.04449965)"
DD56040018,16008027,Rockville Police Departme,Injury Crash,02/17/2016 06:35:00 PM,No,Municipality,North,,1,North,10,FEET,LEVEL,VEIRS MILL SERV RD,BROADWOOD DR,,ROCKVILLE,PEDESTRIAN,NONMOTORIST,OTHER,CLEAR,DRY,DARK LIGHTS ON,TRAFFIC SIGNAL,NONE DETECTED,NONE DETECTED,PEDESTRIAN,N/A,NON INTERSECTION,N/A,STRAIGHT,NO DEFECTS,"TWO-WAY, DIVIDED, POSITIVE MEDIAN BARRIER",39.07730667,-77.12410667,"(39.07730667, -77.12410667)"
MCP33290029,230072802,Montgomery County Police,Property Damage Crash,12/20/2023 04:20:00 PM,No,County,South,MEDIAN AREA,3,West,0,FEET,LEVEL,RANDOLPH RD,SHERWOOD FOREST DR,,N/A,,DRIVER,SINGLE VEHICLE,CLEAR,DRY,DAYLIGHT,N/A,NONE DETECTED,,FIXED OBJECT,N/A,NON INTERSECTION,N/A,STRAIGHT,NO DEFECTS,"TWO-WAY, DIVIDED, POSITIVE MEDIAN BARRIER",39.0737935,-77.00722933,"(39.0737935, -77.00722933)"
MCP22010012,170533474,Montgomery County Police,Property Damage Crash,09/28/2017 06:29:00 PM,Yes,County,East,,2,West,0.5,MILE,LEVEL,BONIFANT ST,GEORGIA AVE,,N/A,,DRIVER,SAME DIR REAR END,CLEAR,DRY,DAYLIGHT,TRAFFIC SIGNAL,UNKNOWN,,PARKED VEHICLE,N/A,NON INTERSECTION,N/A,STRAIGHT,NO DEFECTS,"TWO-WAY, NOT DIVIDED",38.99454767,-77.02377319,"(38.99454767, -77.02377319)"
MCP2425006F,16008916,Montgomery County Police,Property Damage Crash,02/22/2016 05:58:00 PM,No,Maryland (State),South,,2,North,20,FEET,LEVEL,GEORGIA AVE,SEMINARY RD,,N/A,,DRIVER,SAME DIRECTION SIDESWIPE,CLEAR,DRY,DUSK,TRAFFIC SIGNAL,NONE DETECTED,,OTHER VEHICLE,N/A,COMMERCIAL DRIVEWAY,T-INTERSECTION,STRAIGHT,NO DEFECTS,"TWO-WAY, NOT DIVIDED",39.00921667,-77.040585,"(39.00921667, -77.040585)"
EJ7853001C,15062505,GAITHERSBURG,Injury Crash,12/07/2015 03:24:00 PM,No,Maryland (State),North,,3,South,20,FEET,LEVEL,S FREDERICK RD,FULKS CORNER AVE,,GAITHERSBURG,,DRIVER,SAME DIR REAR END,N/A,DRY,DAYLIGHT,NO CONTROLS,NONE DETECTED,,OTHER VEHICLE,N/A,INTERSECTION RELATED,FOUR-WAY INTERSECTION,STRAIGHT,NO DEFECTS,"TWO-WAY, DIVIDED, POSITIVE MEDIAN BARRIER",39.13985333,-77.19602333,"(39.13985333, -77.19602333)"
MCP2753001T,17002695,Montgomery County Police,Property Damage Crash,01/16/2017 07:50:00 AM,No,County,West,,2,West,25,FEET,HILL UPHILL,BONIFANT RD,MORTON HALL RD,,N/A,,DRIVER,SINGLE VEHICLE,CLOUDY,DRY,DAYLIGHT,NO CONTROLS,NONE DETECTED,,FIXED OBJECT,N/A,NON INTERSECTION,N/A,CURVE LEFT,NO DEFECTS,"TWO-WAY, DIVIDED, UNPROTECTED PAINTED MIN 4 FEET",39.093585,-77.03837667,"(39.093585, -77.03837667)"
MCP29870030,180006643,Montgomery County Police,Property Damage Crash,02/08/2018 12:00:00 AM,Yes,County,North,,1,North,0,FEET,LEVEL,OSAGE ST,10TH AVE,,N/A,,DRIVER,SAME DIR REAR END,UNKNOWN,UNKNOWN,DARK -- UNKNOWN LIGHTING,NO CONTROLS,UNKNOWN,,PARKED VEHICLE,N/A,INTERSECTION,T-INTERSECTION,STRAIGHT,NO DEFECTS,"TWO-WAY, NOT DIVIDED",38.995865,-76.99132167,"(38.995865, -76.99132167)"
MCP2087001V,170526617,Montgomery County Police,Property Damage Crash,08/24/2017 01:52:00 PM,Yes,County,West,,2,East,0,FEET,HILL UPHILL,REEDIE DR,GEORGIA AVE,,N/A,,DRIVER,SAME DIR REAR END,CLEAR,DRY,DAYLIGHT,TRAFFIC SIGNAL,"NONE DETECTED, UNKNOWN",,OTHER VEHICLE,N/A,INTERSECTION,FOUR-WAY INTERSECTION,STRAIGHT,NO DEFECTS,"TWO-WAY, DIVIDED, POSITIVE MEDIAN BARRIER",39.03892833,-77.05006833,"(39.03892833, -77.05006833)"
MCP3262002X,230014289,Montgomery County Police,Property Damage Crash,03/24/2023 03:15:00 PM,No,Maryland (State),East,,4,East,0,FEET,LEVEL,OLD COLUMBIA PIKE,ENT TO BUSINESS,,N/A,,DRIVER,STRAIGHT MOVEMENT ANGLE,RAINING,WET,DAYLIGHT,NO CONTROLS,NONE DETECTED,,OTHER VEHICLE,FIXED OBJECT,INTERSECTION,FOUR-WAY INTERSECTION,STRAIGHT,NO DEFECTS,"TWO-WAY, NOT DIVIDED",39.11063283,-76.93329667,"(39.11063283, -76.93329667)"
MCP1252000T,15059391,MONTGOMERY,Property Damage Crash,11/20/2015 08:11:00 PM,No,County,South,,2,North,0,FEET,LEVEL,CENTURY BLVD,PINNACLE DR,,N/A,,DRIVER,ANGLE MEETS LEFT TURN,CLEAR,DRY,DARK LIGHTS ON,NO CONTROLS,"N/A, NONE DETECTED",,OTHER VEHICLE,OTHER VEHICLE,INTERSECTION,FOUR-WAY INTERSECTION,STRAIGHT,NO DEFECTS,"TWO-WAY, NOT DIVIDED",39.18252333,-77.26452167,"(39.18252333, -77.26452167)"
MCP2047005L,240053825,MONTGOMERY,Property Damage Crash,11/09/2024 12:34:00 PM,,,,,0,,,FEET,,,,Parking Stall        12160 PARKLAWN DRIVE  SECOND STORY BOOKS,,,UNKNOWN,Rear To Rear,Clear,,Daylight,,"Unknown, Unknown",,Motor Vehicle In Transport,Parked Vehicle,,,,,,39.05688864,-77.11053962,"(39.05688864, -77.11053962)"
EJ7852008Y,230063110,Gaithersburg Police Depar,Injury Crash,10/28/2023 07:28:00 PM,No,County,East,,3,North,0,FEET,LEVEL,SAM EIG HWY,FIELDS RD,,N/A,,DRIVER,STRAIGHT MOVEMENT ANGLE,N/A,DRY,DARK LIGHTS ON,TRAFFIC SIGNAL,NONE DETECTED,,OTHER VEHICLE,N/A,INTERSECTION,OTHER,STRAIGHT,NO DEFECTS,"TWO-WAY, DIVIDED, POSITIVE MEDIAN BARRIER",39.11632947,-77.20791439,"(39.11632947, -77.20791439)"
DD5615008L,200001632,Rockville Police Departme,Property Damage Crash,01/10/2020 09:30:00 AM,No,Municipality,East,,1,West,0,FEET,LEVEL,CONGRESSIONAL LA,ROCKVILLE PIKE,,N/A,,DRIVER,SAME DIR REAR END,N/A,DRY,DAYLIGHT,NO CONTROLS,NONE DETECTED,,OTHER VEHICLE,OTHER VEHICLE,INTERSECTION,T-INTERSECTION,STRAIGHT,NO DEFECTS,"TWO-WAY, DIVIDED, POSITIVE MEDIAN BARRIER",39.063125,-77.12794667,"(39.063125, -77.12794667)"
MCP25820054,240028594,MONTGOMERY,Injury Crash,06/16/2024 01:39:00 AM,Yes,,,,0,,,FEET,,,,Driveway        DRIVEWAY / SIDEWALK IN FRONT OF 12313 GEORGIA AVE (MCDONALDS DRIVE-THRU),,Cyclist (non-electric),UNKNOWN,Single Vehicle,Clear,,Dark - Lighted,,"Unknown, Unknown","Not Suspect of Alcohol Use, Not Suspect of Drug Use",Pedalcycle,,,,,,,39.05907262,-77.05004018,"(39.05907262, -77.05004018)"
MCP23110024,16017059,Montgomery County Police,Property Damage Crash,04/07/2016 10:20:00 PM,No,County,South,,2,North,500,FEET,LEVEL,MONTGOMERY VILLAGE AVE,WALKERS CHOICE RD,,N/A,,DRIVER,SAME DIR REAR END,CLEAR,DRY,DARK LIGHTS ON,N/A,"ALCOHOL PRESENT, N/A",,OTHER VEHICLE,N/A,N/A,N/A,STRAIGHT,NO DEFECTS,"TWO-WAY, DIVIDED, POSITIVE MEDIAN BARRIER",39.16458833,-77.20436167,"(39.16458833, -77.20436167)"
MCP137800N2,180052046,Montgomery County Police,Property Damage Crash,10/17/2018 04:18:00 PM,No,Interstate (State),North,,4,North,200,FEET,HILL UPHILL,EISENHOWER MEMORIAL HWY,MIDDLEBROOK RD,,N/A,,DRIVER,SAME DIR REAR END,CLEAR,DRY,DAYLIGHT,NO CONTROLS,NONE DETECTED,,OTHER VEHICLE,OTHER VEHICLE,NON INTERSECTION,N/A,STRAIGHT,NO DEFECTS,"TWO-WAY, DIVIDED, POSITIVE MEDIAN BARRIER",39.17619167,-77.24761,"(39.17619167, -77.24761)"
MCP27080018,16032965,Montgomery County Police,Property Damage Crash,06/29/2016 06:18:00 PM,No,Maryland (State),West,,3,East,0,FEET,LEVEL,UNIVERSITY BLVD E,INDIAN SPRING DR,,N/A,,DRIVER,HEAD ON LEFT TURN,CLEAR,DRY,DAYLIGHT,NO CONTROLS,NONE DETECTED,,OTHER VEHICLE,FIXED OBJECT,INTERSECTION,FOUR-WAY INTERSECTION,STRAIGHT,NO DEFECTS,"TWO-WAY, DIVIDED, POSITIVE MEDIAN BARRIER",39.01352046,-77.00354129,"(39.01352046, -77.00354129)"
EJ7855001V,170509873,Gaithersburg Police Depar,Injury Crash,05/25/2017 05:38:00 PM,No,Maryland (State),North,LEFT TURN LANE,3,South,15,FEET,LEVEL,FREDERICK RD,DALAMAR ST,,GAITHERSBURG,,DRIVER,STRAIGHT MOVEMENT ANGLE,CLEAR,DRY,N/A,NO CONTROLS,NONE DETECTED,,OTHER VEHICLE,N/A,NON INTERSECTION,N/A,STRAIGHT,NO DEFECTS,"TWO-WAY, NOT DIVIDED WITH A CONTINUOUS LEFT TURN",39.14672167,-77.20497,"(39.14672167, -77.20497)"
MCP2231007R,240012872,MONTGOMERY,Property Damage Crash,03/18/2024 08:09:00 AM,No,Municipality Route,Eastbound,"Lane 1, Shoulder Area",1,West,29.09,FEET,Level,SIOUX LA,,,,,UNKNOWN,Front to Rear,Cloudy,Dry,Daylight,No Controls,,,Parked Vehicle,,Non-Junction,,Straight,,Not Divided,39.13102167,-77.23872833,"(39.13102167, -77.23872833)"
MCP11190094,210017834,Montgomery County Police,Injury Crash,05/12/2021 11:13:00 AM,No,Maryland (State),West,,1,West,150,FEET,LEVEL,NORBECK RD,WHITEHAVEN RD,,N/A,,DRIVER,SINGLE VEHICLE,CLEAR,DRY,DAYLIGHT,NO CONTROLS,NONE DETECTED,,FIXED OBJECT,FIXED OBJECT,NON INTERSECTION,N/A,CURVE LEFT,NO DEFECTS,"TWO-WAY, NOT DIVIDED",39.12054585,-77.04033047,"(39.12054585, -77.04033047)"
MCP2394001B,15031080,Montgomery County Police,Property Damage Crash,06/25/2015 06:09:00 PM,Yes,Maryland (State),West,,2,East,0,FEET,LEVEL,NORBECK RD,BAUER DR,,N/A,,DRIVER,SAME DIR REAR END,CLOUDY,DRY,DAYLIGHT,TRAFFIC SIGNAL,NONE DETECTED,,OTHER VEHICLE,OTHER VEHICLE,INTERSECTION,FOUR-WAY INTERSECTION,STRAIGHT,NO DEFECTS,"TWO-WAY, DIVIDED, POSITIVE MEDIAN BARRIER",39.096365,-77.11008667,"(39.096365, -77.11008667)"
MCP31400016,190051455,Montgomery County Police,Property Damage Crash,10/26/2019 04:02:00 AM,No,County,North,,2,South,200,FEET,LEVEL,NEWPORT MILL RD,NIMITZ RD,,N/A,,DRIVER,HEAD ON,CLEAR,DRY,DARK LIGHTS ON,NO CONTROLS,N/A,,OTHER VEHICLE,N/A,NON INTERSECTION,N/A,STRAIGHT,NO DEFECTS,"TWO-WAY, NOT DIVIDED",39.03624806,-77.07266856,"(39.03624806, -77.07266856)"
MCP3398000B,240004054,MONTGOMERY,Property Damage Crash,01/26/2024 06:17:00 AM,No,Maryland (State) Route,Southbound,Lane 1,3,South,19.57,FEET,Level,MONTGOMERY VILLAGE AVE (SB/L),,,,,UNKNOWN,Other,Clear,Wet,Dark - Lighted,Traffic Control Signal,"Not Suspect of Alcohol Use, Not Suspect of Drug Use, Not Suspect of Alcohol Use, Not Suspect of Drug Use",,Motor Vehicle In Transport,Not Applicable,,,Straight,No Defects,"Divided, Flush Median (greater than 4ft wide), Not Divided",39.15453634,-77.20940003,"(39.15453634, -77.20940003)"
MCP26510026,180029748,Montgomery County Police,Injury Crash,06/16/2018 12:29:00 PM,No,Maryland (State),West,,3,West,50,FEET,LEVEL,UNIVERSITY BLVD W,BRUNETT AVE,,N/A,,DRIVER,SAME DIR REAR END,CLEAR,DRY,DAYLIGHT,N/A,N/A,,OTHER VEHICLE,N/A,N/A,N/A,STRAIGHT,NO DEFECTS,"TWO-WAY, DIVIDED, POSITIVE MEDIAN BARRIER",39.02397,-77.01695333,"(39.02397, -77.01695333)"
MCP94190007,15041625,MONTGOMERY,Property Damage Crash,08/20/2015 07:31:00 AM,No,Municipality,West,,4,East,5,FEET,GRADE DOWNHILL,W GUDE DR,RESEARCH BLVD,,ROCKVILLE,,DRIVER,OTHER,RAINING,WET,DAYLIGHT,TRAFFIC SIGNAL,NONE DETECTED,,OTHER VEHICLE,OTHER VEHICLE,INTERSECTION RELATED,FOUR-WAY INTERSECTION,STRAIGHT,NO DEFECTS,"TWO-WAY, DIVIDED, POSITIVE MEDIAN BARRIER",39.10009278,-77.18192697,"(39.10009278, -77.18192697)"
MCP3095005L,250000406,MONTGOMERY,Injury Crash,01/03/2025 06:02:00 PM,No,US (State),Southbound,Lane 2,3,North,38.86,FEET,Level,COLUMBIA PIKE (SB/L),,,,,DRIVER,Front to Rear,Snow,Wet,Dark - Lighted,Traffic Control Signal,"Not Suspect of Alcohol Use, Not Suspect of Drug Use, Not Suspect of Alcohol Use, Not Suspect of Drug Use, Not Suspect of Alcohol Use, Not Suspect of Drug Use",,Motor Vehicle In Transport,,Non-Junction,,Straight,No Defects,"Divided, Raised Median (curbed)",39.105221,-76.93285417,"(39.105221, -76.93285417)"
MCP3161001M,190042170,Montgomery County Police,Property Damage Crash,09/03/2019 03:30:00 PM,No,Maryland (State),East,,4,West,20,FEET,HILL UPHILL,EAST WEST HWY,CYPRESS PL,,N/A,,DRIVER,SAME DIR REAR END,CLEAR,DRY,DAYLIGHT,NO CONTROLS,NONE DETECTED,,OTHER VEHICLE,OTHER VEHICLE,N/A,N/A,STRAIGHT,NO DEFECTS,"TWO-WAY, NOT DIVIDED",38.98854667,-77.073905,"(38.98854667, -77.073905)"