Report Number,Local Case Number,Agency Name,ACRS Report Type,Crash Date/Time,Hit/Run,Route Type,Lane Direction,Lane Type,Number of Lanes,Direction,Distance,Distance Unit,Road Grade,Road Name,Cross-Street Name,Off-Road Description,Municipality,Related Non-Motorist,At Fault,Collision Type,Weather,Surface Condition,Light,Traffic Control,Driver Substance Abuse,Non-Motorist Substance Abuse,First Harmful Event,Second Harmful Event,Junction,Intersection Type,Road Alignment,Road Condition,Road Division,Latitude,Longitude,Location
MCP2736002Q,15038795,MONTGOMERY,Property Damage Crash,08/04/2015 10:52:00 PM,No,Interstate (State),East,,4,East,,MILE,LEVEL,CAPITAL BELTWAY,MD 355 SB/L,,N/A,,DRIVER,SINGLE VEHICLE,CLEAR,WET,DARK LIGHTS ON,N/A,NONE DETECTED,,FIXED OBJECT,N/A,NON INTERSECTION,N/A,STRAIGHT,NO DEFECTS,"TWO-WAY, DIVIDED, POSITIVE MEDIAN BARRIER",39.00931333,-77.08823667,"(39.00931333, -77.08823667)"
MCP3078005B,240015246,MONTGOMERY,Injury Crash,04/01/2024 08:12:00 PM,No,County Route,Westbound,Lane 1,1,South,26.09,FEET,Level,EMORY LA,,,,,UNKNOWN,Single Vehicle,Rain,Wet,Dark - Not Lighted,No Controls,"Not Suspect of Alcohol Use, Not Suspect of Drug Use",,Tree (standing),,Non-Junction,,Curve Right,,"Divided, Flush Median (greater than 4ft wide)",39.12259705,-77.09328067,"(39.12259705, -77.09328067)"
MCP289200H5,250011518,MONTGOMERY,Property Damage Crash,03/16/2025 03:23:00 PM,No,County Route,"Northbound, Southbound, Unknown",Lane 1,1,North,15.59,FEET,"Downhill, Uphill",E SCHUYLER RD,,,,,DRIVER,"Sideswipe, Opposite Direction",Clear,Dry,Daylight,No Controls,"Not Suspect of Alcohol Use, Not Suspect of Drug Use, Not Suspect of Alcohol Use, Not Suspect of Drug Use",,Parked Vehicle,Motor Vehicle In Transport,Non-Junction,,Straight,Holes Ruts Etc,Not Divided,39.00788297,-76.99911638,"(39.00788297, -76.99911638)"
MCP2835002Z,222003050,Montgomery County Police,Injury Crash,07/15/2022 10:29:00 PM,No,Maryland (State),South,,4,North,0,FEET,LEVEL,CONNECTICUT AVE,EAST WEST HWY,,N/A,,DRIVER,STRAIGHT MOVEMENT ANGLE,CLEAR,DRY,DARK LIGHTS ON,TRAFFIC SIGNAL,"MEDICATION PRESENT, NONE DETECTED",,OTHER VEHICLE,OTHER VEHICLE,INTERSECTION,FOUR-WAY INTERSECTION,STRAIGHT,NO DEFECTS,"TWO-WAY, NOT DIVIDED",38.98758333,-77.07708,"(38.98758333, -77.07708)"
MCP137800VL,200046598,Montgomery County Police,Injury Crash,11/25/2020 04:01:00 PM,No,Municipality,South,RIGHT TURN LANE,1,North,25,FEET,LEVEL,CHRISTOPHER AVE,FREDERICK RD,,N/A,,DRIVER,SAME DIR REAR END,CLOUDY,DRY,DAYLIGHT,YIELD SIGN,NONE DETECTED,,OTHER VEHICLE,N/A,INTERSECTION RELATED,FOUR-WAY INTERSECTION,CURVE RIGHT,NO DEFECTS,ONE-WAY TRAFFICWAY,39.156035,-77.21616,"(39.156035, -77.21616)"
MCP3222000F,200013081,Montgomery County Police,Property Damage Crash,03/17/2020 09:18:00 PM,No,County,West,,3,West,50,FEET,LEVEL,DEMOCRACY BLVD,WESTLAKE DR,,N/A,,DRIVER,HEAD ON,CLEAR,DRY,DARK LIGHTS ON,NO CONTROLS,NONE DETECTED,,OTHER VEHICLE,FIXED OBJECT,NON INTERSECTION,N/A,STRAIGHT,NO DEFECTS,"TWO-WAY, DIVIDED, POSITIVE MEDIAN BARRIER",38.99175,-77.09806833,"(38.99175, -77.09806833)"
MCP2411004V,200011573,Montgomery County Police,Property Damage Crash,03/09/2020 11:04:00 AM,Yes,County,West,,1,West,100,FEET,LEVEL,BRIARDALE RD,BAEDERWOOD LA,,N/A,,DRIVER,OTHER,CLEAR,DRY,DAYLIGHT,NO CONTROLS,UNKNOWN,,OTHER VEHICLE,N/A,NON INTERSECTION,N/A,STRAIGHT,NO DEFECTS,"TWO-WAY, NOT DIVIDED",39.13044688,-77.15219938,"(39.13044688, -77.15219938)"
MCP1580006M,16061607,Montgomery County Police,Property Damage Crash,12/01/2016 06:54:00 AM,No,County,North,,1,South,0,FEET,LEVEL,SNOUFFERS SCHOOL RD,WELBECK WAY,,N/A,,DRIVER,STRAIGHT MOVEMENT ANGLE,CLEAR,DRY,DAWN,STOP SIGN,NONE DETECTED,,OTHER VEHICLE,N/A,INTERSECTION,T-INTERSECTION,STRAIGHT,NO DEFECTS,"TWO-WAY, NOT DIVIDED",39.18521333,-77.18370667,"(39.18521333, -77.18370667)"
MCP3156002Y,240020775,MONTGOMERY,Property Damage Crash,05/03/2024 01:26:00 PM,,,,,0,,,FEET,,,,Parking Aisle        IN PARKING LOT AT LOCATION,,,UNKNOWN,Unknown,Unknown,,Unknown,,"Unknown, Unknown",,Motor Vehicle In Transport,Motor Vehicle In Transport,,,,,,39.13514617,-77.22475643,"(39.13514617, -77.22475643)"
MCP3119001K,190026820,Montgomery County Police,Injury Crash,06/05/2019 08:35:00 AM,No,County,West,,2,East,0,FEET,LEVEL,CENTERWAY RD,CLUB HOUSE RD,,N/A,,DRIVER,HEAD ON LEFT TURN,CLEAR,DRY,DAYLIGHT,STOP SIGN,NONE DETECTED,,OTHER VEHICLE,N/A,INTERSECTION,FOUR-WAY INTERSECTION,STRAIGHT,NO DEFECTS,"TWO-WAY, DIVIDED, POSITIVE MEDIAN BARRIER",39.17271117,-77.20147333,"(39.17271117, -77.20147333)"
EJ7888002J,220030214,Gaithersburg Police Depar,Injury Crash,07/14/2022 10:10:00 AM,Yes,County,North,,2,North,0,FEET,LEVEL,MUDDY BRANCH RD,DIAMONDBACK DR,,N/A,,DRIVER,OTHER,CLEAR,DRY,DAYLIGHT,TRAFFIC SIGNAL,"NONE DETECTED, UNKNOWN",,OTHER VEHICLE,OTHER VEHICLE,INTERSECTION,FOUR-WAY INTERSECTION,STRAIGHT,NO DEFECTS,"TWO-WAY, DIVIDED, POSITIVE MEDIAN BARRIER",39.11517425,-77.2157376,"(39.11517425, -77.2157376)"
MCP2612004D,220001476,Montgomery County Police,Injury Crash,01/12/2022 09:05:00 PM,Yes,Maryland (State),North,,6,North,0,FEET,LEVEL,GEORGIA AVE,LAYHILL RD,,N/A,,DRIVER,SAME DIRECTION RIGHT TURN,CLEAR,DRY,DARK LIGHTS ON,TRAFFIC SIGNAL,"NONE DETECTED, UNKNOWN",,OTHER VEHICLE,N/A,INTERSECTION,FOUR-WAY INTERSECTION,STRAIGHT,NO DEFECTS,"TWO-WAY, DIVIDED, POSITIVE MEDIAN BARRIER",39.06019922,-77.05091834,"(39.06019922, -77.05091834)"
EJ7858000M,16027230,Gaithersburg Police Depar,Property Damage Crash,05/31/2016 06:55:00 PM,No,Municipality,West,,1,East,150,FEET,LEVEL,LAKE VARUNA DR,MAIN ST,,GAITHERSBURG,,DRIVER,SAME DIRECTION SIDESWIPE,CLEAR,DRY,DAYLIGHT,NO CONTROLS,NONE DETECTED,,PARKED VEHICLE,N/A,N/A,N/A,STRAIGHT,NO DEFECTS,"TWO-WAY, NOT DIVIDED",39.14334174,-77.23475575,"(39.14334174, -77.23475575)"
MCP1595002R,240050256,MONTGOMERY,Injury Crash,10/21/2024 12:23:00 AM,No,County Route,Southbound,Lane 1,1,West,18.18,FEET,Level,DALEWOOD DR,,,,,DRIVER,Single Vehicle,Clear,Dry,Dark - Lighted,Flashing Traffic Control Signal,"Not Suspect of Alcohol Use, Not Suspect of Drug Use",,Tree (standing),,Non-Junction,,Straight,No Defects,"Divided, Raised Median (curbed)",39.05897235,-77.06910951,"(39.05897235, -77.06910951)"
MCP2910002N,16041901,Montgomery County Police,Property Damage Crash,08/18/2016 10:37:00 AM,No,Maryland (State),South,RIGHT TURN LANE,3,North,1,FEET,HILL UPHILL,CHERRY HILL RD,RAMP 1 FR RAMP 4 (US29)TO CHERRY HILL RD,,N/A,,DRIVER,SINGLE VEHICLE,CLEAR,DRY,DAYLIGHT,NO CONTROLS,NONE DETECTED,,FIXED OBJECT,N/A,NON INTERSECTION,N/A,STRAIGHT,NO DEFECTS,ONE-WAY TRAFFICWAY,39.063,-76.96312833,"(39.063, -76.96312833)"
MCP28770018,15021558,Montgomery County Police,Injury Crash,05/06/2015 03:07:00 PM,No,County,South,,1,North,15,FEET,HILL UPHILL,MANCHESTER RD,E WAYNE AVE,,N/A,,DRIVER,HEAD ON,CLEAR,DRY,DAYLIGHT,STOP SIGN,NONE DETECTED,,OTHER VEHICLE,OTHER VEHICLE,NON INTERSECTION,N/A,STRAIGHT,NO DEFECTS,"TWO-WAY, NOT DIVIDED",38.999945,-77.01001333,"(38.999945, -77.01001333)"
MCP2832003R,180003860,Montgomery County Police,Injury Crash,01/23/2018 02:57:00 PM,No,County,South,,1,West,0,FEET,LEVEL,WOODBINE ST,BEACH DR,,N/A,,DRIVER,HEAD ON LEFT TURN,CLEAR,DRY,DAYLIGHT,STOP SIGN,NONE DETECTED,,OTHER VEHICLE,N/A,INTERSECTION,T-INTERSECTION,CURVE RIGHT,NO DEFECTS,"TWO-WAY, NOT DIVIDED",38.98785167,-77.07719167,"(38.98785167, -77.07719167)"
DD56480018,220046848,Rockville Police Departme,Property Damage Crash,10/25/2022 12:00:00 PM,Yes,,,,,,,,,,,"14921 SHADY GROVE RD ROCKVILLE, MD 20850",,,DRIVER,OTHER,CLEAR,,DAYLIGHT,N/A,NONE DETECTED,,PARKED VEHICLE,N/A,,,,,,39.09699023,-77.1932776,"(39.09699023, -77.1932776)"
MCP2249000V,190027571,Montgomery County Police,Property Damage Crash,06/09/2019 07:25:00 PM,No,,South,,1,North,25,FEET,GRADE DOWNHILL,DIAMONDBACK DRIVE,COPLEY PLACE,,N/A,,DRIVER,SINGLE VEHICLE,RAINING,WET,DUSK,NO CONTROLS,NONE DETECTED,,FIXED OBJECT,FIXED OBJECT,N/A,N/A,STRAIGHT,NO DEFECTS,"TWO-WAY, DIVIDED, POSITIVE MEDIAN BARRIER",39.11346667,-77.208075,"(39.11346667, -77.208075)"
MCP2311004R,180054826,Montgomery County Police,Property Damage Crash,11/01/2018 05:07:00 PM,No,Maryland (State),North,,2,North,0.25,MILE,LEVEL,WOODFIELD RD,EAST VILLAGE AVE,,N/A,,DRIVER,SAME DIR REAR END,CLEAR,DRY,DAYLIGHT,N/A,N/A,,OTHER VEHICLE,N/A,N/A,N/A,STRAIGHT,NO DEFECTS,"TWO-WAY, DIVIDED, POSITIVE MEDIAN BARRIER",39.18823333,-77.151265,"(39.18823333, -77.151265)"
EJ78580094,240025963,GAITHERSBURG,Property Damage Crash,06/01/2024 06:28:00 AM,,Municipality Route,Westbound,"Lane 1, Other",3,West,6.6,FEET,Level,LEE ST,,,,,DRIVER,"Sideswipe, Same Direction",Unknown,,Daylight,No Controls,"Unknown, Unknown",,Parked Vehicle,,Non-Junction,,Straight,No Defects,Not Divided,39.14488412,-77.19498861,"(39.14488412, -77.19498861)"
MCP2743001F,230006320,Montgomery County Police,Property Damage Crash,02/07/2023 11:32:00 PM,Yes,County,West,,1,East,500,FEET,LEVEL,POOKS HILL RD,STRUC OV STREAM,,N/A,,DRIVER,SAME DIRECTION SIDESWIPE,CLEAR,DRY,DARK LIGHTS ON,NO CONTROLS,ALCOHOL PRESENT,,PARKED VEHICLE,FIXED OBJECT,NON INTERSECTION,N/A,STRAIGHT,NO DEFECTS,"TWO-WAY, NOT DIVIDED",39.01603,-77.10464667,"(39.01603, -77.10464667)"
EJ78750046,230065639,Gaithersburg Police Depar,Property Damage Crash,11/10/2023 04:19:00 PM,No,Maryland (State),West,,3,South,50,FEET,LEVEL,MONTGOMERY VILLAGE AVE,RUSSELL AVE,,GAITHERSBURG,,DRIVER,ANGLE MEETS LEFT TURN,CLEAR,N/A,DAYLIGHT,NO CONTROLS,N/A,,OTHER VEHICLE,N/A,OTHER,T-INTERSECTION,STRAIGHT,NO DEFECTS,"TWO-WAY, DIVIDED, POSITIVE MEDIAN BARRIER",39.15365221,-77.21074038,"(39.15365221, -77.21074038)"
MCP31270020,220029433,Montgomery County Police,Property Damage Crash,07/09/2022 04:31:00 AM,No,Interstate (State),West,,4,East,1,MILE,LEVEL,CAPITAL BELTWAY,EXIT #35,,N/A,,UNKNOWN,SINGLE VEHICLE,RAINING,WET,DARK LIGHTS ON,N/A,NONE DETECTED,,OTHER OBJECT,N/A,N/A,N/A,CURVE LEFT,NO DEFECTS,"TWO-WAY, DIVIDED, POSITIVE MEDIAN BARRIER",39.0209972,-77.1062238,"(39.0209972, -77.1062238)"
MCP304800BP,230058872,Montgomery County Police,Property Damage Crash,10/06/2023 08:00:00 AM,No,County,South,,1,East,0,FEET,HILL CREST,LA DUKE DR,STONEYBROOK DR,,N/A,,DRIVER,HEAD ON LEFT TURN,CLOUDY,DRY,DAYLIGHT,STOP SIGN,NONE DETECTED,,OTHER VEHICLE,N/A,INTERSECTION,T-INTERSECTION,CURVE LEFT,NO DEFECTS,"TWO-WAY, DIVIDED, UNPROTECTED PAINTED MIN 4 FEET",39.01877083,-77.0640645,"(39.01877083, -77.0640645)"
MCP3395002Z,250008896,MONTGOMERY,Property Damage Crash,02/28/2025 01:42:00 PM,No,County Route,"Southbound, Westbound","Lane 2, Lane 3","3, 4",North,38.36,FEET,Level,PARKLAWN DR,,,,,UNKNOWN,"Sideswipe, Same Direction",Clear,Dry,Daylight,No Controls,"Not Suspect of Alcohol Use, Not Suspect of Drug Use, Not Suspect of Alcohol Use, Not Suspect of Drug Use",,Motor Vehicle In Transport,,Non-Junction,,Straight,No Defects,Not Divided,39.054158,-77.10680233,"(39.054158, -77.10680233)"
MCP3240000N,200019055,Montgomery County Police,Property Damage Crash,05/11/2020 11:58:00 AM,No,County,North,,2,North,0,FEET,LEVEL,CRYSTAL ROCK DR,CENTURY BLVD,,N/A,,DRIVER,STRAIGHT MOVEMENT ANGLE,CLEAR,DRY,DAYLIGHT,TRAFFIC SIGNAL,N/A,,OTHER VEHICLE,N/A,INTERSECTION,FOUR-WAY INTERSECTION,STRAIGHT,NO DEFECTS,"TWO-WAY, DIVIDED, POSITIVE MEDIAN BARRIER",39.18288667,-77.26357667,"(39.18288667, -77.26357667)"
MCP3079000S,180014468,Montgomery County Police,Property Damage Crash,03/23/2018 05:30:00 PM,No,,,,,,,,,,,REAR ALLEY/ DRIVEWAY OF 12005 CHESTNUT GLEN RD CLARKSBURG MD 20871,,,DRIVER,OTHER,CLEAR,,DAYLIGHT,NO CONTROLS,NONE DETECTED,,PARKED VEHICLE,N/A,,,,,,39.23688813,-77.25222498,"(39.23688813, -77.25222498)"
MCP0934000F,170520167,Montgomery County Police,Property Damage Crash,07/20/2017 01:09:00 PM,No,Other Public Roadway,North,,2,East,0,FEET,N/A,MARYLAND AVE,BEALL AVE #2,,ROCKVILLE,,DRIVER,STRAIGHT MOVEMENT ANGLE,CLEAR,DRY,DAYLIGHT,STOP SIGN,NONE DETECTED,,OTHER VEHICLE,N/A,INTERSECTION,T-INTERSECTION,STRAIGHT,NO DEFECTS,"TWO-WAY, NOT DIVIDED",39.08710293,-77.15111375,"(39.08710293, -77.15111375)"
MCP3090002J,190027683,Montgomery County Police,Property Damage Crash,06/10/2019 01:30:00 PM,No,Municipality,West,,2,South,0.5,MILE,HILL UPHILL,WEST SIDE DR,MUDDY BRANCH RD,,N/A,,DRIVER,OTHER,RAINING,WET,DAYLIGHT,N/A,N/A,,PARKED VEHICLE,N/A,NON INTERSECTION,N/A,CURVE LEFT,NO DEFECTS,"TWO-WAY, NOT DIVIDED",39.12384933,-77.20342517,"(39.12384933, -77.20342517)"
MCP2892001Q,16035687,Montgomery County Police,Property Damage Crash,07/14/2016 04:26:00 PM,No,Maryland (State),North,,3,North,0,FEET,LEVEL,GEORGIA AVE,AUGUST DR,,N/A,,DRIVER,SAME DIR REAR END,CLEAR,DRY,DAYLIGHT,NO CONTROLS,NONE DETECTED,,OTHER VEHICLE,N/A,INTERSECTION RELATED,T-INTERSECTION,STRAIGHT,NO DEFECTS,"TWO-WAY, DIVIDED, POSITIVE MEDIAN BARRIER",39.02188333,-77.04454,"(39.02188333, -77.04454)"
HA2399000F,15001153,MCPARK,Property Damage Crash,10/12/2015 02:45:00 PM,No,Maryland (State),West,LEFT TURN LANE,4,North,0,FEET,LEVEL,CONNECTICUT AVE,PLYERS MILL RD,,N/A,,DRIVER,SAME DIRECTION SIDESWIPE,N/A,DRY,DAYLIGHT,TRAFFIC SIGNAL,N/A,,OTHER VEHICLE,N/A,NON INTERSECTION,N/A,STRAIGHT,N/A,"TWO-WAY, NOT DIVIDED",39.02965244,-77.07564712,"(39.02965244, -77.07564712)"
MCP10640056,16062758,Montgomery County Police,Property Damage Crash,12/07/2016 08:38:00 AM,Yes,Maryland (State),West,LEFT TURN LANE,3,East,200,FEET,LEVEL,UNIVERSITY BLVD E,PINEY BRANCH RD,,N/A,,DRIVER,SAME DIR REAR END,CLOUDY,DRY,DAYLIGHT,TRAFFIC SIGNAL,N/A,,OTHER VEHICLE,N/A,INTERSECTION RELATED,FOUR-WAY INTERSECTION,STRAIGHT,NO DEFECTS,"TWO-WAY, DIVIDED, POSITIVE MEDIAN BARRIER",38.998575,-76.99479667,"(38.998575, -76.99479667)"
MCP2959003K,170546879,Montgomery County Police,Property Damage Crash,12/06/2017 07:25:00 AM,No,Maryland (State),North,,3,North,0,FEET,LEVEL,CONNECTICUT AVE,RANDOLPH RD,,N/A,,DRIVER,STRAIGHT MOVEMENT ANGLE,CLEAR,DRY,DAYLIGHT,TRAFFIC SIGNAL,NONE DETECTED,,OTHER VEHICLE,N/A,INTERSECTION,FOUR-WAY INTERSECTION,STRAIGHT,NO DEFECTS,"TWO-WAY, DIVIDED, POSITIVE MEDIAN BARRIER",39.05716,-77.073415,"(39.05716, -77.073415)"
MCP137800K3,170550138,Montgomery County Police,Injury Crash,12/22/2017 12:40:00 PM,No,County,North,,3,South,75,FEET,GRADE DOWNHILL,SNOUFFERS SCHOOL RD,GOSHEN RD,,N/A,,DRIVER,SAME DIR REAR END,CLOUDY,DRY,DAYLIGHT,TRAFFIC SIGNAL,NONE DETECTED,,OTHER VEHICLE,N/A,INTERSECTION RELATED,FOUR-WAY INTERSECTION,STRAIGHT,NO DEFECTS,"TWO-WAY, NOT DIVIDED",39.18757167,-77.186385,"(39.18757167, -77.186385)"
MCP2967006X,250028018,MONTGOMERY,Property Damage Crash,06/23/2025 07:31:00 PM,No,Bicycle Route,Northbound,Lane 1,1,North,32.85,FEET,Level,,,,,,UNKNOWN,Single Vehicle,Clear,Dry,Daylight,No Controls,"Not Suspect of Alcohol Use, Not Suspect of Drug Use",,Utility Pole/Light Support,,Non-Junction,,Curve Left,No Defects,Not Divided,38.99904783,-77.19914683,"(38.99904783, -77.19914683)"
MCP2475002N,180023419,Montgomery County Police,Property Damage Crash,05/11/2018 12:55:00 PM,Yes,,,,,,,,,,,IN PARKING LOT OF 10210 NEW HAMPSHIRE AVE,,,DRIVER,OTHER,N/A,,DAYLIGHT,NO CONTROLS,UNKNOWN,,PARKED VEHICLE,N/A,,,,,,39.02053667,-76.979665,"(39.02053667, -76.979665)"
MCP3137001Z,240029314,MONTGOMERY,Property Damage Crash,06/20/2024 12:04:00 PM,,,,,0,,,FEET,,,,Parking Stall        SHOPPING CENTER PARKING LOT,,,DRIVER,"Sideswipe, Same Direction",Clear,,Daylight,,"Unknown, Unknown",,Parked Vehicle,,,,,,,39.09177632,-77.04762211,"(39.09177632, -77.04762211)"
MCP2927002X,190000989,Montgomery County Police,Property Damage Crash,01/07/2019 11:15:00 AM,No,County,North,,1,East,25,FEET,LEVEL,DUBLIN DR,CODY DR,,N/A,,DRIVER,SINGLE VEHICLE,UNKNOWN,DRY,DARK LIGHTS ON,NO CONTROLS,ALCOHOL PRESENT,,FIXED OBJECT,N/A,NON INTERSECTION,N/A,UNKNOWN,NO DEFECTS,"TWO-WAY, NOT DIVIDED",39.02203643,-77.03495312,"(39.02203643, -77.03495312)"
MCP28550042,210033504,Montgomery County Police,Property Damage Crash,08/27/2021 06:04:00 PM,No,Maryland (State),North,,3,North,0,FEET,LEVEL,GEORGIA AVE,PLYERS MILL RD,,N/A,,DRIVER,SAME DIR REAR END,RAINING,WET,DAYLIGHT,TRAFFIC SIGNAL,NONE DETECTED,,OTHER VEHICLE,N/A,INTERSECTION,FOUR-WAY INTERSECTION,STRAIGHT,N/A,"TWO-WAY, DIVIDED, POSITIVE MEDIAN BARRIER",39.03027333,-77.047772,"(39.03027333, -77.047772)"
MCP133400C1,210047391,Montgomery County Police,Property Damage Crash,11/22/2021 08:42:00 AM,No,Maryland (State),North,,1,North,0,FEET,LEVEL,WOODFIELD RD,FLOWER HILL WAY,,N/A,,DRIVER,STRAIGHT MOVEMENT ANGLE,N/A,WET,DAYLIGHT,TRAFFIC SIGNAL,NONE DETECTED,,OTHER VEHICLE,N/A,INTERSECTION,FOUR-WAY INTERSECTION,STRAIGHT,NO DEFECTS,"TWO-WAY, NOT DIVIDED",39.15626569,-77.16544182,"(39.15626569, -77.16544182)"
DM8493000G,210009091,Takoma Park Police Depart,Property Damage Crash,03/10/2021 09:53:00 PM,Yes,,,,,,,,,,,"6907 NEW HAMPSHIRE AVE 
SUNOCO PARKING LOT",,,DRIVER,SAME DIR REAR END,CLEAR,,DARK LIGHTS ON,N/A,"NONE DETECTED, UNKNOWN",,OTHER VEHICLE,N/A,,,,,,38.97585337,-76.99329825,"(38.97585337, -76.99329825)"
DD5604003B,200024901,Rockville Police Departme,Property Damage Crash,06/26/2020 11:20:00 AM,No,County,West,,3,East,0,FEET,LEVEL,MONTROSE RD,FARM HAVEN DR,,ROCKVILLE,,DRIVER,STRAIGHT MOVEMENT ANGLE,CLEAR,DRY,DAYLIGHT,TRAFFIC SIGNAL,NONE DETECTED,,OTHER VEHICLE,N/A,INTERSECTION,FOUR-WAY INTERSECTION,STRAIGHT,NO DEFECTS,"TWO-WAY, DIVIDED, POSITIVE MEDIAN BARRIER",39.05466417,-77.14311183,"(39.05466417, -77.14311183)"
DD5625002Y,190048157,Rockville Police Departme,Property Damage Crash,10/07/2019 04:00:00 PM,No,Maryland (State),South,,3,North,0,FEET,LEVEL,ROCKVILLE PIKE,ENT TO WINTERGREEN PLAZA,,N/A,,DRIVER,SAME DIRECTION SIDESWIPE,N/A,DRY,DAYLIGHT,NO CONTROLS,NONE DETECTED,,OTHER VEHICLE,N/A,INTERSECTION RELATED,FOUR-WAY INTERSECTION,STRAIGHT,NO DEFECTS,"TWO-WAY, DIVIDED, POSITIVE MEDIAN BARRIER",39.075385,-77.13712333,"(39.075385, -77.13712333)"
MCP23620021,170527525,Montgomery County Police,Property Damage Crash,08/29/2017 11:15:00 AM,Yes,Maryland (State),West,,3,East,0,FEET,LEVEL,UNIVERSITY BLVD E,E FRANKLIN AVE,,N/A,,DRIVER,SINGLE VEHICLE,RAINING,WET,DAYLIGHT,N/A,UNKNOWN,,FIXED OBJECT,N/A,INTERSECTION,FOUR-WAY INTERSECTION,STRAIGHT,NO DEFECTS,"TWO-WAY, DIVIDED, POSITIVE MEDIAN BARRIER",39.01231898,-77.00257838,"(39.01231898, -77.00257838)"
MCP2536004L,230001151,Montgomery County Police,Property Damage Crash,01/08/2023 03:39:00 AM,Yes,Maryland (State),West,N/A,2,West,50,FEET,HILL UPHILL,VEIRS MILL RD,ARBUTUS AVE,,N/A,,DRIVER,OTHER,CLEAR,DRY,DARK LIGHTS ON,NO CONTROLS,N/A,,OTHER VEHICLE,N/A,NON INTERSECTION,N/A,STRAIGHT,NO DEFECTS,"TWO-WAY, DIVIDED, POSITIVE MEDIAN BARRIER",39.06751,-77.10227167,"(39.06751, -77.10227167)"
MCP2832001H,15041875,MONTGOMERY,Property Damage Crash,08/21/2015 12:52:00 PM,No,Maryland (State),East,,2,East,0,FEET,HILL UPHILL,MASSACHUSETTS AVE,SANGAMORE RD,,N/A,,DRIVER,SAME DIRECTION SIDESWIPE,CLEAR,DRY,DAYLIGHT,TRAFFIC SIGNAL,NONE DETECTED,,OTHER VEHICLE,N/A,INTERSECTION,FOUR-WAY INTERSECTION,STRAIGHT,NO DEFECTS,"TWO-WAY, NOT DIVIDED",38.96341833,-77.12084333,"(38.96341833, -77.12084333)"
MCP3268000Z,210023738,Montgomery County Police,Property Damage Crash,06/21/2021 02:10:00 PM,Yes,County,North,SHOULDER AREA,2,North,60,FEET,HILL CREST,ELLSWORTH DR,MAYFAIR PL,,N/A,,DRIVER,OTHER,CLEAR,DRY,DAYLIGHT,N/A,N/A,,PARKED VEHICLE,OTHER VEHICLE,N/A,N/A,CURVE RIGHT,NO DEFECTS,"TWO-WAY, NOT DIVIDED",39.00118517,-77.0223145,"(39.00118517, -77.0223145)"
MCP2919003Q,170534041,Montgomery County Police,Property Damage Crash,09/30/2017 04:29:00 PM,No,Maryland (State),South,,4,South,0,FEET,LEVEL,NEW HAMPSHIRE AVE,OAKVIEW DR,,N/A,,DRIVER,SAME DIRECTION SIDESWIPE,CLEAR,DRY,DAYLIGHT,N/A,NONE DETECTED,,OTHER VEHICLE,OTHER VEHICLE,N/A,FOUR-WAY INTERSECTION,STRAIGHT,NO DEFECTS,"TWO-WAY, DIVIDED, POSITIVE MEDIAN BARRIER",39.0154,-76.97777833,"(39.0154, -76.97777833)"
MCP1453001D,15017694,Montgomery County Police,Property Damage Crash,04/16/2015 08:23:00 AM,No,,,,,,0,,,,,Parking Lot of 20211 Goshen Rd,,,DRIVER,SINGLE VEHICLE,CLEAR,,DAYLIGHT,N/A,NONE DETECTED,,FIXED OBJECT,N/A,,,,,,39.18813833,-77.18539,"(39.18813833, -77.18539)"
MCP27370021,16063514,Montgomery County Police,Property Damage Crash,12/11/2016 12:40:00 AM,No,Maryland (State),West,,1,East,300,FEET,LEVEL,ASHTON RD,MINK HOLLOW RD,,N/A,,DRIVER,SAME DIR REAR END,CLEAR,DRY,DARK LIGHTS ON,N/A,NONE DETECTED,,OTHER VEHICLE,N/A,NON INTERSECTION,N/A,STRAIGHT,NO DEFECTS,"TWO-WAY, NOT DIVIDED",39.15560333,-76.99946,"(39.15560333, -76.99946)"
MCP32620060,250029809,MONTGOMERY,Property Damage Crash,07/04/2025 04:00:00 PM,No,County Route,"Southbound, Westbound",Lane 1,2,South,23.28,FEET,"Hillcrest, Level",PALERMO DR,CALVERTON BLVD,,,,DRIVER,Other,Clear,Dry,Daylight,No Controls,"Not Suspect of Alcohol Use, Not Suspect of Drug Use, Suspect of Alcohol Use, Not Suspect of Drug Use",,Motor Vehicle In Transport,,,,Straight,No Defects,Not Divided,39.05649861,-76.94582925,"(39.05649861, -76.94582925)"
MCP2682004S,230026454,Montgomery County Police,Property Damage Crash,06/02/2023 07:43:00 AM,Yes,County,South,,1,South,100,FEET,GRADE DOWNHILL,WATKINS MILL RD,APPLE RIDGE RD,,N/A,,DRIVER,SAME DIR REAR END,CLEAR,DRY,DAYLIGHT,NO CONTROLS,"NONE DETECTED, UNKNOWN",,OTHER VEHICLE,N/A,NON INTERSECTION,N/A,STRAIGHT,NO DEFECTS,"TWO-WAY, NOT DIVIDED",39.18410515,-77.21087652,"(39.18410515, -77.21087652)"
MCP2420002J,170522795,Montgomery County Police,Property Damage Crash,08/03/2017 04:30:00 PM,No,,,,,,,,,,,PARKING LOT OF 3333 SPARTAN RD,,,DRIVER,OTHER,CLEAR,,DAYLIGHT,NO CONTROLS,NONE DETECTED,,PARKED VEHICLE,N/A,,,,,,39.15038333,-77.06557333,"(39.15038333, -77.06557333)"