Report Number,Local Case Number,Agency Name,ACRS Report Type,Crash Date/Time,Hit/Run,Route Type,Lane Direction,Lane Type,Number of Lanes,Direction,Distance,Distance Unit,Road Grade,Road Name,Cross-Street Name,Off-Road Description,Municipality,Related Non-Motorist,At Fault,Collision Type,Weather,Surface Condition,Light,Traffic Control,Driver Substance Abuse,Non-Motorist Substance Abuse,First Harmful Event,Second Harmful Event,Junction,Intersection Type,Road Alignment,Road Condition,Road Division,Latitude,Longitude,Location
MCP263900BN,210006428,Montgomery County Police,Injury Crash,02/19/2021 08:13:00 AM,No,Maryland (State),North,,3,North,0.1,MILE,LEVEL,CONNECTICUT AVE,INDEPENDENCE ST,,N/A,,DRIVER,STRAIGHT MOVEMENT ANGLE,WINTRY MIX,WET,DAYLIGHT,NO CONTROLS,NONE DETECTED,,OTHER VEHICLE,N/A,CROSSOVER RELATED,N/A,STRAIGHT,NO DEFECTS,"TWO-WAY, DIVIDED, POSITIVE MEDIAN BARRIER",39.07795667,-77.08084167,"(39.07795667, -77.08084167)"
MCP3230001F,200034047,Montgomery County Police,Property Damage Crash,08/31/2020 04:15:00 PM,No,County,West,,6,East,300,FEET,GRADE DOWNHILL,RANDOLPH RD,DEWEY RD,,N/A,,DRIVER,SAME DIRECTION SIDESWIPE,RAINING,WET,DAYLIGHT,NO CONTROLS,NONE DETECTED,,OTHER VEHICLE,OTHER VEHICLE,N/A,N/A,CURVE RIGHT,NO DEFECTS,"TWO-WAY, NOT DIVIDED",39.053355,-77.08818033,"(39.053355, -77.08818033)"
MCP24550061,230047531,Montgomery County Police,Property Damage Crash,08/02/2023 09:27:00 PM,No,County,East,,2,West,175,FEET,LEVEL,PARKLAWN DR,WILKINS AVE,,N/A,,DRIVER,SINGLE VEHICLE,CLEAR,DRY,DARK LIGHTS ON,NO CONTROLS,ALCOHOL PRESENT,,FIXED OBJECT,N/A,NON INTERSECTION,N/A,CURVE LEFT,NO DEFECTS,"TWO-WAY, NOT DIVIDED",39.05673179,-77.10935363,"(39.05673179, -77.10935363)"
MCP271700YB,230069410,Montgomery County Police,Property Damage Crash,12/02/2023 12:30:00 AM,No,US (State),West,,1,South,50,FEET,LEVEL,COLUMBIA PIKE,RAMP 5 FR US 29 SB TO BRIGGS CHANEY RD,,N/A,,DRIVER,SINGLE VEHICLE,FOGGY,WET,DARK LIGHTS ON,NO CONTROLS,NONE DETECTED,,OFF ROAD,N/A,NON INTERSECTION,N/A,CURVE LEFT,NO DEFECTS,ONE-WAY TRAFFICWAY,39.08504167,-76.94754333,"(39.08504167, -76.94754333)"
MCP3109001S,180063350,Montgomery County Police,Injury Crash,12/19/2018 11:45:00 AM,No,Maryland (State),North,,3,East,0,FEET,HILL UPHILL,EAST WEST HWY,16TH ST,,N/A,PEDESTRIAN,DRIVER,SAME DIR REAR END,CLEAR,DRY,DAYLIGHT,TRAFFIC SIGNAL,NONE DETECTED,NONE DETECTED,PEDESTRIAN,OTHER VEHICLE,INTERSECTION,FOUR-WAY INTERSECTION,STRAIGHT,NO DEFECTS,"TWO-WAY, DIVIDED, POSITIVE MEDIAN BARRIER",38.994154,-77.03639133,"(38.994154, -77.03639133)"
MCP3040000Q,170511201,Montgomery County Police,Property Damage Crash,06/01/2017 06:42:00 PM,No,Maryland (State),West,,4,North,0,FEET,LEVEL,CONNECTICUT AVE,VEIRS MILL RD,,N/A,,DRIVER,STRAIGHT MOVEMENT ANGLE,CLEAR,DRY,DUSK,TRAFFIC SIGNAL,N/A,,OTHER VEHICLE,N/A,INTERSECTION,FOUR-WAY INTERSECTION,STRAIGHT,NO DEFECTS,"TWO-WAY, DIVIDED, POSITIVE MEDIAN BARRIER",39.05143167,-77.07465667,"(39.05143167, -77.07465667)"
MCP31130056,230027922,Montgomery County Police,Property Damage Crash,06/10/2023 12:49:00 PM,Yes,,,,,,,,,,,PARKING LOT OF 2300 BROADBIRCH DRIVE,,,DRIVER,SAME DIRECTION SIDESWIPE,CLEAR,,DAYLIGHT,N/A,N/A,,PARKED VEHICLE,N/A,,,,,,39.05856821,-76.9616993,"(39.05856821, -76.9616993)"
MCP2939000R,15063359,MONTGOMERY,Injury Crash,12/11/2015 03:20:00 PM,No,Maryland (State),West,,2,East,100,FEET,GRADE DOWNHILL,CLOPPER RD,ALLSPICE RD,,N/A,,DRIVER,SAME DIR REAR END,CLEAR,DRY,DAYLIGHT,NO CONTROLS,NONE DETECTED,,OTHER VEHICLE,N/A,NON INTERSECTION,N/A,STRAIGHT,NO DEFECTS,"TWO-WAY, DIVIDED, UNPROTECTED PAINTED MIN 4 FEET",39.15533333,-77.25965333,"(39.15533333, -77.25965333)"
EJ7871004R,210021431,Gaithersburg Police Depar,Injury Crash,06/06/2021 12:27:00 AM,No,Municipality,South,,2,West,0,FEET,LEVEL,BROOKS AVE,N SUMMIT AVE,,GAITHERSBURG,,DRIVER,HEAD ON,CLEAR,DRY,DARK LIGHTS ON,TRAFFIC SIGNAL,NONE DETECTED,,OTHER VEHICLE,N/A,INTERSECTION,FOUR-WAY INTERSECTION,STRAIGHT,NO DEFECTS,"TWO-WAY, NOT DIVIDED",39.14393858,-77.19288953,"(39.14393858, -77.19288953)"
MCP2601001S,250004400,MONTGOMERY,Property Damage Crash,01/30/2025 05:20:00 PM,No,County Route,Eastbound,Lane 1,1,East,24.87,FEET,Level,THAYER AVE,,,,,DRIVER,Angle,Clear,Dry,Daylight,No Controls,"Not Suspect of Alcohol Use, Not Suspect of Drug Use, Not Suspect of Alcohol Use, Not Suspect of Drug Use",,Motor Vehicle In Transport,,Driveway Access or Related,,Straight,No Defects,Not Divided,38.99298537,-77.02527354,"(38.99298537, -77.02527354)"
MCP3262004F,240033442,MONTGOMERY,Property Damage Crash,07/15/2024 08:00:00 PM,No,US (State),Southbound,Lane 3,3,East,18.48,FEET,Level,COLUMBIA PIKE (SB/L),,,,,DRIVER,Front to Rear,Clear,Dry,Daylight,Traffic Control Signal,"Not Suspect of Alcohol Use, Not Suspect of Drug Use, Not Suspect of Alcohol Use, Not Suspect of Drug Use",,Motor Vehicle In Transport,,,,Straight,No Defects,"Divided, Raised Median (curbed)",39.0476925,-76.98538667,"(39.0476925, -76.98538667)"
MCP3355000Z,230050115,Montgomery County Police,Injury Crash,08/18/2023 02:05:00 PM,No,County,West,,2,East,0,FEET,LEVEL,SEMINARY PL,SELWAY LA,,N/A,,DRIVER,STRAIGHT MOVEMENT ANGLE,CLEAR,DRY,DAYLIGHT,STOP SIGN,NONE DETECTED,,OTHER VEHICLE,N/A,INTERSECTION,FOUR-WAY INTERSECTION,STRAIGHT,N/A,"TWO-WAY, NOT DIVIDED",39.00948891,-77.04135161,"(39.00948891, -77.04135161)"
EJ78880043,230018531,Gaithersburg Police Depar,Property Damage Crash,04/18/2023 05:10:00 PM,Yes,,,,,,,,,,,PARKING LOT OF 670 QUINCE ORCHARD RD,,,DRIVER,OTHER,CLEAR,,DAYLIGHT,NO CONTROLS,NONE DETECTED,,PARKED VEHICLE,N/A,,,,,,39.14118495,-77.22281434,"(39.14118495, -77.22281434)"
MCP29770091,220029895,Montgomery County Police,Injury Crash,07/12/2022 10:11:00 AM,No,Maryland (State),South,,4,South,75,FEET,HILL UPHILL,PINEY BRANCH RD,KODIAK DR,,N/A,,DRIVER,OTHER,CLEAR,DRY,DAYLIGHT,NO CONTROLS,NONE DETECTED,,OTHER VEHICLE,FIXED OBJECT,NON INTERSECTION,N/A,STRAIGHT,NO DEFECTS,"TWO-WAY, DIVIDED, UNPROTECTED PAINTED MIN 4 FEET",38.99949167,-76.99324333,"(38.99949167, -76.99324333)"
EJ7851008K,220044047,Gaithersburg Police Depar,Property Damage Crash,10/08/2022 08:12:00 PM,Yes,Maryland (State),West,,1,East,0,FEET,HILL UPHILL,W DIAMOND AVE,FREDERICK RD,,N/A,,DRIVER,SAME DIRECTION SIDESWIPE,CLEAR,DRY,DARK LIGHTS ON,NO CONTROLS,MEDICATION CONTRIBUTED,,PARKED VEHICLE,PARKED VEHICLE,NON INTERSECTION,N/A,CURVE LEFT,NO DEFECTS,"TWO-WAY, NOT DIVIDED",39.13949244,-77.19931079,"(39.13949244, -77.19931079)"
MCP9322000F,16005944,Montgomery County Police,Property Damage Crash,02/04/2016 11:28:00 PM,Yes,County,North,,1,East,500,FEET,LEVEL,HERITAGE HILLS DR,QUEEN ELIZABETH DR,,N/A,,DRIVER,HEAD ON,CLEAR,DRY,DARK LIGHTS ON,NO CONTROLS,ALCOHOL PRESENT,,PARKED VEHICLE,N/A,NON INTERSECTION,N/A,STRAIGHT,NO DEFECTS,"TWO-WAY, NOT DIVIDED",39.16077614,-77.07138777,"(39.16077614, -77.07138777)"
MCP2703002Y,230047843,Montgomery County Police,Property Damage Crash,08/04/2023 06:30:00 PM,Yes,County,North,,1,North,50,FEET,LEVEL,FLOWER AVE,PLYMOUTH ST,,N/A,,DRIVER,SAME DIR REAR END,CLEAR,DRY,DAYLIGHT,N/A,"N/A, UNKNOWN",,OTHER VEHICLE,N/A,OTHER,N/A,STRAIGHT,N/A,"TWO-WAY, NOT DIVIDED",39.00200633,-77.004768,"(39.00200633, -77.004768)"
MCP2251000N,15003685,Montgomery County Police,Injury Crash,01/23/2015 08:42:00 AM,No,County,West,,3,East,40,FEET,LEVEL,RANDOLPH RD,GLENALLAN AVE,,N/A,,DRIVER,SAME DIR REAR END,CLEAR,WET,DAYLIGHT,NO CONTROLS,NONE DETECTED,,OTHER VEHICLE,N/A,NON INTERSECTION,N/A,STRAIGHT,NO DEFECTS,"TWO-WAY, DIVIDED, POSITIVE MEDIAN BARRIER",39.05730667,-77.07290167,"(39.05730667, -77.07290167)"
MCP2948000H,15046941,MONTGOMERY,Injury Crash,09/16/2015 04:58:00 PM,No,County,South,,4,East,0,FEET,LEVEL,WINDHAM LA,GEORGIA AVE,,N/A,,DRIVER,STRAIGHT MOVEMENT ANGLE,CLEAR,DRY,DAYLIGHT,TRAFFIC SIGNAL,NONE DETECTED,,OTHER VEHICLE,N/A,INTERSECTION,FOUR-WAY INTERSECTION,STRAIGHT,NO DEFECTS,"TWO-WAY, DIVIDED, POSITIVE MEDIAN BARRIER",39.03191667,-77.04832167,"(39.03191667, -77.04832167)"
MCP3256002T,240003203,MONTGOMERY,Injury Crash,01/21/2024 03:15:00 PM,No,County Route,"Northbound, Southbound","Crossover Area, Lane 1",3,West,0,FEET,Level,STEWART LA,COLUMBIA PIKE (SB/L),,,,UNKNOWN,Front to Front,Clear,Dry,Daylight,Traffic Control Signal,"Not Suspect of Alcohol Use, Not Suspect of Drug Use, Not Suspect of Alcohol Use, Not Suspect of Drug Use",,Motor Vehicle In Transport,Not Applicable,Intersection or Related,Angled/Skewed,Straight,No Defects,"Divided, Flush Median (greater than 4ft wide)",39.04652899,-76.98694275,"(39.04652899, -76.98694275)"
MCP29000026,170500283,Montgomery County Police,Property Damage Crash,04/04/2017 05:17:00 AM,No,Maryland (State),East,,3,East,0,FEET,LEVEL,INTERCOUNTY CONNECTOR,GEORGIA AVE,,N/A,,DRIVER,SINGLE VEHICLE,CLEAR,DRY,DARK NO LIGHTS,NO CONTROLS,N/A,,OTHER OBJECT,N/A,NON INTERSECTION,N/A,STRAIGHT,NO DEFECTS,"TWO-WAY, DIVIDED, POSITIVE MEDIAN BARRIER",39.11800612,-77.07361668,"(39.11800612, -77.07361668)"
MCP3271005N,250033631,MONTGOMERY,Property Damage Crash,07/28/2025 05:00:00 PM,No,Maryland (State) Route,Northbound,Lane 4,4,West,39.48,FEET,Level,CONNECTICUT AVE,,,,,DRIVER,Single Vehicle,Clear,Dry,Daylight,Traffic Control Signal,"Not Suspect of Alcohol Use, Not Suspect of Drug Use",,Curb,Utility Pole/Light Support,Non-Junction,,Straight,No Defects,"Divided, Raised Median (curbed)",39.0003411,-77.07671774,"(39.0003411, -77.07671774)"
MCP3063000F,170528394,Montgomery County Police,Injury Crash,09/02/2017 10:12:00 PM,No,Maryland (State),South,,4,North,5,FEET,LEVEL,NEW HAMPSHIRE AVE,POWDER MILL RD,,N/A,,DRIVER,SAME DIRECTION SIDESWIPE,RAINING,WET,DARK LIGHTS ON,TRAFFIC SIGNAL,NONE DETECTED,,OTHER VEHICLE,OTHER VEHICLE,INTERSECTION RELATED,FOUR-WAY INTERSECTION,STRAIGHT,NO DEFECTS,"TWO-WAY, DIVIDED, POSITIVE MEDIAN BARRIER",39.02227092,-76.97752789,"(39.02227092, -76.97752789)"
MCP2564002H,200005246,Montgomery County Police,Property Damage Crash,01/31/2020 08:45:00 PM,Yes,County,North,,2,South,300,FEET,LEVEL,MONTGOMERY VILLAGE AVE,STEWARTOWN RD,,N/A,,DRIVER,SAME DIRECTION RIGHT TURN,CLEAR,N/A,DARK LIGHTS ON,NO CONTROLS,"ALCOHOL PRESENT, NONE DETECTED",,OTHER VEHICLE,N/A,NON INTERSECTION,N/A,STRAIGHT,NO DEFECTS,"TWO-WAY, DIVIDED, UNPROTECTED PAINTED MIN 4 FEET",39.17922055,-77.20114835,"(39.17922055, -77.20114835)"
MCP3195004N,250026274,MONTGOMERY,Property Damage Crash,06/12/2025 06:10:00 PM,,County Route,Westbound,Lane 2,6,West,34.25,FEET,Uphill,BLUHILL RD,RANDOLPH RD (WB/L),,,,UNKNOWN,"Sideswipe, Same Direction",Clear,Dry,Daylight,No Controls,"Not Suspect of Alcohol Use, Not Suspect of Drug Use, Unknown, Unknown",,Motor Vehicle In Transport,,Non-Junction,,Straight,No Defects,"Divided, Raised Median (curbed)",39.05912504,-77.06483172,"(39.05912504, -77.06483172)"
EJ7875001L,200047117,Gaithersburg Police Depar,Injury Crash,11/29/2020 11:34:00 PM,No,Maryland (State),South,,4,North,20,FEET,LEVEL,FREDERICK RD,ODENDHAL AVE,,GAITHERSBURG,,DRIVER,SAME DIR REAR END,N/A,DRY,DARK LIGHTS ON,TRAFFIC SIGNAL,N/A,,OTHER VEHICLE,N/A,OTHER,FOUR-WAY INTERSECTION,STRAIGHT,NO DEFECTS,"TWO-WAY, DIVIDED, POSITIVE MEDIAN BARRIER",39.14862707,-77.20670868,"(39.14862707, -77.20670868)"
MCP2848002M,16010464,MONTGOMERY,Property Damage Crash,03/02/2016 03:17:00 PM,Yes,County,Unknown,OFF ROAD,0,East,50,FEET,LEVEL,SOUTHWICK ST,OLD GEORGETOWN RD,,N/A,,DRIVER,SAME DIR REAR END,CLEAR,DRY,DAYLIGHT,NO CONTROLS,"N/A, NONE DETECTED",,OTHER VEHICLE,N/A,N/A,N/A,STRAIGHT,LOOSE SURFACE MATERIAL,"TWO-WAY, NOT DIVIDED",38.9993088,-77.11037636,"(38.9993088, -77.11037636)"
MCP2456001L,17015273,Montgomery County Police,Property Damage Crash,03/25/2017 12:44:00 PM,No,,,,,,,,,,,PARKING LOT OF 8805 FLOWER AVENUE,,OTHER,DRIVER,OTHER,CLEAR,,DAYLIGHT,NO CONTROLS,NONE DETECTED,N/A,PARKED VEHICLE,PARKED VEHICLE,,,,,,38.99980667,-77.00371833,"(38.99980667, -77.00371833)"
MCP11820032,20002824,Montgomery County Police,Property Damage Crash,01/17/2020 11:17:00 AM,No,County,South,,2,South,0,FEET,GRADE DOWNHILL,WHITTIER BLVD,EASTVIEW ST,,N/A,,DRIVER,SAME DIR REAR END,CLEAR,DRY,DAYLIGHT,NO CONTROLS,NONE DETECTED,,OTHER VEHICLE,N/A,INTERSECTION,T-INTERSECTION,STRAIGHT,NO DEFECTS,"TWO-WAY, DIVIDED, UNPROTECTED PAINTED MIN 4 FEET",38.978765,-77.12451833,"(38.978765, -77.12451833)"
MCP9386003J,16045724,Montgomery County Police,Injury Crash,09/07/2016 09:19:00 AM,No,Interstate (State),East,,5,West,0,MILE,LEVEL,CAPITAL BELTWAY,CONNECTICUT AVE,,N/A,,DRIVER,SAME DIR REAR END,CLEAR,DRY,DAYLIGHT,NO CONTROLS,NONE DETECTED,,OTHER VEHICLE,N/A,NON INTERSECTION,N/A,CURVE LEFT,NO DEFECTS,"TWO-WAY, DIVIDED, POSITIVE MEDIAN BARRIER",39.01346833,-77.09434333,"(39.01346833, -77.09434333)"
MCP93990010,170545881,Montgomery County Police,Property Damage Crash,11/30/2017 09:48:00 PM,No,Maryland (State),South,,1,West,25,FEET,LEVEL,DARNESTOWN RD,RIFFLE FORD RD,,N/A,,DRIVER,SAME DIR REAR END,RAINING,WET,DARK LIGHTS ON,N/A,NONE DETECTED,,OTHER VEHICLE,N/A,INTERSECTION RELATED,FOUR-WAY INTERSECTION,STRAIGHT,NO DEFECTS,"TWO-WAY, NOT DIVIDED",39.11753333,-77.26146,"(39.11753333, -77.26146)"
MCP29100014,15009231,Montgomery County Police,Injury Crash,02/26/2015 10:53:00 AM,No,Maryland (State),South,,3,North,0,FEET,LEVEL,GEORGIA AVE,DEXTER AVE,,N/A,,DRIVER,STRAIGHT MOVEMENT ANGLE,RAINING,WET,DAYLIGHT,TRAFFIC SIGNAL,NONE DETECTED,,OTHER VEHICLE,OTHER VEHICLE,INTERSECTION,FOUR-WAY INTERSECTION,STRAIGHT,NO DEFECTS,"TWO-WAY, DIVIDED, POSITIVE MEDIAN BARRIER",39.02227333,-77.045375,"(39.02227333, -77.045375)"
MCP3097001B,190033534,Montgomery County Police,Injury Crash,07/15/2019 04:50:00 AM,No,US (State),South,,5,North,0,FEET,LEVEL,COLUMBIA PIKE,FAIRLAND RD,,N/A,,DRIVER,STRAIGHT MOVEMENT ANGLE,CLEAR,N/A,DAWN,FLASHING TRAFFIC SIGNAL,NONE DETECTED,,OTHER VEHICLE,N/A,N/A,FOUR-WAY INTERSECTION,STRAIGHT,NO DEFECTS,"TWO-WAY, DIVIDED, POSITIVE MEDIAN BARRIER",39.073335,-76.95575167,"(39.073335, -76.95575167)"
MCP30590082,220026306,Montgomery County Police,Property Damage Crash,06/18/2022 02:36:00 PM,Yes,,,,,,,,,,,23400 BLK CLARKSRIDGE RD,,,DRIVER,OTHER,N/A,,N/A,NO CONTROLS,ALCOHOL PRESENT,,PARKED VEHICLE,PARKED VEHICLE,,,,,,39.24072833,-77.27900333,"(39.24072833, -77.27900333)"
MCP2872002K,180000077,Montgomery County Police,Property Damage Crash,01/01/2018 12:00:00 AM,Yes,County,East,,1,West,0,FEET,LEVEL,QUAIL VALLEY BLVD,KINGFISHER TERR,,N/A,,DRIVER,SAME DIRECTION SIDESWIPE,UNKNOWN,DRY,UNKNOWN,STOP SIGN,UNKNOWN,,UNKNOWN,UNKNOWN,INTERSECTION,T-INTERSECTION,CURVE RIGHT,NO DEFECTS,"TWO-WAY, NOT DIVIDED",39.161065,-77.18650167,"(39.161065, -77.18650167)"
MCP229800F7,170521695,Montgomery County Police,Property Damage Crash,07/28/2017 03:50:00 PM,No,Maryland (State),North,,2,North,0,FEET,GRADE DOWNHILL,RIDGE RD,PREAKNESS DR,,N/A,,DRIVER,HEAD ON,RAINING,WET,DAYLIGHT,NO CONTROLS,NONE DETECTED,,OTHER VEHICLE,N/A,INTERSECTION,T-INTERSECTION,STRAIGHT,NO DEFECTS,"TWO-WAY, NOT DIVIDED",39.26018833,-77.223255,"(39.26018833, -77.223255)"
MCP2686003K,190034996,Montgomery County Police,Property Damage Crash,07/13/2019 09:45:00 AM,Yes,County,East,,2,East,0,FEET,LEVEL,SCHAEFFER RD,CLOPPER RD,,N/A,,DRIVER,SAME DIRECTION SIDESWIPE,CLEAR,DRY,DAYLIGHT,STOP SIGN,N/A,,OTHER VEHICLE,N/A,INTERSECTION,T-INTERSECTION,STRAIGHT,NO DEFECTS,"TWO-WAY, NOT DIVIDED",39.16342868,-77.2846775,"(39.16342868, -77.2846775)"
MCP241100DW,240045544,MONTGOMERY,Property Damage Crash,09/22/2024 07:28:00 AM,,,,,0,,,FEET,,,,Parking Aisle        RESIDENTIAL PARKING SPACES IN FRONT OF 5329 RANDOLPH RD,,,UNKNOWN,"Sideswipe, Opposite Direction",Clear,,Daylight,,"Unknown, Unknown",,Parked Vehicle,,,,,,,39.05402787,-77.10590741,"(39.05402787, -77.10590741)"
DM8423000F,15002977,Takoma Park Police Depart,Property Damage Crash,01/19/2015 05:30:00 AM,No,Municipality,West,,1,East,500,FEET,LEVEL,BOSTON AVE,TAKOMA AVE,,TAKOMA PARK,,DRIVER,OTHER,CLEAR,WET,DARK LIGHTS ON,NO CONTROLS,NONE DETECTED,,OTHER VEHICLE,N/A,NON INTERSECTION,N/A,STRAIGHT,NO DEFECTS,"TWO-WAY, NOT DIVIDED",38.981455,-77.00989,"(38.981455, -77.00989)"
MCP2694001N,15040391,MONTGOMERY,Injury Crash,08/13/2015 03:54:00 PM,Yes,,,,,,,,,,,parking lot of 11200 Rockville Pike,,PEDESTRIAN,DRIVER,OTHER,CLEAR,,DAYLIGHT,NO CONTROLS,UNKNOWN,NONE DETECTED,PEDESTRIAN,N/A,,,,,,39.04044333,-77.11109667,"(39.04044333, -77.11109667)"
MCP102200F6,200034599,Montgomery County Police,Property Damage Crash,09/04/2020 06:20:00 AM,No,Maryland (State),South,,2,South,100,FEET,GRADE DOWNHILL,RIDGE RD,ENT TO SCHOOL,,N/A,,DRIVER,SAME DIRECTION SIDESWIPE,CLEAR,WET,DAWN,NO CONTROLS,NONE DETECTED,,OTHER VEHICLE,N/A,NON INTERSECTION,N/A,CURVE LEFT,NO DEFECTS,"TWO-WAY, NOT DIVIDED",39.24884833,-77.23398667,"(39.24884833, -77.23398667)"
MCP33290013,220054838,Montgomery County Police,Property Damage Crash,12/10/2022 07:00:00 AM,Yes,County,Unknown,N/A,0,West,0,FEET,LEVEL,SHEFFIELD MANOR DR,COLGATE WAY,,N/A,,DRIVER,N/A,N/A,UNKNOWN,DAWN,N/A,UNKNOWN,,OTHER VEHICLE,PARKED VEHICLE,NON INTERSECTION,N/A,STRAIGHT,N/A,N/A,39.07902397,-76.93294784,"(39.07902397, -76.93294784)"
EJ78350008,16064279,Gaithersburg Police Depar,Injury Crash,12/14/2016 09:29:00 PM,No,Maryland (State),North,,3,North,15,FEET,LEVEL,FREDERICK RD,S WESTLAND DR,,GAITHERSBURG,PEDESTRIAN,NONMOTORIST,OTHER,CLEAR,DRY,DARK LIGHTS ON,TRAFFIC SIGNAL,NONE DETECTED,NONE DETECTED,PEDESTRIAN,N/A,INTERSECTION RELATED,FOUR-WAY INTERSECTION,STRAIGHT,NO DEFECTS,"TWO-WAY, DIVIDED, POSITIVE MEDIAN BARRIER",39.12618667,-77.18281833,"(39.12618667, -77.18281833)"
MCP2893002Y,170504362,Montgomery County Police,Injury Crash,04/26/2017 04:56:00 PM,No,County,West,,2,East,0,FEET,HILL UPHILL,SCENERY DR,ENT TO PLUM GAR COMMUNITY CENTER,,N/A,BICYCLIST,NONMOTORIST,SINGLE VEHICLE,CLEAR,DRY,DAYLIGHT,NO CONTROLS,NONE DETECTED,NONE DETECTED,PEDESTRIAN,N/A,INTERSECTION,FOUR-WAY INTERSECTION,STRAIGHT,NO DEFECTS,"TWO-WAY, NOT DIVIDED",39.17705667,-77.23413,"(39.17705667, -77.23413)"
MCP2776004N,230027943,Montgomery County Police,Injury Crash,06/10/2023 03:42:00 PM,No,County,West,,1,East,50,FEET,GRADE DOWNHILL,STONEGATE DR,WELLWOOD RD,,N/A,,DRIVER,HEAD ON,CLEAR,DRY,DAYLIGHT,NO CONTROLS,N/A,,OTHER VEHICLE,N/A,NON INTERSECTION,N/A,CURVE RIGHT,NO DEFECTS,"TWO-WAY, NOT DIVIDED",39.09940833,-77.01175833,"(39.09940833, -77.01175833)"
MCP3075004J,240011784,MONTGOMERY,Property Damage Crash,03/11/2024 06:22:00 PM,No,County Route,Southbound,Lane 1,2,North,129.15,FEET,Level,WOODFIELD RD EXT,FAITH LA,,,,DRIVER,Angle,Clear,Dry,Daylight,"No Controls, Stop Sign","Not Suspect of Alcohol Use, Not Suspect of Drug Use, Not Suspect of Alcohol Use, Not Suspect of Drug Use",,Motor Vehicle In Transport,,Non-Junction,,Straight,No Defects,Not Divided,39.29867383,-77.19953389,"(39.29867383, -77.19953389)"
MCP3105000Z,180025304,Montgomery County Police,Injury Crash,05/23/2018 01:57:00 PM,No,County,East,,3,West,50,FEET,LEVEL,MIDDLEBROOK RD,WARING STATION RD,,N/A,,DRIVER,SAME DIR REAR END,N/A,DRY,DAYLIGHT,TRAFFIC SIGNAL,NONE DETECTED,,OTHER VEHICLE,N/A,INTERSECTION RELATED,FOUR-WAY INTERSECTION,STRAIGHT,NO DEFECTS,"TWO-WAY, DIVIDED, POSITIVE MEDIAN BARRIER",39.17533167,-77.25384667,"(39.17533167, -77.25384667)"
EJ7885003K,230057360,Gaithersburg Police Depar,Injury Crash,09/28/2023 06:17:00 PM,No,,,,,,,,,,,IN THE PARKING GARAGE OF 10121 WASHINGTONIAN BLVD,,PEDESTRIAN,DRIVER,OTHER,CLEAR,,DAYLIGHT,NO CONTROLS,UNKNOWN,NONE DETECTED,PEDESTRIAN,N/A,,,,,,39.1202178,-77.2044607,"(39.1202178, -77.2044607)"
MCP3225004M,240006567,MONTGOMERY,Injury Crash,02/09/2024 05:30:00 PM,,,,,0,,,FEET,,,,"Parking Stall        PARKING LOT OF 2201 RANDOLPH RD UNIT A, WHEATON, MD 20902",,Occupant of Motor Vehicle Not in Transport,UNKNOWN,Front to Front,Clear,,Dusk,,"Unknown, Unknown","Not Suspect of Alcohol Use, Not Suspect of Drug Use",Parked Vehicle,Pedestrian,,,,,,39.05992043,-77.04762788,"(39.05992043, -77.04762788)"
MCP25360051,240023568,MONTGOMERY,Property Damage Crash,05/19/2024 12:10:00 AM,No,County Route,Southbound,"Lane 1, Shoulder Area",1,West,40.25,FEET,Level,COLIE DR,,,,,UNKNOWN,Front to Rear,Clear,Wet,Dark - Lighted,No Controls,"Not Suspect of Alcohol Use, Not Suspect of Drug Use",,Parked Vehicle,,Non-Junction,,Straight,No Defects,Not Divided,39.05966667,-77.08551333,"(39.05966667, -77.08551333)"
MCP2653000M,15063750,MONTGOMERY,Injury Crash,12/13/2015 11:00:00 PM,Yes,Maryland (State),West,,3,East,0,FEET,LEVEL,UNIVERSITY BLVD E,CARROLL AVE,,N/A,,DRIVER,HEAD ON LEFT TURN,CLEAR,DRY,DARK LIGHTS ON,TRAFFIC SIGNAL,"NONE DETECTED, UNKNOWN",,OTHER VEHICLE,FIXED OBJECT,INTERSECTION,FOUR-WAY INTERSECTION,STRAIGHT,NO DEFECTS,"TWO-WAY, DIVIDED, POSITIVE MEDIAN BARRIER",38.99454,-76.99288333,"(38.99454, -76.99288333)"
MCP30380028,180038716,Montgomery County Police,Property Damage Crash,08/04/2018 05:21:00 PM,Yes,,,,,,,,,,,"IN 7-ELEVEN PARKING LOT IN FRONT OF 11530-G ROCKVILLE PIKE, ROCKVILLE, MD 20852",,,DRIVER,OTHER,CLEAR,,DAYLIGHT,NO CONTROLS,"N/A, UNKNOWN",,PARKED VEHICLE,N/A,,,,,,39.04636089,-77.11288154,"(39.04636089, -77.11288154)"
MCP2671003Y,240033235,MONTGOMERY,Injury Crash,07/14/2024 06:00:00 PM,Yes,,,,0,,,FEET,,,,Alley        8701 GEORGIA AVE,,Scooter (electric),UNKNOWN,Single Vehicle,Clear,,Daylight,,"Unknown, Unknown","Not Suspect of Alcohol Use, Not Suspect of Drug Use",Other Non-Motorist,,,,,,,38.99770457,-77.03005705,"(38.99770457, -77.03005705)"