Report Number,Local Case Number,Agency Name,ACRS Report Type,Crash Date/Time,Hit/Run,Route Type,Lane Direction,Lane Type,Number of Lanes,Direction,Distance,Distance Unit,Road Grade,Road Name,Cross-Street Name,Off-Road Description,Municipality,Related Non-Motorist,At Fault,Collision Type,Weather,Surface Condition,Light,Traffic Control,Driver Substance Abuse,Non-Motorist Substance Abuse,First Harmful Event,Second Harmful Event,Junction,Intersection Type,Road Alignment,Road Condition,Road Division,Latitude,Longitude,Location
EJ78870055,250002867,GAITHERSBURG,Property Damage Crash,01/21/2025 11:30:00 AM,No,Maryland (State) Route,"Northbound, Southbound","Lane 1, Lane 6","4, 6",West,0,FEET,Level,FREDERICK RD (SB/L),QUINCE ORCHARD RD,,,,UNKNOWN,Rear To Side,Clear,Dry,Daylight,Traffic Control Signal,"Not Suspect of Alcohol Use, Not Suspect of Drug Use, Not Suspect of Alcohol Use, Not Suspect of Drug Use",,Motor Vehicle In Transport,Motor Vehicle In Transport,Intersection or Related,Perpendicular,Straight,No Defects,"Divided, Flush Median (greater than 4ft wide)",39.15243717,-77.21200483,"(39.15243717, -77.21200483)"
MCP28250012,190008756,Montgomery County Police,Injury Crash,02/23/2019 10:17:00 PM,No,Maryland (State),West,,2,East,0.25,MILE,LEVEL,BARNESVILLE RD,GANLEY RD,,N/A,,DRIVER,SINGLE VEHICLE,RAINING,WET,DARK NO LIGHTS,NO CONTROLS,ALCOHOL PRESENT,,FIXED OBJECT,N/A,NON INTERSECTION,N/A,STRAIGHT,NO DEFECTS,"TWO-WAY, NOT DIVIDED",39.187636,-77.318526,"(39.187636, -77.318526)"
MCP3384000M,240011533,MONTGOMERY,Property Damage Crash,03/10/2024 10:19:00 AM,,,,,0,,,FEET,,,,"Parking Lot Way        PARKING LOT OF (WATKINS MILL HIGH SCHOOL)10301 APPLE RIDGE RD, GAITHERSBURG, MD 20879",,,UNKNOWN,Rear To Rear,Clear,,Daylight,,"Unknown, Unknown",,Parked Vehicle,,,,,,,39.18307374,-77.21578167,"(39.18307374, -77.21578167)"
MCP1260000F,200027983,Montgomery County Police,Property Damage Crash,07/19/2020 05:00:00 AM,No,County,North,,2,South,100,FEET,LEVEL,MATENY RD,EAGLES ROOST DR,,N/A,,DRIVER,SAME DIRECTION SIDESWIPE,N/A,DRY,DARK LIGHTS ON,NO CONTROLS,NONE DETECTED,,PARKED VEHICLE,N/A,NON INTERSECTION,N/A,STRAIGHT,NO DEFECTS,"TWO-WAY, NOT DIVIDED",39.16131833,-77.26859667,"(39.16131833, -77.26859667)"
MCP25820037,190059603,Montgomery County Police,Injury Crash,12/10/2019 11:47:00 PM,No,Maryland (State),East,,2,East,0,FEET,LEVEL,SPENCERVILLE RD,NEW HAMPSHIRE AVE,,N/A,,DRIVER,HEAD ON LEFT TURN,SNOW,WET,DARK LIGHTS ON,TRAFFIC SIGNAL,NONE DETECTED,,OTHER VEHICLE,N/A,INTERSECTION,FOUR-WAY INTERSECTION,STRAIGHT,NO DEFECTS,"TWO-WAY, NOT DIVIDED",39.12088,-76.98887333,"(39.12088, -76.98887333)"
DD5628002H,190047019,Rockville Police Departme,Injury Crash,10/01/2019 11:40:00 AM,No,Municipality,West,LEFT TURN LANE,2,East,0,FEET,LEVEL,PARK RD,HUNGERFORD DR,,N/A,,DRIVER,HEAD ON LEFT TURN,CLEAR,DRY,DAYLIGHT,TRAFFIC SIGNAL,NONE DETECTED,,OTHER VEHICLE,N/A,INTERSECTION,FOUR-WAY INTERSECTION,STRAIGHT,NO DEFECTS,N/A,39.08532167,-77.14783833,"(39.08532167, -77.14783833)"
DM8476001Y,210013017,Takoma Park Police Depart,Property Damage Crash,04/07/2021 03:40:00 PM,Yes,,,,,,,,,,,7411 NEW HAMPSHIRE AVENUE PARKING LOT,,,DRIVER,OTHER,CLEAR,,DAYLIGHT,N/A,"ALCOHOL CONTRIBUTED, N/A",,N/A,OTHER VEHICLE,,,,,,38.98452934,-76.98754775,"(38.98452934, -76.98754775)"
DD5582000S,15061597,ROCKVILLE,Injury Crash,12/02/2015 06:43:00 PM,No,Other Public Roadway,West,,1,West,5,FEET,LEVEL,MARYLAND AVE,BEALL AVE #2,,ROCKVILLE,PEDESTRIAN,DRIVER,OTHER,RAINING,WET,DARK LIGHTS ON,N/A,NONE DETECTED,NONE DETECTED,PEDESTRIAN,N/A,N/A,T-INTERSECTION,STRAIGHT,NO DEFECTS,"TWO-WAY, NOT DIVIDED",39.08703333,-77.15138333,"(39.08703333, -77.15138333)"
MCP1563008H,230022335,Montgomery County Police,Property Damage Crash,05/10/2023 07:26:00 AM,Yes,Maryland (State),North,,3,North,100,FEET,LEVEL,CONNECTICUT AVE,EAST WEST HWY,,N/A,,DRIVER,OTHER,CLEAR,DRY,DAYLIGHT,NO CONTROLS,"NONE DETECTED, UNKNOWN",,OTHER VEHICLE,N/A,NON INTERSECTION,N/A,STRAIGHT,NO DEFECTS,"TWO-WAY, NOT DIVIDED",38.98782616,-77.07709353,"(38.98782616, -77.07709353)"
MCP3086008G,230013160,Montgomery County Police,Property Damage Crash,03/18/2023 12:05:00 PM,No,County,South,,4,South,0,FEET,HILL UPHILL,FLOWER HILL WAY,WOODFIELD RD,,N/A,,DRIVER,STRAIGHT MOVEMENT ANGLE,CLOUDY,DRY,DAYLIGHT,STOP SIGN,NONE DETECTED,,OTHER VEHICLE,OTHER VEHICLE,INTERSECTION,FOUR-WAY INTERSECTION,STRAIGHT,NO DEFECTS,"TWO-WAY, NOT DIVIDED",39.15545,-77.16449667,"(39.15545, -77.16449667)"
MCP271700HP,180026454,Montgomery County Police,Injury Crash,05/29/2018 08:10:00 PM,No,County,South,,2,South,200,FEET,HILL UPHILL,LOCKWOOD DR,LOCKWOOD DR,,N/A,BICYCLIST,DRIVER,OTHER,CLEAR,DRY,DARK LIGHTS ON,NO CONTROLS,NONE DETECTED,NONE DETECTED,BICYCLE,N/A,NON INTERSECTION,N/A,STRAIGHT,N/A,"TWO-WAY, NOT DIVIDED",39.04246367,-76.9859235,"(39.04246367, -76.9859235)"
MCP243600BR,200044030,Montgomery County Police,Property Damage Crash,11/08/2020 07:00:00 AM,No,Maryland (State),South,,3,North,0,FEET,LEVEL,NEW HAMPSHIRE AVE,NORTHAMPTON DR,,N/A,,DRIVER,STRAIGHT MOVEMENT ANGLE,N/A,DRY,DAWN,TRAFFIC SIGNAL,NONE DETECTED,,OTHER VEHICLE,N/A,INTERSECTION,T-INTERSECTION,STRAIGHT,NO DEFECTS,"TWO-WAY, DIVIDED, POSITIVE MEDIAN BARRIER",39.00685217,-76.98051783,"(39.00685217, -76.98051783)"
MCP1389002M,190058902,Montgomery County Police,Injury Crash,12/06/2019 07:05:00 PM,No,,,,,,,,,,,PARKING LOT / SIDEWALK IN FRONT OF 451 NORTH FREDERICK AVENUE,,PEDESTRIAN,DRIVER,STRAIGHT MOVEMENT ANGLE,CLEAR,,DARK LIGHTS ON,N/A,NONE DETECTED,NONE DETECTED,PEDESTRIAN,N/A,,,,,,39.14816833,-77.20596,"(39.14816833, -77.20596)"
MCP24120026,250018236,MONTGOMERY,Property Damage Crash,04/26/2025 11:44:00 PM,No,County Route,Northbound,Lane 1,1,South,18.1,FEET,Level,WILLOW TREE DR,,,,,UNKNOWN,Single Vehicle,Clear,Dry,Dark - Lighted,No Controls,"Not Suspect of Alcohol Use, Not Suspect of Drug Use",,Other Non-Fixed Object,,Through Roadway,,Straight,No Defects,Not Divided,39.08515181,-77.20129395,"(39.08515181, -77.20129395)"
MCP3256000N,200051519,Montgomery County Police,Injury Crash,12/31/2020 06:08:00 PM,No,County,West,LEFT TURN LANE,2,East,0,FEET,LEVEL,E RANDOLPH RD,FAIRLAND RD,,N/A,,DRIVER,STRAIGHT MOVEMENT ANGLE,CLEAR,DRY,DARK LIGHTS ON,TRAFFIC SIGNAL,NONE DETECTED,,OTHER VEHICLE,N/A,INTERSECTION,FOUR-WAY INTERSECTION,STRAIGHT,NO DEFECTS,"TWO-WAY, DIVIDED, POSITIVE MEDIAN BARRIER",39.07548603,-76.99401233,"(39.07548603, -76.99401233)"
MCP1194000Y,15028207,Montgomery County Police,Property Damage Crash,06/10/2015 04:29:00 PM,No,Interstate (State),East,,8,East,0,MILE,LEVEL,CAPITAL BELTWAY,RIVER RD,,N/A,,DRIVER,SAME DIRECTION LEFT TURN,CLEAR,DRY,DAYLIGHT,NO CONTROLS,NONE DETECTED,,OTHER VEHICLE,N/A,NON INTERSECTION,N/A,STRAIGHT,NO DEFECTS,"TWO-WAY, DIVIDED, POSITIVE MEDIAN BARRIER",39.01034333,-77.125185,"(39.01034333, -77.125185)"
MCP1378004C,15006079,Montgomery County Police,Property Damage Crash,02/06/2015 02:38:00 PM,Yes,County,North,,3,North,20,FEET,LEVEL,SHADY GROVE RD,MUNCASTER MILL RD,,N/A,,DRIVER,SAME DIRECTION SIDESWIPE,CLOUDY,DRY,DAYLIGHT,TRAFFIC SIGNAL,"NONE DETECTED, UNKNOWN",,OTHER VEHICLE,N/A,INTERSECTION RELATED,FOUR-WAY INTERSECTION,STRAIGHT,NO DEFECTS,"TWO-WAY, DIVIDED, UNPROTECTED PAINTED MIN 4 FEET",39.14884167,-77.14692,"(39.14884167, -77.14692)"
MCP241100C3,230054993,Montgomery County Police,Injury Crash,09/15/2023 08:24:00 AM,No,County,East,,2,East,0,FEET,GRADE DOWNHILL,PARKLAWN DR,BRAXFIELD CT,,N/A,,DRIVER,SAME DIR REAR END,CLEAR,DRY,DAYLIGHT,NO CONTROLS,NONE DETECTED,,OTHER VEHICLE,OTHER VEHICLE,INTERSECTION,T-INTERSECTION,STRAIGHT,NO DEFECTS,"TWO-WAY, NOT DIVIDED",39.05658833,-77.10823333,"(39.05658833, -77.10823333)"
MCP28270025,16014763,MONTGOMERY,Property Damage Crash,03/25/2016 06:51:00 PM,No,County,West,,2,East,400,FEET,LEVEL,NORBECK RD,NORWOOD RD,,N/A,,DRIVER,SAME DIR REAR END,CLEAR,DRY,DAYLIGHT,NO CONTROLS,NONE DETECTED,,OTHER VEHICLE,N/A,N/A,FOUR-WAY INTERSECTION,STRAIGHT,NO DEFECTS,"TWO-WAY, NOT DIVIDED",39.11981333,-77.01856333,"(39.11981333, -77.01856333)"
DD55830053,190015655,Rockville Police Departme,Injury Crash,04/04/2019 02:25:00 PM,No,Municipality,East,LEFT TURN LANE,3,North,0,FEET,LEVEL,RESEARCH BLVD,CROFTON HILL LA (BACK),,ROCKVILLE,,DRIVER,SAME DIR REND LEFT TURN,CLEAR,DRY,DAYLIGHT,TRAFFIC SIGNAL,NONE DETECTED,,OTHER VEHICLE,OTHER VEHICLE,INTERSECTION,FOUR-WAY INTERSECTION,CURVE LEFT,NO DEFECTS,"TWO-WAY, NOT DIVIDED",39.09046467,-77.17871217,"(39.09046467, -77.17871217)"
MCP32690005,200229924,Montgomery County Police,Property Damage Crash,09/07/2020 09:15:00 AM,Yes,County,North,,1,South,100,FEET,LEVEL,LOCKWOOD DR,NEW HAMPSHIRE AVE,,N/A,,DRIVER,STRAIGHT MOVEMENT ANGLE,CLEAR,DRY,DAYLIGHT,NO CONTROLS,NONE DETECTED,,OTHER VEHICLE,N/A,NON INTERSECTION,N/A,STRAIGHT,NO DEFECTS,"TWO-WAY, DIVIDED, UNPROTECTED PAINTED MIN 4 FEET",39.04111217,-76.9870785,"(39.04111217, -76.9870785)"
HA25240008,25001517,MCPARK,Property Damage Crash,07/23/2025 02:40:00 PM,No,,,,0,,,FEET,,,,Parking Lot Way        MNCPPC LITTLE BENNETT MAINTENANCE YARD PARKING LOT.,,,UNKNOWN,Single Vehicle,Clear,,Daylight,,"Not Suspect of Alcohol Use, Not Suspect of Drug Use",,Other Non-Collision,Parked Vehicle,,,,,,39.24630077,-77.28800722,"(39.24630077, -77.28800722)"
MCP23620024,170529820,Montgomery County Police,Property Damage Crash,09/11/2017 07:33:00 AM,No,Interstate (State),West,,4,West,200,FEET,LEVEL,CAPITAL BELTWAY,UNIVERSITY BLVD E,,N/A,,DRIVER,SAME DIRECTION SIDESWIPE,CLEAR,DRY,DAYLIGHT,NO CONTROLS,N/A,,OTHER VEHICLE,N/A,NON INTERSECTION,N/A,STRAIGHT,NO DEFECTS,"TWO-WAY, DIVIDED, POSITIVE MEDIAN BARRIER",39.01610833,-77.00800333,"(39.01610833, -77.00800333)"
MCP0961001B,190047231,Montgomery County Police,Property Damage Crash,10/01/2019 11:52:00 AM,Yes,,,,,,,,,,,PARKING LOT OF 100 EDISON PARK DR,,,DRIVER,UNKNOWN,RAINING,,DAYLIGHT,N/A,UNKNOWN,,PARKED VEHICLE,N/A,,,,,,39.1130422,-77.23635163,"(39.1130422, -77.23635163)"
MCP1202000C,15006531,Montgomery County Police,Property Damage Crash,02/09/2015 11:03:00 AM,No,County,West,,2,West,25,FEET,LEVEL,MORGAN DR,OFFUTT RD,,N/A,,DRIVER,OTHER,CLEAR,DRY,DAYLIGHT,N/A,NONE DETECTED,,PARKED VEHICLE,N/A,RESIDENTIAL DRIVEWAY,FOUR-WAY INTERSECTION,STRAIGHT,NO DEFECTS,"TWO-WAY, NOT DIVIDED",38.97273833,-77.09432667,"(38.97273833, -77.09432667)"
MCP31230065,230048333,Montgomery County Police,Injury Crash,08/08/2023 06:07:00 AM,No,Maryland (State),North,,3,South,0.2,MILE,LEVEL,FREDERICK RD,E GUDE DR,,N/A,,DRIVER,SINGLE VEHICLE,N/A,UNKNOWN,UNKNOWN,N/A,UNKNOWN,,FIXED OBJECT,N/A,N/A,N/A,STRAIGHT,NO DEFECTS,"TWO-WAY, DIVIDED, POSITIVE MEDIAN BARRIER",39.10386558,-77.15614913,"(39.10386558, -77.15614913)"
MCP23390014,15042134,MONTGOMERY,Injury Crash,08/22/2015 07:37:00 PM,No,County,East,,2,North,0,MILE,LEVEL,BATCHELLORS FOREST RD,GEORGIA AVE,,N/A,,DRIVER,SINGLE VEHICLE,CLEAR,DRY,DAYLIGHT,NO CONTROLS,NONE DETECTED,,FIXED OBJECT,N/A,NON INTERSECTION,N/A,STRAIGHT,NO DEFECTS,"TWO-WAY, NOT DIVIDED",39.122174,-77.061098,"(39.122174, -77.061098)"
MCP30910041,230029412,Montgomery County Police,Property Damage Crash,06/19/2023 01:15:00 PM,No,Maryland (State),South,,3,South,0,FEET,LEVEL,FREDERICK RD,CROSSOVER,,N/A,,DRIVER,SINGLE VEHICLE,CLEAR,DRY,DAYLIGHT,OTHER,N/A,,FIXED OBJECT,N/A,N/A,N/A,STRAIGHT,NO DEFECTS,"TWO-WAY, DIVIDED, POSITIVE MEDIAN BARRIER",39.12076517,-77.1748985,"(39.12076517, -77.1748985)"
MCP12510019,180000196,Montgomery County Police,Property Damage Crash,01/02/2018 12:12:00 PM,No,Municipality,West,,3,East,0,FEET,LEVEL,W GUDE DR,W MONTGOMERY AVE,,N/A,,DRIVER,STRAIGHT MOVEMENT ANGLE,CLEAR,DRY,DAYLIGHT,TRAFFIC SIGNAL,NONE DETECTED,,OTHER VEHICLE,N/A,INTERSECTION,FOUR-WAY INTERSECTION,STRAIGHT,NO DEFECTS,"TWO-WAY, DIVIDED, POSITIVE MEDIAN BARRIER",39.09986333,-77.18451667,"(39.09986333, -77.18451667)"
MCP2247000T,15010772,Montgomery County Police,Property Damage Crash,03/08/2015 08:51:00 PM,No,US (State),South,GORE AREA,3,North,0,FEET,LEVEL,COLUMBIA PIKE,RAMP 5 FR US 29 SB TO MD 200 EB,,N/A,,DRIVER,SINGLE VEHICLE,CLEAR,DRY,DARK LIGHTS ON,NO CONTROLS,ALCOHOL PRESENT,,FIXED OBJECT,FIXED OBJECT,INTERCHANGE RELATED,OTHER,STRAIGHT,NO DEFECTS,"TWO-WAY, DIVIDED, POSITIVE MEDIAN BARRIER",39.07901833,-76.95198,"(39.07901833, -76.95198)"
DD5522003T,180031087,Rockville Police Departme,Injury Crash,06/24/2018 04:49:00 AM,No,Municipality,West,,2,East,150,FEET,LEVEL,W GUDE DR,PICCARD DR,,ROCKVILLE,,DRIVER,HEAD ON,CLEAR,DRY,DARK LIGHTS ON,NO CONTROLS,NONE DETECTED,,OTHER VEHICLE,FIXED OBJECT,N/A,N/A,STRAIGHT,NO DEFECTS,"TWO-WAY, DIVIDED, POSITIVE MEDIAN BARRIER",39.10332667,-77.17382,"(39.10332667, -77.17382)"
MCP32140022,230007731,Montgomery County Police,Property Damage Crash,02/15/2023 04:01:00 PM,No,Maryland (State),West,,2,North,0,FEET,LEVEL,OLD HUNDRED RD,RAMP 7 FR MD 109 WB TO RAMP 6 (TO IS270),,N/A,,DRIVER,STRAIGHT MOVEMENT ANGLE,N/A,DRY,DAYLIGHT,NO CONTROLS,NONE DETECTED,,OTHER VEHICLE,N/A,INTERSECTION,T-INTERSECTION,STRAIGHT,NO DEFECTS,"TWO-WAY, NOT DIVIDED",39.27742717,-77.32481667,"(39.27742717, -77.32481667)"
MCP2688001F,15007247,Montgomery County Police,Property Damage Crash,02/13/2015 05:00:00 AM,No,County,East,,2,East,200,FEET,LEVEL,BRIGGS CHANEY RD,ROBEY RD,,N/A,,DRIVER,SINGLE VEHICLE,CLEAR,DRY,DARK LIGHTS ON,N/A,NONE DETECTED,,FIXED OBJECT,N/A,NON INTERSECTION,N/A,STRAIGHT,NO DEFECTS,"TWO-WAY, DIVIDED, POSITIVE MEDIAN BARRIER",39.07876833,-76.94489667,"(39.07876833, -76.94489667)"
MCP2939002B,180006378,Montgomery County Police,Property Damage Crash,02/06/2018 03:36:00 PM,No,,,,,,,,,,,"WALMART PARKING LOT, 20910 FREDERICK RD, GERMANTOWN, MARYLAND 20874",,,DRIVER,SINGLE VEHICLE,CLEAR,,DAYLIGHT,NO CONTROLS,NONE DETECTED,,FIXED OBJECT,FIXED OBJECT,,,,,,39.19850167,-77.25180833,"(39.19850167, -77.25180833)"
MCP3112005Q,210049440,Montgomery County Police,Injury Crash,12/06/2021 07:05:00 AM,No,County,South,,3,South,0,FEET,LEVEL,WOODMONT AVE,EDGEMOOR LA,,N/A,,DRIVER,SAME DIRECTION LEFT TURN,CLEAR,DRY,DAWN,TRAFFIC SIGNAL,NONE DETECTED,,OTHER VEHICLE,N/A,INTERSECTION,FOUR-WAY INTERSECTION,STRAIGHT,NO DEFECTS,ONE-WAY TRAFFICWAY,38.98457833,-77.0965175,"(38.98457833, -77.0965175)"
MCP33050042,250001758,MONTGOMERY,Property Damage Crash,01/13/2025 11:12:00 PM,,,,,0,,,FEET,,,,Parking Stall        PARKING LOT OF 8700 FLOWER AVE,,,UNKNOWN,Rear To Rear,Clear,,Dark - Lighted,,"Not Suspect of Alcohol Use, Not Suspect of Drug Use, Unknown, Unknown",,Motor Vehicle In Transport,Parked Vehicle,,,,,,38.99853577,-77.00410239,"(38.99853577, -77.00410239)"
MCP11480031,190037434,Montgomery County Police,Injury Crash,08/06/2019 08:51:00 AM,No,County,East,,2,East,0,FEET,HILL UPHILL,COMMERCE LA,WISCONSIN AVE,,N/A,PEDESTRIAN,DRIVER,SINGLE VEHICLE,CLEAR,DRY,DAYLIGHT,NO CONTROLS,NONE DETECTED,NONE DETECTED,PEDESTRIAN,N/A,INTERSECTION,T-INTERSECTION,STRAIGHT,NO DEFECTS,"TWO-WAY, NOT DIVIDED",38.985995,-77.094765,"(38.985995, -77.094765)"
MCP15750051,170508531,Montgomery County Police,Property Damage Crash,05/18/2017 05:22:00 PM,No,County,North,,1,South,0,FEET,LEVEL,TRAVILAH RD,STONEBRIDGE VIEW DR,,N/A,,DRIVER,STRAIGHT MOVEMENT ANGLE,CLEAR,DRY,DAYLIGHT,STOP SIGN,NONE DETECTED,,OTHER VEHICLE,N/A,INTERSECTION,FOUR-WAY INTERSECTION,STRAIGHT,NO DEFECTS,"TWO-WAY, DIVIDED, UNPROTECTED PAINTED MIN 4 FEET",39.08917751,-77.21405983,"(39.08917751, -77.21405983)"
MCP2796002W,15065431,MONTGOMERY,Property Damage Crash,12/22/2015 06:49:00 AM,No,Maryland (State),South,LEFT TURN LANE,3,North,0,FEET,LEVEL,GEORGIA AVE,SPUR TO/FR THISTLEBRIDGE DR,,N/A,,DRIVER,HEAD ON LEFT TURN,RAINING,WET,DARK -- UNKNOWN LIGHTING,NO CONTROLS,NONE DETECTED,,OTHER VEHICLE,N/A,CROSSOVER RELATED,N/A,STRAIGHT,NO DEFECTS,"TWO-WAY, DIVIDED, POSITIVE MEDIAN BARRIER",39.11163333,-77.075755,"(39.11163333, -77.075755)"
MCP2780008J,250012828,MONTGOMERY,Property Damage Crash,03/17/2025 04:54:00 PM,,,,,0,,,FEET,,,,"Parking Stall        PARKING LOT OF HOME DEPOT LOCATED AT 21010 FREDERICK ROAD GERMANTOWN, MARYLAND 20876",,,UNKNOWN,Angle,Clear,,Daylight,,"Unknown, Unknown",,Parked Vehicle,,,,,,,39.20119105,-77.24860756,"(39.20119105, -77.24860756)"
MCP1595002X,250021883,MONTGOMERY,Injury Crash,05/17/2025 11:45:00 PM,,Local Route,Southbound,"Lane 2, Parking Lot","0, 3",North,21.38,FEET,"Downhill, Level",METRORAIL TRACK B2 RAIL,,,,,DRIVER,Front to Rear,Clear,Dry,Dark - Lighted,No Controls,"Not Suspect of Alcohol Use, Not Suspect of Drug Use, Suspect of Alcohol Use, Unknown",,Motor Vehicle In Transport,Parked Vehicle,Through Roadway,,Straight,No Defects,"Divided, Raised Median (curbed), Not Divided",39.02967802,-77.04765564,"(39.02967802, -77.04765564)"
MCP9442000P,17005356,Montgomery County Police,Property Damage Crash,01/31/2017 08:35:00 AM,No,County,North,,1,North,20,FEET,LEVEL,REDLAND RD,ROSLYN AVE,,N/A,,DRIVER,SAME DIR REAR END,CLEAR,DRY,DAYLIGHT,NO CONTROLS,NONE DETECTED,,OTHER VEHICLE,N/A,NON INTERSECTION,N/A,STRAIGHT,NO DEFECTS,"TWO-WAY, NOT DIVIDED",39.142885,-77.14411667,"(39.142885, -77.14411667)"
EJ7829002D,16063765,Gaithersburg Police Depar,Property Damage Crash,12/12/2016 03:25:00 PM,No,,,,,,0,,,,,PARKING LOT OF 456 GIRARD STREET,,,DRIVER,OTHER,CLEAR,,DAYLIGHT,NO CONTROLS,N/A,,PARKED VEHICLE,N/A,,,,,,39.14665333,-77.18933833,"(39.14665333, -77.18933833)"
MCP2677000P,16026097,Montgomery County Police,Injury Crash,05/25/2016 08:43:00 PM,No,County,East,,1,North,10,FEET,LEVEL,WARING STATION RD,WINDING CREEK WAY,,N/A,,DRIVER,HEAD ON LEFT TURN,N/A,DRY,DARK LIGHTS ON,N/A,NONE DETECTED,,OTHER VEHICLE,N/A,N/A,FOUR-WAY INTERSECTION,STRAIGHT,NO DEFECTS,"TWO-WAY, NOT DIVIDED",39.16279,-77.25000833,"(39.16279, -77.25000833)"
EJ7902000L,240008623,GAITHERSBURG,Property Damage Crash,02/22/2024 08:39:00 AM,No,Maryland (State) Route,Eastbound,Lane 3,3,North,13.61,FEET,Level,W DIAMOND AVE,,,,,UNKNOWN,Single Vehicle,Clear,Dry,Daylight,No Controls,"Not Suspect of Alcohol Use, Not Suspect of Drug Use",,Traffic Sign Support,,Non-Junction,,Straight,No Defects,"Divided, Raised Median (curbed)",39.14235613,-77.22031716,"(39.14235613, -77.22031716)"
MCP2456001P,17016557,Montgomery County Police,Property Damage Crash,04/01/2017 10:49:00 AM,Yes,,,,,,,,,,,PARKING LOT OF 8703 PINEY BRANCH RD,,OTHER,DRIVER,UNKNOWN,CLEAR,,DAYLIGHT,NO CONTROLS,UNKNOWN,N/A,PARKED VEHICLE,PARKED VEHICLE,,,,,,38.99861167,-77.00399667,"(38.99861167, -77.00399667)"
MCP3383001G,240042036,MONTGOMERY,Property Damage Crash,09/05/2024 07:27:00 AM,,Maryland (State) Route,Southbound,Lane 2,3,North,19.19,FEET,Level,GEORGIA AVE (SB/L),,,,,UNKNOWN,Front to Rear,Clear,Dry,Daylight,No Controls,"Not Suspect of Alcohol Use, Not Suspect of Drug Use, Unknown, Unknown",,Motor Vehicle In Transport,,Non-Junction,,Straight,No Defects,"Divided, Raised Median (curbed)",39.05509518,-77.05025846,"(39.05509518, -77.05025846)"
HA2287000W,25000741,MCPARK,Property Damage Crash,04/25/2025 02:30:00 PM,No,Maryland (State) Route,Southbound,Lane 1,"1, 3",South,17.65,FEET,Downhill,,,,,,DRIVER,Front to Rear,Clear,Dry,Daylight,Traffic Control Signal,"Not Suspect of Alcohol Use, Not Suspect of Drug Use, Not Suspect of Alcohol Use, Not Suspect of Drug Use",,Motor Vehicle In Transport,,,,Straight,No Defects,Not Divided,39.2158116,-77.2528212,"(39.2158116, -77.2528212)"
MCP3442000G,250021139,MONTGOMERY,Property Damage Crash,05/13/2025 05:20:00 PM,No,County Route,"Northbound, Westbound","Lane 1, Median Area, Off Road","1, 4",North,41.62,FEET,Level,REDLAND RD,,,,,DRIVER,Front to Front,Rain,Wet,Daylight,"No Controls, Stop Sign","Not Suspect of Alcohol Use, Not Suspect of Drug Use, Not Suspect of Alcohol Use, Not Suspect of Drug Use, Not Suspect of Alcohol Use, Not Suspect of Drug Use",,Motor Vehicle In Transport,,Non-Junction,,Straight,No Defects,"Not Divided, Not Divided, With a Continuous Left-Turn Lane",39.14459599,-77.14465922,"(39.14459599, -77.14465922)"
DM8388003T,220005512,Takoma Park Police Depart,Property Damage Crash,02/08/2022 09:15:00 AM,No,Municipality,West,,1,North,100,FEET,GRADE DOWNHILL,GRANT AVE,MAPLE AVE,,TAKOMA PARK,,DRIVER,SAME DIRECTION RIGHT TURN,CLEAR,DRY,DAYLIGHT,NO CONTROLS,NONE DETECTED,,PARKED VEHICLE,N/A,NON INTERSECTION,N/A,CURVE RIGHT,NO DEFECTS,ONE-WAY TRAFFICWAY,38.98159083,-77.00955906,"(38.98159083, -77.00955906)"
MCP2594001T,16042788,Montgomery County Police,Injury Crash,08/23/2016 11:44:00 AM,No,Maryland (State),South,,2,North,50,FEET,LEVEL,NEW HAMPSHIRE AVE,BRIGGS CHANEY RD,,N/A,,DRIVER,STRAIGHT MOVEMENT ANGLE,CLEAR,DRY,DAYLIGHT,NO CONTROLS,NONE DETECTED,,OTHER VEHICLE,FIXED OBJECT,NON INTERSECTION,N/A,STRAIGHT,NO DEFECTS,"TWO-WAY, NOT DIVIDED",39.10964213,-76.9973588,"(39.10964213, -76.9973588)"
HA24780001,P200630145,Maryland-National Capital,Property Damage Crash,03/04/2020 07:52:00 AM,No,County,North,,2,East,0,FEET,LEVEL,WAYNE AVE,SLIGO CREEK PKWY,,N/A,,UNKNOWN,OTHER,FOGGY,N/A,DAYLIGHT,N/A,N/A,,N/A,N/A,NON INTERSECTION,N/A,STRAIGHT,NO DEFECTS,"TWO-WAY, NOT DIVIDED",38.99940501,-77.01053281,"(38.99940501, -77.01053281)"
MCP3145005Q,250015476,MONTGOMERY,Property Damage Crash,04/09/2025 03:30:00 PM,No,Maryland (State) Route,Northbound,"Lane 1, Lane 2",3,North,16.53,FEET,Level,NEW HAMPSHIRE AVE,,,,,DRIVER,"Sideswipe, Same Direction",Clear,Dry,Daylight,No Controls,"Not Suspect of Alcohol Use, Not Suspect of Drug Use, Not Suspect of Alcohol Use, Not Suspect of Drug Use",,Motor Vehicle In Transport,,Through Roadway,,Straight,No Defects,"Divided, Raised Median (curbed)",39.02295356,-76.97786474,"(39.02295356, -76.97786474)"