Report Number,Local Case Number,Agency Name,ACRS Report Type,Crash Date/Time,Hit/Run,Route Type,Lane Direction,Lane Type,Number of Lanes,Direction,Distance,Distance Unit,Road Grade,Road Name,Cross-Street Name,Off-Road Description,Municipality,Related Non-Motorist,At Fault,Collision Type,Weather,Surface Condition,Light,Traffic Control,Driver Substance Abuse,Non-Motorist Substance Abuse,First Harmful Event,Second Harmful Event,Junction,Intersection Type,Road Alignment,Road Condition,Road Division,Latitude,Longitude,Location
MCP27170024,15038458,MONTGOMERY,Property Damage Crash,08/03/2015 01:00:00 PM,No,County,East,,1,West,500,FEET,LEVEL,BATTERY LA,WISCONSIN AVE,,N/A,,DRIVER,SAME DIR REAR END,CLEAR,DRY,DAYLIGHT,TRAFFIC SIGNAL,NONE DETECTED,,OTHER VEHICLE,N/A,NON INTERSECTION,N/A,STRAIGHT,NO DEFECTS,"TWO-WAY, DIVIDED, UNPROTECTED PAINTED MIN 4 FEET",38.99242,-77.09601333,"(38.99242, -77.09601333)"
MCP2974005D,250002096,MONTGOMERY,Injury Crash,01/16/2025 06:48:00 AM,No,Maryland (State) Route,Southbound,Lane 3,3,East,8.46,FEET,Level,NEW HAMPSHIRE AVE (SB/L),,,,,DRIVER,Front to Rear,Clear,Dry,Dark - Lighted,Traffic Control Signal,"Not Suspect of Alcohol Use, Not Suspect of Drug Use, Not Suspect of Alcohol Use, Not Suspect of Drug Use, Not Suspect of Alcohol Use, Not Suspect of Drug Use",,Motor Vehicle In Transport,Motor Vehicle In Transport,Non-Junction,,Straight,No Defects,"Divided, Raised Median (curbed)",39.05868202,-76.99778497,"(39.05868202, -76.99778497)"
MCP1221001X,16002285,Montgomery County Police,Injury Crash,01/13/2016 06:00:00 AM,No,County,South,,2,North,25,FEET,LEVEL,MONTGOMERY VILLAGE AVE,APPLE RIDGE RD,,N/A,,DRIVER,SAME DIR REAR END,CLEAR,DRY,DARK NO LIGHTS,TRAFFIC SIGNAL,NONE DETECTED,,OTHER VEHICLE,N/A,INTERSECTION RELATED,FOUR-WAY INTERSECTION,STRAIGHT,NO DEFECTS,"TWO-WAY, DIVIDED, UNPROTECTED PAINTED MIN 4 FEET",39.18685415,-77.19839036,"(39.18685415, -77.19839036)"
MCP30040049,240053706,MONTGOMERY,Property Damage Crash,11/08/2024 03:33:00 PM,No,Maryland (State) Route,Westbound,"Lane 1, Left Turn Lane",6,South,0,FEET,Level,EAST WEST HWY,CONNECTICUT AVE,,,,UNKNOWN,Other,Clear,Dry,Daylight,Traffic Control Signal,"Not Suspect of Alcohol Use, Not Suspect of Drug Use, Not Suspect of Alcohol Use, Not Suspect of Drug Use",,Motor Vehicle In Transport,,Intersection or Related,Angled/Skewed,Straight,No Defects,"Not Divided, With a Continuous Left-Turn Lane",38.98792871,-77.07704688,"(38.98792871, -77.07704688)"
MCP2008007C,200008730,Montgomery County Police,Property Damage Crash,02/21/2020 04:00:00 PM,No,Interstate (State),North,,5,North,0.88,MILE,LEVEL,EISENHOWER MEMORIAL HWY,ROCKLEDGE BLVD,,N/A,,DRIVER,SAME DIR REAR END,CLEAR,DRY,DAYLIGHT,N/A,NONE DETECTED,,OTHER VEHICLE,OTHER VEHICLE,NON INTERSECTION,N/A,STRAIGHT,NO DEFECTS,"TWO-WAY, DIVIDED, POSITIVE MEDIAN BARRIER",39.03240333,-77.13688833,"(39.03240333, -77.13688833)"
MCP292300BM,240004453,MONTGOMERY,Injury Crash,01/28/2024 12:40:00 PM,No,County Route,Southbound,Lane 1,1,North,48.89,FEET,Level,AMHERST AVE,,,,,UNKNOWN,Front to Rear,Rain,Wet,Daylight,No Controls,"Not Suspect of Alcohol Use, Not Suspect of Drug Use",,Parked Vehicle,,Through Roadway,,Straight,,"Divided, Flush Median (greater than 4ft wide)",39.03363273,-77.04740647,"(39.03363273, -77.04740647)"
MCP9311004C,240031817,MONTGOMERY,Injury Crash,07/06/2024 10:13:00 AM,No,County Route,Southbound,Lane 1,2,North,10.2,FEET,Downhill,MACARTHUR BLVD,,,,Cyclist (non-electric),NONMOTORIST,Single Vehicle,Clear,Dry,Daylight,No Controls,"Not Suspect of Alcohol Use, Not Suspect of Drug Use","Not Suspect of Alcohol Use, Not Suspect of Drug Use",Pedalcycle,Not Applicable,Driveway Access or Related,,Straight,No Defects,"Divided, Flush Median (greater than 4ft wide)",38.98257417,-77.22673683,"(38.98257417, -77.22673683)"
MCP30860060,210043641,Montgomery County Police,Property Damage Crash,10/29/2021 08:59:00 AM,No,County,North,,2,South,0,FEET,HILL CREST,MIDCOUNTY HWY,WASHINGTON GROVE LA,,N/A,,DRIVER,ANGLE MEETS LEFT TURN,RAINING,WET,DAYLIGHT,TRAFFIC SIGNAL,NONE DETECTED,,OTHER VEHICLE,OTHER VEHICLE,INTERSECTION,FOUR-WAY INTERSECTION,STRAIGHT,NO DEFECTS,"TWO-WAY, DIVIDED, UNPROTECTED PAINTED MIN 4 FEET",39.14764667,-77.16912,"(39.14764667, -77.16912)"
MCP2286003C,200041027,Montgomery County Police,Property Damage Crash,10/17/2020 10:37:00 PM,No,Maryland (State),North,,1,East,0,FEET,LEVEL,DARNESTOWN RD,BUCKLODGE RD,,N/A,,DRIVER,SINGLE VEHICLE,CLEAR,DRY,DARK NO LIGHTS,NO CONTROLS,ALCOHOL PRESENT,,OFF ROAD,FIXED OBJECT,INTERSECTION,T-INTERSECTION,STRAIGHT,NO DEFECTS,"TWO-WAY, NOT DIVIDED",39.15029409,-77.36159304,"(39.15029409, -77.36159304)"
MCP1151004M,16024246,Montgomery County Police,Injury Crash,05/16/2016 08:25:00 AM,No,Maryland (State),South,,2,North,15,FEET,GRADE DOWNHILL,GREAT SENECA HWY,LEAMAN FARM RD,,N/A,,DRIVER,SAME DIR REAR END,CLEAR,DRY,N/A,NO CONTROLS,NONE DETECTED,,OTHER VEHICLE,N/A,INTERSECTION RELATED,T-INTERSECTION,STRAIGHT,NO DEFECTS,"TWO-WAY, DIVIDED, POSITIVE MEDIAN BARRIER",39.155895,-77.27691,"(39.155895, -77.27691)"
MCP2588005D,190004199,Montgomery County Police,Injury Crash,01/26/2019 11:32:00 AM,No,Maryland (State),North,,3,North,0,FEET,LEVEL,CONNECTICUT AVE,INDEPENDENCE ST,,N/A,,UNKNOWN,STRAIGHT MOVEMENT ANGLE,CLEAR,N/A,DAYLIGHT,TRAFFIC SIGNAL,NONE DETECTED,,OTHER VEHICLE,OVERTURN,INTERSECTION,FOUR-WAY INTERSECTION,CURVE RIGHT,NO DEFECTS,"TWO-WAY, DIVIDED, POSITIVE MEDIAN BARRIER",39.09296833,-77.079435,"(39.09296833, -77.079435)"
MCP28000049,210009524,Montgomery County Police,Property Damage Crash,03/13/2021 11:11:00 PM,No,County,North,,1,North,0,FEET,LEVEL,NEBEL ST,OLD GEORGETOWN RD,,N/A,,DRIVER,SINGLE VEHICLE,CLEAR,DRY,DARK LIGHTS ON,NO CONTROLS,ALCOHOL PRESENT,,FIXED OBJECT,N/A,INTERSECTION,T-INTERSECTION,STRAIGHT,NO DEFECTS,"TWO-WAY, DIVIDED, POSITIVE MEDIAN BARRIER",39.050375,-77.10902,"(39.050375, -77.10902)"
MCP2455001H,17013594,Montgomery County Police,Injury Crash,03/16/2017 05:46:00 PM,No,Maryland (State),South,,1,North,100,FEET,LEVEL,FALLS RD,FALLS CHAPEL WAY,,N/A,,DRIVER,SAME DIR REAR END,N/A,WET,DAYLIGHT,N/A,N/A,,OTHER VEHICLE,N/A,NON INTERSECTION,N/A,STRAIGHT,OTHER,"TWO-WAY, NOT DIVIDED",39.063458,-77.176185,"(39.063458, -77.176185)"
MCP2436001S,16028741,Montgomery County Police,Injury Crash,06/08/2016 09:43:00 AM,No,Maryland (State),South,,3,South,300,FEET,LEVEL,NEW HAMPSHIRE AVE,OVERLOOK DR,,N/A,,DRIVER,SAME DIR REAR END,CLEAR,DRY,DAYLIGHT,NO CONTROLS,NONE DETECTED,,OTHER VEHICLE,N/A,NON INTERSECTION,N/A,STRAIGHT,NO DEFECTS,"TWO-WAY, DIVIDED, POSITIVE MEDIAN BARRIER",39.02376167,-76.97900667,"(39.02376167, -76.97900667)"
MCP2401000J,16038985,Montgomery County Police,Property Damage Crash,08/02/2016 12:39:00 AM,No,Maryland (State),South,OFF ROAD,4,South,20,FEET,LEVEL,HUNGERFORD DR,ENT TO SHOPPING CENTER,,N/A,,DRIVER,SINGLE VEHICLE,CLEAR,DRY,DARK LIGHTS ON,N/A,NONE DETECTED,,FIXED OBJECT,N/A,NON INTERSECTION,N/A,STRAIGHT,NO DEFECTS,"TWO-WAY, DIVIDED, POSITIVE MEDIAN BARRIER",39.09473476,-77.15343118,"(39.09473476, -77.15343118)"
MCP2420005N,240037229,MONTGOMERY,Property Damage Crash,08/07/2024 02:00:00 PM,No,,,,0,,,FEET,,,,Parking Lot Way        PARKING LOT OF 13400 NEW HAMPSHIRE AVE,,,UNKNOWN,Front to Rear,Clear,,Daylight,,"Not Suspect of Alcohol Use, Not Suspect of Drug Use, Not Suspect of Alcohol Use, Not Suspect of Drug Use",,Motor Vehicle In Transport,Not Applicable,,,,,,39.07589621,-77.00296214,"(39.07589621, -77.00296214)"
MCP3291000K,210013783,Montgomery County Police,Property Damage Crash,04/13/2021 12:45:00 PM,No,County,East,,2,South,5,FEET,LEVEL,CASTLE BLVD,ROAD END,,N/A,,DRIVER,OTHER,CLEAR,DRY,DAYLIGHT,NO CONTROLS,NONE DETECTED,,OTHER VEHICLE,N/A,RESIDENTIAL DRIVEWAY,OTHER,STRAIGHT,NO DEFECTS,"TWO-WAY, NOT DIVIDED",39.08388,-76.94132667,"(39.08388, -76.94132667)"
MCP22140015,240007024,MONTGOMERY,Injury Crash,02/12/2024 03:32:00 PM,No,Maryland (State) Route,"Eastbound, Northbound","Left Turn Lane, Not Applicable","2, 3",South,29.44,FEET,"Downhill, Uphill",CLARKSBURG RD,RAMP 1 FR RAMP 4 (FR IS270) TO MD 121 WB,,,,DRIVER,Angle,Rain,Wet,Daylight,Traffic Control Signal,"Not Suspect of Alcohol Use, Not Suspect of Drug Use, Not Suspect of Alcohol Use, Not Suspect of Drug Use",,Motor Vehicle In Transport,,Entrance/Exit Ramp or Related,,Straight,No Defects,"Divided, Raised Median (curbed)",39.2328061,-77.28374149,"(39.2328061, -77.28374149)"
MCP2984000G,16004981,Montgomery County Police,Injury Crash,01/30/2016 08:48:00 PM,No,County,North,,2,West,0,FEET,LEVEL,BARLEYCORN WAY,CREAMERY HILL DR,,N/A,,DRIVER,STRAIGHT MOVEMENT ANGLE,N/A,DRY,DARK LIGHTS ON,STOP SIGN,NONE DETECTED,,OTHER VEHICLE,OTHER VEHICLE,INTERSECTION,FOUR-WAY INTERSECTION,STRAIGHT,NO DEFECTS,"TWO-WAY, NOT DIVIDED",39.14938667,-77.27153833,"(39.14938667, -77.27153833)"
MCP2286001R,170528030,Montgomery County Police,Property Damage Crash,08/31/2017 05:50:00 PM,No,County,North,,1,West,200,FEET,GRADE DOWNHILL,SOUTHLAWN LA,E GUDE DR,,N/A,,DRIVER,SAME DIR REAR END,CLEAR,DRY,DAYLIGHT,N/A,NONE DETECTED,,OTHER VEHICLE,N/A,OTHER DRIVEWAY,OTHER,STRAIGHT,NO DEFECTS,"TWO-WAY, DIVIDED, POSITIVE MEDIAN BARRIER",39.09841333,-77.13648167,"(39.09841333, -77.13648167)"
MCP2813004V,180022329,Montgomery County Police,Injury Crash,05/06/2018 10:14:00 PM,No,Maryland (State),East,,3,East,0,FEET,LEVEL,UNIVERSITY BLVD W,AMHERST AVE,,N/A,,DRIVER,OPPOSITE DIR BOTH LEFT TURN,CLOUDY,DRY,DARK LIGHTS ON,TRAFFIC SIGNAL,N/A,,OTHER VEHICLE,N/A,INTERSECTION,FOUR-WAY INTERSECTION,STRAIGHT,NO DEFECTS,"TWO-WAY, DIVIDED, POSITIVE MEDIAN BARRIER",39.040905,-77.04732333,"(39.040905, -77.04732333)"
MCP2970002D,17008421,Montgomery County Police,Injury Crash,02/16/2017 12:34:00 PM,No,Maryland (State),West,,2,East,0,FEET,LEVEL,VEIRS MILL RD,ENT TO WHEATON PLAZA,,N/A,,DRIVER,HEAD ON LEFT TURN,CLOUDY,DRY,DAYLIGHT,TRAFFIC SIGNAL,N/A,,OTHER VEHICLE,N/A,N/A,FOUR-WAY INTERSECTION,STRAIGHT,NO DEFECTS,"TWO-WAY, NOT DIVIDED",39.03806667,-77.0528,"(39.03806667, -77.0528)"
MCP2710001H,17005110,Montgomery County Police,Injury Crash,01/29/2017 05:57:00 PM,No,Maryland (State),South,,3,North,100,FEET,LEVEL,FREDERICK RD,ONEILL DR,,GAITHERSBURG,,DRIVER,SAME DIR REAR END,N/A,DRY,DARK LIGHTS ON,N/A,NONE DETECTED,,OTHER VEHICLE,N/A,N/A,N/A,STRAIGHT,NO DEFECTS,"TWO-WAY, DIVIDED, POSITIVE MEDIAN BARRIER",39.12405841,-77.18012452,"(39.12405841, -77.18012452)"
MCP211600FW,230007573,Montgomery County Police,Property Damage Crash,02/14/2023 06:14:00 PM,No,Maryland (State),South,,3,North,150,FEET,LEVEL,LAYHILL RD,HATHAWAY DR,,N/A,,DRIVER,SAME DIR REAR END,CLEAR,DRY,DARK LIGHTS ON,NO CONTROLS,NONE DETECTED,,OTHER VEHICLE,N/A,INTERSECTION RELATED,T-INTERSECTION,STRAIGHT,NO DEFECTS,"TWO-WAY, DIVIDED, POSITIVE MEDIAN BARRIER",39.07478,-77.04605333,"(39.07478, -77.04605333)"
MCP33860010,240026998,MONTGOMERY,Property Damage Crash,06/05/2024 11:50:00 AM,No,,,,0,,,FEET,,,,Parking Lot Way        CURB IN PARKING GARAGE AT BETHESDIAN HOTEL,,,UNKNOWN,Single Vehicle,Clear,,Other,,"Not Suspect of Alcohol Use, Not Suspect of Drug Use",,Curb,,,,,,,38.983507,-77.092953,"(38.983507, -77.092953)"
MCP2843001X,230011837,Montgomery County Police,Injury Crash,03/10/2023 05:28:00 PM,No,County,North,,1,North,0,FEET,LEVEL,WASHINGTON GROVE LA,EMORY GROVE RD,,N/A,,DRIVER,SINGLE VEHICLE,RAINING,WET,DUSK,N/A,NONE DETECTED,,FIXED OBJECT,OVERTURN,NON INTERSECTION,N/A,STRAIGHT,NO DEFECTS,"TWO-WAY, NOT DIVIDED",39.14972,-77.16641,"(39.14972, -77.16641)"
MCP29890011,180050586,Montgomery County Police,Injury Crash,10/09/2018 10:28:00 PM,No,Maryland (State),South,LEFT TURN LANE,3,North,0,FEET,LEVEL,NEW HAMPSHIRE AVE,POWDER MILL RD,,N/A,,DRIVER,SAME DIRECTION LEFT TURN,CLEAR,DRY,DARK LIGHTS ON,TRAFFIC SIGNAL,NONE DETECTED,,OTHER VEHICLE,OTHER VEHICLE,INTERSECTION,FOUR-WAY INTERSECTION,STRAIGHT,NO DEFECTS,"TWO-WAY, DIVIDED, POSITIVE MEDIAN BARRIER",39.02244667,-76.97761667,"(39.02244667, -76.97761667)"
HA2433000K,18000402,Maryland-National Capital,Injury Crash,04/14/2018 07:15:00 PM,No,Government,East,,2,West,5,FEET,LEVEL,SLIGO CREEK PKWY,FOREST GLEN RD,,N/A,,DRIVER,SAME DIR REAR END,N/A,DRY,DUSK,TRAFFIC SIGNAL,N/A,,OTHER VEHICLE,OTHER VEHICLE,INTERSECTION RELATED,FOUR-WAY INTERSECTION,STRAIGHT,NO DEFECTS,"TWO-WAY, NOT DIVIDED",39.01661737,-77.03216472,"(39.01661737, -77.03216472)"
MCP3144001W,210045044,Montgomery County Police,Property Damage Crash,11/07/2021 03:21:00 AM,No,County,West,,5,East,0,FEET,LEVEL,NICHOLSON LA,EXECUTIVE BLVD,,N/A,,DRIVER,STRAIGHT MOVEMENT ANGLE,CLEAR,DRY,DARK LIGHTS ON,FLASHING TRAFFIC SIGNAL,NONE DETECTED,,OTHER VEHICLE,N/A,INTERSECTION,FOUR-WAY INTERSECTION,STRAIGHT,NO DEFECTS,"TWO-WAY, DIVIDED, UNPROTECTED PAINTED MIN 4 FEET",39.04495333,-77.11675333,"(39.04495333, -77.11675333)"
MCP1064008Y,190015592,Montgomery County Police,Injury Crash,04/04/2019 09:55:00 AM,No,County,East,OFF ROAD,2,West,25,FEET,HILL UPHILL,E RANDOLPH RD,SERPENTINE WAY,,N/A,,DRIVER,SINGLE VEHICLE,CLOUDY,DRY,DAYLIGHT,TRAFFIC SIGNAL,N/A,,FIXED OBJECT,FIXED OBJECT,INTERSECTION RELATED,FOUR-WAY INTERSECTION,STRAIGHT,NO DEFECTS,"TWO-WAY, NOT DIVIDED",39.0644,-76.96936833,"(39.0644, -76.96936833)"
MCP2784002V,16057658,Montgomery County Police,Injury Crash,11/08/2016 05:58:00 PM,Yes,County,East,,2,West,25,FEET,LEVEL,NORBECK RD,NORWOOD RD,,N/A,,DRIVER,SAME DIRECTION SIDESWIPE,CLEAR,DRY,DARK LIGHTS ON,TRAFFIC SIGNAL,"NONE DETECTED, UNKNOWN",,OTHER VEHICLE,OTHER VEHICLE,NON INTERSECTION,N/A,STRAIGHT,NO DEFECTS,"TWO-WAY, DIVIDED, POSITIVE MEDIAN BARRIER",39.118745,-77.02170833,"(39.118745, -77.02170833)"
MCP3144002W,240059986,MONTGOMERY,Property Damage Crash,12/15/2024 09:41:00 PM,No,Maryland (State) Route,Northbound,Lane 3,3,South,0,FEET,Level,CONNECTICUT AVE,RAMP 3 FR IS 495 EB TO MD 185 NB,,,,DRIVER,Front to Rear,Rain,Wet,Dark - Lighted,Traffic Control Signal,"Not Suspect of Alcohol Use, Not Suspect of Drug Use, Not Suspect of Alcohol Use, Not Suspect of Drug Use, Not Suspect of Alcohol Use, Not Suspect of Drug Use",,Motor Vehicle In Transport,,Intersection or Related,Angled/Skewed,Straight,No Defects,"Divided, Raised Median (curbed)",39.0048119,-77.07762292,"(39.0048119, -77.07762292)"
MCP3162001L,190002248,Montgomery County Police,Property Damage Crash,01/15/2019 09:50:00 AM,No,Maryland (State),South,,3,North,0,FEET,LEVEL,GEORGIA AVE,EVANS PKWY,,N/A,,DRIVER,SAME DIR REAR END,N/A,WET,DAYLIGHT,NO CONTROLS,NONE DETECTED,,OTHER VEHICLE,N/A,N/A,N/A,STRAIGHT,NO DEFECTS,"TWO-WAY, DIVIDED, POSITIVE MEDIAN BARRIER",39.026675,-77.04673667,"(39.026675, -77.04673667)"
MCP2654000N,15044203,MONTGOMERY,Property Damage Crash,06/27/2015 06:40:00 PM,No,US (State),North,,3,South,100,FEET,LEVEL,COLESVILLE RD,DALE DR,,N/A,,DRIVER,SAME DIR REAR END,RAINING,WET,DAYLIGHT,TRAFFIC SIGNAL,NONE DETECTED,,OTHER VEHICLE,OTHER VEHICLE,NON INTERSECTION,N/A,STRAIGHT,NO DEFECTS,"TWO-WAY, NOT DIVIDED",39.00504508,-77.02298999,"(39.00504508, -77.02298999)"
MCP3356002S,250019590,MONTGOMERY,Property Damage Crash,05/04/2025 05:05:00 PM,,County Route,Southbound,On Ramp,1,North,7.17,FEET,"Downhill, Level",MIDDLEBROOK RD,,,,,UNKNOWN,Front to Rear,Clear,Dry,Daylight,No Controls,"Not Suspect of Alcohol Use, Not Suspect of Drug Use, Not Suspect of Alcohol Use, Not Suspect of Drug Use, Not Suspect of Alcohol Use, Not Suspect of Drug Use, Not Suspect of Alcohol Use, Not Suspect of Drug Use, Unknown, Unknown",,Motor Vehicle In Transport,,Entrance/Exit Ramp or Related,,Straight,No Defects,Not Divided,39.17397723,-77.25019972,"(39.17397723, -77.25019972)"
DM8453000R,17016691,Takoma Park Police Depart,Property Damage Crash,04/02/2017 05:16:00 AM,No,Municipality,North,,1,East,5,FEET,LEVEL,MAPLE AVE,SLIGO CREEK PKWY,,N/A,,DRIVER,SINGLE VEHICLE,CLEAR,DRY,DARK LIGHTS ON,TRAFFIC SIGNAL,UNKNOWN,,FIXED OBJECT,N/A,N/A,FOUR-WAY INTERSECTION,OTHER,NO DEFECTS,"TWO-WAY, NOT DIVIDED",38.98553004,-77.00373977,"(38.98553004, -77.00373977)"
MCP3270001X,220044972,Montgomery County Police,Property Damage Crash,10/14/2022 02:29:00 AM,No,,,,,,,,,,,2 UNIVERSITY BLVD W SILVER SPRING MD,,,DRIVER,OTHER,RAINING,,DARK LIGHTS ON,NO CONTROLS,NONE DETECTED,,PARKED VEHICLE,N/A,,,,,,39.02044167,-77.01326667,"(39.02044167, -77.01326667)"
MCP3091001L,190002158,Montgomery County Police,Property Damage Crash,01/14/2019 04:32:00 PM,No,County,South,,2,South,5,FEET,LEVEL,DUFIEF MILL RD,DUFIEF DR,,N/A,,DRIVER,SAME DIR REAR END,CLEAR,WET,DAYLIGHT,NO CONTROLS,N/A,,OTHER VEHICLE,N/A,N/A,N/A,STRAIGHT,NO DEFECTS,"TWO-WAY, NOT DIVIDED",39.0978,-77.22864667,"(39.0978, -77.22864667)"
MCP3090001Q,180058945,Montgomery County Police,Property Damage Crash,11/25/2018 01:20:00 PM,No,Maryland (State),West,,1,West,0,FEET,HILL UPHILL,CLOPPER RD,STONERIDGE DR,,N/A,,DRIVER,SAME DIR REAR END,CLEAR,DRY,DAYLIGHT,NO CONTROLS,"N/A, NONE DETECTED",,OTHER VEHICLE,N/A,INTERSECTION RELATED,FOUR-WAY INTERSECTION,STRAIGHT,NO DEFECTS,"TWO-WAY, NOT DIVIDED",39.14927167,-77.24074733,"(39.14927167, -77.24074733)"
MCP28720010,15019657,Montgomery County Police,Injury Crash,04/26/2015 09:43:00 AM,No,County,South,,2,North,10,FEET,LEVEL,MONTGOMERY VILLAGE AVE,WALKERS CHOICE RD,,N/A,,DRIVER,SAME DIR REAR END,CLEAR,DRY,DAYLIGHT,TRAFFIC SIGNAL,NONE DETECTED,,OTHER VEHICLE,N/A,INTERSECTION RELATED,FOUR-WAY INTERSECTION,STRAIGHT,NO DEFECTS,"TWO-WAY, DIVIDED, POSITIVE MEDIAN BARRIER",39.161795,-77.20217333,"(39.161795, -77.20217333)"
EJ7839000Z,15064817,GAITHERSBURG,Injury Crash,12/18/2015 10:44:00 PM,No,Maryland (State),West,LEFT TURN LANE,3,North,0,FEET,HILL UPHILL,FREDERICK RD,GAME PRESERVE RD,,N/A,,DRIVER,OPPOSITE DIR BOTH LEFT TURN,CLEAR,DRY,DARK LIGHTS ON,STOP SIGN,NONE DETECTED,,OTHER VEHICLE,N/A,INTERSECTION,FOUR-WAY INTERSECTION,STRAIGHT,NO DEFECTS,"TWO-WAY, DIVIDED, POSITIVE MEDIAN BARRIER",39.16501167,-77.22745167,"(39.16501167, -77.22745167)"
MCP9422000P,170525568,Montgomery County Police,Property Damage Crash,08/18/2017 04:45:00 PM,Yes,US (State),North,,2,North,0.1,MILE,LEVEL,COLUMBIA PIKE,SANDY SPRING RD,,N/A,,DRIVER,SAME DIR REAR END,CLEAR,DRY,DAYLIGHT,NO CONTROLS,"NONE DETECTED, UNKNOWN",,OTHER VEHICLE,N/A,OTHER,N/A,STRAIGHT,NO DEFECTS,"TWO-WAY, DIVIDED, POSITIVE MEDIAN BARRIER",39.12581979,-76.92348808,"(39.12581979, -76.92348808)"
MCP0942001L,180001314,Montgomery County Police,Injury Crash,01/09/2018 03:00:00 PM,No,Maryland (State),South,,3,North,0,FEET,GRADE DOWNHILL,BRADLEY BLVD,GOLDSBORO RD,,N/A,,DRIVER,HEAD ON LEFT TURN,CLEAR,DRY,DAYLIGHT,TRAFFIC SIGNAL,NONE DETECTED,,OTHER VEHICLE,N/A,INTERSECTION,FOUR-WAY INTERSECTION,STRAIGHT,NO DEFECTS,"TWO-WAY, DIVIDED, POSITIVE MEDIAN BARRIER",38.97705733,-77.10624067,"(38.97705733, -77.10624067)"
EJ7866007V,20006178,Gaithersburg Police Depar,Injury Crash,02/06/2020 02:35:00 PM,No,Maryland (State),South,,3,North,20,FEET,HILL UPHILL,FREDERICK RD,WATKINS MILL RD,,GAITHERSBURG,,DRIVER,SAME DIR REAR END,RAINING,WET,DAYLIGHT,TRAFFIC SIGNAL,NONE DETECTED,,OTHER VEHICLE,N/A,INTERSECTION RELATED,FOUR-WAY INTERSECTION,STRAIGHT,NO DEFECTS,"TWO-WAY, DIVIDED, POSITIVE MEDIAN BARRIER",39.15918333,-77.21970167,"(39.15918333, -77.21970167)"
MCP2912000X,15025238,Montgomery County Police,Injury Crash,05/26/2015 07:50:00 AM,No,County,South,,2,North,0,MILE,LEVEL,MACARTHUR BLVD,BRICKYARD RD,,N/A,,DRIVER,SAME DIR REAR END,CLEAR,DRY,DAYLIGHT,NO CONTROLS,NONE DETECTED,,OTHER VEHICLE,N/A,NON INTERSECTION,N/A,STRAIGHT,NO DEFECTS,"TWO-WAY, NOT DIVIDED",38.97885667,-77.21033667,"(38.97885667, -77.21033667)"
MCP27500026,16040189,Montgomery County Police,Property Damage Crash,08/08/2016 04:42:00 PM,No,Maryland (State),East,,4,East,0,FEET,LEVEL,UNIVERSITY BLVD W,DENNIS AVE,,N/A,,DRIVER,SAME DIRECTION SIDESWIPE,CLEAR,DRY,DAYLIGHT,TRAFFIC SIGNAL,NONE DETECTED,,OTHER VEHICLE,OTHER VEHICLE,INTERSECTION,FOUR-WAY INTERSECTION,STRAIGHT,NO DEFECTS,"TWO-WAY, DIVIDED, POSITIVE MEDIAN BARRIER",39.026325,-77.02032167,"(39.026325, -77.02032167)"
MCP2850002B,230001626,Montgomery County Police,Injury Crash,01/11/2023 12:19:00 AM,No,County,East,,1,East,200,FEET,LEVEL,QUAIL VALLEY BLVD,QUAIL VALLEY DR,,N/A,,DRIVER,OTHER,CLEAR,DRY,DARK LIGHTS ON,NO CONTROLS,N/A,,PARKED VEHICLE,PARKED VEHICLE,N/A,N/A,CURVE RIGHT,NO DEFECTS,"TWO-WAY, DIVIDED, UNPROTECTED PAINTED MIN 4 FEET",39.16064667,-77.189025,"(39.16064667, -77.189025)"
EJ786600C2,230022848,Gaithersburg Police Depar,Property Damage Crash,05/12/2023 04:30:00 PM,No,Maryland (State),West,,1,West,500,FEET,GRADE DOWNHILL,CLOPPER RD,ENT TO SENECA STATE PARK,,N/A,,DRIVER,SAME DIR REAR END,N/A,DRY,DAYLIGHT,NO CONTROLS,NONE DETECTED,,OTHER VEHICLE,N/A,N/A,N/A,STRAIGHT,NO DEFECTS,"TWO-WAY, NOT DIVIDED",39.15202865,-77.2472723,"(39.15202865, -77.2472723)"
MCP2460000C,15064077,MONTGOMERY,Property Damage Crash,12/15/2015 03:16:00 PM,No,County,West,,6,East,0,FEET,HILL UPHILL,RANDOLPH RD,GEORGIA AVE,,N/A,,DRIVER,SAME DIR REAR END,CLEAR,DRY,DAYLIGHT,TRAFFIC SIGNAL,NONE DETECTED,,OTHER VEHICLE,N/A,INTERSECTION,FOUR-WAY INTERSECTION,STRAIGHT,NO DEFECTS,"TWO-WAY, NOT DIVIDED",39.05804196,-77.04986572,"(39.05804196, -77.04986572)"