Report Number,Local Case Number,Agency Name,ACRS Report Type,Crash Date/Time,Hit/Run,Route Type,Lane Direction,Lane Type,Number of Lanes,Direction,Distance,Distance Unit,Road Grade,Road Name,Cross-Street Name,Off-Road Description,Municipality,Related Non-Motorist,At Fault,Collision Type,Weather,Surface Condition,Light,Traffic Control,Driver Substance Abuse,Non-Motorist Substance Abuse,First Harmful Event,Second Harmful Event,Junction,Intersection Type,Road Alignment,Road Condition,Road Division,Latitude,Longitude,Location
MCP3124004X,220000546,Montgomery County Police,Property Damage Crash,01/05/2022 02:37:00 PM,No,Maryland (State),West,,3,West,10,FEET,LEVEL,VEIRS MILL RD,CENTERHILL ST,,N/A,,DRIVER,SAME DIR REAR END,CLOUDY,WET,DAYLIGHT,NO CONTROLS,NONE DETECTED,,OTHER VEHICLE,N/A,NON INTERSECTION,N/A,STRAIGHT,N/A,"TWO-WAY, DIVIDED, POSITIVE MEDIAN BARRIER",39.05039833,-77.07258833,"(39.05039833, -77.07258833)"
EJ7851008R,220047854,Gaithersburg Police Depar,Property Damage Crash,10/31/2022 04:45:00 PM,No,Maryland (State),North,,3,South,150,FEET,LEVEL,FREDERICK RD,W DIAMOND AVE,,N/A,,DRIVER,SAME DIR REAR END,RAINING,WET,DAYLIGHT,NO CONTROLS,NONE DETECTED,,OTHER VEHICLE,N/A,INTERSECTION RELATED,FOUR-WAY INTERSECTION,STRAIGHT,NO DEFECTS,"TWO-WAY, DIVIDED, POSITIVE MEDIAN BARRIER",39.13612452,-77.192309,"(39.13612452, -77.192309)"
MCP30760022,190009838,Montgomery County Police,Property Damage Crash,03/02/2019 02:10:00 PM,Yes,County,East,,1,East,0,FEET,LEVEL,THAYER AVE,DALE DR,,N/A,OTHER,DRIVER,SINGLE VEHICLE,CLEAR,DRY,DAYLIGHT,NO CONTROLS,ALCOHOL PRESENT,NONE DETECTED,OFF ROAD,FIXED OBJECT,N/A,N/A,CURVE RIGHT,NO DEFECTS,"TWO-WAY, NOT DIVIDED",38.9942915,-77.01051767,"(38.9942915, -77.01051767)"
MCP93790033,210014060,Montgomery County Police,Property Damage Crash,04/15/2021 11:49:00 AM,No,Maryland (State),West,,2,West,0,FEET,LEVEL,RIVER RD,STONEY CREEK RD,,N/A,,DRIVER,SINGLE VEHICLE,CLEAR,DRY,DAYLIGHT,NO CONTROLS,N/A,,FIXED OBJECT,N/A,INTERSECTION RELATED,T-INTERSECTION,STRAIGHT,NO DEFECTS,"TWO-WAY, NOT DIVIDED",39.04498115,-77.26123397,"(39.04498115, -77.26123397)"
MCP2973001M,16027968,Montgomery County Police,Property Damage Crash,06/04/2016 11:21:00 AM,No,Maryland (State),West,,1,North,500,FEET,LEVEL,CONNECTICUT AVE,INDEPENDENCE ST,,N/A,,DRIVER,HEAD ON,CLOUDY,DRY,DAYLIGHT,NO CONTROLS,NONE DETECTED,,OTHER VEHICLE,OTHER VEHICLE,NON INTERSECTION,N/A,STRAIGHT,NO DEFECTS,"TWO-WAY, NOT DIVIDED",39.07772127,-77.0802176,"(39.07772127, -77.0802176)"
MCP3143003P,220039967,Montgomery County Police,Property Damage Crash,09/14/2022 01:30:00 PM,No,Maryland (State),South,,6,North,0,FEET,LEVEL,ROCKVILLE PIKE,STRATHMORE AVE,,N/A,,DRIVER,SAME DIRECTION SIDESWIPE,CLEAR,DRY,DAYLIGHT,TRAFFIC SIGNAL,NONE DETECTED,,OTHER VEHICLE,N/A,INTERSECTION,FOUR-WAY INTERSECTION,STRAIGHT,NO DEFECTS,"TWO-WAY, DIVIDED, POSITIVE MEDIAN BARRIER",39.03558833,-77.10735833,"(39.03558833, -77.10735833)"
MCP31360062,230017256,Montgomery County Police,Property Damage Crash,04/11/2023 01:04:00 PM,No,Maryland (State),North,,4,North,0,FEET,GRADE DOWNHILL,PINEY BRANCH RD,ARLISS ST,,N/A,,DRIVER,SAME DIRECTION SIDESWIPE,CLEAR,DRY,DAYLIGHT,TRAFFIC SIGNAL,NONE DETECTED,,OTHER VEHICLE,N/A,INTERSECTION,T-INTERSECTION,STRAIGHT,SHOULDER DEFECT,"TWO-WAY, NOT DIVIDED",38.99842547,-77.00105105,"(38.99842547, -77.00105105)"
DD5663000X,240010951,ROCKVILLE,Property Damage Crash,03/06/2024 04:40:00 PM,No,,,,0,,,FEET,,,,"Parking Lot Way        PARKING LOT OF EXXON GAS STATION (225 N WASHINGTON ST., ROCKVILLE, MD)",,,DRIVER,Front to Rear,Rain,,Daylight,,"Not Suspect of Alcohol Use, Not Suspect of Drug Use, Not Suspect of Alcohol Use, Not Suspect of Drug Use",,Motor Vehicle In Transport,,,,,Not Applicable,,39.08635254,-77.15317679,"(39.08635254, -77.15317679)"
DD56310045,210039238,Rockville Police Departme,Property Damage Crash,10/03/2021 04:00:00 AM,Yes,Municipality,North,,1,North,0.25,MILE,LEVEL,BRADLEY AVE,BROADWOOD DR,,ROCKVILLE,,DRIVER,SAME DIR REND LEFT TURN,CLEAR,DRY,DARK LIGHTS ON,N/A,N/A,,PARKED VEHICLE,OTHER VEHICLE,NON INTERSECTION,N/A,STRAIGHT,NO DEFECTS,"TWO-WAY, NOT DIVIDED",39.0838425,-77.1537475,"(39.0838425, -77.1537475)"
MCP1022006R,17016153,Montgomery County Police,Property Damage Crash,03/30/2017 12:26:00 PM,No,,,,,,,,,,,"PARKING LOT IN FRONT OF AUDITORIUM AT CLARKSBURG HIGH SCHOOL 22500 WIMS RD
CLARKSBURG, MD 20871",,,DRIVER,STRAIGHT MOVEMENT ANGLE,CLOUDY,,DAYLIGHT,NO CONTROLS,NONE DETECTED,,PARKED VEHICLE,PARKED VEHICLE,,,,,,39.22675667,-77.26516833,"(39.22675667, -77.26516833)"
MCP33080027,230067252,Montgomery County Police,Injury Crash,11/19/2023 02:57:00 PM,No,,,,,,,,,,,PARKING LOT OF 11160 VEIRS MILL ROAD (WHEATON MALL) IFO OF ENTERANCE DOOR #7,,,DRIVER,SINGLE VEHICLE,CLEAR,,DAYLIGHT,NO CONTROLS,NONE DETECTED,,FIXED OBJECT,N/A,,,,,,39.03776885,-77.05433779,"(39.03776885, -77.05433779)"
MCP32450010,210003148,Montgomery County Police,Injury Crash,01/25/2021 05:15:00 PM,No,Maryland (State),South,,2,North,0,FEET,LEVEL,WOODFIELD RD,LINDBERGH DR,,N/A,,DRIVER,HEAD ON LEFT TURN,RAINING,WET,DUSK,FLASHING TRAFFIC SIGNAL,NONE DETECTED,,OTHER VEHICLE,FIXED OBJECT,INTERSECTION,T-INTERSECTION,STRAIGHT,NO DEFECTS,"TWO-WAY, DIVIDED, POSITIVE MEDIAN BARRIER",39.1675925,-77.15505317,"(39.1675925, -77.15505317)"
MCP3238000S,200032875,Montgomery County Police,Property Damage Crash,08/22/2020 11:11:00 PM,No,County,West,,3,East,0,FEET,LEVEL,RANDOLPH RD,SHERWOOD FOREST DR,,N/A,,DRIVER,STRAIGHT MOVEMENT ANGLE,CLEAR,DRY,DARK LIGHTS ON,STOP SIGN,NONE DETECTED,,OTHER VEHICLE,N/A,INTERSECTION,FOUR-WAY INTERSECTION,STRAIGHT,NO DEFECTS,"TWO-WAY, DIVIDED, POSITIVE MEDIAN BARRIER",39.0733825,-77.00800917,"(39.0733825, -77.00800917)"
MCP0036004L,16036792,Montgomery County Police,Injury Crash,07/20/2016 06:07:00 PM,No,Maryland (State),North,,1,North,0,FEET,GRADE DOWNHILL,BEALLSVILLE RD,ENT TO MARC RAIL STATION - BARNESVILLE,,N/A,,DRIVER,STRAIGHT MOVEMENT ANGLE,CLEAR,DRY,DAYLIGHT,STOP SIGN,NONE DETECTED,,OTHER VEHICLE,N/A,INTERSECTION,T-INTERSECTION,CURVE RIGHT,NO DEFECTS,"TWO-WAY, NOT DIVIDED",39.20991667,-77.382115,"(39.20991667, -77.382115)"
MCP2667007Z,220033766,Montgomery County Police,Property Damage Crash,08/06/2022 11:00:00 AM,No,Maryland (State),North,,3,South,500,FEET,LEVEL,MONTGOMERY VILLAGE AVE,LOST KNIFE RD,,N/A,,DRIVER,SAME DIR REAR END,CLEAR,DRY,DAYLIGHT,N/A,NONE DETECTED,,OTHER VEHICLE,OTHER VEHICLE,N/A,N/A,STRAIGHT,NO DEFECTS,"TWO-WAY, DIVIDED, POSITIVE MEDIAN BARRIER",39.15687333,-77.20580167,"(39.15687333, -77.20580167)"
MCP3069002M,200042986,Montgomery County Police,Property Damage Crash,10/31/2020 05:10:00 PM,Yes,Municipality,West,,1,East,150,FEET,LEVEL,PERRY AVE,CONNECTICUT AVE,,N/A,PEDESTRIAN,BOTH,OTHER,CLEAR,DRY,DAYLIGHT,NO CONTROLS,UNKNOWN,NONE DETECTED,PEDESTRIAN,N/A,NON INTERSECTION,N/A,STRAIGHT,NO DEFECTS,"TWO-WAY, NOT DIVIDED",39.03287421,-77.07435807,"(39.03287421, -77.07435807)"
MCP2892001N,16029031,Montgomery County Police,Injury Crash,06/09/2016 04:43:00 PM,No,,,,,,0,,,,,"PARKING LOT OF ST. JOHN THE EVANGELIST CATHOLIC CHURCH


10201 GEORGIA AVENUE",,PEDESTRIAN,DRIVER,OTHER,N/A,,DAYLIGHT,NO CONTROLS,NONE DETECTED,NONE DETECTED,PEDESTRIAN,N/A,,,,,,39.02362833,-77.0453,"(39.02362833, -77.0453)"
MCP28300046,180054091,Montgomery County Police,Property Damage Crash,10/29/2018 07:00:00 AM,No,Maryland (State),East,,2,East,0,FEET,LEVEL,SPENCERVILLE RD,NEW HAMPSHIRE AVE,,N/A,,DRIVER,STRAIGHT MOVEMENT ANGLE,N/A,DRY,DAWN,TRAFFIC SIGNAL,NONE DETECTED,,OTHER VEHICLE,OVERTURN,INTERSECTION,FOUR-WAY INTERSECTION,STRAIGHT,NO DEFECTS,"TWO-WAY, DIVIDED, POSITIVE MEDIAN BARRIER",39.12091667,-76.98888,"(39.12091667, -76.98888)"
MCP2812005W,210032771,Montgomery County Police,Property Damage Crash,08/22/2021 05:19:00 PM,Yes,,,,,,,,,,,PARKING GARAGE OF 801 ELLSWORTH DRIVE,,,DRIVER,SAME DIRECTION SIDESWIPE,N/A,,DAYLIGHT,NO CONTROLS,N/A,,OTHER VEHICLE,N/A,,,,,,38.98927667,-77.022585,"(38.98927667, -77.022585)"
MCP2975003T,210027709,Montgomery County Police,Property Damage Crash,07/18/2021 03:25:00 AM,No,County,West,,2,West,0,FEET,HILL UPHILL,ENNALLS AVE,GRANDVIEW AVE,,N/A,,DRIVER,STRAIGHT MOVEMENT ANGLE,CLEAR,DRY,DARK LIGHTS ON,NO CONTROLS,NONE DETECTED,,OTHER VEHICLE,N/A,INTERSECTION,FOUR-WAY INTERSECTION,STRAIGHT,NO DEFECTS,"TWO-WAY, NOT DIVIDED",39.03978333,-77.05342333,"(39.03978333, -77.05342333)"
MCP33030025,250024497,MONTGOMERY,Injury Crash,06/02/2025 02:13:00 PM,No,Maryland (State) Route,Southbound,Lane 3,4,East,44.46,FEET,Level,GERMANTOWN RD (SB/L),,,,,DRIVER,Angle,Clear,Dry,Daylight,No Controls,"Not Suspect of Alcohol Use, Not Suspect of Drug Use, Not Suspect of Alcohol Use, Not Suspect of Drug Use",,Motor Vehicle In Transport,,Non-Junction,,Straight,No Defects,"Divided, Raised Median (curbed)",39.18156,-77.261555,"(39.18156, -77.261555)"
MCP91130040,180047167,Montgomery County Police,Injury Crash,09/21/2018 07:43:00 AM,No,Maryland (State),North,,3,North,50,FEET,GRADE DOWNHILL,GEORGIA AVE,HEWITT AVE,,N/A,,DRIVER,SAME DIR REAR END,CLOUDY,DRY,DAYLIGHT,TRAFFIC SIGNAL,NONE DETECTED,,OTHER VEHICLE,N/A,NON INTERSECTION,N/A,STRAIGHT,NO DEFECTS,"TWO-WAY, DIVIDED, POSITIVE MEDIAN BARRIER",39.07771167,-77.070905,"(39.07771167, -77.070905)"
MCP229800NV,19003033,Montgomery County Police,Property Damage Crash,06/25/2019 02:21:00 PM,No,County,North,,2,North,300,FEET,LEVEL,KINGS VALLEY RD,BETHESDA CHURCH RD,,N/A,,DRIVER,SINGLE VEHICLE,CLEAR,DRY,N/A,WARNING SIGN,NONE DETECTED,,FIXED OBJECT,N/A,NON INTERSECTION,N/A,CURVE LEFT,NO DEFECTS,"TWO-WAY, NOT DIVIDED",39.2870145,-77.22168683,"(39.2870145, -77.22168683)"
MCP31610018,190017105,Montgomery County Police,Property Damage Crash,04/12/2019 02:37:00 PM,No,County,West,,1,West,0,FEET,LEVEL,WEXFORD DR,DENFELD AVE,,N/A,,DRIVER,SINGLE VEHICLE,RAINING,WET,DAYLIGHT,NO CONTROLS,NONE DETECTED,,FIXED OBJECT,FIXED OBJECT,INTERSECTION,ROUNDABOUT,STRAIGHT,NO DEFECTS,"TWO-WAY, DIVIDED, POSITIVE MEDIAN BARRIER",39.03673333,-77.08199,"(39.03673333, -77.08199)"
MCP31950044,220053298,Montgomery County Police,Property Damage Crash,12/02/2022 08:36:00 PM,No,County,North,,2,North,100,FEET,HILL UPHILL,GALWAY DR,GALWAY PL,,N/A,,DRIVER,OTHER,CLEAR,DRY,DARK LIGHTS ON,NO CONTROLS,ALCOHOL CONTRIBUTED,,PARKED VEHICLE,PARKED VEHICLE,NON INTERSECTION,N/A,STRAIGHT,NO DEFECTS,"TWO-WAY, NOT DIVIDED",39.05983283,-76.94477117,"(39.05983283, -76.94477117)"
DM8421002J,200012078,Takoma Park Police Depart,Injury Crash,03/11/2020 07:02:00 PM,No,Maryland (State),East,,3,East,0,FEET,LEVEL,UNIVERSITY BLVD E,PRINCE GEORGES CO/L,,N/A,,DRIVER,SAME DIR REAR END,CLEAR,DRY,DAYLIGHT,TRAFFIC SIGNAL,NONE DETECTED,,OTHER VEHICLE,N/A,INTERSECTION,FOUR-WAY INTERSECTION,STRAIGHT,NO DEFECTS,"TWO-WAY, NOT DIVIDED",38.9905365,-76.98939933,"(38.9905365, -76.98939933)"
MCP26900013,15058013,MONTGOMERY,Injury Crash,11/13/2015 06:25:00 PM,No,County,West,,2,North,250,FEET,LEVEL,SNOUFFERS SCHOOL RD,WOODFIELD RD,,N/A,,DRIVER,SAME DIR REAR END,CLOUDY,DRY,DARK NO LIGHTS,NO CONTROLS,NONE DETECTED,,OTHER VEHICLE,OTHER VEHICLE,NON INTERSECTION,N/A,STRAIGHT,NO DEFECTS,"TWO-WAY, DIVIDED, POSITIVE MEDIAN BARRIER",39.16017,-77.16193,"(39.16017, -77.16193)"
MCP29410022,170516263,Montgomery County Police,Injury Crash,06/28/2017 04:55:00 PM,No,Maryland (State),North,,3,North,0,FEET,GRADE DOWNHILL,GEORGIA AVE,FENWICK LA,,N/A,,DRIVER,SAME DIR REAR END,CLEAR,DRY,DAYLIGHT,N/A,NONE DETECTED,,OTHER VEHICLE,N/A,INTERSECTION,T-INTERSECTION,STRAIGHT,NO DEFECTS,"TWO-WAY, DIVIDED, POSITIVE MEDIAN BARRIER",38.99904167,-77.03084667,"(38.99904167, -77.03084667)"
MCP2931004Q,200048422,Montgomery County Police,Property Damage Crash,12/08/2020 07:45:00 PM,Yes,County,West,RIGHT TURN LANE,2,North,0,FEET,LEVEL,E JEFFERSON ST,SPUR TO MONTROSE RD,,N/A,,DRIVER,SAME DIRECTION SIDESWIPE,N/A,DRY,DARK -- UNKNOWN LIGHTING,TRAFFIC SIGNAL,NONE DETECTED,,OTHER VEHICLE,OTHER VEHICLE,INTERSECTION,FOUR-WAY INTERSECTION,CURVE RIGHT,NO DEFECTS,"TWO-WAY, DIVIDED, POSITIVE MEDIAN BARRIER",39.05285167,-77.12650333,"(39.05285167, -77.12650333)"
MCP2995005G,190054379,Montgomery County Police,Injury Crash,11/10/2019 04:32:00 PM,No,County,West,,1,West,200,FEET,LEVEL,PALMIRA LA,LYDIA ST,,N/A,,DRIVER,SAME DIR REAR END,CLEAR,DRY,DAYLIGHT,NO CONTROLS,"ALCOHOL PRESENT, NONE DETECTED",,OTHER VEHICLE,N/A,NON INTERSECTION,N/A,STRAIGHT,NO DEFECTS,"TWO-WAY, NOT DIVIDED",39.07766618,-77.07652118,"(39.07766618, -77.07652118)"
MCP20000014,200031461,Montgomery County Police,Property Damage Crash,08/12/2020 10:14:00 PM,No,Interstate (State),North,,2,South,1,MILE,GRADE DOWNHILL,EISENHOWER MEMORIAL HWY,EXIT FR MSP WEIGH STATION (NB/L),,N/A,,DRIVER,SINGLE VEHICLE,RAINING,WET,DARK NO LIGHTS,NO CONTROLS,NONE DETECTED,,OFF ROAD,FIXED OBJECT,NON INTERSECTION,N/A,STRAIGHT,NO DEFECTS,"TWO-WAY, DIVIDED, POSITIVE MEDIAN BARRIER",39.25407667,-77.3029,"(39.25407667, -77.3029)"
MCP2982000W,16023561,Montgomery County Police,Injury Crash,05/12/2016 11:27:00 AM,No,Maryland (State),North,,3,South,300,FEET,HILL CREST,GEORGIA AVE,BALLARD ST,,N/A,,DRIVER,SAME DIR REAR END,CLOUDY,DRY,DAYLIGHT,NO CONTROLS,NONE DETECTED,,OTHER VEHICLE,N/A,N/A,N/A,STRAIGHT,NO DEFECTS,"TWO-WAY, DIVIDED, POSITIVE MEDIAN BARRIER",39.00124333,-77.033425,"(39.00124333, -77.033425)"
MCP2617008T,200043733,Montgomery County Police,Injury Crash,11/05/2020 07:00:00 PM,No,Maryland (State),North,,3,South,10,FEET,HILL UPHILL,GEORGIA AVE,WENDY LA,,N/A,PEDESTRIAN,NONMOTORIST,OTHER,CLEAR,DRY,DARK -- UNKNOWN LIGHTING,NO CONTROLS,NONE DETECTED,UNKNOWN,PEDESTRIAN,N/A,INTERSECTION RELATED,FOUR-WAY INTERSECTION,STRAIGHT,NO DEFECTS,"TWO-WAY, DIVIDED, POSITIVE MEDIAN BARRIER",39.07968883,-77.07368017,"(39.07968883, -77.07368017)"
MCP158000BV,190037842,Montgomery County Police,Injury Crash,08/08/2019 02:14:00 PM,No,,,,,,,,,,,"PARKING LOT AREA OF 19110 MONTGOMERY VILLAGE AVE.  (BEHIND CVS STORE)   MOTGOMERY VILLAGE, MD 20886",,PEDESTRIAN,DRIVER,OTHER,CLEAR,,DAYLIGHT,N/A,NONE DETECTED,NONE DETECTED,PEDESTRIAN,N/A,,,,,,39.17058,-77.205095,"(39.17058, -77.205095)"
MCP2586002H,17000638,Montgomery County Police,Injury Crash,01/04/2017 05:32:00 PM,No,County,West,,2,North,200,FEET,LEVEL,OLD COLUMBIA PIKE,BURTONSVILLE SCH ACCESS RD (AHEAD),,N/A,,DRIVER,HEAD ON LEFT TURN,CLEAR,DRY,DARK LIGHTS ON,NO CONTROLS,NONE DETECTED,,OTHER VEHICLE,N/A,COMMERCIAL DRIVEWAY,OTHER,STRAIGHT,N/A,"TWO-WAY, NOT DIVIDED",39.10873,-76.93603667,"(39.10873, -76.93603667)"
DD5652003C,230033148,Rockville Police Departme,Property Damage Crash,07/12/2023 08:19:00 AM,No,Municipality,South,,1,East,50,FEET,HILL CREST,ANITA CT,FIRST ST,,N/A,,DRIVER,OTHER,CLEAR,DRY,DAYLIGHT,NO CONTROLS,NONE DETECTED,,FIXED OBJECT,N/A,OTHER,OTHER,STRAIGHT,NO DEFECTS,OTHER,39.08372042,-77.13618104,"(39.08372042, -77.13618104)"
DD5527000R,16052108,Rockville Police Departme,Property Damage Crash,10/10/2016 03:29:00 PM,Yes,Municipality,West,OTHER,0,West,500,FEET,LEVEL,BOUIC AVE,ROCKVILLE PIKE,,N/A,,DRIVER,SAME DIR REAR END,CLEAR,DRY,DAYLIGHT,NO CONTROLS,"NONE DETECTED, UNKNOWN",,OTHER VEHICLE,N/A,NON INTERSECTION,N/A,STRAIGHT,NO DEFECTS,"TWO-WAY, NOT DIVIDED",39.06052667,-77.12192,"(39.06052667, -77.12192)"
MCP211600CQ,210001488,Montgomery County Police,Property Damage Crash,01/12/2021 03:09:00 PM,No,Maryland (State),West,,2,West,100,FEET,HILL UPHILL,DARNESTOWN RD,JONES LA,,N/A,,UNKNOWN,SINGLE VEHICLE,CLEAR,DRY,DAYLIGHT,N/A,NONE DETECTED,,ANIMAL,N/A,NON INTERSECTION,N/A,CURVE RIGHT,NO DEFECTS,"TWO-WAY, NOT DIVIDED",39.11356833,-77.268045,"(39.11356833, -77.268045)"
MCP25650030,16024937,Montgomery County Police,Property Damage Crash,05/19/2016 05:16:00 PM,No,County,South,,3,North,0,FEET,HILL UPHILL,PARKLAWN DR,BOILING BROOK PKWY,,N/A,,DRIVER,SAME DIRECTION SIDESWIPE,CLEAR,DRY,DAYLIGHT,TRAFFIC SIGNAL,NONE DETECTED,,OTHER VEHICLE,OTHER VEHICLE,INTERSECTION,T-INTERSECTION,STRAIGHT,NO DEFECTS,"TWO-WAY, NOT DIVIDED",39.04922333,-77.10246167,"(39.04922333, -77.10246167)"
EJ7850000L,15009181,Gaithersburg Police Depar,Property Damage Crash,02/25/2015 09:12:00 PM,No,Maryland (State),West,,2,East,0,FEET,LEVEL,W DIAMOND AVE,CHESTNUT ST,,GAITHERSBURG,,DRIVER,STRAIGHT MOVEMENT ANGLE,CLEAR,DRY,DARK LIGHTS ON,TRAFFIC SIGNAL,NONE DETECTED,,OTHER VEHICLE,OTHER VEHICLE,INTERSECTION,FOUR-WAY INTERSECTION,STRAIGHT,NO DEFECTS,"TWO-WAY, DIVIDED, POSITIVE MEDIAN BARRIER",39.14021833,-77.204935,"(39.14021833, -77.204935)"
MCP27230068,220008277,Montgomery County Police,Injury Crash,02/25/2022 04:30:00 PM,No,Maryland (State),East,,2,West,100,FEET,LEVEL,VEIRS MILL RD,ARBUTUS AVE,,N/A,,DRIVER,STRAIGHT MOVEMENT ANGLE,CLEAR,DRY,DAYLIGHT,NO CONTROLS,NONE DETECTED,,OTHER VEHICLE,N/A,INTERSECTION RELATED,T-INTERSECTION,STRAIGHT,NO DEFECTS,"TWO-WAY, DIVIDED, UNPROTECTED PAINTED MIN 4 FEET",39.067225,-77.101735,"(39.067225, -77.101735)"
MCP2545001B,240021222,MONTGOMERY,Injury Crash,05/06/2024 10:25:00 AM,No,County Route,Westbound,Other,2,East,23.75,FEET,Level,DAHILL RD,,,,Pedestrian,UNKNOWN,Single Vehicle,Cloudy,Dry,Daylight,No Controls,"Not Suspect of Alcohol Use, Not Suspect of Drug Use","Not Suspect of Alcohol Use, Not Suspect of Drug Use",Pedestrian,,Through Roadway,,Straight,No Defects,Not Divided,39.04790141,-77.08255989,"(39.04790141, -77.08255989)"
DM8376000B,16028773,Takoma Park Police Depart,Property Damage Crash,06/08/2016 01:10:00 PM,No,,,,,,0,,,,,IN PARKING LOT OF 7500 MAPLE AVE,,,DRIVER,SINGLE VEHICLE,CLEAR,,DAYLIGHT,N/A,N/A,,FIXED OBJECT,N/A,,,,,,38.9814,-77.01056667,"(38.9814, -77.01056667)"
MCP23720073,240052206,MONTGOMERY,Injury Crash,11/01/2024 09:26:00 AM,No,Maryland (State) Route,Westbound,Other,3,South,16.25,FEET,Level,RIVER RD (WB/L),,,,,DRIVER,Single Vehicle,Clear,Dry,Daylight,No Controls,"Not Suspect of Alcohol Use, Not Suspect of Drug Use",,Concrete Traffic Barrier,Not Applicable,"Other Location Not Listed Above Within an Interchange Area (median,
shoulder and roadside)",,Straight,No Defects,"Divided, Raised Median (curbed)",38.9916366,-77.15982034,"(38.9916366, -77.15982034)"
MCP28750019,15047197,MONTGOMERY,Property Damage Crash,09/17/2015 08:13:00 PM,No,Maryland (State),North,,2,South,20,FEET,LEVEL,GREAT SENECA HWY,WISTERIA DR,,N/A,,DRIVER,SAME DIR REND RIGHT TURN,CLEAR,DRY,DUSK,TRAFFIC SIGNAL,NONE DETECTED,,OTHER VEHICLE,N/A,INTERSECTION RELATED,FOUR-WAY INTERSECTION,STRAIGHT,NO DEFECTS,"TWO-WAY, DIVIDED, POSITIVE MEDIAN BARRIER",39.17111333,-77.26263333,"(39.17111333, -77.26263333)"
HA2451000P,24001830,MCPARK,Property Damage Crash,09/01/2024 09:40:00 PM,,,,,0,,,FEET,,,,Parking Stall        PARKING LOT,,,DRIVER,Rear To Side,Clear,,Dark - Lighted,,"Suspect of Alcohol Use, Not Suspect of Drug Use",,Motor Vehicle In Transport,,,,,,,39.06621405,-76.97827913,"(39.06621405, -76.97827913)"
MCP3178001W,200016342,Montgomery County Police,Injury Crash,04/18/2020 08:23:00 AM,No,County,West,,1,East,300,FEET,LEVEL,NORWOOD RD,BRYANTS NURSERY RD,,N/A,,DRIVER,HEAD ON,RAINING,WET,DAYLIGHT,NO CONTROLS,NONE DETECTED,,OTHER VEHICLE,FIXED OBJECT,NON INTERSECTION,N/A,STRAIGHT,NO DEFECTS,"TWO-WAY, NOT DIVIDED",39.114535,-77.01553,"(39.114535, -77.01553)"
MCP271700PY,190040375,Montgomery County Police,Property Damage Crash,08/23/2019 02:45:00 PM,No,Maryland (State),South,,3,South,50,FEET,LEVEL,ROCKVILLE PIKE,RAMP 6 FR IS 495 EB TO MD 355 SB,,N/A,,DRIVER,SAME DIR REAR END,CLEAR,DRY,DAYLIGHT,NO CONTROLS,NONE DETECTED,,OTHER VEHICLE,OTHER VEHICLE,NON INTERSECTION,N/A,STRAIGHT,N/A,"TWO-WAY, DIVIDED, POSITIVE MEDIAN BARRIER",39.01747217,-77.10223517,"(39.01747217, -77.10223517)"
DD5641001S,210005028,Rockville Police Departme,Property Damage Crash,02/08/2021 02:50:00 PM,No,Maryland (State),North,,3,North,0,FEET,LEVEL,ROCKVILLE PIKE,ENT TO BUSINESS,,N/A,,DRIVER,STRAIGHT MOVEMENT ANGLE,CLEAR,DRY,DAYLIGHT,TRAFFIC SIGNAL,NONE DETECTED,,OTHER VEHICLE,N/A,INTERSECTION,FOUR-WAY INTERSECTION,STRAIGHT,NO DEFECTS,"TWO-WAY, DIVIDED, POSITIVE MEDIAN BARRIER",39.06956528,-77.1305652,"(39.06956528, -77.1305652)"
MCP2228000S,20002344,Montgomery County Police,Property Damage Crash,01/14/2020 02:45:00 PM,No,Interstate (State),East,ON RAMP,1,South,0.1,MILE,GRADE DOWNHILL,CABIN JOHN PKWY,MACARTHUR BLVD,,N/A,,DRIVER,SINGLE VEHICLE,RAINING,WET,DAYLIGHT,N/A,NONE DETECTED,,N/A,N/A,INTERCHANGE RELATED,N/A,CURVE LEFT,NO DEFECTS,ONE-WAY TRAFFICWAY,38.97045833,-77.14655833,"(38.97045833, -77.14655833)"
MCP2919004F,180008630,Montgomery County Police,Property Damage Crash,02/19/2018 03:33:00 PM,No,US (State),North,,3,North,0,FEET,HILL UPHILL,COLUMBIA PIKE,HILLWOOD DR,,N/A,,DRIVER,SAME DIR REAR END,RAINING,WET,DAYLIGHT,N/A,NONE DETECTED,,OTHER VEHICLE,OTHER VEHICLE,N/A,N/A,STRAIGHT,NO DEFECTS,"TWO-WAY, DIVIDED, POSITIVE MEDIAN BARRIER",39.03268833,-77.00329333,"(39.03268833, -77.00329333)"
MCP2622003D,220045455,Montgomery County Police,Injury Crash,10/17/2022 06:41:00 AM,No,County,North,,1,South,0.1,MILE,HILL UPHILL,BLACKBURN LA,BLACKBURN RD,,N/A,PEDESTRIAN,DRIVER,OTHER,CLEAR,DRY,DAWN,N/A,NONE DETECTED,NONE DETECTED,OFF ROAD,PEDESTRIAN,N/A,N/A,CURVE LEFT,NO DEFECTS,"TWO-WAY, NOT DIVIDED",39.103721,-76.931234,"(39.103721, -76.931234)"
MCP2892004J,180014871,Montgomery County Police,Property Damage Crash,03/26/2018 05:50:00 PM,No,County,North,,1,North,50,FEET,LEVEL,BALLARD ST,ROAD END,,N/A,,DRIVER,OPPOSITE DIRECTION SIDESWIPE,CLEAR,DRY,DAYLIGHT,N/A,NONE DETECTED,,OTHER VEHICLE,N/A,N/A,N/A,STRAIGHT,NO DEFECTS,"TWO-WAY, NOT DIVIDED",38.99840667,-77.03701833,"(38.99840667, -77.03701833)"