Report Number,Local Case Number,Agency Name,ACRS Report Type,Crash Date/Time,Hit/Run,Route Type,Lane Direction,Lane Type,Number of Lanes,Direction,Distance,Distance Unit,Road Grade,Road Name,Cross-Street Name,Off-Road Description,Municipality,Related Non-Motorist,At Fault,Collision Type,Weather,Surface Condition,Light,Traffic Control,Driver Substance Abuse,Non-Motorist Substance Abuse,First Harmful Event,Second Harmful Event,Junction,Intersection Type,Road Alignment,Road Condition,Road Division,Latitude,Longitude,Location
MCP292300D8,240053402,MONTGOMERY,Injury Crash,11/07/2024 07:01:00 AM,No,County Route,Unknown,Lane 1,1,West,22.75,FEET,"Downhill, Level",,,,,,UNKNOWN,Other,Cloudy,Dry,Daylight,No Controls,"Not Suspect of Alcohol Use, Not Suspect of Drug Use, Not Suspect of Alcohol Use, Not Suspect of Drug Use",,Motor Vehicle In Transport,,Driveway Access or Related,,"Curve Left, Curve Right",No Defects,Not Divided,39.06168842,-77.04618115,"(39.06168842, -77.04618115)"
MCP3097002J,220010865,Montgomery County Police,Injury Crash,03/13/2022 07:28:00 PM,No,,North,,1,South,200,FEET,LEVEL,BENTLEY PARK DRIVE,ARBOR WOOD COURT,,N/A,,DRIVER,SINGLE VEHICLE,N/A,DRY,DARK LIGHTS ON,N/A,NONE DETECTED,,OVERTURN,FIXED OBJECT,INTERSECTION RELATED,TRAFFIC CIRCLE,OTHER,NO DEFECTS,ONE-WAY TRAFFICWAY,39.0913,-76.91763,"(39.0913, -76.91763)"
MCP0936002C,170519505,Montgomery County Police,Injury Crash,07/17/2017 06:52:00 AM,No,Maryland (State),South,,3,South,50,FEET,LEVEL,ROCKVILLE PIKE,NORTH DR,,N/A,,DRIVER,SAME DIR REAR END,CLEAR,DRY,DAYLIGHT,N/A,NONE DETECTED,,OTHER VEHICLE,OTHER VEHICLE,INTERSECTION RELATED,FOUR-WAY INTERSECTION,STRAIGHT,NO DEFECTS,"TWO-WAY, DIVIDED, POSITIVE MEDIAN BARRIER",39.00411667,-77.09661167,"(39.00411667, -77.09661167)"
MCP30840065,220037869,Montgomery County Police,Injury Crash,09/01/2022 11:18:00 AM,No,County,North,,3,East,0,FEET,LEVEL,WICKSHIRE WAY,ROCKVILLE PIKE,,N/A,,DRIVER,OTHER,CLEAR,DRY,DAYLIGHT,NO CONTROLS,NONE DETECTED,,OTHER VEHICLE,N/A,NON INTERSECTION,N/A,STRAIGHT,NO DEFECTS,"TWO-WAY, DIVIDED, POSITIVE MEDIAN BARRIER",39.03855333,-77.10872333,"(39.03855333, -77.10872333)"
MCP1151005R,17000511,Montgomery County Police,Injury Crash,01/04/2017 06:36:00 AM,No,Maryland (State),North,,4,North,0,FEET,GRADE DOWNHILL,FREDERICK RD,SHAKESPEARE BLVD,,N/A,,DRIVER,HEAD ON LEFT TURN,FOGGY,WET,DARK LIGHTS ON,TRAFFIC SIGNAL,NONE DETECTED,,OTHER VEHICLE,N/A,INTERSECTION,FOUR-WAY INTERSECTION,STRAIGHT,NO DEFECTS,"TWO-WAY, DIVIDED, POSITIVE MEDIAN BARRIER",39.19819833,-77.2447,"(39.19819833, -77.2447)"
MCP2000000N,170529315,Montgomery County Police,Property Damage Crash,09/07/2017 11:54:00 PM,No,Maryland (State),North,ON RAMP,1,North,10,FEET,LEVEL,OLD HUNDRED RD,RAMP 2 FR MD 109 WB TO IS 270 NB,,N/A,,DRIVER,SINGLE VEHICLE,CLEAR,DRY,DARK NO LIGHTS,N/A,ALCOHOL PRESENT,,FIXED OBJECT,N/A,INTERCHANGE RELATED,N/A,CURVE RIGHT,NO DEFECTS,"TWO-WAY, DIVIDED, POSITIVE MEDIAN BARRIER",39.27868,-77.322365,"(39.27868, -77.322365)"
MCP2805002P,180003350,Montgomery County Police,Property Damage Crash,01/20/2018 06:45:00 PM,No,County,South,,1,North,0,FEET,HILL UPHILL,GOSHEN RD,CENTERWAY RD,,N/A,,DRIVER,SAME DIR REAR END,CLEAR,DRY,DARK LIGHTS ON,TRAFFIC SIGNAL,N/A,,OTHER VEHICLE,OTHER VEHICLE,INTERSECTION,FOUR-WAY INTERSECTION,STRAIGHT,NO DEFECTS,"TWO-WAY, DIVIDED, UNPROTECTED PAINTED MIN 4 FEET",39.17026667,-77.19037667,"(39.17026667, -77.19037667)"
MCP2526000H,15047437,MONTGOMERY,Injury Crash,09/18/2015 09:21:00 PM,No,Municipality,East,,2,North,0,FEET,LEVEL,ELGIN RD,WOOTTON AVE,,POOLESVILLE,,DRIVER,STRAIGHT MOVEMENT ANGLE,CLEAR,DRY,DARK LIGHTS ON,STOP SIGN,NONE DETECTED,,OTHER VEHICLE,N/A,INTERSECTION,T-INTERSECTION,OTHER,NO DEFECTS,"TWO-WAY, NOT DIVIDED",39.1441239,-77.41713524,"(39.1441239, -77.41713524)"
MCP3134003G,220023282,Montgomery County Police,Injury Crash,05/31/2022 03:23:00 PM,No,County,East,,3,South,0,FEET,LEVEL,MCKNEW RD,SANDY SPRING RD,,N/A,,DRIVER,HEAD ON LEFT TURN,CLEAR,DRY,DAYLIGHT,TRAFFIC SIGNAL,N/A,,OTHER VEHICLE,OTHER VEHICLE,INTERSECTION,T-INTERSECTION,STRAIGHT,NO DEFECTS,"TWO-WAY, DIVIDED, POSITIVE MEDIAN BARRIER",39.1061645,-76.91883117,"(39.1061645, -76.91883117)"
MCP06170056,230026667,Montgomery County Police,Property Damage Crash,06/03/2023 01:36:00 PM,No,Maryland (State),West,,1,North,0,FEET,LEVEL,GEORGIA AVE,GOLD MINE RD,,N/A,,DRIVER,STRAIGHT MOVEMENT ANGLE,CLOUDY,DRY,DAYLIGHT,TRAFFIC SIGNAL,NONE DETECTED,,OTHER VEHICLE,N/A,INTERSECTION,FOUR-WAY INTERSECTION,STRAIGHT,NO DEFECTS,"TWO-WAY, DIVIDED, POSITIVE MEDIAN BARRIER",39.17171333,-77.05924,"(39.17171333, -77.05924)"
MCP3170001F,200019470,Montgomery County Police,Injury Crash,05/14/2020 07:26:00 PM,No,County,South,,1,South,0,FEET,GRADE DOWNHILL,MATENY RD,QUIET OAK LA,,N/A,,DRIVER,SAME DIRECTION SIDESWIPE,CLEAR,DRY,DAYLIGHT,STOP SIGN,NONE DETECTED,,OTHER VEHICLE,PARKED VEHICLE,INTERSECTION,T-INTERSECTION,STRAIGHT,NO DEFECTS,"TWO-WAY, NOT DIVIDED",39.16398833,-77.271725,"(39.16398833, -77.271725)"
MCP3075001L,180044200,Montgomery County Police,Injury Crash,09/04/2018 09:15:00 PM,No,Maryland (State),North,,3,North,0.75,MILE,LEVEL,FREDERICK RD,HIGH POINT DR,,N/A,,DRIVER,OTHER,N/A,DRY,DARK LIGHTS ON,N/A,N/A,,OTHER VEHICLE,N/A,N/A,N/A,STRAIGHT,NO DEFECTS,"TWO-WAY, DIVIDED, POSITIVE MEDIAN BARRIER",39.16899667,-77.23400333,"(39.16899667, -77.23400333)"
MCP3094000Z,190014960,Montgomery County Police,Property Damage Crash,03/31/2019 11:36:00 PM,No,Municipality,North,,1,South,300,FEET,GRADE DOWNHILL,PARK AVE,BROOKS AVE,,GAITHERSBURG,,DRIVER,SAME DIR REAR END,CLEAR,DRY,DARK LIGHTS ON,N/A,NONE DETECTED,,OTHER VEHICLE,N/A,N/A,N/A,STRAIGHT,NO DEFECTS,"TWO-WAY, NOT DIVIDED",39.1435115,-77.194955,"(39.1435115, -77.194955)"
MCP1400001Q,240030694,MONTGOMERY,Property Damage Crash,06/29/2024 03:43:00 AM,No,County Route,"Northbound, Southbound","Lane 1, Shoulder Area","0, 1",West,55.91,FEET,Level,BUEHLER RD,,,,,UNKNOWN,"Sideswipe, Opposite Direction",Clear,Dry,Dark - Lighted,No Controls,"Suspect of Alcohol Use, Not Suspect of Drug Use",,Parked Vehicle,Parked Vehicle,Non-Junction,,Straight,No Defects,Not Divided,39.14419574,-77.06165515,"(39.14419574, -77.06165515)"
MCP00360041,16022399,Montgomery County Police,Property Damage Crash,05/06/2016 09:20:00 AM,No,County,West,,2,East,40,FEET,LEVEL,HIGH CORNER ST,LEWIS DR,,N/A,,DRIVER,STRAIGHT MOVEMENT ANGLE,RAINING,WET,DAYLIGHT,NO CONTROLS,NONE DETECTED,,OTHER VEHICLE,N/A,COMMERCIAL DRIVEWAY,FOUR-WAY INTERSECTION,STRAIGHT,NO DEFECTS,"TWO-WAY, NOT DIVIDED",39.28978345,-77.20559478,"(39.28978345, -77.20559478)"
MCP3019005H,250000391,MONTGOMERY,Property Damage Crash,01/03/2025 05:20:00 PM,No,County Route,Eastbound,Lane 1,2,North,7.78,FEET,Downhill,NICHOLSON LA,,,,,UNKNOWN,Front to Rear,Snow,Snow,Dusk,No Controls,"Not Suspect of Alcohol Use, Not Suspect of Drug Use, Not Suspect of Alcohol Use, Not Suspect of Drug Use",,Motor Vehicle In Transport,,Non-Junction,,Curve Left,No Defects,"Not Divided, Not Divided, With a Continuous Left-Turn Lane",39.04751767,-77.102089,"(39.04751767, -77.102089)"
DD56440024,210050998,Rockville Police Departme,Property Damage Crash,12/15/2021 02:30:00 PM,No,Maryland (State),West,,3,East,0,FEET,LEVEL,NORBECK RD,AVERY RD,,ROCKVILLE,,DRIVER,STRAIGHT MOVEMENT ANGLE,CLEAR,DRY,DAYLIGHT,TRAFFIC SIGNAL,NONE DETECTED,,OTHER VEHICLE,OTHER VEHICLE,INTERSECTION,T-INTERSECTION,STRAIGHT,NO DEFECTS,"TWO-WAY, DIVIDED, POSITIVE MEDIAN BARRIER",39.09295641,-77.12273096,"(39.09295641, -77.12273096)"
MCP3258001R,210047429,Montgomery County Police,Property Damage Crash,11/22/2021 12:30:00 PM,No,Maryland (State),South,,3,South,100,FEET,LEVEL,GEORGIA AVE,VEIRS MILL RD,,N/A,,UNKNOWN,SAME DIRECTION SIDESWIPE,CLEAR,DRY,DAYLIGHT,TRAFFIC SIGNAL,N/A,,OTHER VEHICLE,N/A,INTERSECTION RELATED,Y-INTERSECTION,STRAIGHT,NO DEFECTS,"TWO-WAY, DIVIDED, POSITIVE MEDIAN BARRIER",39.03437667,-77.04930833,"(39.03437667, -77.04930833)"
MCP2738003L,200022467,Montgomery County Police,Property Damage Crash,06/07/2020 06:50:00 PM,No,,,,,,,,,,,2731 CORNET COURT (PRIVATE DRIVEWAY),,,DRIVER,SINGLE VEHICLE,CLEAR,,DARK LIGHTS ON,NO CONTROLS,N/A,,FIXED OBJECT,FIXED OBJECT,,,,,,39.07338133,-76.954139,"(39.07338133, -76.954139)"
MCP3160003X,220046874,Montgomery County Police,Injury Crash,10/25/2022 05:00:00 PM,No,County,West,,1,West,0,FEET,LEVEL,RUGBY AVE,DEL RAY AVE,,N/A,,UNKNOWN,SAME DIR REAR END,CLEAR,DRY,DAYLIGHT,NO CONTROLS,NONE DETECTED,,PARKED VEHICLE,N/A,N/A,T-INTERSECTION,STRAIGHT,NO DEFECTS,"TWO-WAY, NOT DIVIDED",38.99611333,-77.040295,"(38.99611333, -77.040295)"
MCP2353003T,170502934,Montgomery County Police,Injury Crash,04/19/2017 11:14:00 AM,No,Maryland (State),South,,3,North,200,UNKNOWN,LEVEL,ROCKVILLE PIKE,ENT TO SHOPPING CENTER,,N/A,,DRIVER,SAME DIR REAR END,CLOUDY,DRY,DAYLIGHT,TRAFFIC SIGNAL,N/A,,OTHER VEHICLE,OTHER VEHICLE,N/A,N/A,STRAIGHT,NO DEFECTS,"TWO-WAY, DIVIDED, POSITIVE MEDIAN BARRIER",39.04284167,-77.11107333,"(39.04284167, -77.11107333)"
MCP2930005F,250022544,MONTGOMERY,Property Damage Crash,05/21/2025 04:21:00 PM,No,Local Route,Northbound,Lane 3,3,North,23.72,FEET,Level,GLENMONT SHOPPING CTR CUT THRU CUT,,,,,UNKNOWN,Front to Front,Rain,Wet,Daylight,No Controls,"Not Suspect of Alcohol Use, Not Suspect of Drug Use, Not Suspect of Alcohol Use, Not Suspect of Drug Use",,Motor Vehicle In Transport,,Driveway Access or Related,,Straight,No Defects,"Divided, Flush Median (greater than 4ft wide)",39.05942131,-77.05029422,"(39.05942131, -77.05029422)"
MCP2730004S,240058549,MONTGOMERY,Property Damage Crash,12/07/2024 02:00:00 PM,No,County Route,"Eastbound, Northbound, Southbound","Lane 1, Lane 2, Left Turn Lane","1, 3",South,0,FEET,"Level, Uphill",CENTURY BLVD,MIDDLEBROOK RD,,,,DRIVER,Angle,Clear,Dry,Daylight,Traffic Control Signal,"Not Suspect of Alcohol Use, Not Suspect of Drug Use, Not Suspect of Alcohol Use, Not Suspect of Drug Use, Not Suspect of Alcohol Use, Not Suspect of Drug Use",,Motor Vehicle In Transport,Motor Vehicle In Transport,Intersection or Related,Perpendicular,Straight,No Defects,"Divided, Raised Median (curbed), Not Divided",39.18021023,-77.26865039,"(39.18021023, -77.26865039)"
MCP2016000X,15063049,MONTGOMERY,Property Damage Crash,12/10/2015 08:22:00 AM,No,Municipality,West,,2,West,0,FEET,HILL UPHILL,WOOTTON PKWY,TOWER OAKS BLVD,,ROCKVILLE,,DRIVER,HEAD ON LEFT TURN,CLEAR,WET,DAYLIGHT,TRAFFIC SIGNAL,N/A,,OTHER VEHICLE,N/A,INTERSECTION,FOUR-WAY INTERSECTION,STRAIGHT,N/A,"TWO-WAY, DIVIDED, POSITIVE MEDIAN BARRIER",39.06696667,-77.153925,"(39.06696667, -77.153925)"
MCP2885000S,15009638,Montgomery County Police,Property Damage Crash,02/28/2015 03:02:00 PM,No,Maryland (State),West,,4,East,0,FEET,LEVEL,UNIVERSITY BLVD W,MIDVAIL AVE,,N/A,,DRIVER,ANGLE MEETS LEFT HEAD ON,CLEAR,DRY,DAYLIGHT,STOP SIGN,NONE DETECTED,,OTHER VEHICLE,N/A,INTERSECTION,T-INTERSECTION,STRAIGHT,NO DEFECTS,"TWO-WAY, DIVIDED, POSITIVE MEDIAN BARRIER",39.03842,-77.05846667,"(39.03842, -77.05846667)"
MCP93010015,16056074,Montgomery County Police,Injury Crash,10/31/2016 02:45:00 PM,No,County,West,,4,East,0,FEET,LEVEL,DARNESTOWN RD,GREAT SENECA HWY,,N/A,,DRIVER,SAME DIR REAR END,N/A,DRY,DAYLIGHT,TRAFFIC SIGNAL,N/A,,OTHER VEHICLE,N/A,INTERSECTION,T-INTERSECTION,STRAIGHT,NO DEFECTS,"TWO-WAY, DIVIDED, UNPROTECTED PAINTED MIN 4 FEET",39.09658333,-77.20332167,"(39.09658333, -77.20332167)"
MCP2594001R,16039023,Montgomery County Police,Property Damage Crash,08/02/2016 09:47:00 AM,No,Maryland (State),North,,2,North,0,FEET,LEVEL,LAYHILL RD,INDIAN SPRING RD,,N/A,,DRIVER,SAME DIRECTION SIDESWIPE,CLEAR,DRY,DAYLIGHT,TRAFFIC SIGNAL,NONE DETECTED,,OTHER VEHICLE,FIXED OBJECT,INTERSECTION,FOUR-WAY INTERSECTION,STRAIGHT,NO DEFECTS,"TWO-WAY, DIVIDED, POSITIVE MEDIAN BARRIER",39.07737562,-77.04608917,"(39.07737562, -77.04608917)"
MCP2694001P,15041349,MONTGOMERY,Property Damage Crash,08/18/2015 05:45:00 PM,Yes,Maryland (State),North,,3,South,50,FEET,LEVEL,OLD GEORGETOWN RD,RAMP 1 FR MD 187 NB TO RAMP 8 (TO IS495),,N/A,,DRIVER,SAME DIRECTION SIDESWIPE,CLEAR,DRY,DAYLIGHT,NO CONTROLS,"NONE DETECTED, UNKNOWN",,OTHER VEHICLE,N/A,NON INTERSECTION,N/A,STRAIGHT,NO DEFECTS,"TWO-WAY, DIVIDED, POSITIVE MEDIAN BARRIER",39.01654334,-77.11952269,"(39.01654334, -77.11952269)"
MCP30060009,16001945,Montgomery County Police,Property Damage Crash,01/11/2016 02:18:00 PM,No,County,East,,3,East,0,FEET,HILL UPHILL,RANDOLPH RD,GRANDVIEW AVE,,N/A,,DRIVER,SAME DIR REAR END,CLEAR,DRY,DAYLIGHT,NO CONTROLS,NONE DETECTED,,OTHER VEHICLE,N/A,INTERSECTION,T-INTERSECTION,STRAIGHT,NO DEFECTS,"TWO-WAY, DIVIDED, POSITIVE MEDIAN BARRIER",39.05740833,-77.05176167,"(39.05740833, -77.05176167)"
MCP2777002L,16021932,Montgomery County Police,Property Damage Crash,05/03/2016 09:41:00 PM,No,Maryland (State),West,,4,West,0,FEET,LEVEL,EAST WEST HWY (W/B COUPLET),WAVERLY ST,,N/A,,DRIVER,SAME DIRECTION SIDESWIPE,CLEAR,DRY,DARK LIGHTS ON,TRAFFIC SIGNAL,NONE DETECTED,,OTHER VEHICLE,N/A,NON INTERSECTION,N/A,OTHER,NO DEFECTS,ONE-WAY TRAFFICWAY,38.98486,-77.09267,"(38.98486, -77.09267)"
MCP29820029,180049508,Montgomery County Police,Property Damage Crash,10/03/2018 08:17:00 PM,No,US (State),North,,3,North,3,FEET,LEVEL,COLESVILLE RD,DALE DR,,N/A,,DRIVER,SAME DIR REAR END,CLEAR,DRY,DARK LIGHTS ON,TRAFFIC SIGNAL,NONE DETECTED,,OTHER VEHICLE,N/A,NON INTERSECTION,N/A,STRAIGHT,NO DEFECTS,"TWO-WAY, NOT DIVIDED",39.00536833,-77.02293,"(39.00536833, -77.02293)"
MCP3351001W,230070686,Montgomery County Police,Property Damage Crash,12/08/2023 05:00:00 PM,Yes,County,West,,2,North,0,FEET,LEVEL,FAIRLAND RD,COLUMBIA PIKE,,N/A,,DRIVER,SAME DIRECTION LEFT TURN,CLEAR,DRY,DUSK,TRAFFIC SIGNAL,"NONE DETECTED, UNKNOWN",,OTHER VEHICLE,N/A,INTERSECTION,FOUR-WAY INTERSECTION,STRAIGHT,NO DEFECTS,"TWO-WAY, DIVIDED, POSITIVE MEDIAN BARRIER",39.07321916,-76.95565292,"(39.07321916, -76.95565292)"
MCP32820018,220018297,Montgomery County Police,Injury Crash,04/29/2022 09:53:00 PM,No,Maryland (State),North,,3,North,0,FEET,LEVEL,GERMANTOWN RD,CRYSTAL ROCK DR,,N/A,,DRIVER,HEAD ON LEFT TURN,CLEAR,DRY,DARK LIGHTS ON,TRAFFIC SIGNAL,NONE DETECTED,,OTHER VEHICLE,N/A,INTERSECTION,FOUR-WAY INTERSECTION,STRAIGHT,NO DEFECTS,"TWO-WAY, DIVIDED, POSITIVE MEDIAN BARRIER",39.18093,-77.26225,"(39.18093, -77.26225)"
MCP3187000S,190038072,Montgomery County Police,Injury Crash,08/09/2019 09:50:00 PM,No,Maryland (State),North,,3,North,0,FEET,LEVEL,GEORGIA AVE,WINDHAM LA,,N/A,,DRIVER,SAME DIR REAR END,CLEAR,DRY,DARK LIGHTS ON,TRAFFIC SIGNAL,NONE DETECTED,,OTHER VEHICLE,OTHER VEHICLE,INTERSECTION,FOUR-WAY INTERSECTION,STRAIGHT,NO DEFECTS,"TWO-WAY, DIVIDED, POSITIVE MEDIAN BARRIER",39.03124667,-77.04803833,"(39.03124667, -77.04803833)"
MCP2657001Z,180029489,Montgomery County Police,Property Damage Crash,06/15/2018 12:47:00 AM,No,US (State),North,,3,North,0,FEET,LEVEL,COLUMBIA PIKE,FAIRLAND RD,,N/A,,DRIVER,STRAIGHT MOVEMENT ANGLE,CLEAR,DRY,DARK LIGHTS ON,TRAFFIC SIGNAL,"ALCOHOL PRESENT, N/A",,OTHER VEHICLE,N/A,INTERSECTION,FOUR-WAY INTERSECTION,STRAIGHT,NO DEFECTS,"TWO-WAY, DIVIDED, POSITIVE MEDIAN BARRIER",39.0734,-76.95536667,"(39.0734, -76.95536667)"
MCP13340060,18001230,Montgomery County Police,Property Damage Crash,01/09/2018 07:00:00 AM,No,Municipality,North,,2,North,0.75,MILE,GRADE DOWNHILL,W WATKINS MILL RD,CLOPPER RD,,N/A,,DRIVER,SAME DIRECTION SIDESWIPE,N/A,ICE,DAWN,WARNING SIGN,NONE DETECTED,,PARKED VEHICLE,N/A,INTERSECTION RELATED,N/A,STRAIGHT,N/A,"TWO-WAY, DIVIDED, POSITIVE MEDIAN BARRIER",39.1548258,-77.22843245,"(39.1548258, -77.22843245)"
MCP34140016,240054048,MONTGOMERY,Property Damage Crash,11/10/2024 08:56:00 PM,,Maryland (State) Route,Northbound,"Lane 2, Lane 3",4,East,12.61,FEET,Level,NEW HAMPSHIRE AVE,,,,,UNKNOWN,"Sideswipe, Same Direction",Rain,Wet,Dark - Lighted,Traffic Control Signal,"Not Suspect of Alcohol Use, Not Suspect of Drug Use, Unknown, Unknown",,Motor Vehicle In Transport,,Non-Junction,,Straight,No Defects,"Divided, Raised Median (curbed)",39.01137357,-76.97888672,"(39.01137357, -76.97888672)"
MCP3130005Y,230004804,Montgomery County Police,Property Damage Crash,01/30/2023 06:07:00 AM,Yes,Maryland (State),North,,3,South,50,FEET,LEVEL,GEORGIA AVE,NORBECK RD,,N/A,,DRIVER,SAME DIRECTION SIDESWIPE,CLEAR,DRY,N/A,TRAFFIC SIGNAL,"NONE DETECTED, UNKNOWN",,OTHER VEHICLE,N/A,INTERSECTION RELATED,FOUR-WAY INTERSECTION,STRAIGHT,NO DEFECTS,"TWO-WAY, DIVIDED, POSITIVE MEDIAN BARRIER",39.111008,-77.0749165,"(39.111008, -77.0749165)"
MCP1233004Q,220043865,Montgomery County Police,Injury Crash,10/07/2022 03:26:00 PM,No,Maryland (State),South,,3,North,0,FEET,LEVEL,CONNECTICUT AVE,PLYERS MILL RD,,N/A,,DRIVER,STRAIGHT MOVEMENT ANGLE,CLEAR,DRY,DAYLIGHT,TRAFFIC SIGNAL,NONE DETECTED,,OTHER VEHICLE,N/A,INTERSECTION,T-INTERSECTION,STRAIGHT,NO DEFECTS,"TWO-WAY, DIVIDED, POSITIVE MEDIAN BARRIER",39.029735,-77.07641333,"(39.029735, -77.07641333)"
MCP10990038,200026804,Montgomery County Police,Injury Crash,07/10/2020 02:25:00 PM,No,Maryland (State),South,,2,North,0,FEET,LEVEL,MIDCOUNTY HWY,PIER POINT PL,,N/A,,DRIVER,HEAD ON LEFT TURN,CLEAR,DRY,DAYLIGHT,NO CONTROLS,NONE DETECTED,,OTHER VEHICLE,N/A,INTERSECTION,T-INTERSECTION,STRAIGHT,NO DEFECTS,"TWO-WAY, DIVIDED, POSITIVE MEDIAN BARRIER",39.15938833,-77.19838833,"(39.15938833, -77.19838833)"
MCP31480028,190059352,Montgomery County Police,Property Damage Crash,12/09/2019 04:16:00 PM,No,County,South,,2,North,50,FEET,LEVEL,PARKLAWN DR,COAKLEY CIR,,N/A,,DRIVER,SAME DIR REAR END,RAINING,WET,DUSK,N/A,NONE DETECTED,,OTHER VEHICLE,N/A,N/A,N/A,CURVE RIGHT,NO DEFECTS,"TWO-WAY, DIVIDED, UNPROTECTED PAINTED MIN 4 FEET",39.05038517,-77.1041455,"(39.05038517, -77.1041455)"
MCP2674000T,180040086,Montgomery County Police,Injury Crash,08/12/2018 04:10:00 PM,No,County,West,,3,East,0,FEET,LEVEL,MIDDLEBROOK RD,FREDERICK RD,,N/A,,DRIVER,HEAD ON LEFT TURN,RAINING,WET,DAYLIGHT,TRAFFIC SIGNAL,NONE DETECTED,,OTHER VEHICLE,OTHER VEHICLE,INTERSECTION,FOUR-WAY INTERSECTION,STRAIGHT,NO DEFECTS,"TWO-WAY, DIVIDED, POSITIVE MEDIAN BARRIER",39.18102667,-77.23886667,"(39.18102667, -77.23886667)"
MCP29040039,170505518,Montgomery County Police,Injury Crash,05/02/2017 06:27:00 PM,No,County,North,,1,North,10,FEET,LEVEL,CARROLL AVE,11TH AVE,,N/A,,DRIVER,HEAD ON,N/A,N/A,DAYLIGHT,NO CONTROLS,NONE DETECTED,,FIXED OBJECT,OTHER VEHICLE,N/A,N/A,STRAIGHT,NO DEFECTS,"TWO-WAY, DIVIDED, POSITIVE MEDIAN BARRIER",38.99694333,-76.99184833,"(38.99694333, -76.99184833)"
MCP2770003L,230063993,Montgomery County Police,Property Damage Crash,11/02/2023 02:50:00 AM,No,County,North,,2,North,10,FEET,LEVEL,MONTGOMERY VILLAGE AVE,MEADOWCROFT LA,,N/A,,DRIVER,STRAIGHT MOVEMENT ANGLE,N/A,DRY,DUSK,NO CONTROLS,"N/A, NONE DETECTED",,OTHER VEHICLE,N/A,INTERSECTION RELATED,FOUR-WAY INTERSECTION,STRAIGHT,N/A,"TWO-WAY, NOT DIVIDED",39.18449667,-77.19876833,"(39.18449667, -77.19876833)"
MCP22900012,170546465,Montgomery County Police,Property Damage Crash,12/04/2017 08:07:00 AM,No,County,West,,2,North,0,FEET,LEVEL,SHADY GROVE RD,CRABBS BRANCH WAY,,N/A,,DRIVER,SAME DIR REAR END,CLEAR,DRY,DAYLIGHT,TRAFFIC SIGNAL,NONE DETECTED,,OTHER VEHICLE,N/A,INTERSECTION,FOUR-WAY INTERSECTION,STRAIGHT,NO DEFECTS,"TWO-WAY, DIVIDED, POSITIVE MEDIAN BARRIER",39.12886361,-77.16750439,"(39.12886361, -77.16750439)"
MCP3220004J,230071551,Montgomery County Police,Injury Crash,12/13/2023 05:37:00 PM,No,County,North,,2,North,0,FEET,LEVEL,MUDDY BRANCH RD,HARMONY HALL RD,,N/A,,DRIVER,STRAIGHT MOVEMENT ANGLE,CLEAR,DRY,DUSK,TRAFFIC SIGNAL,NONE DETECTED,,OTHER VEHICLE,N/A,INTERSECTION,FOUR-WAY INTERSECTION,STRAIGHT,NO DEFECTS,"TWO-WAY, DIVIDED, POSITIVE MEDIAN BARRIER",39.13650267,-77.2054085,"(39.13650267, -77.2054085)"
MCP3269000K,210093507,Montgomery County Police,Property Damage Crash,04/19/2021 01:06:00 PM,Yes,County,East,,2,East,0,FEET,LEVEL,BROADBIRCH DR,PLUM ORCHARD DR,,N/A,,DRIVER,SAME DIR REAR END,CLEAR,DRY,DAYLIGHT,TRAFFIC SIGNAL,NONE DETECTED,,OTHER VEHICLE,N/A,INTERSECTION,FOUR-WAY INTERSECTION,STRAIGHT,NO DEFECTS,"TWO-WAY, DIVIDED, UNPROTECTED PAINTED MIN 4 FEET",39.05556017,-76.95729429,"(39.05556017, -76.95729429)"
MCP26660054,210027629,Montgomery County Police,Injury Crash,07/17/2021 02:30:00 PM,No,County,South,,2,North,15,FEET,GRADE DOWNHILL,MANCHESTER RD,PINEY BRANCH RD,,N/A,,DRIVER,SAME DIR REAR END,CLOUDY,DRY,DAYLIGHT,STOP SIGN,NONE DETECTED,,OTHER VEHICLE,N/A,INTERSECTION RELATED,T-INTERSECTION,STRAIGHT,NO DEFECTS,"TWO-WAY, DIVIDED, UNPROTECTED PAINTED MIN 4 FEET",38.9973355,-77.00551567,"(38.9973355, -77.00551567)"
DD56570021,240029615,ROCKVILLE,Injury Crash,06/22/2024 04:34:00 PM,No,Maryland (State) Route,Northbound,Lane 1,3,West,6.2,FEET,Level,FREDERICK RD,,,,Pedestrian,DRIVER,Single Vehicle,Clear,Dry,Daylight,Traffic Control Signal,"Not Suspect of Alcohol Use, Not Suspect of Drug Use","Not Suspect of Alcohol Use, Not Suspect of Drug Use",Pedestrian,,Non-Junction,,Straight,,"Divided, Raised Median (curbed)",39.11742428,-77.16901823,"(39.11742428, -77.16901823)"
MCP3158003P,210040226,Montgomery County Police,Property Damage Crash,10/08/2021 04:29:00 PM,No,County,North,,2,North,0.25,MILE,LEVEL,AIRPARK RD,MUNCASTER MILL RD,,N/A,,DRIVER,SAME DIR REAR END,CLEAR,DRY,DAYLIGHT,NO CONTROLS,NONE DETECTED,,OTHER VEHICLE,N/A,N/A,N/A,STRAIGHT,NO DEFECTS,"TWO-WAY, DIVIDED, POSITIVE MEDIAN BARRIER",39.14984,-77.14558667,"(39.14984, -77.14558667)"