Report Number,Local Case Number,Agency Name,ACRS Report Type,Crash Date/Time,Hit/Run,Route Type,Lane Direction,Lane Type,Number of Lanes,Direction,Distance,Distance Unit,Road Grade,Road Name,Cross-Street Name,Off-Road Description,Municipality,Related Non-Motorist,At Fault,Collision Type,Weather,Surface Condition,Light,Traffic Control,Driver Substance Abuse,Non-Motorist Substance Abuse,First Harmful Event,Second Harmful Event,Junction,Intersection Type,Road Alignment,Road Condition,Road Division,Latitude,Longitude,Location
MCP3139002Y,210046365,Montgomery County Police,Property Damage Crash,11/15/2021 03:18:00 PM,Yes,Maryland (State),West,,3,West,200,FEET,LEVEL,UNIVERSITY BLVD W,DENNIS AVE,,N/A,,UNKNOWN,UNKNOWN,CLEAR,DRY,DAYLIGHT,TRAFFIC SIGNAL,UNKNOWN,,OTHER VEHICLE,PARKED VEHICLE,N/A,FOUR-WAY INTERSECTION,STRAIGHT,NO DEFECTS,"TWO-WAY, DIVIDED, POSITIVE MEDIAN BARRIER",39.025655,-77.01978167,"(39.025655, -77.01978167)"
MCP2107004S,240001853,MONTGOMERY,Property Damage Crash,01/12/2024 07:09:00 AM,No,Maryland (State) Route,Northbound,Lane 1,1,North,0,FEET,Level,,VALLEY PARK DR,,,,UNKNOWN,Single Vehicle,Clear,Dry,Daylight,No Controls,"Not Suspect of Alcohol Use, Not Suspect of Drug Use, Not Suspect of Alcohol Use, Not Suspect of Drug Use",,Tree (standing),Motor Vehicle In Transport,Intersection or Related,Perpendicular,Straight,,Not Divided,39.27833938,-77.20376546,"(39.27833938, -77.20376546)"
MCP2680002Y,190004307,Montgomery County Police,Injury Crash,01/27/2019 07:00:00 PM,No,US (State),North,,3,South,50,FEET,LEVEL,COLESVILLE RD,ROWEN RD,,N/A,,DRIVER,SAME DIR REAR END,CLEAR,DRY,DARK LIGHTS ON,NO CONTROLS,NONE DETECTED,,OTHER VEHICLE,OTHER VEHICLE,N/A,N/A,STRAIGHT,NO DEFECTS,"TWO-WAY, NOT DIVIDED",39.003485,-77.02395,"(39.003485, -77.02395)"
MCP2682000N,16029776,Montgomery County Police,Injury Crash,06/13/2016 01:27:00 PM,No,,,,,,0,,,,,20211 GOSHEN ROAD MONTGOMERY VILLAGE MARYLAND 20886,,,DRIVER,HEAD ON LEFT TURN,CLEAR,,DAYLIGHT,N/A,NONE DETECTED,,OTHER VEHICLE,N/A,,,,,,39.18745167,-77.18497667,"(39.18745167, -77.18497667)"
MCP2339005X,200045151,Montgomery County Police,Property Damage Crash,11/15/2020 09:06:00 PM,No,Municipality,East,LEFT TURN LANE,5,West,0,FEET,LEVEL,WOOTTON PKWY,ROCKVILLE PIKE,,N/A,,DRIVER,ANGLE MEETS LEFT HEAD ON,CLEAR,DRY,DARK LIGHTS ON,TRAFFIC SIGNAL,NONE DETECTED,,OTHER VEHICLE,N/A,INTERSECTION,FOUR-WAY INTERSECTION,STRAIGHT,NO DEFECTS,"TWO-WAY, NOT DIVIDED",39.07718667,-77.1398,"(39.07718667, -77.1398)"
MCP3086000L,170536189,Montgomery County Police,Injury Crash,10/12/2017 08:09:00 AM,No,Municipality,East,,3,North,0,FEET,LEVEL,RUSSELL AVE,LAKE FOREST BLVD,,GAITHERSBURG,,DRIVER,STRAIGHT MOVEMENT ANGLE,CLOUDY,DRY,DAYLIGHT,TRAFFIC SIGNAL,NONE DETECTED,,OTHER VEHICLE,FIXED OBJECT,INTERSECTION,FOUR-WAY INTERSECTION,STRAIGHT,NO DEFECTS,"TWO-WAY, DIVIDED, POSITIVE MEDIAN BARRIER",39.15129167,-77.207415,"(39.15129167, -77.207415)"
MCP28050058,250014712,MONTGOMERY,Property Damage Crash,04/04/2025 02:35:00 PM,No,County Route,Westbound,Lane 1,"1, 3",West,43.39,FEET,Downhill,DEMOCRACY BLVD,,,,,DRIVER,Rear To Rear,Cloudy,Dry,Daylight,No Controls,"Not Suspect of Alcohol Use, Not Suspect of Drug Use, Not Suspect of Alcohol Use, Not Suspect of Drug Use, Not Suspect of Alcohol Use, Not Suspect of Drug Use",,Motor Vehicle In Transport,Motor Vehicle In Transport,Non-Junction,,Straight,No Defects,"Divided, Raised Median (curbed), Not Divided",39.0232615,-77.15897883,"(39.0232615, -77.15897883)"
MCP30480064,190055819,Montgomery County Police,Property Damage Crash,11/19/2019 10:38:00 AM,No,Interstate (State),West,,1,West,50,FEET,LEVEL,CAPITAL BELTWAY,EXIT #41,,N/A,,DRIVER,SAME DIRECTION SIDESWIPE,CLEAR,DRY,DAYLIGHT,N/A,N/A,,OTHER VEHICLE,N/A,N/A,N/A,STRAIGHT,NO DEFECTS,"TWO-WAY, NOT DIVIDED",38.99514333,-77.158075,"(38.99514333, -77.158075)"
MCP26900012,15049195,MONTGOMERY,Property Damage Crash,09/28/2015 04:10:00 PM,No,Maryland (State),North,,2,North,0,FEET,LEVEL,WOODFIELD RD,FIELDCREST RD,,N/A,,DRIVER,STRAIGHT MOVEMENT ANGLE,CLEAR,DRY,DAYLIGHT,TRAFFIC SIGNAL,NONE DETECTED,,OTHER VEHICLE,N/A,INTERSECTION,FOUR-WAY INTERSECTION,STRAIGHT,NO DEFECTS,"TWO-WAY, DIVIDED, POSITIVE MEDIAN BARRIER",39.18518333,-77.15022833,"(39.18518333, -77.15022833)"
MCP2278003L,210043927,Montgomery County Police,Injury Crash,10/31/2021 08:02:00 AM,No,Interstate (State),South,,3,North,100,FEET,HILL UPHILL,EISENHOWER MEMORIAL HWY,RAMP 6 FR IS 270 EB TO MD 355 SB,,N/A,,UNKNOWN,SINGLE VEHICLE,CLOUDY,WET,DAYLIGHT,NO CONTROLS,NONE DETECTED,,ANIMAL,N/A,NON INTERSECTION,N/A,CURVE RIGHT,NO DEFECTS,"TWO-WAY, DIVIDED, POSITIVE MEDIAN BARRIER",39.02241833,-77.10665667,"(39.02241833, -77.10665667)"
MCP2215000H,180015540,Montgomery County Police,Property Damage Crash,03/30/2018 06:05:00 PM,No,Maryland (State),North,,1,South,60,FEET,HILL UPHILL,RIDGE RD,MARLBORO DR,,N/A,,DRIVER,SAME DIR REAR END,CLOUDY,DRY,DAYLIGHT,NO CONTROLS,NONE DETECTED,,OTHER VEHICLE,N/A,NON INTERSECTION,N/A,STRAIGHT,NO DEFECTS,"TWO-WAY, NOT DIVIDED",39.261685,-77.22188833,"(39.261685, -77.22188833)"
MCP29390057,200049958,Montgomery County Police,Property Damage Crash,12/19/2020 05:11:00 PM,No,County,North,OTHER,1,North,300,FEET,LEVEL,LONG CORNER RD,DAMASCUS RD,,N/A,,DRIVER,SINGLE VEHICLE,CLEAR,SNOW,DARK NO LIGHTS,NO CONTROLS,NONE DETECTED,,OFF ROAD,N/A,N/A,N/A,STRAIGHT,N/A,N/A,39.28401369,-77.16221271,"(39.28401369, -77.16221271)"
MCP29710057,190061551,Montgomery County Police,Injury Crash,12/21/2019 06:39:00 PM,No,Maryland (State),South,,3,North,250,FEET,LEVEL,FREDERICK RD,GUNNERS BRANCH RD,,N/A,,DRIVER,SAME DIR REAR END,CLEAR,DRY,DARK LIGHTS ON,NO CONTROLS,NONE DETECTED,,OTHER VEHICLE,OTHER VEHICLE,N/A,N/A,STRAIGHT,NO DEFECTS,"TWO-WAY, DIVIDED, POSITIVE MEDIAN BARRIER",39.17968333,-77.23860833,"(39.17968333, -77.23860833)"
MCP14650030,170545313,Montgomery County Police,Property Damage Crash,11/23/2017 12:00:00 PM,No,,,,,,,,,,,PARKING LOT OF 100 EDISON PARK DR. PSHQ,,,UNKNOWN,UNKNOWN,UNKNOWN,,UNKNOWN,N/A,,,UNKNOWN,N/A,,,,,,39.1130303,-77.23641872,"(39.1130303, -77.23641872)"
MCP3030001Z,180060455,Montgomery County Police,Injury Crash,12/03/2018 04:41:00 PM,No,County,East,,2,North,0,FEET,LEVEL,MACARTHUR BLVD,EGGERT DR,,N/A,,DRIVER,STRAIGHT MOVEMENT ANGLE,CLEAR,DRY,DUSK,NO CONTROLS,NONE DETECTED,,OTHER VEHICLE,N/A,INTERSECTION,FOUR-WAY INTERSECTION,STRAIGHT,NO DEFECTS,"TWO-WAY, DIVIDED, UNPROTECTED PAINTED MIN 4 FEET",38.97628667,-77.18274833,"(38.97628667, -77.18274833)"
MCP2832006N,210042122,Montgomery County Police,Injury Crash,10/20/2021 10:53:00 AM,No,Maryland (State),North,,3,North,200,FEET,HILL UPHILL,ROCKVILLE PIKE,EDSON LA,,N/A,,DRIVER,SAME DIR REAR END,CLEAR,DRY,DAYLIGHT,NO CONTROLS,NONE DETECTED,,OTHER VEHICLE,N/A,NON INTERSECTION,N/A,STRAIGHT,NO DEFECTS,"TWO-WAY, DIVIDED, UNPROTECTED PAINTED MIN 4 FEET",39.041305,-77.10996167,"(39.041305, -77.10996167)"
MCP29140022,15057757,MONTGOMERY,Property Damage Crash,11/12/2015 03:25:00 PM,No,US (State),South,,4,South,5,FEET,HILL UPHILL,COLESVILLE RD,MD 193 (NBL),,N/A,,DRIVER,SAME DIR REAR END,N/A,DRY,DAYLIGHT,NO CONTROLS,N/A,,OTHER VEHICLE,N/A,N/A,FOUR-WAY INTERSECTION,STRAIGHT,NO DEFECTS,"TWO-WAY, DIVIDED, POSITIVE MEDIAN BARRIER",39.02057781,-77.01264739,"(39.02057781, -77.01264739)"
MCP2358007D,200023144,Montgomery County Police,Property Damage Crash,06/12/2020 05:45:00 PM,Yes,,,,,,,,,,,"ALLEY BEHIND 7305 MACARTHUR BLVD GLEN ECHO, MD",,,DRIVER,OTHER,CLEAR,,DAYLIGHT,NO CONTROLS,UNKNOWN,,PARKED VEHICLE,N/A,,,,,,38.96918917,-77.14018405,"(38.96918917, -77.14018405)"
MCP2625001X,220042804,Montgomery County Police,Property Damage Crash,10/01/2022 08:59:00 AM,No,County,East,,2,East,50,FEET,LEVEL,MONTROSE RD,E JEFFERSON ST,,N/A,,DRIVER,SINGLE VEHICLE,RAINING,WET,DAYLIGHT,N/A,NONE DETECTED,,FIXED OBJECT,OFF ROAD,N/A,N/A,CURVE LEFT,NO DEFECTS,"TWO-WAY, DIVIDED, POSITIVE MEDIAN BARRIER",39.0507569,-77.1262611,"(39.0507569, -77.1262611)"
MCP3257000G,200031656,Montgomery County Police,Property Damage Crash,08/14/2020 10:05:00 AM,No,Maryland (State),East,,2,North,0,FEET,LEVEL,BRADLEY LA,EAST AVE,,CHEVY CHASE #4,,DRIVER,SAME DIRECTION LEFT TURN,CLEAR,DRY,DAYLIGHT,STOP SIGN,NONE DETECTED,,OTHER VEHICLE,OTHER VEHICLE,N/A,T-INTERSECTION,STRAIGHT,NO DEFECTS,"TWO-WAY, NOT DIVIDED",38.97714961,-77.08658633,"(38.97714961, -77.08658633)"
MCP3007003Q,190041889,Montgomery County Police,Property Damage Crash,09/01/2019 06:10:00 PM,No,,,,,,,,,,,PARKING LOT OF 143,,,DRIVER,HEAD ON LEFT TURN,CLEAR,,DAYLIGHT,NO CONTROLS,NONE DETECTED,,OTHER VEHICLE,N/A,,,,,,39.09118,-77.04544167,"(39.09118, -77.04544167)"
MCP2717004S,16006497,Montgomery County Police,Property Damage Crash,02/08/2016 08:23:00 AM,Yes,County,North,,4,South,100,FEET,LEVEL,PARKLAWN DR,BOILING BROOK PKWY,,N/A,,DRIVER,SAME DIRECTION SIDESWIPE,CLEAR,DRY,DAYLIGHT,NO CONTROLS,NONE DETECTED,,OTHER VEHICLE,N/A,NON INTERSECTION,N/A,STRAIGHT,NO DEFECTS,"TWO-WAY, DIVIDED, UNPROTECTED PAINTED MIN 4 FEET",39.04944833,-77.10258167,"(39.04944833, -77.10258167)"
MCP913000CY,220037363,Montgomery County Police,Property Damage Crash,08/29/2022 11:36:00 AM,No,Maryland (State),North,,4,South,100,FEET,LEVEL,PINEY BRANCH RD,PRINCE GEORGES CO/L,,N/A,,DRIVER,SAME DIR REAR END,CLEAR,DRY,DAYLIGHT,TRAFFIC SIGNAL,NONE DETECTED,,OTHER VEHICLE,N/A,N/A,T-INTERSECTION,STRAIGHT,NO DEFECTS,"TWO-WAY, DIVIDED, POSITIVE MEDIAN BARRIER",39.00125869,-76.98459182,"(39.00125869, -76.98459182)"
MCP9432003B,220048145,Montgomery County Police,Property Damage Crash,10/31/2022 02:10:00 PM,No,US (State),South,,3,North,300,FEET,LEVEL,COLESVILLE RD,SLIGO CREEK PKWY,,N/A,,UNKNOWN,SINGLE VEHICLE,CLOUDY,DRY,DAYLIGHT,NO CONTROLS,NONE DETECTED,,FIXED OBJECT,N/A,NON INTERSECTION,N/A,STRAIGHT,NO DEFECTS,"TWO-WAY, DIVIDED, POSITIVE MEDIAN BARRIER",39.00769221,-77.02009737,"(39.00769221, -77.02009737)"
MCP3114001B,190035054,Montgomery County Police,Property Damage Crash,07/23/2019 06:45:00 PM,No,County,North,,4,South,1,MILE,LEVEL,CHERRY HILL RD,PRINCE GEORGES CO/L,,N/A,,DRIVER,SINGLE VEHICLE,N/A,N/A,DAYLIGHT,N/A,N/A,,FIXED OBJECT,N/A,N/A,N/A,CURVE RIGHT,N/A,"TWO-WAY, DIVIDED, UNPROTECTED PAINTED MIN 4 FEET",39.04316667,-76.96288667,"(39.04316667, -76.96288667)"
EJ78260027,170511864,Gaithersburg Police Depar,Injury Crash,06/05/2017 11:58:00 AM,No,County,North,,3,North,0,FEET,LEVEL,MUDDY BRANCH RD,DIAMONDBACK DR,,N/A,,DRIVER,STRAIGHT MOVEMENT ANGLE,RAINING,WET,DAYLIGHT,TRAFFIC SIGNAL,N/A,,OTHER VEHICLE,N/A,INTERSECTION,FOUR-WAY INTERSECTION,STRAIGHT,NO DEFECTS,"TWO-WAY, DIVIDED, POSITIVE MEDIAN BARRIER",39.11514167,-77.21569667,"(39.11514167, -77.21569667)"
MCP3129009Q,240035080,MONTGOMERY,Property Damage Crash,07/25/2024 09:56:00 AM,,Maryland (State) Route,Westbound,Lane 1,2,West,15.85,FEET,Level,NORBECK RD,,,,,DRIVER,Front to Rear,Cloudy,Dry,Daylight,No Controls,"Not Suspect of Alcohol Use, Not Suspect of Drug Use, Not Suspect of Alcohol Use, Not Suspect of Drug Use",,Motor Vehicle In Transport,,Non-Junction,,Straight,No Defects,"Divided, Flush Median (greater than 4ft wide)",39.11238133,-77.06310333,"(39.11238133, -77.06310333)"
MCP2298016F,240042920,MONTGOMERY,Property Damage Crash,09/10/2024 06:42:00 AM,No,Local Route,Southbound,Lane 1,2,North,36.19,FEET,Level,RIDGE RD REC PARK ENT,,,,,UNKNOWN,Single Vehicle,Clear,Dry,Dawn,No Controls,"Not Suspect of Alcohol Use, Not Suspect of Drug Use",,Animal (live),,Non-Junction,,Straight,No Defects,Not Divided,39.21124741,-77.24808285,"(39.21124741, -77.24808285)"
MCP28740022,17010120,Montgomery County Police,Property Damage Crash,02/24/2017 11:29:00 PM,No,County,North,N/A,1,West,0,FEET,LEVEL,ALLEY,ENNALLS AVE,,N/A,,DRIVER,STRAIGHT MOVEMENT ANGLE,CLEAR,DRY,DARK LIGHTS ON,N/A,"ALCOHOL PRESENT, NONE DETECTED",,OTHER VEHICLE,N/A,INTERSECTION,OTHER,STRAIGHT,N/A,ONE-WAY TRAFFICWAY,39.04050401,-77.05240712,"(39.04050401, -77.05240712)"
MCP29920031,200038023,Montgomery County Police,Property Damage Crash,09/27/2020 04:25:00 PM,No,County,West,,2,West,300,FEET,LEVEL,BEL PRE RD,LAYHILL RD,,N/A,,DRIVER,STRAIGHT MOVEMENT ANGLE,N/A,DRY,DAYLIGHT,NO CONTROLS,N/A,,OTHER VEHICLE,N/A,N/A,N/A,STRAIGHT,NO DEFECTS,"TWO-WAY, NOT DIVIDED",39.090785,-77.04626833,"(39.090785, -77.04626833)"
MCP2789004C,180012685,Montgomery County Police,Property Damage Crash,03/13/2018 06:29:00 PM,No,US (State),North,,3,North,5,FEET,HILL UPHILL,COLESVILLE RD,HASTINGS DR,,N/A,,DRIVER,SAME DIR REAR END,CLEAR,DRY,DARK LIGHTS ON,NO CONTROLS,N/A,,OTHER VEHICLE,N/A,N/A,N/A,STRAIGHT,NO DEFECTS,"TWO-WAY, DIVIDED, POSITIVE MEDIAN BARRIER",39.01356167,-77.0166,"(39.01356167, -77.0166)"
EJ78470011,15035006,GAITHERSBURG,Injury Crash,07/17/2015 12:33:00 AM,No,Maryland (State),South,,3,North,0,FEET,GRADE DOWNHILL,S FREDERICK RD,W DEER PARK RD,,GAITHERSBURG,PEDESTRIAN,NONMOTORIST,SINGLE VEHICLE,CLEAR,DRY,DARK LIGHTS ON,TRAFFIC SIGNAL,N/A,ILLEGAL DRUG PRESENT,PEDESTRIAN,N/A,INTERSECTION,FOUR-WAY INTERSECTION,STRAIGHT,NO DEFECTS,"TWO-WAY, DIVIDED, POSITIVE MEDIAN BARRIER",39.13183333,-77.188705,"(39.13183333, -77.188705)"
MCP1220006D,180006628,Montgomery County Police,Property Damage Crash,02/08/2018 08:56:00 AM,No,County,West,,2,East,0,FEET,LEVEL,STEWART LA,OLD COLUMBIA PIKE,,N/A,,DRIVER,SAME DIRECTION RIGHT TURN,CLEAR,DRY,DAYLIGHT,TRAFFIC SIGNAL,NONE DETECTED,,OTHER VEHICLE,N/A,INTERSECTION,FOUR-WAY INTERSECTION,STRAIGHT,NO DEFECTS,"TWO-WAY, NOT DIVIDED",39.04621333,-76.98626333,"(39.04621333, -76.98626333)"
MCP2844002Y,180028683,Montgomery County Police,Injury Crash,06/10/2018 04:00:00 PM,No,Maryland (State),West,,1,South,25,FEET,GRADE DOWNHILL,GEORGIA AVE,ENT TO SHOPPING CENTER,,N/A,BICYCLIST,NONMOTORIST,OTHER,CLEAR,DRY,DAYLIGHT,NO CONTROLS,NONE DETECTED,NONE DETECTED,OTHER VEHICLE,N/A,COMMERCIAL DRIVEWAY,T-INTERSECTION,STRAIGHT,NO DEFECTS,"TWO-WAY, NOT DIVIDED",39.079296,-77.07298817,"(39.079296, -77.07298817)"
DM8423000Q,15060301,TAKOMA,Property Damage Crash,11/25/2015 02:30:00 PM,No,Maryland (State),East,,2,East,0,FEET,LEVEL,PHILADELPHIA AVE,PINEY BRANCH RD,,N/A,,DRIVER,SAME DIR REAR END,CLEAR,DRY,DAYLIGHT,TRAFFIC SIGNAL,NONE DETECTED,,OTHER VEHICLE,N/A,INTERSECTION,FOUR-WAY INTERSECTION,STRAIGHT,NO DEFECTS,"TWO-WAY, NOT DIVIDED",38.98327333,-77.01591667,"(38.98327333, -77.01591667)"
MCP30590041,190048883,Montgomery County Police,Property Damage Crash,10/11/2019 03:47:00 PM,No,County,East,,2,North,700,FEET,LEVEL,ASPEN HILL RD,GEORGIA AVE,,N/A,,DRIVER,HEAD ON LEFT TURN,CLEAR,DRY,DAYLIGHT,NO CONTROLS,NONE DETECTED,,OTHER VEHICLE,N/A,NON INTERSECTION,N/A,STRAIGHT,NO DEFECTS,"TWO-WAY, NOT DIVIDED",39.08038333,-77.07742667,"(39.08038333, -77.07742667)"
MCP3168000C,190014442,Montgomery County Police,Injury Crash,03/29/2019 07:20:00 PM,No,County,West,,2,West,0.5,MILE,HILL UPHILL,DEMOCRACY BLVD,SORREL AVE,,N/A,,DRIVER,SAME DIR REAR END,CLEAR,DRY,DUSK,N/A,NONE DETECTED,,OTHER VEHICLE,N/A,NON INTERSECTION,N/A,STRAIGHT,NO DEFECTS,"TWO-WAY, NOT DIVIDED",39.0267393,-77.1991471,"(39.0267393, -77.1991471)"
DM84230023,190061162,Takoma Park Police Depart,Property Damage Crash,12/19/2019 10:40:00 AM,Yes,,,,,,,,,,,PARKING LOT REAR OF 7500 MAPLE AVE TAKOMA PARK,,,DRIVER,OTHER,CLEAR,,DAYLIGHT,N/A,N/A,,PARKED VEHICLE,N/A,,,,,,38.98151167,-77.01000333,"(38.98151167, -77.01000333)"
MCP2682001N,190010597,Montgomery County Police,Injury Crash,03/07/2019 11:30:00 AM,No,County,South,,2,North,0,FEET,LEVEL,MONTGOMERY VILLAGE AVE,APPLE RIDGE RD,,N/A,,DRIVER,ANGLE MEETS LEFT HEAD ON,CLEAR,DRY,DAYLIGHT,TRAFFIC SIGNAL,NONE DETECTED,,OTHER VEHICLE,N/A,INTERSECTION,FOUR-WAY INTERSECTION,STRAIGHT,NO DEFECTS,"TWO-WAY, DIVIDED, POSITIVE MEDIAN BARRIER",39.18682833,-77.19832167,"(39.18682833, -77.19832167)"
MCP2881004V,220044785,Montgomery County Police,Injury Crash,10/13/2022 08:25:00 AM,No,Maryland (State),South,,1,South,0,FEET,LEVEL,FREDERICK RD,SHAWNEE LA,,N/A,,DRIVER,STRAIGHT MOVEMENT ANGLE,RAINING,WET,DAYLIGHT,NO CONTROLS,NONE DETECTED,,OTHER VEHICLE,OTHER VEHICLE,NON INTERSECTION,N/A,STRAIGHT,NO DEFECTS,"TWO-WAY, NOT DIVIDED",39.230265,-77.268725,"(39.230265, -77.268725)"
MCP2455007N,240053507,MONTGOMERY,Injury Crash,11/07/2024 02:58:00 PM,No,County Route,Westbound,"Lane 1, Lane 2",3,South,27.33,FEET,Level,RANDOLPH RD,,,,,UNKNOWN,Other,Clear,Dry,Daylight,No Controls,"Not Suspect of Alcohol Use, Not Suspect of Drug Use, Not Suspect of Alcohol Use, Not Suspect of Drug Use",,Parked Vehicle,Motor Vehicle In Transport,Non-Junction,,Straight,No Defects,"Not Divided, With a Continuous Left-Turn Lane",39.05391272,-77.09712241,"(39.05391272, -77.09712241)"
MCP289100C5,230013648,Montgomery County Police,Property Damage Crash,03/21/2023 09:27:00 AM,No,Interstate (State),East,,4,West,700,FEET,LEVEL,CAPITAL BELTWAY,EXIT #31,,N/A,,DRIVER,SAME DIR REAR END,CLEAR,DRY,DAYLIGHT,N/A,NONE DETECTED,,OTHER VEHICLE,OTHER VEHICLE,N/A,N/A,STRAIGHT,N/A,ONE-WAY TRAFFICWAY,39.01339345,-77.04646995,"(39.01339345, -77.04646995)"
MCP29170047,190020172,Montgomery County Police,Injury Crash,04/30/2019 11:21:00 PM,No,Maryland (State),South,,2,South,0,FEET,LEVEL,LAYHILL RD,DECKMAN LA,,N/A,,DRIVER,SAME DIRECTION SIDESWIPE,CLEAR,DRY,DARK NO LIGHTS,NO CONTROLS,NONE DETECTED,,OTHER VEHICLE,FIXED OBJECT,N/A,T-INTERSECTION,STRAIGHT,NO DEFECTS,"TWO-WAY, DIVIDED, POSITIVE MEDIAN BARRIER",39.07915048,-77.04672012,"(39.07915048, -77.04672012)"
HA24150011,19001327,Maryland-National Capital,Injury Crash,06/03/2019 05:45:00 AM,No,Government,West,,1,West,0,FEET,LEVEL,SLIGO CREEK PKWY,WAYNE AVE,,N/A,,DRIVER,STRAIGHT MOVEMENT ANGLE,CLEAR,DRY,N/A,TRAFFIC SIGNAL,"N/A, UNKNOWN",,N/A,N/A,INTERSECTION,FOUR-WAY INTERSECTION,STRAIGHT,NO DEFECTS,"TWO-WAY, NOT DIVIDED",38.99983253,-77.0106973,"(38.99983253, -77.0106973)"
MCP3094001C,200023694,Montgomery County Police,Injury Crash,06/17/2020 03:35:00 AM,No,County,East,,3,North,0,FEET,LEVEL,CHRISTOPHER AVE,MONTGOMERY VILLAGE AVE,,N/A,,DRIVER,STRAIGHT MOVEMENT ANGLE,N/A,DRY,DARK LIGHTS ON,TRAFFIC SIGNAL,NONE DETECTED,,OTHER VEHICLE,OTHER OBJECT,INTERSECTION,FOUR-WAY INTERSECTION,STRAIGHT,NO DEFECTS,"TWO-WAY, DIVIDED, POSITIVE MEDIAN BARRIER",39.15778617,-77.20458983,"(39.15778617, -77.20458983)"
MCP31480034,210028075,Montgomery County Police,Property Damage Crash,07/20/2021 03:58:00 PM,Yes,,,,,,,,,,,"PARKING GARAGE OF 5225 POOKS HILL RD, BETHESDA, MD",,,DRIVER,OTHER,CLEAR,,DAYLIGHT,N/A,ALCOHOL PRESENT,,PARKED VEHICLE,N/A,,,,,,39.01837333,-77.10928,"(39.01837333, -77.10928)"
MCP2814001H,170515183,Montgomery County Police,Property Damage Crash,06/22/2017 02:42:00 PM,Yes,,,,,,,,,,,MONTGOMERY VILLAGE SHOPPING CENTER PARKING LOT,,,DRIVER,OTHER,N/A,,DAYLIGHT,NO CONTROLS,"NONE DETECTED, UNKNOWN",,PARKED VEHICLE,N/A,,,,,,39.1727375,-77.206611,"(39.1727375, -77.206611)"
MCP94320023,190018719,Montgomery County Police,Injury Crash,04/21/2019 08:07:00 PM,No,Maryland (State),South,,1,North,0.2,MILE,GRADE DOWNHILL,FREDERICK RD,OLD HUNDRED RD,,N/A,,DRIVER,SAME DIR REAR END,CLOUDY,DRY,DUSK,NO CONTROLS,NONE DETECTED,,OTHER VEHICLE,N/A,INTERSECTION RELATED,T-INTERSECTION,STRAIGHT,NO DEFECTS,"TWO-WAY, NOT DIVIDED",39.28283667,-77.3152,"(39.28283667, -77.3152)"
MCP26220035,220035610,Montgomery County Police,Property Damage Crash,08/18/2022 10:40:00 AM,No,,,,,,,,,,,PARKING LOT OF 15222 DINO DRIVE,,,DRIVER,OTHER,N/A,,DAYLIGHT,N/A,NONE DETECTED,,OTHER VEHICLE,N/A,,,,,,39.1086515,-76.9251272,"(39.1086515, -76.9251272)"
DD5567005L,240039517,ROCKVILLE,Property Damage Crash,08/21/2024 11:46:00 AM,No,Maryland (State) Route,"Eastbound, Southbound","Lane 1, Lane 2","3, 4",North,0,FEET,Level,FREDERICK RD (SB/L),REDLAND BLVD,,,,DRIVER,Angle,Clear,Dry,Daylight,Traffic Control Signal,"Not Suspect of Alcohol Use, Not Suspect of Drug Use, Not Suspect of Alcohol Use, Not Suspect of Drug Use",,Motor Vehicle In Transport,,Intersection or Related,Perpendicular,Straight,No Defects,"Divided, Raised Median (curbed)",39.11552106,-77.16623322,"(39.11552106, -77.16623322)"
MCP1580008W,180026341,Montgomery County Police,Property Damage Crash,05/29/2018 11:55:00 AM,No,County,South,,1,South,0,FEET,GRADE DOWNHILL,FILBERT DR,FILBERT TERR,,N/A,,DRIVER,OTHER,N/A,DRY,DAYLIGHT,N/A,NONE DETECTED,,PARKED VEHICLE,N/A,NON INTERSECTION,N/A,STRAIGHT,NO DEFECTS,"TWO-WAY, NOT DIVIDED",39.18265,-77.15701833,"(39.18265, -77.15701833)"
MCP33130027,240043874,MONTGOMERY,Property Damage Crash,09/14/2024 11:01:00 PM,No,Maryland (State) Route,Northbound,Lane 1,2,East,23.83,FEET,Level,LAYHILL RD,,,,,DRIVER,Single Vehicle,Clear,Dry,Dark - Lighted,No Controls,"Not Suspect of Alcohol Use, Not Suspect of Drug Use",,Curb,Guardrail Face,Non-Junction,,Straight,No Defects,"Divided, Raised Median (curbed)",39.09298188,-77.04514975,"(39.09298188, -77.04514975)"
MCP29700055,190010204,Montgomery County Police,Property Damage Crash,03/05/2019 07:44:00 AM,Yes,,,,,,,,,,,7-11 PARKING LOT AT 11445 AMHESRT AVENUE,,,DRIVER,OTHER,CLEAR,,DAYLIGHT,NO CONTROLS,"NONE DETECTED, UNKNOWN",,PARKED VEHICLE,N/A,,,,,,39.04278333,-77.04779167,"(39.04278333, -77.04779167)"