Report Number,Local Case Number,Agency Name,ACRS Report Type,Crash Date/Time,Hit/Run,Route Type,Lane Direction,Lane Type,Number of Lanes,Direction,Distance,Distance Unit,Road Grade,Road Name,Cross-Street Name,Off-Road Description,Municipality,Related Non-Motorist,At Fault,Collision Type,Weather,Surface Condition,Light,Traffic Control,Driver Substance Abuse,Non-Motorist Substance Abuse,First Harmful Event,Second Harmful Event,Junction,Intersection Type,Road Alignment,Road Condition,Road Division,Latitude,Longitude,Location
MCP1475002M,200027304,Montgomery County Police,Injury Crash,07/14/2020 11:17:00 AM,No,Municipality,North,,3,North,0,FEET,LEVEL,RUSSELL AVE,ODENDHAL AVE,,GAITHERSBURG,,DRIVER,HEAD ON LEFT TURN,CLEAR,DRY,DAYLIGHT,TRAFFIC SIGNAL,N/A,,OTHER VEHICLE,N/A,INTERSECTION,FOUR-WAY INTERSECTION,STRAIGHT,N/A,"TWO-WAY, DIVIDED, POSITIVE MEDIAN BARRIER",39.15037667,-77.203625,"(39.15037667, -77.203625)"
MCP3271002C,220031778,Montgomery County Police,Property Damage Crash,07/23/2022 08:40:00 PM,No,Maryland (State),North,,2,South,20,FEET,LEVEL,BRADLEY BLVD,CHEVY CHASE DR,,N/A,,DRIVER,SAME DIRECTION SIDESWIPE,CLEAR,DRY,DAWN,NO CONTROLS,NONE DETECTED,,OTHER VEHICLE,FIXED OBJECT,NON INTERSECTION,N/A,STRAIGHT,NO DEFECTS,"TWO-WAY, DIVIDED, POSITIVE MEDIAN BARRIER",38.9772414,-77.104139,"(38.9772414, -77.104139)"
MCP29170063,190058018,Montgomery County Police,Property Damage Crash,12/02/2019 03:28:00 PM,No,County,East,,1,East,300,FEET,HILL UPHILL,BAUER DR,BRAD DR,,N/A,,DRIVER,OTHER,RAINING,WET,DAYLIGHT,NO CONTROLS,NONE DETECTED,,PARKED VEHICLE,PARKED VEHICLE,N/A,N/A,STRAIGHT,NO DEFECTS,"TWO-WAY, NOT DIVIDED",39.08795167,-77.09242833,"(39.08795167, -77.09242833)"
MCP2504001M,16038034,Montgomery County Police,Injury Crash,07/27/2016 03:48:00 PM,No,County,West,,4,East,150,FEET,LEVEL,MONTROSE RD,SEVEN LOCKS RD,,N/A,,DRIVER,SAME DIR REAR END,CLEAR,DRY,DAYLIGHT,TRAFFIC SIGNAL,NONE DETECTED,,OTHER VEHICLE,OTHER VEHICLE,INTERSECTION RELATED,FOUR-WAY INTERSECTION,STRAIGHT,NO DEFECTS,"TWO-WAY, DIVIDED, POSITIVE MEDIAN BARRIER",39.05719,-77.16046333,"(39.05719, -77.16046333)"
MCP3060003C,220021911,Montgomery County Police,Injury Crash,05/23/2022 08:37:00 AM,No,Maryland (State),South,,3,North,0,FEET,LEVEL,CONNECTICUT AVE,DENFELD AVE,,N/A,,DRIVER,STRAIGHT MOVEMENT ANGLE,CLEAR,DRY,DAYLIGHT,TRAFFIC SIGNAL,NONE DETECTED,,OTHER VEHICLE,N/A,INTERSECTION,FOUR-WAY INTERSECTION,STRAIGHT,NO DEFECTS,"TWO-WAY, DIVIDED, POSITIVE MEDIAN BARRIER",39.03890167,-77.07563,"(39.03890167, -77.07563)"
MCP2339008B,230029012,Montgomery County Police,Property Damage Crash,06/12/2023 01:00:00 PM,Yes,,,,,,,,,,,"PARKING LOT OF 9639 LOST KNIFE CIR, GAITHERSBURG, MD",,,DRIVER,UNKNOWN,N/A,,DAYLIGHT,NO CONTROLS,N/A,,PARKED VEHICLE,N/A,,,,,,39.15347549,-77.19916861,"(39.15347549, -77.19916861)"
DD5607002G,180026246,Rockville Police Departme,Property Damage Crash,05/28/2018 10:15:00 PM,Yes,Maryland (State),East,,2,East,0,FEET,LEVEL,VEIRS MILL RD,EDMONSTON DR,,ROCKVILLE,,DRIVER,SAME DIR REAR END,CLEAR,DRY,DARK LIGHTS ON,TRAFFIC SIGNAL,"N/A, NONE DETECTED",,OTHER VEHICLE,N/A,INTERSECTION,T-INTERSECTION,STRAIGHT,NO DEFECTS,"TWO-WAY, DIVIDED, POSITIVE MEDIAN BARRIER",39.07988833,-77.138155,"(39.07988833, -77.138155)"
MCP2809001S,15014296,Montgomery County Police,Injury Crash,03/28/2015 02:53:00 PM,No,Maryland (State),South,,3,North,150,FEET,HILL UPHILL,GEORGIA AVE,DENNIS AVE,,N/A,,DRIVER,SAME DIR REAR END,N/A,DRY,DAYLIGHT,NO CONTROLS,N/A,,OTHER VEHICLE,N/A,N/A,N/A,STRAIGHT,N/A,"TWO-WAY, DIVIDED, POSITIVE MEDIAN BARRIER",39.02606,-77.04642833,"(39.02606, -77.04642833)"
MCP2683006X,230070030,Montgomery County Police,Property Damage Crash,12/05/2023 03:03:00 PM,No,County,East,,3,West,200,FEET,HILL CREST,MONTROSE RD,RAMP 4 FR IS 270 NB TO MONTROSE RD EB,,N/A,,DRIVER,SAME DIR REAR END,CLEAR,DRY,DAYLIGHT,NO CONTROLS,NONE DETECTED,,OTHER VEHICLE,N/A,NON INTERSECTION,N/A,STRAIGHT,NO DEFECTS,"TWO-WAY, DIVIDED, POSITIVE MEDIAN BARRIER",39.05622167,-77.15447667,"(39.05622167, -77.15447667)"
MCP2582001N,170524880,Montgomery County Police,Property Damage Crash,08/14/2017 10:58:00 PM,No,County,East,,1,West,500,FEET,LEVEL,EDNOR RD,HAW LA,,N/A,,DRIVER,SINGLE VEHICLE,RAINING,WET,DARK LIGHTS ON,NO CONTROLS,NONE DETECTED,,OVERTURN,N/A,NON INTERSECTION,N/A,STRAIGHT,N/A,"TWO-WAY, NOT DIVIDED",39.13826167,-76.98263,"(39.13826167, -76.98263)"
MCP3077001S,230027449,Montgomery County Police,Property Damage Crash,06/07/2023 09:33:00 PM,No,Maryland (State),East,,2,South,10,FEET,LEVEL,CLARKSBURG RD,EISENHOWER MEMORIAL HWY,,N/A,,DRIVER,SAME DIR REAR END,CLEAR,DRY,DARK LIGHTS ON,N/A,N/A,,OTHER VEHICLE,N/A,N/A,ROUNDABOUT,STRAIGHT,NO DEFECTS,"TWO-WAY, DIVIDED, UNPROTECTED PAINTED MIN 4 FEET",39.231522,-77.2852085,"(39.231522, -77.2852085)"
MCP32560006,200031117,Montgomery County Police,Injury Crash,08/10/2020 05:27:00 PM,No,Maryland (State),North,,3,North,0,FEET,LEVEL,NEW HAMPSHIRE AVE,WOLF DR,,N/A,,DRIVER,STRAIGHT MOVEMENT ANGLE,CLEAR,DRY,DAYLIGHT,TRAFFIC SIGNAL,N/A,,OTHER VEHICLE,OTHER VEHICLE,INTERSECTION,FOUR-WAY INTERSECTION,STRAIGHT,NO DEFECTS,"TWO-WAY, DIVIDED, POSITIVE MEDIAN BARRIER",39.07314733,-77.002411,"(39.07314733, -77.002411)"
MCP2919001G,16021759,Montgomery County Police,Property Damage Crash,05/03/2016 07:52:00 AM,No,US (State),South,,3,South,0,FEET,LEVEL,COLESVILLE RD,LANARK WAY,,N/A,,DRIVER,HEAD ON LEFT TURN,RAINING,WET,DAYLIGHT,TRAFFIC SIGNAL,NONE DETECTED,,OTHER VEHICLE,FIXED OBJECT,INTERSECTION RELATED,T-INTERSECTION,STRAIGHT,NO DEFECTS,"TWO-WAY, DIVIDED, POSITIVE MEDIAN BARRIER",39.018485,-77.01455,"(39.018485, -77.01455)"
MCP21890009,180046709,Montgomery County Police,Property Damage Crash,09/18/2018 06:30:00 PM,Yes,County,North,OTHER,0,North,50,FEET,LEVEL,BROADWATER DR,CENTERWAY RD,,N/A,,DRIVER,SAME DIR REAR END,CLEAR,DRY,DUSK,NO CONTROLS,UNKNOWN,,PARKED VEHICLE,N/A,NON INTERSECTION,N/A,STRAIGHT,NO DEFECTS,"TWO-WAY, NOT DIVIDED",39.17003674,-77.19298144,"(39.17003674, -77.19298144)"
EJ7869003N,240027165,GAITHERSBURG,Injury Crash,06/07/2024 05:00:00 PM,No,Maryland (State) Route,Westbound,Lane 2,4,West,47.69,FEET,Level,GREAT SENECA HWY (SB/L),QUINCE ORCHARD RD (SB/L),,,,UNKNOWN,Front to Rear,Clear,Dry,Daylight,Traffic Control Signal,"Not Suspect of Alcohol Use, Not Suspect of Drug Use, Not Suspect of Alcohol Use, Not Suspect of Drug Use",,Motor Vehicle In Transport,,Non-Junction,,Straight,No Defects,"Divided, Raised Median (curbed)",39.12841817,-77.2376075,"(39.12841817, -77.2376075)"
MCP34500009,240053577,MONTGOMERY,Property Damage Crash,11/07/2024 08:48:00 PM,No,Maryland (State) Route,Northbound,Lane 3,3,North,8.75,FEET,Level,NEW HAMPSHIRE AVE,,,,,UNKNOWN,Front to Rear,Clear,Dry,Dark - Lighted,Traffic Control Signal,"Not Suspect of Alcohol Use, Not Suspect of Drug Use, Suspect of Alcohol Use, Not Suspect of Drug Use",,Motor Vehicle In Transport,,Non-Junction,,Straight,No Defects,Not Divided,39.07303699,-77.00265897,"(39.07303699, -77.00265897)"
MCP3182000X,190056832,Montgomery County Police,Property Damage Crash,11/24/2019 11:00:00 PM,Yes,County,Unknown,,1,East,200,FEET,LEVEL,BONIFANT ST,GEORGIA AVE,,N/A,,UNKNOWN,SINGLE VEHICLE,UNKNOWN,UNKNOWN,DARK LIGHTS ON,NO CONTROLS,UNKNOWN,,FIXED OBJECT,N/A,N/A,N/A,STRAIGHT,NO DEFECTS,"TWO-WAY, NOT DIVIDED",38.99382424,-77.02562453,"(38.99382424, -77.02562453)"
MCP3029002T,190026775,Montgomery County Police,Property Damage Crash,06/04/2019 10:17:00 PM,No,US (State),North,,3,North,20,FEET,LEVEL,COLUMBIA PIKE,RAMP 3 FR US 29 EB TO MD 650 NB,,N/A,,DRIVER,SAME DIR REAR END,CLEAR,DRY,DARK NO LIGHTS,NO CONTROLS,"ALCOHOL PRESENT, NONE DETECTED",,OTHER VEHICLE,N/A,NON INTERSECTION,N/A,STRAIGHT,NO DEFECTS,"TWO-WAY, DIVIDED, POSITIVE MEDIAN BARRIER",39.04384833,-76.990875,"(39.04384833, -76.990875)"
MCP1020002G,170527919,Montgomery County Police,Injury Crash,08/31/2017 08:23:00 AM,No,Maryland (State),South,,2,South,50,FEET,LEVEL,RIDGE RD,SKYLARK RD,,N/A,,DRIVER,SAME DIR REAR END,CLEAR,DRY,DAYLIGHT,TRAFFIC SIGNAL,NONE DETECTED,,OTHER VEHICLE,N/A,NON INTERSECTION,N/A,STRAIGHT,NO DEFECTS,"TWO-WAY, NOT DIVIDED",39.23254,-77.23748167,"(39.23254, -77.23748167)"
MCP30960037,220000200,Montgomery County Police,Injury Crash,01/02/2022 07:07:00 PM,No,Maryland (State),South,,3,North,0,FEET,LEVEL,FREDERICK RD,REDLAND BLVD,,ROCKVILLE,,DRIVER,HEAD ON LEFT TURN,CLEAR,DRY,DARK LIGHTS ON,TRAFFIC SIGNAL,NONE DETECTED,,OTHER VEHICLE,N/A,INTERSECTION,FOUR-WAY INTERSECTION,STRAIGHT,NO DEFECTS,"TWO-WAY, DIVIDED, POSITIVE MEDIAN BARRIER",39.11542833,-77.16632667,"(39.11542833, -77.16632667)"
MCP3022000Q,17508952,Montgomery County Police,Injury Crash,05/20/2017 10:40:00 PM,No,County,West,,2,South,0,FEET,LEVEL,REXMORE DR,PINNACLE DR,,N/A,,DRIVER,STRAIGHT MOVEMENT ANGLE,CLEAR,DRY,DARK LIGHTS ON,OTHER,NONE DETECTED,,OTHER VEHICLE,OTHER VEHICLE,INTERSECTION,FOUR-WAY INTERSECTION,STRAIGHT,NO DEFECTS,"TWO-WAY, NOT DIVIDED",39.18460667,-77.26506167,"(39.18460667, -77.26506167)"
MCP3253001V,220025339,Montgomery County Police,Property Damage Crash,06/13/2022 10:01:00 AM,No,Maryland (State),East,,1,East,50,FEET,HILL UPHILL,CLOPPER RD,ENT TO SENECA STATE PARK,,N/A,,UNKNOWN,SINGLE VEHICLE,CLEAR,DRY,DAYLIGHT,NO CONTROLS,N/A,,ANIMAL,N/A,NON INTERSECTION,N/A,STRAIGHT,NO DEFECTS,"TWO-WAY, NOT DIVIDED",39.150795,-77.24574,"(39.150795, -77.24574)"
MCP3397000N,240052985,MONTGOMERY,Injury Crash,11/04/2024 06:10:00 PM,No,Ramp,Northbound,Lane 3,4,North,25.59,FEET,Uphill,RAMP 1 FR US29 NB TO BRIGGS CHANEY RD WB,,,,,UNKNOWN,Front to Rear,Clear,Dry,Dark - Lighted,Traffic Control Signal,"Not Suspect of Alcohol Use, Not Suspect of Drug Use, Not Suspect of Alcohol Use, Not Suspect of Drug Use, Not Suspect of Alcohol Use, Not Suspect of Drug Use",,Motor Vehicle In Transport,,Entrance/Exit Ramp or Related,,Straight,No Defects,Not Divided,39.08173017,-76.94900433,"(39.08173017, -76.94900433)"
MCP3226002X,220031765,Montgomery County Police,Property Damage Crash,07/23/2022 06:04:00 PM,No,Maryland (State),North,LEFT TURN LANE,1,North,0,FEET,HILL UPHILL,LAYHILL RD,SPUR TO NORWOOD RD,,N/A,,DRIVER,HEAD ON LEFT TURN,CLEAR,DRY,DAYLIGHT,TRAFFIC SIGNAL,NONE DETECTED,,OTHER VEHICLE,N/A,INTERSECTION,FOUR-WAY INTERSECTION,STRAIGHT,NO DEFECTS,"TWO-WAY, NOT DIVIDED",39.1253475,-77.02751983,"(39.1253475, -77.02751983)"
MCP06170004,16007741,Montgomery County Police,Injury Crash,02/16/2016 06:14:00 AM,No,Maryland (State),East,,2,West,0,MILE,LEVEL,NORBECK RD,NORBECK BLVD,,N/A,,DRIVER,SINGLE VEHICLE,WINTRY MIX,SLUSH,DARK LIGHTS ON,N/A,N/A,,FIXED OBJECT,N/A,NON INTERSECTION,N/A,STRAIGHT,NO DEFECTS,"TWO-WAY, DIVIDED, UNPROTECTED PAINTED MIN 4 FEET",39.08399,-77.07804833,"(39.08399, -77.07804833)"
MCP2357001J,16011653,MONTGOMERY,Property Damage Crash,03/09/2016 07:19:00 AM,No,Maryland (State),South,,3,North,0,FEET,LEVEL,GEORGIA AVE,BALLARD ST,,N/A,,DRIVER,HEAD ON LEFT TURN,CLEAR,DRY,DAYLIGHT,NO CONTROLS,NONE DETECTED,,OTHER VEHICLE,N/A,INTERSECTION,FOUR-WAY INTERSECTION,STRAIGHT,NO DEFECTS,"TWO-WAY, DIVIDED, POSITIVE MEDIAN BARRIER",39.00079667,-77.03315167,"(39.00079667, -77.03315167)"
MCP3268004J,240051587,MONTGOMERY,Injury Crash,10/28/2024 05:15:00 AM,Yes,Maryland (State) Route,Southbound,Lane 2,2,West,0,FEET,Level,NEW HAMPSHIRE AVE (SB/L),JACKSON RD,,,Pedestrian,UNKNOWN,Single Vehicle,Clear,Dry,Dark - Unknown Lighting,Pedestrian Crossing Sign,"Unknown, Unknown","Not Suspect of Alcohol Use, Not Suspect of Drug Use",Pedestrian,,Intersection or Related,Perpendicular,Straight,No Defects,"Divided, Raised Median (curbed)",39.05521092,-76.9955291,"(39.05521092, -76.9955291)"
MCP2425005P,15050544,MONTGOMERY,Injury Crash,10/06/2015 07:07:00 AM,No,US (State),South,,3,North,50,FEET,GRADE DOWNHILL,COLUMBIA PIKE,LOCKWOOD DR,,N/A,,DRIVER,SAME DIR REAR END,CLEAR,DRY,DUSK,TRAFFIC SIGNAL,NONE DETECTED,,OTHER VEHICLE,N/A,INTERSECTION RELATED,T-INTERSECTION,STRAIGHT,NO DEFECTS,"TWO-WAY, DIVIDED, POSITIVE MEDIAN BARRIER",39.03448833,-77.00171833,"(39.03448833, -77.00171833)"
MCP33480017,230056721,Montgomery County Police,Property Damage Crash,09/25/2023 07:47:00 AM,No,Maryland (State),North,,2,North,0,FEET,LEVEL,LAYHILL RD,CHESTER MILL RD,,N/A,,DRIVER,SAME DIR REAR END,CLEAR,DRY,DAYLIGHT,NO CONTROLS,NONE DETECTED,,OTHER VEHICLE,OTHER VEHICLE,INTERSECTION,T-INTERSECTION,STRAIGHT,N/A,"TWO-WAY, NOT DIVIDED",39.11787333,-77.03638,"(39.11787333, -77.03638)"
MCP2072002P,180057346,Montgomery County Police,Injury Crash,11/15/2018 03:00:00 PM,No,County,East,,1,East,40,FEET,LEVEL,BRINK RD,HUNTMASTER RD,,N/A,,DRIVER,SINGLE VEHICLE,SNOW,SNOW,DAYLIGHT,NO CONTROLS,NONE DETECTED,,FIXED OBJECT,N/A,N/A,N/A,STRAIGHT,NO DEFECTS,N/A,39.19261833,-77.242955,"(39.19261833, -77.242955)"
MCP9439000H,170529328,Montgomery County Police,Property Damage Crash,09/08/2017 12:30:00 AM,No,County,East,,1,East,0.2,MILE,LEVEL,BERRYVILLE RD,POPLAR HILL RD,,N/A,,DRIVER,SINGLE VEHICLE,N/A,N/A,DARK NO LIGHTS,N/A,N/A,,FIXED OBJECT,N/A,N/A,N/A,STRAIGHT,NO DEFECTS,OTHER,39.09029545,-77.32653558,"(39.09029545, -77.32653558)"
MCP28800016,15058252,MONTGOMERY,Property Damage Crash,11/15/2015 02:07:00 AM,No,Maryland (State),North,,3,North,0,FEET,HILL UPHILL,QUINCE ORCHARD RD,RAMP 1 FR RAMP 8 (FR IS270) TO MD 124 EB,,N/A,,DRIVER,SAME DIR REAR END,CLEAR,DRY,DARK LIGHTS ON,FLASHING TRAFFIC SIGNAL,NONE DETECTED,,OTHER VEHICLE,N/A,INTERCHANGE RELATED,Y-INTERSECTION,STRAIGHT,NO DEFECTS,"TWO-WAY, DIVIDED, POSITIVE MEDIAN BARRIER",39.150415,-77.21441167,"(39.150415, -77.21441167)"
MCP29950074,200044583,Montgomery County Police,Property Damage Crash,11/11/2020 07:24:00 PM,No,County,West,,3,East,0,FEET,LEVEL,RANDOLPH RD,VEIRS MILL RD,,N/A,,DRIVER,SAME DIRECTION SIDESWIPE,RAINING,WET,DARK LIGHTS ON,NO CONTROLS,NONE DETECTED,,OTHER VEHICLE,N/A,N/A,N/A,STRAIGHT,NO DEFECTS,"TWO-WAY, DIVIDED, UNPROTECTED PAINTED MIN 4 FEET",39.05518833,-77.08436667,"(39.05518833, -77.08436667)"
MCP29890012,180057811,Montgomery County Police,Injury Crash,11/18/2018 02:27:00 AM,No,County,South,,1,East,20,FEET,LEVEL,BRIGGS CHANEY RD,FAIRLAND RD,,N/A,,DRIVER,HEAD ON,CLEAR,N/A,DARK LIGHTS ON,NO CONTROLS,"ALCOHOL PRESENT, N/A",,OTHER VEHICLE,N/A,NON INTERSECTION,N/A,STRAIGHT,NO DEFECTS,"TWO-WAY, NOT DIVIDED",39.06503189,-76.93687313,"(39.06503189, -76.93687313)"
MCP120500C7,240033895,MONTGOMERY,Injury Crash,07/18/2024 09:24:00 AM,No,County Route,Westbound,Lane 1,3,West,24.02,FEET,Uphill,TWIN FORKS LA,EAST WEST HWY,,,,DRIVER,Angle,Cloudy,Dry,Daylight,No Controls,"Not Suspect of Alcohol Use, Not Suspect of Drug Use, Not Suspect of Alcohol Use, Not Suspect of Drug Use",,Motor Vehicle In Transport,Not Applicable,Non-Junction,,Curve Left,No Defects,Not Divided,38.99311288,-77.06499167,"(38.99311288, -77.06499167)"
MCP2641002K,220022085,Montgomery County Police,Property Damage Crash,05/24/2022 08:30:00 AM,No,County,East,,1,East,300,FEET,LEVEL,ETHEL ROSE WAY,SENECA AYR DR,,N/A,,DRIVER,OTHER,RAINING,WET,DAYLIGHT,NO CONTROLS,NONE DETECTED,,PARKED VEHICLE,N/A,NON INTERSECTION,N/A,CURVE RIGHT,NO DEFECTS,"TWO-WAY, NOT DIVIDED",39.21267833,-77.26633667,"(39.21267833, -77.26633667)"
MCP3356000F,230028901,Montgomery County Police,Injury Crash,06/15/2023 10:09:00 PM,No,,North,,2,South,0,FEET,LEVEL,BURDETTE FOREST RD,BLACKSMITH DR,,N/A,,DRIVER,SAME DIR REAR END,CLEAR,DRY,DARK LIGHTS ON,NO CONTROLS,NONE DETECTED,,PARKED VEHICLE,OVERTURN,INTERSECTION,T-INTERSECTION,STRAIGHT,NO DEFECTS,"TWO-WAY, NOT DIVIDED",39.24415574,-77.27241553,"(39.24415574, -77.27241553)"
MCP3038003Q,190036906,Montgomery County Police,Property Damage Crash,08/02/2019 06:21:00 PM,No,Maryland (State),North,,3,North,0,FEET,LEVEL,CONNECTICUT AVE,PLYERS MILL RD,,N/A,,DRIVER,OTHER,CLEAR,DRY,DAYLIGHT,TRAFFIC SIGNAL,N/A,,OTHER VEHICLE,N/A,INTERSECTION,FOUR-WAY INTERSECTION,STRAIGHT,NO DEFECTS,"TWO-WAY, DIVIDED, POSITIVE MEDIAN BARRIER",39.02992167,-77.07573167,"(39.02992167, -77.07573167)"
DD5538000M,15009922,Rockville Police Departme,Property Damage Crash,03/02/2015 07:47:00 PM,No,Municipality,East,,2,West,0,FEET,GRADE DOWNHILL,WOOTTON PKWY,TOWER OAKS BLVD,,ROCKVILLE,,DRIVER,HEAD ON LEFT TURN,CLEAR,DRY,DARK LIGHTS ON,TRAFFIC SIGNAL,NONE DETECTED,,OTHER VEHICLE,N/A,INTERSECTION,FOUR-WAY INTERSECTION,STRAIGHT,NO DEFECTS,"TWO-WAY, DIVIDED, POSITIVE MEDIAN BARRIER",39.06668667,-77.15309167,"(39.06668667, -77.15309167)"
MCP21080020,240024874,MONTGOMERY,Injury Crash,05/26/2024 12:45:00 AM,No,County Route,"Eastbound, Southbound",Lane 1,"4, 6",South,0,FEET,Level,RANDOLPH RD (WB/L),PARKLAWN DR,,,,DRIVER,Angle,Clear,Dry,Dark - Lighted,Flashing Traffic Control Signal,"Not Suspect of Alcohol Use, Not Suspect of Drug Use, Not Suspect of Alcohol Use, Not Suspect of Drug Use",,Motor Vehicle In Transport,,Intersection or Related,Angled/Skewed,Straight,,"Not Divided, Not Divided, With a Continuous Left-Turn Lane",39.05350319,-77.10678489,"(39.05350319, -77.10678489)"
MCP91300034,170507847,Montgomery County Police,Injury Crash,05/15/2017 09:42:00 AM,No,County,South,OFF ROAD,1,North,60,FEET,LEVEL,NORTHAMPTON DR,BEACON RD,,N/A,,DRIVER,SINGLE VEHICLE,CLEAR,DRY,DAYLIGHT,NO CONTROLS,NONE DETECTED,,FIXED OBJECT,FIXED OBJECT,OTHER,N/A,OTHER,NO DEFECTS,"TWO-WAY, DIVIDED, POSITIVE MEDIAN BARRIER",39.008495,-76.98575,"(39.008495, -76.98575)"
MCP1220005D,170519769,Montgomery County Police,Injury Crash,07/18/2017 02:50:00 PM,No,US (State),North,,3,North,0,FEET,LEVEL,COLUMBIA PIKE,FAIRLAND RD,,N/A,,DRIVER,SAME DIR REAR END,RAINING,WET,DAYLIGHT,TRAFFIC SIGNAL,NONE DETECTED,,OTHER VEHICLE,N/A,INTERSECTION,FOUR-WAY INTERSECTION,STRAIGHT,NO DEFECTS,"TWO-WAY, DIVIDED, POSITIVE MEDIAN BARRIER",39.07311,-76.95563167,"(39.07311, -76.95563167)"
MCP2813005M,180050950,Montgomery County Police,Property Damage Crash,10/11/2018 05:33:00 PM,No,Maryland (State),North,,3,North,0,FEET,LEVEL,GEORGIA AVE,HENDERSON AVE,,N/A,,DRIVER,SAME DIR REAR END,RAINING,WET,DAYLIGHT,N/A,N/A,,OTHER VEHICLE,N/A,N/A,N/A,STRAIGHT,NO DEFECTS,"TWO-WAY, DIVIDED, POSITIVE MEDIAN BARRIER",39.05075333,-77.05135,"(39.05075333, -77.05135)"
MCP2940003P,190018749,Montgomery County Police,Property Damage Crash,04/22/2019 11:15:00 AM,No,,,,,,,,,,,PARKING LOT OF 6700 DEMOCRACY BLVD,,,DRIVER,OTHER,CLOUDY,,DAYLIGHT,N/A,NONE DETECTED,,FIXED OBJECT,N/A,,,,,,39.02095667,-77.13721,"(39.02095667, -77.13721)"
MCP2738000Z,15044412,MONTGOMERY,Property Damage Crash,09/03/2015 07:07:00 PM,Yes,,,,,,,,,,,Parking lot of 12285 Tech Rd,,,UNKNOWN,SAME DIR REAR END,CLEAR,,DAYLIGHT,N/A,,,PARKED VEHICLE,N/A,,,,,,39.07838333,-76.94367,"(39.07838333, -76.94367)"
MCP3254000B,200034287,Montgomery County Police,Property Damage Crash,09/02/2020 08:30:00 AM,No,County,West,,5,South,0,FEET,LEVEL,RIDGE RD,OBSERVATION DR,,N/A,,DRIVER,SAME DIR REAR END,RAINING,WET,DAYLIGHT,TRAFFIC SIGNAL,NONE DETECTED,,OTHER VEHICLE,N/A,INTERSECTION,FOUR-WAY INTERSECTION,STRAIGHT,NO DEFECTS,"TWO-WAY, DIVIDED, POSITIVE MEDIAN BARRIER",39.202175,-77.25284,"(39.202175, -77.25284)"
MCP2746001F,16026054,Montgomery County Police,Property Damage Crash,05/25/2016 05:23:00 PM,Yes,Maryland (State),South,,3,North,40,FEET,LEVEL,GEORGIA AVE,INTERNATIONAL DR,,N/A,,DRIVER,SAME DIRECTION SIDESWIPE,CLEAR,DRY,DAYLIGHT,NO CONTROLS,"NONE DETECTED, UNKNOWN",,OTHER VEHICLE,OTHER VEHICLE,NON INTERSECTION,N/A,STRAIGHT,NO DEFECTS,"TWO-WAY, NOT DIVIDED",39.10430167,-77.07676667,"(39.10430167, -77.07676667)"
MCP9386004P,170509353,Montgomery County Police,Property Damage Crash,05/23/2017 09:12:00 AM,No,Maryland (State),South,,3,North,0,FEET,HILL UPHILL,CONNECTICUT AVE,ADAMS DR,,N/A,,DRIVER,SAME DIR REAR END,CLOUDY,DRY,DAYLIGHT,TRAFFIC SIGNAL,NONE DETECTED,,OTHER VEHICLE,N/A,INTERSECTION,FOUR-WAY INTERSECTION,STRAIGHT,NO DEFECTS,"TWO-WAY, DIVIDED, POSITIVE MEDIAN BARRIER",39.039515,-77.10903833,"(39.039515, -77.10903833)"
MCP229800R2,200010640,Montgomery County Police,Injury Crash,03/03/2020 06:36:00 PM,No,,,,,,,,,,,"19707 GERMANTOWN ROAD, DRIVE WAY AREA OF BANK OF AMERICA",,PEDESTRIAN,UNKNOWN,SINGLE VEHICLE,RAINING,,DARK LIGHTS ON,STOP SIGN,NONE DETECTED,NONE DETECTED,PEDESTRIAN,N/A,,,,,,39.17858393,-77.26645455,"(39.17858393, -77.26645455)"
MCP29290039,180059838,Montgomery County Police,Property Damage Crash,11/30/2018 09:12:00 AM,No,Maryland (State),East,,1,East,0,FEET,LEVEL,OLNEY SANDY SPRING RD,MARDEN LA,,N/A,,DRIVER,SAME DIR REAR END,CLOUDY,DRY,DAYLIGHT,NO CONTROLS,NONE DETECTED,,OTHER VEHICLE,N/A,INTERSECTION,T-INTERSECTION,STRAIGHT,NO DEFECTS,"TWO-WAY, NOT DIVIDED",39.14670333,-77.03876,"(39.14670333, -77.03876)"
MCP2639008W,200004590,Montgomery County Police,Injury Crash,01/28/2020 09:55:00 AM,No,Maryland (State),North,,4,North,0,FEET,GRADE DOWNHILL,GEORGIA AVE,EMORY CHURCH RD,,N/A,,DRIVER,SAME DIR REAR END,CLEAR,DRY,DAYLIGHT,TRAFFIC SIGNAL,NONE DETECTED,,OTHER VEHICLE,N/A,INTERSECTION,FOUR-WAY INTERSECTION,STRAIGHT,NO DEFECTS,"TWO-WAY, DIVIDED, POSITIVE MEDIAN BARRIER",39.13025833,-77.07097667,"(39.13025833, -77.07097667)"
MCP3130004Q,220016535,Montgomery County Police,Property Damage Crash,04/19/2022 08:45:00 AM,No,Maryland (State),South,,3,North,300,FEET,LEVEL,LAYHILL RD,GEORGIA AVE,,N/A,,DRIVER,SAME DIR REAR END,CLEAR,DRY,DAYLIGHT,NO CONTROLS,NONE DETECTED,,OTHER VEHICLE,OTHER VEHICLE,NON INTERSECTION,N/A,STRAIGHT,NO DEFECTS,"TWO-WAY, DIVIDED, POSITIVE MEDIAN BARRIER",39.06234667,-77.05079,"(39.06234667, -77.05079)"