Report Number,Local Case Number,Agency Name,ACRS Report Type,Crash Date/Time,Hit/Run,Route Type,Lane Direction,Lane Type,Number of Lanes,Direction,Distance,Distance Unit,Road Grade,Road Name,Cross-Street Name,Off-Road Description,Municipality,Related Non-Motorist,At Fault,Collision Type,Weather,Surface Condition,Light,Traffic Control,Driver Substance Abuse,Non-Motorist Substance Abuse,First Harmful Event,Second Harmful Event,Junction,Intersection Type,Road Alignment,Road Condition,Road Division,Latitude,Longitude,Location
MCP23720021,190028423,Montgomery County Police,Property Damage Crash,06/14/2019 09:16:00 AM,Yes,Other Public Roadway,South,OTHER,0,West,30,FEET,LEVEL,SOMERSET TERRACE,THE HILLS PLAZA,,FRIENDSHIP HEIGHTS,,DRIVER,OTHER,CLEAR,DRY,DAYLIGHT,NO CONTROLS,"NONE DETECTED, UNKNOWN",,PARKED VEHICLE,N/A,N/A,N/A,STRAIGHT,NO DEFECTS,"TWO-WAY, NOT DIVIDED",38.96422203,-77.0896521,"(38.96422203, -77.0896521)"
MCP28180047,190011770,Montgomery County Police,Property Damage Crash,03/14/2019 10:09:00 AM,No,Maryland (State),South,,2,South,75,FEET,LEVEL,GEORGIA AVE,FENWICK LA,,N/A,,DRIVER,SAME DIRECTION SIDESWIPE,CLEAR,DRY,DAYLIGHT,NO CONTROLS,NONE DETECTED,,OTHER VEHICLE,N/A,NON INTERSECTION,N/A,STRAIGHT,NO DEFECTS,"TWO-WAY, DIVIDED, POSITIVE MEDIAN BARRIER",38.998315,-77.03065,"(38.998315, -77.03065)"
MCP2932005V,230003825,Montgomery County Police,Property Damage Crash,01/23/2023 11:43:00 PM,No,County,North,OFF ROAD,2,South,15,FEET,LEVEL,TAMARACK RD,MORNINGSIDE DR,,N/A,,DRIVER,SINGLE VEHICLE,CLEAR,DRY,DARK LIGHTS ON,N/A,NONE DETECTED,,FIXED OBJECT,N/A,NON INTERSECTION,N/A,STRAIGHT,NO DEFECTS,"TWO-WAY, NOT DIVIDED",39.06818082,-76.98527171,"(39.06818082, -76.98527171)"
EJ7777000Y,17015970,Gaithersburg Police Depar,Injury Crash,03/29/2017 01:03:00 PM,No,Municipality,South,,2,North,0,FEET,LEVEL,S SUMMIT AVE,OLDE TOWNE AVE,,GAITHERSBURG,,DRIVER,STRAIGHT MOVEMENT ANGLE,CLEAR,DRY,DAYLIGHT,STOP SIGN,NONE DETECTED,,OTHER VEHICLE,N/A,INTERSECTION,T-INTERSECTION,STRAIGHT,NO DEFECTS,"TWO-WAY, NOT DIVIDED",39.140545,-77.19377333,"(39.140545, -77.19377333)"
MCP31900009,190013168,Montgomery County Police,Injury Crash,03/22/2019 08:04:00 AM,No,Maryland (State),North,,3,North,0,FEET,LEVEL,GEORGIA AVE,KAYSON ST,,N/A,,DRIVER,STRAIGHT MOVEMENT ANGLE,CLEAR,N/A,DAYLIGHT,N/A,N/A,,OTHER VEHICLE,OTHER VEHICLE,INTERSECTION,FOUR-WAY INTERSECTION,STRAIGHT,N/A,"TWO-WAY, DIVIDED, POSITIVE MEDIAN BARRIER",39.07123543,-77.06333261,"(39.07123543, -77.06333261)"
MCP25830038,230031934,Montgomery County Police,Property Damage Crash,07/04/2023 07:16:00 PM,No,County,West,OFF ROAD,1,East,0.1,MILE,LEVEL,JERUSALEM RD,JERUSALEM CHURCH RD,,N/A,,DRIVER,SINGLE VEHICLE,CLEAR,DRY,DAYLIGHT,N/A,NONE DETECTED,,FIXED OBJECT,N/A,N/A,N/A,CURVE LEFT,NO DEFECTS,"TWO-WAY, NOT DIVIDED",39.15785433,-77.4078515,"(39.15785433, -77.4078515)"
MCP2504001D,16021313,Montgomery County Police,Injury Crash,04/30/2016 03:38:00 PM,No,Maryland (State),North,,3,North,50,FEET,LEVEL,FALLS RD,DUNSTER RD,,ROCKVILLE,,DRIVER,SAME DIR REAR END,CLOUDY,DRY,DAYLIGHT,N/A,NONE DETECTED,,OTHER VEHICLE,OTHER VEHICLE,INTERSECTION RELATED,N/A,STRAIGHT,NO DEFECTS,"TWO-WAY, NOT DIVIDED",39.06323333,-77.17643,"(39.06323333, -77.17643)"
MCP2757000Y,15065060,MONTGOMERY,Property Damage Crash,12/20/2015 03:08:00 AM,No,County,West,SHOULDER AREA,1,West,150,FEET,LEVEL,RUSSETT RD,DOWLAIS DR,,N/A,,DRIVER,SAME DIRECTION SIDESWIPE,CLEAR,DRY,DARK NO LIGHTS,N/A,ALCOHOL PRESENT,,PARKED VEHICLE,N/A,NON INTERSECTION,N/A,STRAIGHT,NO DEFECTS,"TWO-WAY, NOT DIVIDED",39.08198,-77.102325,"(39.08198, -77.102325)"
MCP2986000C,16006089,Montgomery County Police,Property Damage Crash,02/05/2016 05:27:00 PM,Yes,County,South,,1,South,0,FEET,LEVEL,WOODLAND DR,GRACE CHURCH RD,,N/A,,DRIVER,SAME DIRECTION SIDESWIPE,N/A,DRY,DAYLIGHT,STOP SIGN,NONE DETECTED,,OTHER VEHICLE,N/A,INTERSECTION,FOUR-WAY INTERSECTION,STRAIGHT,NO DEFECTS,ONE-WAY TRAFFICWAY,39.00639883,-77.03678325,"(39.00639883, -77.03678325)"
DD56710002,240028316,ROCKVILLE,Property Damage Crash,06/14/2024 11:13:00 AM,No,Municipality Route,Eastbound,Lane 2,6,North,187.9,FEET,Uphill,BROADWOOD DR,,,,,DRIVER,Front to Front,Clear,Dry,Daylight,Lane Use Control Signal,"Not Suspect of Alcohol Use, Not Suspect of Drug Use, Not Suspect of Alcohol Use, Not Suspect of Drug Use",,Motor Vehicle In Transport,,Through Roadway,,Straight,No Defects,"Divided, Flush Median (greater than 4ft wide)",39.07690558,-77.12347868,"(39.07690558, -77.12347868)"
MCP3192000P,200004194,Montgomery County Police,Injury Crash,01/25/2020 05:57:00 PM,No,Maryland (State),East,,2,North,0,FEET,HILL UPHILL,PINEY BRANCH RD,GARLAND AVE,,N/A,,DRIVER,STRAIGHT MOVEMENT ANGLE,CLEAR,DRY,DUSK,N/A,"N/A, NONE DETECTED",,OTHER VEHICLE,N/A,INTERSECTION,T-INTERSECTION,STRAIGHT,NO DEFECTS,"TWO-WAY, DIVIDED, UNPROTECTED PAINTED MIN 4 FEET",38.998875,-76.99847783,"(38.998875, -76.99847783)"
DD5652002D,230010521,Rockville Police Departme,Property Damage Crash,03/03/2023 10:59:00 AM,No,Municipality,East,,1,North,200,FEET,LEVEL,TAFT ST,LOFSTRAND LA,,ROCKVILLE,,DRIVER,STRAIGHT MOVEMENT ANGLE,RAINING,WET,DAYLIGHT,NO CONTROLS,NONE DETECTED,,OTHER VEHICLE,N/A,COMMERCIAL DRIVEWAY,OTHER,CURVE RIGHT,NO DEFECTS,"TWO-WAY, DIVIDED, UNPROTECTED PAINTED MIN 4 FEET",39.09367999,-77.13653992,"(39.09367999, -77.13653992)"
MCP2965003T,190007816,Montgomery County Police,Property Damage Crash,02/18/2019 04:58:00 AM,Yes,County,West,,2,East,25,MILE,LEVEL,BRIGHTON DAM RD,VIEWPOINT CT,,N/A,,DRIVER,SINGLE VEHICLE,CLOUDY,WET,DARK NO LIGHTS,NO CONTROLS,UNKNOWN,,FIXED OBJECT,N/A,N/A,N/A,CURVE LEFT,NO DEFECTS,"TWO-WAY, NOT DIVIDED",39.18610055,-77.0469045,"(39.18610055, -77.0469045)"
MCP2777002B,16003891,Montgomery County Police,Injury Crash,01/21/2016 08:12:00 PM,No,Maryland (State),North,,6,North,0,FEET,HILL UPHILL,ROCKVILLE PIKE,SPUR TO TUCKERMAN LA,,N/A,,DRIVER,STRAIGHT MOVEMENT ANGLE,CLEAR,DRY,DARK LIGHTS ON,TRAFFIC SIGNAL,NONE DETECTED,,OTHER VEHICLE,N/A,INTERSECTION,FOUR-WAY INTERSECTION,STRAIGHT,NO DEFECTS,"TWO-WAY, DIVIDED, POSITIVE MEDIAN BARRIER",39.03062,-77.105089,"(39.03062, -77.105089)"
EJ78050013,200005496,Gaithersburg Police Depar,Property Damage Crash,02/02/2020 06:32:00 PM,No,Maryland (State),North,,2,North,5,FEET,LEVEL,QUINCE ORCHARD RD,FIRSTFIELD RD,,GAITHERSBURG,,DRIVER,SAME DIR REAR END,CLEAR,DRY,DARK LIGHTS ON,TRAFFIC SIGNAL,NONE DETECTED,,OTHER VEHICLE,N/A,N/A,FOUR-WAY INTERSECTION,STRAIGHT,NO DEFECTS,"TWO-WAY, DIVIDED, UNPROTECTED PAINTED MIN 4 FEET",39.14525725,-77.22000756,"(39.14525725, -77.22000756)"
MCP31650055,240007953,MONTGOMERY,Property Damage Crash,02/18/2024 08:50:00 AM,No,County Route,Northbound,"Lane 1, Shoulder Area",2,North,34.44,FEET,Level,CASTLE BLVD,,,,,DRIVER,Front to Rear,Clear,Dry,Daylight,No Controls,"Not Suspect of Alcohol Use, Not Suspect of Drug Use",,Parked Vehicle,Parked Vehicle,Non-Junction,,Straight,No Defects,"Not Divided, Not Divided, With a Continuous Left-Turn Lane",39.08358933,-76.94176117,"(39.08358933, -76.94176117)"
MCP24660035,190047288,Montgomery County Police,Property Damage Crash,10/02/2019 03:50:00 PM,Yes,County,East,,2,West,0,FEET,LEVEL,NORWOOD RD,EDNOR RD,,N/A,,UNKNOWN,STRAIGHT MOVEMENT ANGLE,CLEAR,DRY,DAYLIGHT,TRAFFIC SIGNAL,NONE DETECTED,,OTHER VEHICLE,N/A,INTERSECTION,FOUR-WAY INTERSECTION,STRAIGHT,NO DEFECTS,"TWO-WAY, NOT DIVIDED",39.129245,-77.025925,"(39.129245, -77.025925)"
MCP209400M6,230034320,Montgomery County Police,Property Damage Crash,07/19/2023 08:04:00 AM,No,County,North,,2,North,0.2,MILE,LEVEL,MACARTHUR BLVD,MOHICAN RD,,N/A,,DRIVER,SINGLE VEHICLE,CLOUDY,WET,DAYLIGHT,NO CONTROLS,NONE DETECTED,,OFF ROAD,OVERTURN,NON INTERSECTION,N/A,CURVE RIGHT,NO DEFECTS,"TWO-WAY, NOT DIVIDED",38.962555,-77.13473167,"(38.962555, -77.13473167)"
MCP2052000P,15052466,MONTGOMERY,Property Damage Crash,10/16/2015 12:20:00 AM,No,County,North,OFF ROAD,1,South,0,FEET,LEVEL,WARFIELD RD,GOSHEN RD,,N/A,,DRIVER,SINGLE VEHICLE,CLEAR,DRY,DARK LIGHTS ON,N/A,ALCOHOL CONTRIBUTED,,OFF ROAD,N/A,INTERSECTION,FOUR-WAY INTERSECTION,STRAIGHT,NO DEFECTS,"TWO-WAY, NOT DIVIDED",39.19468824,-77.18478084,"(39.19468824, -77.18478084)"
MCP2082001M,190025410,Montgomery County Police,Property Damage Crash,05/20/2019 05:40:00 PM,No,Maryland (State),South,,2,North,0,FEET,LEVEL,MIDCOUNTY HWY,GOSHEN RD,,N/A,,DRIVER,SAME DIR REAR END,N/A,N/A,DAYLIGHT,TRAFFIC SIGNAL,"NONE DETECTED, UNKNOWN",,OTHER VEHICLE,N/A,INTERSECTION,FOUR-WAY INTERSECTION,STRAIGHT,NO DEFECTS,"TWO-WAY, DIVIDED, POSITIVE MEDIAN BARRIER",39.03986,-77.05203167,"(39.03986, -77.05203167)"
MCP2198005D,190021357,Montgomery County Police,Property Damage Crash,05/06/2019 04:55:00 PM,Yes,Maryland (State),North,,3,East,300,FEET,LEVEL,W DIAMOND AVE,BUREAU DR,,GAITHERSBURG,,DRIVER,SAME DIR REAR END,N/A,DRY,DAYLIGHT,N/A,"N/A, UNKNOWN",,OTHER VEHICLE,N/A,N/A,TRAFFIC CIRCLE,STRAIGHT,NO DEFECTS,"TWO-WAY, DIVIDED, POSITIVE MEDIAN BARRIER",39.143125,-77.21792,"(39.143125, -77.21792)"
MCP2385000L,15055322,MONTGOMERY,Property Damage Crash,10/31/2015 12:55:00 AM,No,County,North,,3,South,50,FEET,LEVEL,FATHER HURLEY BLVD,EISENHOWER MEMORIAL HWY,,N/A,,UNKNOWN,SINGLE VEHICLE,CLEAR,DRY,DARK NO LIGHTS,N/A,NONE DETECTED,,ANIMAL,N/A,NON INTERSECTION,N/A,STRAIGHT,NO DEFECTS,"TWO-WAY, DIVIDED, POSITIVE MEDIAN BARRIER",39.19708667,-77.26424167,"(39.19708667, -77.26424167)"
MCP33070012,210048142,Montgomery County Police,Property Damage Crash,11/27/2021 10:53:00 AM,No,Maryland (State),East,,1,West,250,FEET,LEVEL,NORBECK RD,GEORGIA AVE,,N/A,,DRIVER,SAME DIR REAR END,CLEAR,DRY,DAYLIGHT,NO CONTROLS,NONE DETECTED,,OTHER VEHICLE,N/A,NON INTERSECTION,N/A,STRAIGHT,NO DEFECTS,"TWO-WAY, NOT DIVIDED",39.10963167,-77.07453833,"(39.10963167, -77.07453833)"
DD56310027,190030327,Rockville Police Departme,Property Damage Crash,06/25/2019 02:47:00 PM,No,Municipality,South,,2,East,5,FEET,LEVEL,LONGHORN CRESENT,GAITHER RD,,ROCKVILLE,,DRIVER,STRAIGHT MOVEMENT ANGLE,CLEAR,DRY,DAYLIGHT,NO CONTROLS,NONE DETECTED,,OTHER VEHICLE,N/A,INTERSECTION RELATED,T-INTERSECTION,STRAIGHT,NO DEFECTS,"TWO-WAY, DIVIDED, POSITIVE MEDIAN BARRIER",39.10921167,-77.17378833,"(39.10921167, -77.17378833)"
MCP31740053,240060009,MONTGOMERY,Property Damage Crash,12/16/2024 05:54:00 AM,,,,,0,,,FEET,,,,Parking Stall        IN PARKING LOT OF 18700 WALKERS HOUSE ROAD,,,UNKNOWN,Rear To Rear,Rain,,Dark - Lighted,,,,Parked Vehicle,Parked Vehicle,,,,,,39.1629942,-77.20607968,"(39.1629942, -77.20607968)"
MCP2830001S,15055919,MONTGOMERY,Injury Crash,11/03/2015 08:18:00 AM,No,Maryland (State),West,,2,East,500,FEET,LEVEL,SPENCERVILLE RD,VEITCH LA,,N/A,,DRIVER,SAME DIR REAR END,CLEAR,DRY,DAYLIGHT,NO CONTROLS,NONE DETECTED,,OTHER VEHICLE,OTHER VEHICLE,NON INTERSECTION,N/A,STRAIGHT,NO DEFECTS,"TWO-WAY, NOT DIVIDED",39.13833833,-77.06921167,"(39.13833833, -77.06921167)"
MCP2946006M,240021097,MONTGOMERY,Injury Crash,05/05/2024 12:39:00 PM,No,County Route,"Northbound, Westbound","Lane 2, Right Turn Lane","2, 3",South,0,FEET,"Hillcrest, Level",CLOVERLEAF CENTER DR (EB/L),CRYSTAL ROCK DR,,,,DRIVER,Angle,Rain,Wet,Daylight,"No Controls, Stop Sign","Not Suspect of Alcohol Use, Not Suspect of Drug Use, Not Suspect of Alcohol Use, Not Suspect of Drug Use",,Motor Vehicle In Transport,Traffic Sign Support,Intersection or Related,Perpendicular,"Curve Right, Straight",,"Divided, Flush Median (greater than 4ft wide), Divided, Raised Median (curbed)",39.19022592,-77.26656479,"(39.19022592, -77.26656479)"
MCP2789002D,16016624,Montgomery County Police,Injury Crash,04/05/2016 05:05:00 PM,No,Maryland (State),North,,3,North,500,FEET,LEVEL,GEORGIA AVE,FOREST GLEN RD,,N/A,,DRIVER,SAME DIR REAR END,CLEAR,N/A,DAYLIGHT,NO CONTROLS,N/A,,OTHER VEHICLE,N/A,N/A,N/A,STRAIGHT,NO DEFECTS,"TWO-WAY, DIVIDED, POSITIVE MEDIAN BARRIER",39.01743167,-77.04322833,"(39.01743167, -77.04322833)"
MCP28950019,17004270,Montgomery County Police,Injury Crash,01/25/2017 01:16:00 AM,No,County,East,,1,North,0,MILE,LEVEL,GERMANTOWN RD,FREDERICK RD,,N/A,,DRIVER,SINGLE VEHICLE,CLEAR,DRY,DARK LIGHTS ON,N/A,ALCOHOL CONTRIBUTED,,FIXED OBJECT,N/A,N/A,N/A,STRAIGHT,NO DEFECTS,"TWO-WAY, DIVIDED, POSITIVE MEDIAN BARRIER",39.19264275,-77.24071026,"(39.19264275, -77.24071026)"
MCP27880017,170510315,Montgomery County Police,Injury Crash,05/27/2017 11:20:00 PM,No,Maryland (State),West,,2,East,50,FEET,GRADE DOWNHILL,VEIRS MILL RD,PENDLETON DR,,N/A,,DRIVER,SAME DIR REAR END,CLEAR,DRY,DARK LIGHTS ON,N/A,"ALCOHOL PRESENT, NONE DETECTED",,OTHER VEHICLE,OFF ROAD,NON INTERSECTION,N/A,STRAIGHT,NO DEFECTS,"TWO-WAY, DIVIDED, POSITIVE MEDIAN BARRIER",39.04648484,-77.06713781,"(39.04648484, -77.06713781)"
MCP2895002Y,230034240,Montgomery County Police,Property Damage Crash,07/18/2023 04:30:00 PM,No,County,South,,1,North,0,FEET,LEVEL,AMARANTH DR,MIDDLEBROOK RD,,N/A,,UNKNOWN,SAME DIRECTION RIGHT TURN,N/A,DRY,DAYLIGHT,STOP SIGN,NONE DETECTED,,OTHER VEHICLE,N/A,INTERSECTION,T-INTERSECTION,STRAIGHT,NO DEFECTS,"TWO-WAY, NOT DIVIDED",39.17490073,-77.25260184,"(39.17490073, -77.25260184)"
MCP2043000R,16056809,Montgomery County Police,Injury Crash,11/03/2016 11:00:00 PM,No,Maryland (State),North,,2,North,0,FEET,LEVEL,WOODFIELD RD,FLOWER HILL WAY,,N/A,,DRIVER,HEAD ON LEFT TURN,CLOUDY,DRY,DARK LIGHTS ON,TRAFFIC SIGNAL,NONE DETECTED,,OTHER VEHICLE,N/A,INTERSECTION,FOUR-WAY INTERSECTION,STRAIGHT,NO DEFECTS,"TWO-WAY, NOT DIVIDED",39.15622667,-77.16528,"(39.15622667, -77.16528)"
DD5653003H,240024274,ROCKVILLE,Injury Crash,05/22/2024 05:28:00 PM,No,Municipality Route,"Southbound, Westbound",Lane 1,"4, 6",West,0,FEET,Downhill,S ADAMS ST,W JEFFERSON ST,,,,UNKNOWN,Angle,Clear,Dry,Daylight,"No Controls, Stop Sign","Not Suspect of Alcohol Use, Not Suspect of Drug Use, Not Suspect of Alcohol Use, Not Suspect of Drug Use",,Motor Vehicle In Transport,,Intersection or Related,Perpendicular,Straight,No Defects,Not Divided,39.08313126,-77.15472183,"(39.08313126, -77.15472183)"
MCP2411003W,190052261,Montgomery County Police,Injury Crash,10/30/2019 04:29:00 PM,No,County,North,,2,South,0,FEET,LEVEL,ROCKING HORSE RD,RANDOLPH RD,,N/A,PEDESTRIAN,DRIVER,OTHER,CLEAR,DRY,DAYLIGHT,TRAFFIC SIGNAL,NONE DETECTED,NONE DETECTED,PEDESTRIAN,N/A,INTERSECTION,FOUR-WAY INTERSECTION,STRAIGHT,NO DEFECTS,"TWO-WAY, DIVIDED, UNPROTECTED PAINTED MIN 4 FEET",39.05385636,-77.09416462,"(39.05385636, -77.09416462)"
MCP235300BW,230025848,Montgomery County Police,Injury Crash,05/30/2023 10:12:00 AM,No,County,North,,2,North,0,FEET,LEVEL,PARKLAWN DR,PARKLAWN TERR,,N/A,,DRIVER,STRAIGHT MOVEMENT ANGLE,CLOUDY,DRY,DAYLIGHT,STOP SIGN,NONE DETECTED,,OTHER VEHICLE,FIXED OBJECT,INTERSECTION,T-INTERSECTION,CURVE RIGHT,NO DEFECTS,"TWO-WAY, DIVIDED, UNPROTECTED PAINTED MIN 4 FEET",39.05087217,-77.10532983,"(39.05087217, -77.10532983)"
MCP2633003H,230059654,Montgomery County Police,Injury Crash,10/10/2023 04:30:00 PM,No,County,South,,2,North,200,FEET,HILL UPHILL,SEVEN LOCKS RD,BRADLEY BLVD,,N/A,,DRIVER,OTHER,CLEAR,DRY,DAYLIGHT,STOP SIGN,NONE DETECTED,,OTHER VEHICLE,FIXED OBJECT,INTERSECTION RELATED,T-INTERSECTION,STRAIGHT,NO DEFECTS,"TWO-WAY, NOT DIVIDED",39.01262,-77.16049,"(39.01262, -77.16049)"
MCP3084001S,180035113,Montgomery County Police,Property Damage Crash,07/16/2018 09:54:00 AM,No,County,North,,2,North,0,FEET,LEVEL,WESTLAKE DR,WESTLAKE TERR,,N/A,,DRIVER,HEAD ON LEFT TURN,CLEAR,DRY,DAYLIGHT,TRAFFIC SIGNAL,NONE DETECTED,,OTHER VEHICLE,N/A,INTERSECTION,FOUR-WAY INTERSECTION,STRAIGHT,NO DEFECTS,"TWO-WAY, NOT DIVIDED",39.0272245,-77.1476105,"(39.0272245, -77.1476105)"
MCP229800L9,180054393,Montgomery County Police,Injury Crash,10/30/2018 03:41:00 PM,No,County,South,,2,South,5,FEET,GRADE DOWNHILL,STRINGTOWN RD,ST CLAIR RD,,N/A,,DRIVER,SAME DIRECTION SIDESWIPE,CLEAR,DRY,DAYLIGHT,N/A,NONE DETECTED,,OTHER VEHICLE,FIXED OBJECT,NON INTERSECTION,N/A,CURVE RIGHT,NO DEFECTS,"TWO-WAY, DIVIDED, POSITIVE MEDIAN BARRIER",39.23162457,-77.28303737,"(39.23162457, -77.28303737)"
MCP3026001N,170537342,Montgomery County Police,Property Damage Crash,10/18/2017 11:41:00 AM,No,Maryland (State),South,,3,North,0,FEET,LEVEL,WISCONSIN AVE,CORDELL AVE,,N/A,,DRIVER,SAME DIRECTION SIDESWIPE,CLEAR,DRY,DAYLIGHT,TRAFFIC SIGNAL,NONE DETECTED,,OTHER VEHICLE,N/A,INTERSECTION,T-INTERSECTION,STRAIGHT,NO DEFECTS,"TWO-WAY, DIVIDED, POSITIVE MEDIAN BARRIER",38.99103603,-77.09573954,"(38.99103603, -77.09573954)"
MCP23130011,190036772,Montgomery County Police,Property Damage Crash,08/01/2019 09:47:00 PM,No,Maryland (State),North,,2,North,200,FEET,LEVEL,NEW HAMPSHIRE AVE,CLOVERLY ST,,N/A,,DRIVER,SAME DIRECTION SIDESWIPE,CLEAR,DRY,DARK LIGHTS ON,NO CONTROLS,N/A,,OTHER VEHICLE,FIXED OBJECT,NON INTERSECTION,N/A,STRAIGHT,NO DEFECTS,"TWO-WAY, NOT DIVIDED",39.11020207,-76.99622241,"(39.11020207, -76.99622241)"
MCP2939004L,200011153,Montgomery County Police,Injury Crash,03/06/2020 03:21:00 PM,No,Maryland (State),North,,3,South,20,FEET,LEVEL,GERMANTOWN RD,MIDDLEBROOK RD,,N/A,,DRIVER,OTHER,CLEAR,WET,DAYLIGHT,TRAFFIC SIGNAL,"N/A, NONE DETECTED",,OTHER VEHICLE,OTHER VEHICLE,INTERSECTION RELATED,FOUR-WAY INTERSECTION,STRAIGHT,NO DEFECTS,"TWO-WAY, DIVIDED, POSITIVE MEDIAN BARRIER",39.17841833,-77.267795,"(39.17841833, -77.267795)"
MCP3113004F,220053864,Montgomery County Police,Property Damage Crash,12/06/2022 01:25:00 PM,Yes,,,,,,,,,,,PARKING LOT OF DARCARS 12210 CHERRY HILL ROAD,,,DRIVER,OTHER,RAINING,,DAYLIGHT,NO CONTROLS,N/A,,PARKED VEHICLE,N/A,,,,,,39.061335,-76.96004614,"(39.061335, -76.96004614)"
MCP1113002X,190040793,Montgomery County Police,Injury Crash,08/26/2019 10:00:00 AM,No,Maryland (State),West,,2,East,30,FEET,LEVEL,LAYTONSVILLE RD,HOWARD ST,,LAYTONSVILLE,,DRIVER,SAME DIR REAR END,CLEAR,DRY,DAYLIGHT,NO CONTROLS,NONE DETECTED,,OTHER VEHICLE,N/A,COMMERCIAL DRIVEWAY,N/A,STRAIGHT,NO DEFECTS,"TWO-WAY, NOT DIVIDED",39.20867,-77.141525,"(39.20867, -77.141525)"
EJ7866003T,180027845,Gaithersburg Police Depar,Property Damage Crash,06/06/2018 12:05:00 PM,No,County,South,,1,North,50,FEET,HILL UPHILL,E DEER PARK DR,GROVE ST,,GAITHERSBURG,,DRIVER,SINGLE VEHICLE,CLEAR,DRY,DAYLIGHT,NO CONTROLS,NONE DETECTED,,FIXED OBJECT,N/A,N/A,N/A,STRAIGHT,NO DEFECTS,"TWO-WAY, NOT DIVIDED",39.136895,-77.18006833,"(39.136895, -77.18006833)"
MCP2844006H,230046959,Montgomery County Police,Property Damage Crash,07/30/2023 12:45:00 PM,No,County,North,,1,North,50,FEET,LEVEL,BEAVERWOOD LA,BIRCHTREE LA,,N/A,,DRIVER,STRAIGHT MOVEMENT ANGLE,CLEAR,DRY,DAYLIGHT,TRAFFIC SIGNAL,NONE DETECTED,,OTHER VEHICLE,N/A,INTERSECTION RELATED,FOUR-WAY INTERSECTION,STRAIGHT,NO DEFECTS,"TWO-WAY, DIVIDED, UNPROTECTED PAINTED MIN 4 FEET",39.08625317,-77.06361317,"(39.08625317, -77.06361317)"
MCP2278001G,16037802,Montgomery County Police,Injury Crash,07/26/2016 12:57:00 PM,No,County,West,,1,East,50,FEET,HILL CREST,BEECH AVE,EDGELEY RD,,N/A,,DRIVER,STRAIGHT MOVEMENT ANGLE,N/A,DRY,DAYLIGHT,NO CONTROLS,NONE DETECTED,,OTHER VEHICLE,N/A,INTERSECTION RELATED,T-INTERSECTION,STRAIGHT,NO DEFECTS,"TWO-WAY, DIVIDED, UNPROTECTED PAINTED MIN 4 FEET",39.01033,-77.11422167,"(39.01033, -77.11422167)"
MCP3386001C,240034821,MONTGOMERY,Property Damage Crash,07/23/2024 06:35:00 PM,,,,,0,,,FEET,,,,Parking Lot Way        PARKING LOT OF PRECISE AUTO SERVICES AT 3921 PLYERS MILL RD.,,,UNKNOWN,"Sideswipe, Opposite Direction",Clear,,Daylight,,"Unknown, Unknown",,Parked Vehicle,,,,,,,39.03003345,-77.07753833,"(39.03003345, -77.07753833)"
MCP1020002B,17013402,Montgomery County Police,Property Damage Crash,03/15/2017 04:25:00 PM,No,County,West,OUTSIDE RIGHT OF WAY,1,East,0.5,MILE,HILL CREST,PRICES DISTILLERY RD,FREDERICK CO/L,,N/A,,DRIVER,SINGLE VEHICLE,CLEAR,SNOW,DAYLIGHT,NO CONTROLS,NONE DETECTED,,FIXED OBJECT,N/A,NON INTERSECTION,N/A,STRAIGHT,NO DEFECTS,"TWO-WAY, NOT DIVIDED",39.29838167,-77.27658,"(39.29838167, -77.27658)"
MCP11520007,15043853,MONTGOMERY,Property Damage Crash,09/01/2015 01:39:00 AM,No,County,North,,3,North,30,FEET,LEVEL,AIRPARK RD,MUNCASTER MILL RD,,N/A,,DRIVER,SINGLE VEHICLE,CLEAR,DRY,DARK LIGHTS ON,TRAFFIC SIGNAL,NONE DETECTED,,ANIMAL,N/A,NON INTERSECTION,N/A,STRAIGHT,NO DEFECTS,"TWO-WAY, DIVIDED, UNPROTECTED PAINTED MIN 4 FEET",39.1489332,-77.14640379,"(39.1489332, -77.14640379)"
MCP2809004F,20034574,Montgomery County Police,Injury Crash,09/03/2020 08:20:00 PM,No,Maryland (State),East,,3,East,0,FEET,LEVEL,UNIVERSITY BLVD E,PINEY BRANCH RD,,N/A,PEDESTRIAN,DRIVER,OTHER,RAINING,WET,DARK LIGHTS ON,TRAFFIC SIGNAL,N/A,N/A,PEDESTRIAN,N/A,INTERSECTION,FOUR-WAY INTERSECTION,STRAIGHT,NO DEFECTS,"TWO-WAY, DIVIDED, POSITIVE MEDIAN BARRIER",38.99963667,-76.99598333,"(38.99963667, -76.99598333)"
MCP2385002Y,230063006,Montgomery County Police,Property Damage Crash,10/28/2023 05:05:00 AM,No,Maryland (State),North,,2,North,0.5,MILE,LEVEL,DAMASCUS RD,GRIFFITH RD,,N/A,,DRIVER,SINGLE VEHICLE,CLEAR,DRY,DARK NO LIGHTS,NO CONTROLS,NONE DETECTED,,FIXED OBJECT,N/A,NON INTERSECTION,N/A,STRAIGHT,NO DEFECTS,"TWO-WAY, NOT DIVIDED",39.23661333,-77.10138,"(39.23661333, -77.10138)"
MCP271700JS,180036838,Montgomery County Police,Injury Crash,07/25/2018 02:15:00 PM,No,US (State),North,,3,North,0,FEET,LEVEL,COLUMBIA PIKE,TECH RD,,N/A,,DRIVER,SAME DIR REAR END,CLEAR,DRY,DAYLIGHT,TRAFFIC SIGNAL,NONE DETECTED,,OTHER VEHICLE,N/A,INTERSECTION,FOUR-WAY INTERSECTION,STRAIGHT,N/A,"TWO-WAY, DIVIDED, POSITIVE MEDIAN BARRIER",39.05795467,-76.96807483,"(39.05795467, -76.96807483)"