Report Number,Local Case Number,Agency Name,ACRS Report Type,Crash Date/Time,Hit/Run,Route Type,Lane Direction,Lane Type,Number of Lanes,Direction,Distance,Distance Unit,Road Grade,Road Name,Cross-Street Name,Off-Road Description,Municipality,Related Non-Motorist,At Fault,Collision Type,Weather,Surface Condition,Light,Traffic Control,Driver Substance Abuse,Non-Motorist Substance Abuse,First Harmful Event,Second Harmful Event,Junction,Intersection Type,Road Alignment,Road Condition,Road Division,Latitude,Longitude,Location
MCP2656003J,180050161,Montgomery County Police,Property Damage Crash,10/07/2018 03:30:00 PM,No,County,South,,1,North,0,FEET,LEVEL,GRACEFIELD RD,GRACEFIELD RD (AHEAD),,N/A,,DRIVER,STRAIGHT MOVEMENT ANGLE,N/A,DRY,DAYLIGHT,STOP SIGN,N/A,,OTHER VEHICLE,N/A,INTERSECTION,FOUR-WAY INTERSECTION,STRAIGHT,NO DEFECTS,"TWO-WAY, NOT DIVIDED",39.05259167,-76.95074667,"(39.05259167, -76.95074667)"
MCP243600D7,210034006,Montgomery County Police,Property Damage Crash,08/31/2021 12:00:00 PM,No,Maryland (State),West,,3,West,300,FEET,LEVEL,UNIVERSITY BLVD W,ROYALTON RD,,N/A,,DRIVER,SAME DIRECTION SIDESWIPE,CLOUDY,DRY,DAYLIGHT,NO CONTROLS,NONE DETECTED,,OTHER VEHICLE,N/A,N/A,N/A,STRAIGHT,NO DEFECTS,"TWO-WAY, DIVIDED, POSITIVE MEDIAN BARRIER",39.02438257,-77.01824723,"(39.02438257, -77.01824723)"
MCP2710000W,16010110,Montgomery County Police,Property Damage Crash,02/29/2016 04:00:00 PM,Yes,County,South,,4,South,0,FEET,GRADE DOWNHILL,GOSHEN RD,MIDCOUNTY HWY,,N/A,,DRIVER,SAME DIR REAR END,N/A,DRY,DAYLIGHT,N/A,"NONE DETECTED, UNKNOWN",,OTHER VEHICLE,N/A,NON INTERSECTION,N/A,STRAIGHT,N/A,"TWO-WAY, NOT DIVIDED",39.15839167,-77.19193667,"(39.15839167, -77.19193667)"
DM8514001V,240060459,TAKOMA,Property Damage Crash,12/14/2024 07:21:00 PM,,,,,0,,,FEET,,,,Parking Lot Way        PARKING LOT TO EXIT ONTO MAIN ROADWAY,,,UNKNOWN,Front to Rear,Clear,,Dark - Lighted,,"Not Suspect of Alcohol Use, Not Suspect of Drug Use, Not Suspect of Alcohol Use, Not Suspect of Drug Use",,Motor Vehicle In Transport,Motor Vehicle In Transport,,,,,,38.98976055,-76.98905143,"(38.98976055, -76.98905143)"
EJ78760044,220006332,Gaithersburg Police Depar,Property Damage Crash,02/13/2022 05:30:00 PM,No,,,,,,,,,,,15 S SUMMIT AVENUE,,,DRIVER,OTHER,CLEAR,,DARK LIGHTS ON,NO CONTROLS,NONE DETECTED,,OTHER VEHICLE,OTHER VEHICLE,,,,,,39.1409978,-77.19320407,"(39.1409978, -77.19320407)"
MCP2767002S,170508153,Montgomery County Police,Injury Crash,05/16/2017 06:24:00 PM,No,County,North,,2,South,250,FEET,LEVEL,AMHERST AVE,UNIVERSITY BLVD W,,N/A,,DRIVER,SAME DIR REAR END,CLEAR,DRY,DAYLIGHT,TRAFFIC SIGNAL,NONE DETECTED,,OTHER VEHICLE,N/A,INTERSECTION RELATED,FOUR-WAY INTERSECTION,STRAIGHT,NO DEFECTS,"TWO-WAY, NOT DIVIDED",39.04059833,-77.04864833,"(39.04059833, -77.04864833)"
MCP2867002T,16050708,Montgomery County Police,Property Damage Crash,10/03/2016 07:46:00 AM,No,Maryland (State),East,,1,South,0,FEET,GRADE DOWNHILL,NEW HAMPSHIRE AVE,NORTHAMPTON DR,,N/A,,DRIVER,SAME DIRECTION SIDESWIPE,CLEAR,DRY,DAYLIGHT,N/A,NONE DETECTED,,OTHER VEHICLE,N/A,NON INTERSECTION,N/A,STRAIGHT,NO DEFECTS,"TWO-WAY, DIVIDED, POSITIVE MEDIAN BARRIER",39.00684591,-76.98101878,"(39.00684591, -76.98101878)"
MCP2968004B,220015977,Montgomery County Police,Injury Crash,04/15/2022 12:10:00 PM,No,County,North,,2,North,0,FEET,LEVEL,SHADY GROVE RD,GUDELSKY WAY,,N/A,OTHER PEDALCYCLIST,DRIVER,OTHER,CLEAR,DRY,DAYLIGHT,TRAFFIC SIGNAL,N/A,N/A,OTHER PEDALCYCLE,N/A,INTERSECTION,T-INTERSECTION,STRAIGHT,NO DEFECTS,"TWO-WAY, DIVIDED, POSITIVE MEDIAN BARRIER",39.09067667,-77.199705,"(39.09067667, -77.199705)"
DD56120037,220056383,Rockville Police Departme,Property Damage Crash,12/20/2022 09:49:00 AM,No,Municipality,West,LEFT TURN LANE,1,West,0,FEET,LEVEL,WATKINS POND BLVD,FREDERICK RD,,N/A,,DRIVER,STRAIGHT MOVEMENT ANGLE,CLEAR,DRY,DAYLIGHT,TRAFFIC SIGNAL,NONE DETECTED,,OTHER VEHICLE,N/A,INTERSECTION,FOUR-WAY INTERSECTION,STRAIGHT,NO DEFECTS,"TWO-WAY, DIVIDED, POSITIVE MEDIAN BARRIER",39.11226556,-77.16187702,"(39.11226556, -77.16187702)"
DD5607002P,190010918,Rockville Police Departme,Property Damage Crash,03/08/2019 11:30:00 PM,No,Municipality,West,,1,East,0,FEET,HILL UPHILL,W GUDE DR,SPUR FR WB MU 1295 TO WB MD 28,,N/A,,DRIVER,SINGLE VEHICLE,CLOUDY,WET,DARK LIGHTS ON,UNKNOWN,ALCOHOL PRESENT,,N/A,N/A,INTERSECTION,OTHER,CURVE RIGHT,NO DEFECTS,ONE-WAY TRAFFICWAY,39.099985,-77.18442,"(39.099985, -77.18442)"
MCP27890048,180005784,Montgomery County Police,Property Damage Crash,02/02/2018 05:45:00 PM,No,Maryland (State),South,,1,North,0,FEET,LEVEL,PINEY BRANCH RD,RITCHIE AVE,,N/A,,DRIVER,STRAIGHT MOVEMENT ANGLE,CLEAR,DRY,DARK LIGHTS ON,NO CONTROLS,N/A,,OTHER VEHICLE,N/A,INTERSECTION,FOUR-WAY INTERSECTION,STRAIGHT,NO DEFECTS,"TWO-WAY, NOT DIVIDED",38.98812333,-77.01225833,"(38.98812333, -77.01225833)"
MCP32590052,240046037,MONTGOMERY,Property Damage Crash,09/26/2024 06:35:00 PM,No,County Route,Eastbound,Lane 2,2,East,0,FEET,Uphill,BROOKDALE RD,RIVER RD,,,,UNKNOWN,Rear To Side,Cloudy,Dry,Dusk,No Controls,"Not Suspect of Alcohol Use, Not Suspect of Drug Use, Not Suspect of Alcohol Use, Not Suspect of Drug Use",,Motor Vehicle In Transport,Motor Vehicle In Transport,Intersection or Related,Angled/Skewed,Straight,No Defects,Not Divided,38.95692667,-77.09204333,"(38.95692667, -77.09204333)"
MCP2967003M,190006276,Montgomery County Police,Injury Crash,02/08/2019 02:43:00 PM,No,Maryland (State),South,LEFT TURN LANE,3,North,0,FEET,LEVEL,WISCONSIN AVE,LELAND ST,,N/A,PEDESTRIAN,DRIVER,SINGLE VEHICLE,CLEAR,DRY,DAYLIGHT,TRAFFIC SIGNAL,N/A,N/A,PEDESTRIAN,N/A,INTERSECTION,FOUR-WAY INTERSECTION,STRAIGHT,NO DEFECTS,"TWO-WAY, DIVIDED, POSITIVE MEDIAN BARRIER",38.97976333,-77.09187,"(38.97976333, -77.09187)"
DD5663001B,240043042,ROCKVILLE,Injury Crash,09/10/2024 04:44:00 PM,No,Municipality Route,"Southbound, Westbound","Lane 1, Lane 2, Left Turn Lane","2, 3",North,0,FEET,Level,WOOTTON PKWY,W EDMONSTON DR,,,,DRIVER,Angle,Clear,Dry,Daylight,Traffic Control Signal,"Not Suspect of Alcohol Use, Not Suspect of Drug Use, Not Suspect of Alcohol Use, Not Suspect of Drug Use, Not Suspect of Alcohol Use, Not Suspect of Drug Use",,Motor Vehicle In Transport,Motor Vehicle In Transport,Intersection or Related,Angled/Skewed,Straight,No Defects,"Divided, Raised Median (curbed), Not Divided",39.07125453,-77.13947395,"(39.07125453, -77.13947395)"
MCP2008001K,15057992,MONTGOMERY,Injury Crash,11/13/2015 03:53:00 PM,No,County,North,,2,North,,MILE,LEVEL,JONES MILL RD,BLACK CHESTNUT LA,,N/A,,DRIVER,OPPOSITE DIRECTION SIDESWIPE,CLEAR,DRY,DAYLIGHT,N/A,NONE DETECTED,,OTHER VEHICLE,N/A,NON INTERSECTION,N/A,CURVE LEFT,NO DEFECTS,"TWO-WAY, NOT DIVIDED",39.00274833,-77.06397833,"(39.00274833, -77.06397833)"
MCP20720031,190043653,Montgomery County Police,Property Damage Crash,09/12/2019 08:20:00 AM,No,Maryland (State),South,,3,South,100,FEET,LEVEL,FREDERICK RD,GERMANTOWN RD,,N/A,,DRIVER,SAME DIR REAR END,CLEAR,DRY,DAYLIGHT,N/A,NONE DETECTED,,OTHER VEHICLE,N/A,N/A,N/A,STRAIGHT,NO DEFECTS,N/A,39.18805167,-77.24081167,"(39.18805167, -77.24081167)"
MCP291700DC,240021082,MONTGOMERY,Property Damage Crash,05/05/2024 10:09:00 AM,No,County Route,Westbound,Lane 1,"3, 4",North,52.87,FEET,Downhill,RANDOLPH RD,,,,,DRIVER,Front to Rear,Rain,Wet,Daylight,No Controls,"Not Suspect of Alcohol Use, Not Suspect of Drug Use, Suspect of Alcohol Use, Not Suspect of Drug Use",,Motor Vehicle In Transport,Fence,,,Curve Right,,"Divided, Raised Median (curbed)",39.05320551,-77.08918744,"(39.05320551, -77.08918744)"
MCP3299000P,210036594,Montgomery County Police,Property Damage Crash,09/16/2021 08:34:00 PM,No,County,South,,2,North,0.5,MILE,LEVEL,OLD BALTIMORE RD,MENDEN FARM DR,,N/A,,DRIVER,SINGLE VEHICLE,RAINING,WET,DARK NO LIGHTS,NO CONTROLS,NONE DETECTED,,FIXED OBJECT,N/A,N/A,N/A,STRAIGHT,NO DEFECTS,"TWO-WAY, NOT DIVIDED",39.13845841,-77.06284112,"(39.13845841, -77.06284112)"
MCP3174002X,200049782,Montgomery County Police,Property Damage Crash,12/18/2020 03:36:00 PM,No,County,East,,1,East,0,FEET,LEVEL,RAINBOWVIEW PL,DOUBLELAND RD,,N/A,,DRIVER,STRAIGHT MOVEMENT ANGLE,CLEAR,DRY,DAYLIGHT,STOP SIGN,NONE DETECTED,,OTHER VEHICLE,N/A,INTERSECTION,FOUR-WAY INTERSECTION,STRAIGHT,NO DEFECTS,"TWO-WAY, NOT DIVIDED",39.16306833,-77.22891833,"(39.16306833, -77.22891833)"
DM84560006,16023419,Takoma Park Police Depart,Injury Crash,05/11/2016 05:15:00 PM,No,Maryland (State),West,,3,South,0,FEET,LEVEL,EAST WEST HWY,KENTLAND AVE,,N/A,,DRIVER,STRAIGHT MOVEMENT ANGLE,RAINING,WET,DAYLIGHT,STOP SIGN,NONE DETECTED,,OTHER VEHICLE,OTHER VEHICLE,NON INTERSECTION,N/A,STRAIGHT,NO DEFECTS,"TWO-WAY, NOT DIVIDED",38.975785,-76.99145833,"(38.975785, -76.99145833)"
DD5653001D,220012111,Rockville Police Departme,Property Damage Crash,03/20/2022 11:50:00 PM,Yes,,,,,,,,,,,330 HUNGERFORD DR PARKING LOT B,,,DRIVER,SINGLE VEHICLE,N/A,,DARK LIGHTS ON,OTHER,N/A,,OTHER VEHICLE,N/A,,,,,,39.08613063,-77.15062519,"(39.08613063, -77.15062519)"
MCP3134002J,200038951,Montgomery County Police,Injury Crash,10/03/2020 03:35:00 PM,No,Maryland (State),South,,1,West,20,FEET,LEVEL,DUSTIN RD,COLUMBIA PIKE,,N/A,,DRIVER,SINGLE VEHICLE,CLEAR,DRY,DAYLIGHT,NO CONTROLS,N/A,,N/A,N/A,NON INTERSECTION,N/A,CURVE LEFT,NO DEFECTS,ONE-WAY TRAFFICWAY,39.11277733,-76.93287633,"(39.11277733, -76.93287633)"
MCP2869001Q,16051689,Montgomery County Police,Injury Crash,10/07/2016 11:05:00 PM,No,Maryland (State),South,,3,South,0,FEET,LEVEL,GEORGIA AVE,URBANA DR,,N/A,,DRIVER,SAME DIR REAR END,CLEAR,DRY,DARK LIGHTS ON,TRAFFIC SIGNAL,NONE DETECTED,,OTHER VEHICLE,N/A,N/A,FOUR-WAY INTERSECTION,STRAIGHT,NO DEFECTS,"TWO-WAY, DIVIDED, POSITIVE MEDIAN BARRIER",39.06139512,-77.05271959,"(39.06139512, -77.05271959)"
MCP21950012,170509420,Montgomery County Police,Injury Crash,05/23/2017 02:37:00 PM,No,Maryland (State),West,OFF ROAD,1,South,0,UNKNOWN,LEVEL,HUNGERFORD DR,ENT TO SHOPPING CENTER,,N/A,,DRIVER,STRAIGHT MOVEMENT ANGLE,RAINING,WET,DAYLIGHT,NO CONTROLS,NONE DETECTED,,OTHER VEHICLE,N/A,NON INTERSECTION,N/A,STRAIGHT,NO DEFECTS,N/A,39.10140829,-77.15387106,"(39.10140829, -77.15387106)"
EJ78980053,240060198,GAITHERSBURG,Injury Crash,12/17/2024 09:10:00 AM,No,,,,0,,,FEET,,,,Parking Lot Way        440 N SUMMIT AVE,,,DRIVER,Angle,Cloudy,,Daylight,,"Not Suspect of Alcohol Use, Not Suspect of Drug Use, Not Suspect of Alcohol Use, Not Suspect of Drug Use",,Motor Vehicle In Transport,,,,,,,39.14873107,-77.1896294,"(39.14873107, -77.1896294)"
DD5522002V,16062695,Rockville Police Departme,Injury Crash,12/06/2016 10:16:00 PM,No,Municipality,West,,2,East,0,FEET,LEVEL,E MIDDLE LA,MARYLAND AVE,,N/A,,DRIVER,STRAIGHT MOVEMENT ANGLE,RAINING,WET,DARK LIGHTS ON,TRAFFIC SIGNAL,NONE DETECTED,,OTHER VEHICLE,N/A,INTERSECTION,FOUR-WAY INTERSECTION,STRAIGHT,NO DEFECTS,"TWO-WAY, DIVIDED, POSITIVE MEDIAN BARRIER",39.08498667,-77.15089167,"(39.08498667, -77.15089167)"
DD56050016,15020623,Rockville Police Departme,Property Damage Crash,05/01/2015 05:33:00 PM,No,,,,,,0,,,,,"PARKING LOT OF 360 HUNGERFORD DR, ROCKVILLE, MD",,PEDESTRIAN,DRIVER,OTHER,CLEAR,,DAYLIGHT,NO CONTROLS,NONE DETECTED,NONE DETECTED,PEDESTRIAN,N/A,,,,,,39.09218667,-77.15235667,"(39.09218667, -77.15235667)"
MCP13340041,16036591,Montgomery County Police,Property Damage Crash,07/19/2016 06:24:00 PM,No,County,South,CROSSOVER AREA,2,North,500,FEET,LEVEL,LOST KNIFE RD,CONTOUR RD,,N/A,,DRIVER,OPPOSITE DIR BOTH LEFT TURN,CLEAR,DRY,DAYLIGHT,STOP SIGN,NONE DETECTED,,OTHER VEHICLE,N/A,CROSSOVER RELATED,FOUR-WAY INTERSECTION,STRAIGHT,NO DEFECTS,"TWO-WAY, DIVIDED, POSITIVE MEDIAN BARRIER",39.156475,-77.20265,"(39.156475, -77.20265)"
MCP29660046,180021797,Montgomery County Police,Property Damage Crash,05/03/2018 09:11:00 PM,No,County,West,,1,North,25,FEET,LEVEL,PARKLAND DR,BAYNE ST,,N/A,,DRIVER,SAME DIRECTION SIDESWIPE,N/A,N/A,DARK NO LIGHTS,NO CONTROLS,ALCOHOL PRESENT,,OTHER VEHICLE,N/A,NON INTERSECTION,N/A,STRAIGHT,NO DEFECTS,"TWO-WAY, DIVIDED, POSITIVE MEDIAN BARRIER",39.062975,-77.091195,"(39.062975, -77.091195)"
EJ7871000T,180063053,Gaithersburg Police Depar,Property Damage Crash,12/17/2018 07:20:00 PM,No,Maryland (State),North,,5,North,0,FEET,LEVEL,GREAT SENECA HWY,QUINCE ORCHARD RD,,N/A,,DRIVER,SAME DIR REAR END,CLEAR,DRY,DARK LIGHTS ON,TRAFFIC SIGNAL,NONE DETECTED,,OTHER VEHICLE,N/A,INTERSECTION,FOUR-WAY INTERSECTION,STRAIGHT,NO DEFECTS,"TWO-WAY, DIVIDED, POSITIVE MEDIAN BARRIER",39.12729333,-77.23608167,"(39.12729333, -77.23608167)"
MCP93650013,180045503,Montgomery County Police,Injury Crash,09/12/2018 08:18:00 AM,No,County,South,LEFT TURN LANE,3,North,50,FEET,LEVEL,OLD COLUMBIA PIKE,FAIRLAND RD,,N/A,,DRIVER,STRAIGHT MOVEMENT ANGLE,CLOUDY,DRY,DAYLIGHT,N/A,NONE DETECTED,,OTHER VEHICLE,N/A,OTHER,OTHER,STRAIGHT,NO DEFECTS,"TWO-WAY, DIVIDED, UNPROTECTED PAINTED MIN 4 FEET",39.07674667,-76.95731667,"(39.07674667, -76.95731667)"
MCP2921003W,200033567,Montgomery County Police,Injury Crash,08/27/2020 07:52:00 PM,No,,,,,,,,,,,ENTRANCE TO MILESTONE SHOPPING CENTER 20900 BLK FREDERICK RD,,,DRIVER,SINGLE VEHICLE,CLEAR,,DUSK,N/A,N/A,,OTHER NON COLLISION,N/A,,,,,,39.20017167,-77.24658167,"(39.20017167, -77.24658167)"
MCP26860030,180057216,Montgomery County Police,Property Damage Crash,11/14/2018 09:11:00 PM,No,County,East,,2,West,0.2,MILE,GRADE DOWNHILL,BRINK RD,COZY CT,,N/A,,DRIVER,SAME DIR REAR END,CLEAR,DRY,DARK NO LIGHTS,NO CONTROLS,NONE DETECTED,,OTHER VEHICLE,N/A,NON INTERSECTION,N/A,CURVE LEFT,NO DEFECTS,"TWO-WAY, NOT DIVIDED",39.19990333,-77.19536,"(39.19990333, -77.19536)"
MCP3126006B,250014723,MONTGOMERY,Property Damage Crash,04/04/2025 03:00:00 PM,No,Interstate (State),Northbound,Lane 3,3,North,63.54,FEET,Level,EISENHOWER MEMORIAL HWY,,,,,DRIVER,Front to Rear,Clear,Dry,Daylight,No Controls,"Not Suspect of Alcohol Use, Not Suspect of Drug Use, Not Suspect of Alcohol Use, Not Suspect of Drug Use",,Motor Vehicle In Transport,,Non-Junction,,Straight,No Defects,"Divided, Raised Median (curbed)",39.22884495,-77.28316958,"(39.22884495, -77.28316958)"
DD5603005N,18001554,Rockville Police Departme,Property Damage Crash,03/30/2018 06:00:00 PM,No,Maryland (State),South,,3,North,0,FEET,LEVEL,ROCKVILLE PIKE,MT VERNON PL,,ROCKVILLE,,DRIVER,HEAD ON LEFT TURN,CLEAR,DRY,DAYLIGHT,STOP SIGN,NONE DETECTED,,OTHER VEHICLE,N/A,INTERSECTION,FOUR-WAY INTERSECTION,STRAIGHT,NO DEFECTS,"TWO-WAY, DIVIDED, POSITIVE MEDIAN BARRIER",39.07887478,-77.14198351,"(39.07887478, -77.14198351)"
MCP33860030,250023685,MONTGOMERY,Injury Crash,05/28/2025 03:00:00 PM,No,Maryland (State) Route,Westbound,Left Turn Lane,3,West,33.92,FEET,Downhill,,,,,Pedestrian,UNKNOWN,Single Vehicle,Rain,Wet,Daylight,Traffic Control Signal,"Not Suspect of Alcohol Use, Not Suspect of Drug Use","Not Suspect of Alcohol Use, Not Suspect of Drug Use",Pedestrian,,Non-Junction,,Straight,No Defects,Not Divided,38.99487788,-77.04531908,"(38.99487788, -77.04531908)"
MCP2503000J,15056241,MONTGOMERY,Injury Crash,11/04/2015 06:38:00 PM,No,Municipality,South,OTHER,2,East,5,FEET,GRADE DOWNHILL,WOOTTON PKWY,SPUR FR SEVEN LOCKS RD,,N/A,,DRIVER,SAME DIR REAR END,CLEAR,DRY,DARK LIGHTS ON,YIELD SIGN,N/A,,OTHER VEHICLE,N/A,N/A,OTHER,CURVE LEFT,NO DEFECTS,OTHER,39.069462,-77.169857,"(39.069462, -77.169857)"
MCP271700VN,210028947,Montgomery County Police,Property Damage Crash,07/26/2021 03:00:00 PM,Yes,,,,,,,,,,,"19911 AIRCRAFT DRIVE, GERMANTOWN, MD 20874 (BP GAS STATION)",,,DRIVER,OTHER,CLEAR,,DAYLIGHT,NO CONTROLS,UNKNOWN,,PARKED VEHICLE,N/A,,,,,,39.1827625,-77.26035667,"(39.1827625, -77.26035667)"
MCP3059007Z,220021738,Montgomery County Police,Injury Crash,05/21/2022 07:19:00 PM,No,Maryland (State),South,ON RAMP,1,North,0,FEET,LEVEL,GERMANTOWN RD,RAMP 2 FR MD 118 WB TO IS 270 NB,,N/A,,DRIVER,SINGLE VEHICLE,CLEAR,DRY,N/A,NO CONTROLS,UNKNOWN,,FIXED OBJECT,N/A,INTERCHANGE RELATED,N/A,CURVE RIGHT,NO DEFECTS,"TWO-WAY, DIVIDED, POSITIVE MEDIAN BARRIER",39.186715,-77.25345167,"(39.186715, -77.25345167)"
MCP2402000L,200021435,Montgomery County Police,Property Damage Crash,05/30/2020 04:19:00 PM,No,,South,,4,North,0,FEET,HILL UPHILL,RESEARCH BLVD,SIESTA KEY WAY,,N/A,,DRIVER,STRAIGHT MOVEMENT ANGLE,CLEAR,DRY,DAYLIGHT,STOP SIGN,N/A,,OTHER VEHICLE,N/A,INTERSECTION,T-INTERSECTION,STRAIGHT,NO DEFECTS,"TWO-WAY, NOT DIVIDED",39.10640664,-77.19400396,"(39.10640664, -77.19400396)"
MCP2425004F,15005802,Montgomery County Police,Property Damage Crash,02/05/2015 06:45:00 AM,No,Maryland (State),West,,3,East,20,FEET,LEVEL,UNIVERSITY BLVD W,SUTHERLAND RD,,N/A,,DRIVER,SAME DIR REAR END,CLEAR,DRY,DARK LIGHTS ON,NO CONTROLS,NONE DETECTED,,OTHER VEHICLE,N/A,COMMERCIAL DRIVEWAY,T-INTERSECTION,STRAIGHT,NO DEFECTS,ONE-WAY TRAFFICWAY,39.02098,-77.013285,"(39.02098, -77.013285)"
MCP02510013,17000149,Montgomery County Police,Injury Crash,01/01/2017 06:53:00 PM,No,Maryland (State),North,,2,South,250,FEET,LEVEL,GREAT SENECA HWY,MATENY RD,,N/A,,DRIVER,SAME DIR REAR END,CLEAR,DRY,DARK NO LIGHTS,NO CONTROLS,NONE DETECTED,,OTHER VEHICLE,N/A,NON INTERSECTION,N/A,STRAIGHT,NO DEFECTS,"TWO-WAY, DIVIDED, POSITIVE MEDIAN BARRIER",39.14468667,-77.273505,"(39.14468667, -77.273505)"
HA22280004,24001131,MCPARK,Property Damage Crash,06/13/2024 12:40:00 AM,No,Maryland (State) Route,Southbound,Not Applicable,0,North,28.75,FEET,Level,MUNCASTER MILL RD,,,,,UNKNOWN,Single Vehicle,Clear,Dry,Dark - Not Lighted,No Controls,"Not Suspect of Alcohol Use, Not Suspect of Drug Use",,Animal (live),Not Applicable,Non-Junction,,Straight,No Defects,Not Divided,39.13740665,-77.12904013,"(39.13740665, -77.12904013)"
MCP21920048,210048284,Montgomery County Police,Property Damage Crash,11/28/2021 11:33:00 AM,No,County,South,N/A,0,South,100,FEET,LEVEL,OLNEY MILL RD,GOLD MINE RD,,N/A,,DRIVER,OTHER,CLOUDY,DRY,DAYLIGHT,N/A,NONE DETECTED,,PARKED VEHICLE,N/A,N/A,N/A,STRAIGHT,NO DEFECTS,"TWO-WAY, NOT DIVIDED",39.17233667,-77.06388667,"(39.17233667, -77.06388667)"
MCP2472001H,15050096,MONTGOMERY,Property Damage Crash,10/03/2015 09:11:00 AM,No,County,West,,4,West,0,FEET,LEVEL,DEMOCRACY BLVD,ENT TO MALL,,N/A,,DRIVER,STRAIGHT MOVEMENT ANGLE,RAINING,WET,DAYLIGHT,TRAFFIC SIGNAL,NONE DETECTED,,OTHER VEHICLE,N/A,INTERSECTION,FOUR-WAY INTERSECTION,STRAIGHT,NO DEFECTS,"TWO-WAY, DIVIDED, POSITIVE MEDIAN BARRIER",39.022205,-77.14864667,"(39.022205, -77.14864667)"
MCP3264001X,210027125,Montgomery County Police,Property Damage Crash,06/25/2021 08:00:00 AM,No,,,,,,,,,,,3D SILVER SPRING STATION BACK PARKING LOT,,,UNKNOWN,UNKNOWN,CLEAR,,DAYLIGHT,NO CONTROLS,NONE DETECTED,,UNKNOWN,N/A,,,,,,39.04582692,-76.99023443,"(39.04582692, -76.99023443)"
MCP3075000N,170540994,Montgomery County Police,Property Damage Crash,11/04/2017 07:05:00 PM,No,County,North,,1,North,100,FEET,LEVEL,CABANA DR,BRANDERMILL DR,,N/A,,UNKNOWN,SINGLE VEHICLE,RAINING,WET,DARK LIGHTS ON,NO CONTROLS,NONE DETECTED,,FIXED OBJECT,N/A,NON INTERSECTION,N/A,STRAIGHT,NO DEFECTS,"TWO-WAY, NOT DIVIDED",39.1908581,-77.23493077,"(39.1908581, -77.23493077)"
MCP15800057,16011312,MONTGOMERY,Injury Crash,03/07/2016 02:13:00 PM,No,Maryland (State),North,,3,North,0,FEET,LEVEL,S FREDERICK RD,ENT TO HOLBROOK CENTER,,N/A,,DRIVER,SINGLE VEHICLE,CLEAR,DRY,DAYLIGHT,TRAFFIC SIGNAL,NONE DETECTED,,FIXED OBJECT,N/A,INTERSECTION,FOUR-WAY INTERSECTION,STRAIGHT,NO DEFECTS,"TWO-WAY, DIVIDED, POSITIVE MEDIAN BARRIER",39.13588333,-77.19199833,"(39.13588333, -77.19199833)"
MCP20640019,250022672,MONTGOMERY,Property Damage Crash,05/22/2025 11:29:00 AM,No,Bicycle Route,Westbound,"Lane 1, Not Applicable",2,North,0,FEET,Level,,FALLS RD (SB/L),,,,DRIVER,"Sideswipe, Same Direction",Cloudy,Wet,Daylight,Traffic Control Signal,"Not Suspect of Alcohol Use, Not Suspect of Drug Use, Not Suspect of Alcohol Use, Not Suspect of Drug Use",,Motor Vehicle In Transport,,Intersection or Related,Angled/Skewed,Straight,No Defects,"Divided, Raised Median (curbed)",39.06995578,-77.16984434,"(39.06995578, -77.16984434)"
MCP3009007Z,240032649,MONTGOMERY,Property Damage Crash,07/11/2024 05:38:00 AM,,County Route,Eastbound,Lane 1,1,North,10.33,FEET,Level,FIELDCREST RD,OLNEY LAYTONSVILLE RD,,,,DRIVER,Front to Rear,Clear,Dry,Daylight,No Controls,"Not Suspect of Alcohol Use, Not Suspect of Drug Use, Not Suspect of Alcohol Use, Not Suspect of Drug Use",,Motor Vehicle In Transport,,Non-Junction,,Straight,No Defects,Not Divided,39.18924308,-77.12059345,"(39.18924308, -77.12059345)"
MCP2487001G,190039311,Montgomery County Police,Property Damage Crash,08/20/2019 01:00:00 AM,Yes,Maryland (State),North,,1,East,0,FEET,LEVEL,RIVER RD,SENECA RD,,N/A,,DRIVER,SINGLE VEHICLE,N/A,DRY,DARK NO LIGHTS,STOP SIGN,N/A,,FIXED OBJECT,FIXED OBJECT,INTERSECTION,T-INTERSECTION,STRAIGHT,NO DEFECTS,"TWO-WAY, NOT DIVIDED",39.07885833,-77.327495,"(39.07885833, -77.327495)"
MCP2694002Z,230029654,Montgomery County Police,Property Damage Crash,06/20/2023 03:34:00 AM,No,County,West,,1,East,500,FEET,LEVEL,HAWKINS CREAMERY RD,WOODFIELD SCHOOL RD,,N/A,,UNKNOWN,OTHER,CLEAR,DRY,DARK NO LIGHTS,NO CONTROLS,NONE DETECTED,,ANIMAL,N/A,NON INTERSECTION,N/A,STRAIGHT,NO DEFECTS,"TWO-WAY, DIVIDED, UNPROTECTED PAINTED MIN 4 FEET",39.26560101,-77.17670933,"(39.26560101, -77.17670933)"
MCP94320047,240035185,MONTGOMERY,Property Damage Crash,07/25/2024 05:35:00 PM,No,Maryland (State) Route,Eastbound,Lane 1,4,East,7.67,FEET,Uphill,,,,,,DRIVER,Front to Front,Cloudy,Dry,Daylight,Stop Sign,"Not Suspect of Alcohol Use, Not Suspect of Drug Use, Not Suspect of Alcohol Use, Not Suspect of Drug Use",,Motor Vehicle In Transport,Not Applicable,Driveway Access or Related,,Straight,No Defects,Not Divided,39.1460936,-77.14509476,"(39.1460936, -77.14509476)"