Report Number,Local Case Number,Agency Name,ACRS Report Type,Crash Date/Time,Hit/Run,Route Type,Lane Direction,Lane Type,Number of Lanes,Direction,Distance,Distance Unit,Road Grade,Road Name,Cross-Street Name,Off-Road Description,Municipality,Related Non-Motorist,At Fault,Collision Type,Weather,Surface Condition,Light,Traffic Control,Driver Substance Abuse,Non-Motorist Substance Abuse,First Harmful Event,Second Harmful Event,Junction,Intersection Type,Road Alignment,Road Condition,Road Division,Latitude,Longitude,Location
MCP2835002N,210047106,Montgomery County Police,Injury Crash,11/19/2021 10:53:00 PM,No,Maryland (State),South,,4,South,500,FEET,LEVEL,CONNECTICUT AVE,EAST WEST HWY,,N/A,,DRIVER,SAME DIR REAR END,CLEAR,DRY,DARK LIGHTS ON,TRAFFIC SIGNAL,"ALCOHOL CONTRIBUTED, NONE DETECTED",,OTHER VEHICLE,OTHER VEHICLE,INTERSECTION RELATED,FOUR-WAY INTERSECTION,STRAIGHT,NO DEFECTS,"TWO-WAY, NOT DIVIDED",38.98850733,-77.07725017,"(38.98850733, -77.07725017)"
MCP31620048,220029868,Montgomery County Police,Property Damage Crash,07/12/2022 06:30:00 AM,No,Maryland (State),South,,3,South,50,FEET,LEVEL,GEORGIA AVE,DENNIS AVE,,N/A,,DRIVER,SAME DIRECTION SIDESWIPE,CLEAR,DRY,DAYLIGHT,N/A,NONE DETECTED,,OTHER VEHICLE,N/A,NON INTERSECTION,N/A,STRAIGHT,NO DEFECTS,"TWO-WAY, DIVIDED, POSITIVE MEDIAN BARRIER",39.02406667,-77.045745,"(39.02406667, -77.045745)"
MCP15540058,190059735,Montgomery County Police,Injury Crash,12/11/2019 04:50:00 PM,No,County,North,ON RAMP,3,North,25,FEET,LEVEL,SHADY GROVE RD,RAMP 5 FR MD200A SB TO SHADY GROVE RD EB,,N/A,,DRIVER,SAME DIRECTION SIDESWIPE,CLEAR,DRY,DUSK,NO CONTROLS,NONE DETECTED,,OTHER VEHICLE,OTHER,INTERCHANGE RELATED,N/A,STRAIGHT,NO DEFECTS,"TWO-WAY, DIVIDED, POSITIVE MEDIAN BARRIER",39.13098996,-77.16103047,"(39.13098996, -77.16103047)"
MCP3027002D,200029839,Montgomery County Police,Property Damage Crash,08/01/2020 11:00:00 AM,No,,,,,,,,,,,7272 MUNCASTER MILL ROAD (MCFRS STATION 28),,,DRIVER,SINGLE VEHICLE,N/A,,DAYLIGHT,N/A,N/A,,BACKING,N/A,,,,,,39.148,-77.14711833,"(39.148, -77.14711833)"
MCP242500G3,200012345,Montgomery County Police,Property Damage Crash,03/13/2020 09:04:00 AM,No,County,East,,2,East,10,FEET,GRADE DOWNHILL,SEMINARY RD,SELWAY LA,,N/A,,DRIVER,SAME DIRECTION SIDESWIPE,CLOUDY,WET,DAYLIGHT,TRAFFIC SIGNAL,NONE DETECTED,,OTHER VEHICLE,N/A,INTERSECTION RELATED,T-INTERSECTION,STRAIGHT,NO DEFECTS,"TWO-WAY, NOT DIVIDED",39.00864667,-77.0414,"(39.00864667, -77.0414)"
MCP3086009B,230033704,Montgomery County Police,Injury Crash,07/15/2023 11:55:00 AM,No,County,West,,2,East,400,FEET,LEVEL,EAST VILLAGE AVE,WELBECK WAY,,N/A,BICYCLIST,DRIVER,ANGLE MEETS LEFT TURN,CLOUDY,DRY,DAYLIGHT,NO CONTROLS,NONE DETECTED,NONE DETECTED,BICYCLE,N/A,INTERSECTION RELATED,T-INTERSECTION,STRAIGHT,NO DEFECTS,"TWO-WAY, DIVIDED, POSITIVE MEDIAN BARRIER",39.18775,-77.17926167,"(39.18775, -77.17926167)"
MCP2198006R,190057728,Montgomery County Police,Injury Crash,11/30/2019 07:20:00 PM,No,Maryland (State),South,,3,North,0,FEET,LEVEL,FREDERICK RD,ENT TO BUSINESS,,N/A,,DRIVER,SAME DIR REAR END,CLEAR,DRY,DARK LIGHTS ON,TRAFFIC SIGNAL,N/A,,OTHER VEHICLE,N/A,INTERSECTION RELATED,FOUR-WAY INTERSECTION,STRAIGHT,NO DEFECTS,"TWO-WAY, DIVIDED, POSITIVE MEDIAN BARRIER",39.16140333,-77.22309333,"(39.16140333, -77.22309333)"
MCP2902006M,240013935,MONTGOMERY,Property Damage Crash,04/02/2024 10:17:00 AM,,Maryland (State) Route,Northbound,Lane 3,5,South,0,FEET,Level,GERMANTOWN RD,,,,,UNKNOWN,Front to Rear,Clear,Dry,Daylight,Traffic Control Signal,"Unknown, Unknown, Unknown, Unknown",,Motor Vehicle In Transport,Not Applicable,Intersection or Related,Angled/Skewed,Straight,No Defects,"Divided, Flush Median (greater than 4ft wide)",39.17707041,-77.27001389,"(39.17707041, -77.27001389)"
MCP21340016,170537943,Montgomery County Police,Fatal Crash,10/21/2017 02:33:00 AM,No,County,South,,3,North,100,FEET,LEVEL,SHADY GROVE RD,CRABBS BRANCH WAY,,N/A,PEDESTRIAN,UNKNOWN,OTHER,CLEAR,DRY,DARK LIGHTS ON,N/A,N/A,UNKNOWN,PEDESTRIAN,N/A,NON INTERSECTION,N/A,STRAIGHT,NO DEFECTS,"TWO-WAY, DIVIDED, POSITIVE MEDIAN BARRIER",39.129115,-77.16602167,"(39.129115, -77.16602167)"
MCP3060003M,22004407,Montgomery County Police,Property Damage Crash,10/11/2022 10:56:00 AM,No,County,West,,1,East,5,FEET,LEVEL,COMMERCE LA,OLD GEORGETOWN RD,,N/A,,DRIVER,SAME DIRECTION SIDESWIPE,CLEAR,DRY,DAYLIGHT,PERSON,NONE DETECTED,,PARKED VEHICLE,N/A,INTERSECTION RELATED,FOUR-WAY INTERSECTION,STRAIGHT,NO DEFECTS,ONE-WAY TRAFFICWAY,38.98518,-77.09541167,"(38.98518, -77.09541167)"
MCP16110006,180051746,Montgomery County Police,Property Damage Crash,10/11/2018 10:30:00 AM,Yes,,,,,,,,,,,"PRIVATE PARKING LOT AT 7300 CALHOUN PLACE
METRO NORTH BUSINESS PARK",,,DRIVER,UNKNOWN,CLEAR,,DAYLIGHT,N/A,UNKNOWN,,PARKED VEHICLE,N/A,,,,,,39.26625333,-77.20825833,"(39.26625333, -77.20825833)"
MCP30730043,190042185,Montgomery County Police,Property Damage Crash,09/03/2019 04:29:00 PM,Yes,County,South,,1,South,0,FEET,LEVEL,WESTBURY RD,NORBECK RD,,N/A,,DRIVER,SAME DIR REAR END,N/A,DRY,DAYLIGHT,STOP SIGN,N/A,,OTHER VEHICLE,N/A,INTERSECTION,T-INTERSECTION,STRAIGHT,NO DEFECTS,"TWO-WAY, NOT DIVIDED",39.08585667,-77.074785,"(39.08585667, -77.074785)"
MCP32890039,240027238,MONTGOMERY,Property Damage Crash,06/08/2024 08:27:00 AM,No,County Route,"Northbound, Southbound, Westbound","Lane 1, Lane 2",2,North,0,FEET,Level,BONIFANT ST,DALE DR,,,,UNKNOWN,Rear To Side,Clear,Dry,Daylight,"No Controls, Stop Sign","Not Suspect of Alcohol Use, Not Suspect of Drug Use, Not Suspect of Alcohol Use, Not Suspect of Drug Use, Not Suspect of Alcohol Use, Not Suspect of Drug Use, Not Suspect of Alcohol Use, Not Suspect of Drug Use",,Motor Vehicle In Transport,,Intersection or Related,Perpendicular,Straight,,Not Divided,38.9978765,-77.01727583,"(38.9978765, -77.01727583)"
MCP28930024,16030256,Montgomery County Police,Property Damage Crash,06/15/2016 03:33:00 PM,No,County,West,,3,East,300,FEET,HILL CREST,MIDDLEBROOK RD,GREAT SENECA HWY,,N/A,,DRIVER,SAME DIR REAR END,CLEAR,DRY,DAYLIGHT,NO CONTROLS,NONE DETECTED,,OTHER VEHICLE,N/A,NON INTERSECTION,N/A,STRAIGHT,NO DEFECTS,"TWO-WAY, DIVIDED, POSITIVE MEDIAN BARRIER",39.175235,-77.25841167,"(39.175235, -77.25841167)"
MCP29790007,16003163,Montgomery County Police,Property Damage Crash,01/16/2016 06:30:00 PM,Yes,,,,,,0,,,,,PARKING LOT OF 20002 SWEETGUM CIRCLE,,,DRIVER,OPPOSITE DIRECTION SIDESWIPE,CLEAR,,DUSK,N/A,UNKNOWN,,PARKED VEHICLE,N/A,,,,,,39.18465667,-77.27416333,"(39.18465667, -77.27416333)"
EJ7856001B,16015017,Gaithersburg Police Depar,Injury Crash,03/27/2016 10:55:00 AM,No,Maryland (State),East,,2,North,0,MILE,LEVEL,QUINCE ORCHARD RD,W DIAMOND AVE,,N/A,,DRIVER,HEAD ON LEFT TURN,CLEAR,DRY,DAYLIGHT,TRAFFIC SIGNAL,N/A,,OTHER VEHICLE,N/A,N/A,FOUR-WAY INTERSECTION,STRAIGHT,NO DEFECTS,"TWO-WAY, NOT DIVIDED",39.14268167,-77.22071833,"(39.14268167, -77.22071833)"
DD559500CY,230011440,Rockville Police Departme,Property Damage Crash,03/08/2023 04:16:00 PM,Yes,Maryland (State),East,,1,East,0,UNKNOWN,LEVEL,W MONTGOMERY AVE,ADCLARE RD,,ROCKVILLE,,DRIVER,OTHER,CLEAR,DRY,DAYLIGHT,NO CONTROLS,"N/A, UNKNOWN",,OTHER VEHICLE,N/A,INTERSECTION RELATED,OTHER,STRAIGHT,NO DEFECTS,"TWO-WAY, NOT DIVIDED",39.08568,-77.176953,"(39.08568, -77.176953)"
EJ78880050,230054114,Gaithersburg Police Depar,Property Damage Crash,09/10/2023 04:10:00 PM,Yes,Maryland (State),North,,2,South,100,FEET,LEVEL,GREAT SENECA HWY,ORCHARD RIDGE DR,,GAITHERSBURG,,DRIVER,SAME DIRECTION SIDESWIPE,CLEAR,DRY,DAYLIGHT,NO CONTROLS,"NONE DETECTED, UNKNOWN",,OTHER VEHICLE,N/A,NON INTERSECTION,N/A,STRAIGHT,NO DEFECTS,"TWO-WAY, DIVIDED, POSITIVE MEDIAN BARRIER",39.12200976,-77.22768849,"(39.12200976, -77.22768849)"
MCP2177004H,20032118,Montgomery County Police,Injury Crash,08/17/2020 02:45:00 PM,No,,,,,,,,,,,PAVED DRIVEWAY OF 14031 GEORGIA AVENUE,,BICYCLIST,BOTH,STRAIGHT MOVEMENT ANGLE,CLOUDY,,DAYLIGHT,NO CONTROLS,N/A,N/A,BICYCLE,N/A,,,,,,39.08497348,-77.07818107,"(39.08497348, -77.07818107)"
MCP29170045,190020082,Montgomery County Police,Property Damage Crash,04/29/2019 03:00:00 PM,No,,,,,,,,,,,13501 CONNECTICUT AVE (CHIPOTLE PARKING LOT),,,DRIVER,OTHER,CLEAR,,DAYLIGHT,NO CONTROLS,NONE DETECTED,,PARKED VEHICLE,PARKED VEHICLE,,,,,,39.07683193,-77.08053473,"(39.07683193, -77.08053473)"
MCP28920091,200046830,Montgomery County Police,Property Damage Crash,11/27/2020 03:08:00 PM,No,US (State),North,,3,South,5,FEET,LEVEL,COLESVILLE RD,DALE DR,,N/A,,DRIVER,SAME DIR REAR END,CLEAR,DRY,DAYLIGHT,TRAFFIC SIGNAL,NONE DETECTED,,OTHER VEHICLE,N/A,INTERSECTION RELATED,FOUR-WAY INTERSECTION,STRAIGHT,NO DEFECTS,"TWO-WAY, NOT DIVIDED",39.005055,-77.02300833,"(39.005055, -77.02300833)"
MCP2059002G,16004401,Montgomery County Police,Property Damage Crash,01/27/2016 03:11:00 PM,No,Municipality,West,,2,East,20,FEET,GRADE DOWNHILL,FORTUNE TERR,SEVEN LOCKS RD,,ROCKVILLE,,DRIVER,SAME DIRECTION SIDESWIPE,CLEAR,WET,DAYLIGHT,TRAFFIC SIGNAL,NONE DETECTED,,OTHER VEHICLE,N/A,INTERSECTION RELATED,T-INTERSECTION,STRAIGHT,NO DEFECTS,"TWO-WAY, DIVIDED, UNPROTECTED PAINTED MIN 4 FEET",39.06255411,-77.16045856,"(39.06255411, -77.16045856)"
EJ7864000F,16051641,Gaithersburg Police Depar,Injury Crash,10/07/2016 06:10:00 AM,No,Municipality,North,,3,West,0,FEET,LEVEL,FIRSTFIELD RD,CLOPPER RD,,N/A,PEDESTRIAN,NONMOTORIST,SINGLE VEHICLE,CLEAR,DRY,N/A,TRAFFIC SIGNAL,NONE DETECTED,NONE DETECTED,PEDESTRIAN,N/A,INTERSECTION,FOUR-WAY INTERSECTION,STRAIGHT,N/A,"TWO-WAY, DIVIDED, POSITIVE MEDIAN BARRIER",39.1437661,-77.22377881,"(39.1437661, -77.22377881)"
DD5520001T,230014280,Rockville Police Departme,Injury Crash,03/24/2023 02:30:00 PM,No,Municipality,North,,1,North,0,FEET,LEVEL,BROADWOOD DR,MARSHALL AVE,,ROCKVILLE,,DRIVER,SINGLE VEHICLE,RAINING,WET,DAYLIGHT,NO CONTROLS,NONE DETECTED,,FIXED OBJECT,N/A,NON INTERSECTION,N/A,CURVE RIGHT,NO DEFECTS,"TWO-WAY, DIVIDED, POSITIVE MEDIAN BARRIER",39.08072572,-77.12143707,"(39.08072572, -77.12143707)"
MCP2046007J,170541624,Montgomery County Police,Property Damage Crash,11/08/2017 10:18:00 AM,Yes,Maryland (State),North,,2,South,30,FEET,LEVEL,OLD COLUMBIA PIKE,E RANDOLPH RD,,N/A,,DRIVER,SAME DIR REAR END,CLOUDY,DRY,DAYLIGHT,TRAFFIC SIGNAL,NONE DETECTED,,OTHER VEHICLE,N/A,INTERSECTION RELATED,FOUR-WAY INTERSECTION,STRAIGHT,NO DEFECTS,"TWO-WAY, NOT DIVIDED",39.06280333,-76.96593833,"(39.06280333, -76.96593833)"
MCP2967002R,170548616,Montgomery County Police,Property Damage Crash,12/14/2017 05:30:00 PM,No,Maryland (State),North,,5,North,400,FEET,HILL UPHILL,ROCKVILLE PIKE,OLD GEORGETOWN RD,,N/A,,DRIVER,SAME DIRECTION SIDESWIPE,CLEAR,DRY,DARK LIGHTS ON,N/A,N/A,,OTHER VEHICLE,N/A,RESIDENTIAL DRIVEWAY,N/A,STRAIGHT,NO DEFECTS,"TWO-WAY, DIVIDED, POSITIVE MEDIAN BARRIER",39.05173667,-77.11555,"(39.05173667, -77.11555)"
MCP2780006Z,230024353,Montgomery County Police,Injury Crash,05/21/2023 02:35:00 PM,No,Maryland (State),South,,2,North,0,FEET,LEVEL,FREDERICK RD,APPLEDOWRE WAY,,N/A,,DRIVER,SAME DIR REAR END,CLEAR,DRY,DAYLIGHT,NO CONTROLS,NONE DETECTED,,OTHER VEHICLE,N/A,INTERSECTION RELATED,T-INTERSECTION,STRAIGHT,NO DEFECTS,"TWO-WAY, DIVIDED, POSITIVE MEDIAN BARRIER",39.1849865,-77.2396215,"(39.1849865, -77.2396215)"
DD5582001G,170548867,Rockville Police Departme,Property Damage Crash,12/15/2017 10:35:00 PM,No,Maryland (State),South,,2,North,0,FEET,LEVEL,FALLS RD,KERSEY LA,,ROCKVILLE,,DRIVER,OTHER,CLOUDY,WET,DARK LIGHTS ON,TRAFFIC SIGNAL,NONE DETECTED,,OTHER VEHICLE,FIXED OBJECT,INTERSECTION RELATED,FOUR-WAY INTERSECTION,STRAIGHT,NO DEFECTS,"TWO-WAY, NOT DIVIDED",39.06626833,-77.17378667,"(39.06626833, -77.17378667)"
DD5635002Y,200036357,Rockville Police Departme,Property Damage Crash,09/16/2020 08:27:00 PM,No,Maryland (State),South,,3,East,0,FEET,LEVEL,W MONTGOMERY AVE,DARNESTOWN RD,,N/A,,DRIVER,HEAD ON LEFT TURN,N/A,DRY,DARK LIGHTS ON,TRAFFIC SIGNAL,NONE DETECTED,,OTHER VEHICLE,N/A,INTERSECTION,FOUR-WAY INTERSECTION,STRAIGHT,NO DEFECTS,"TWO-WAY, DIVIDED, POSITIVE MEDIAN BARRIER",39.09301083,-77.18295183,"(39.09301083, -77.18295183)"
MCP33480036,240033936,MONTGOMERY,Injury Crash,07/18/2024 02:02:00 PM,No,County Route,Southbound,Off Road,2,West,93.79,FEET,Level,DEWEY RD,,,,,DRIVER,Single Vehicle,Clear,Dry,Daylight,Stop Sign,"Not Suspect of Alcohol Use, Not Suspect of Drug Use",,Curb,"Other Fixed Object (wall, building, tunnel, etc.)",Non-Junction,,Straight,No Defects,Not Divided,39.05452491,-77.08906975,"(39.05452491, -77.08906975)"
DD5527001H,170510964,Rockville Police Departme,Injury Crash,05/31/2017 07:07:00 PM,No,County,West,,3,West,600,FEET,LEVEL,E GUDE DR,FREDERICK RD,,N/A,,DRIVER,SAME DIR REAR END,CLEAR,WET,DAYLIGHT,NO CONTROLS,NONE DETECTED,,OTHER VEHICLE,N/A,NON INTERSECTION,N/A,STRAIGHT,NO DEFECTS,"TWO-WAY, DIVIDED, UNPROTECTED PAINTED MIN 4 FEET",39.1065435,-77.15787867,"(39.1065435, -77.15787867)"
MCP2805001L,15055058,MONTGOMERY,Injury Crash,10/29/2015 07:00:00 PM,No,County,North,RIGHT TURN LANE,3,South,20,FEET,LEVEL,SHADY GROVE RD,MUNCASTER MILL RD,,N/A,,DRIVER,SAME DIR REAR END,CLEAR,DRY,DARK LIGHTS ON,TRAFFIC SIGNAL,NONE DETECTED,,OTHER VEHICLE,N/A,N/A,FOUR-WAY INTERSECTION,STRAIGHT,NO DEFECTS,"TWO-WAY, DIVIDED, POSITIVE MEDIAN BARRIER",39.14840333,-77.14714333,"(39.14840333, -77.14714333)"
MCP21950072,250003220,MONTGOMERY,Property Damage Crash,01/23/2025 01:00:00 PM,,Maryland (State) Route,Southbound,Lane 1,1,North,31.18,FEET,Level,,,,,,UNKNOWN,"Sideswipe, Opposite Direction",Clear,Wet,Daylight,No Controls,"Not Suspect of Alcohol Use, Not Suspect of Drug Use, Unknown, Unknown",,Motor Vehicle In Transport,,Through Roadway,,Straight,No Defects,Not Divided,39.2454173,-77.1892916,"(39.2454173, -77.1892916)"
MCP2927004B,220048497,Montgomery County Police,Injury Crash,11/03/2022 07:00:00 PM,No,US (State),South,,5,North,0,FEET,LEVEL,COLESVILLE RD,NOYES DR,,N/A,,DRIVER,STRAIGHT MOVEMENT ANGLE,CLEAR,DRY,DARK LIGHTS ON,TRAFFIC SIGNAL,"N/A, NONE DETECTED",,OTHER VEHICLE,N/A,INTERSECTION,T-INTERSECTION,STRAIGHT,NO DEFECTS,"TWO-WAY, NOT DIVIDED",39.000129,-77.02585,"(39.000129, -77.02585)"
MCP2930004Y,240048087,MONTGOMERY,Property Damage Crash,10/08/2024 03:34:00 PM,No,,,,0,,,FEET,,,,Parking Lot Way        PARKING LOT IN FRONT OF 12207 VEIRS MILL RD,,,UNKNOWN,"Sideswipe, Same Direction",Clear,,Daylight,,"Not Suspect of Alcohol Use, Not Suspect of Drug Use, Not Suspect of Alcohol Use, Not Suspect of Drug Use",,Motor Vehicle In Transport,,,,,,,39.05724577,-77.08240448,"(39.05724577, -77.08240448)"
MCP31090061,210048864,Montgomery County Police,Property Damage Crash,12/02/2021 07:10:00 AM,Yes,Maryland (State),South,,4,North,50,FEET,LEVEL,GEORGIA AVE,FOREST GLEN RD,,N/A,,DRIVER,SAME DIRECTION SIDESWIPE,CLEAR,DRY,DAYLIGHT,TRAFFIC SIGNAL,"NONE DETECTED, UNKNOWN",,OTHER VEHICLE,OTHER VEHICLE,INTERSECTION RELATED,FOUR-WAY INTERSECTION,STRAIGHT,NO DEFECTS,"TWO-WAY, DIVIDED, POSITIVE MEDIAN BARRIER",39.0158653,-77.04275871,"(39.0158653, -77.04275871)"
MCP3253001Q,220019862,Montgomery County Police,Injury Crash,05/10/2022 02:07:00 PM,No,County,South,,1,North,0.25,MILE,GRADE DOWNHILL,WATKINS MILL RD,BEGIN BRIDGE,,N/A,,DRIVER,SINGLE VEHICLE,CLEAR,DRY,DAYLIGHT,NO CONTROLS,NONE DETECTED,,FIXED OBJECT,N/A,NON INTERSECTION,N/A,CURVE LEFT,NO DEFECTS,"TWO-WAY, NOT DIVIDED",39.18817,-77.217175,"(39.18817, -77.217175)"
MCP1378017Z,240011907,MONTGOMERY,Property Damage Crash,03/12/2024 01:38:00 PM,No,Maryland (State) Route,Northbound,Lane 3,8,North,0,FEET,Level,OLD GEORGETOWN RD,RAMP 3 FR RAMP 6 (FR IS495) TO MD 187 NB RAMP 5 FR MD 187 SB TO RAMP 4 (TO IS495),,,,DRIVER,Angle,Clear,Dry,Daylight,Traffic Control Signal,"Not Suspect of Alcohol Use, Not Suspect of Drug Use, Not Suspect of Alcohol Use, Not Suspect of Drug Use",,Motor Vehicle In Transport,,Intersection or Related,Perpendicular,Straight,,"Divided, Raised Median (curbed)",39.01516829,-77.11875939,"(39.01516829, -77.11875939)"
DD5615009V,210002204,Rockville Police Departme,Property Damage Crash,01/18/2021 02:55:00 PM,No,Municipality,East,,2,East,0,FEET,LEVEL,PARK RD,N STONESTREET AVE,,ROCKVILLE,,DRIVER,SAME DIR REAR END,CLEAR,DRY,DAYLIGHT,TRAFFIC SIGNAL,NONE DETECTED,,OTHER VEHICLE,OTHER VEHICLE,INTERSECTION,FOUR-WAY INTERSECTION,STRAIGHT,NO DEFECTS,"TWO-WAY, DIVIDED, POSITIVE MEDIAN BARRIER",39.08537559,-77.1466778,"(39.08537559, -77.1466778)"
MCP32510019,23006602,Montgomery County Police,Property Damage Crash,11/16/2023 02:09:00 AM,No,County,West,,2,North,300,FEET,LEVEL,RIFFLE FORD RD,SIEVER CT,,N/A,,DRIVER,SINGLE VEHICLE,CLEAR,DRY,DARK NO LIGHTS,NO CONTROLS,NONE DETECTED,,FIXED OBJECT,N/A,NON INTERSECTION,N/A,CURVE RIGHT,NO DEFECTS,"TWO-WAY, NOT DIVIDED WITH A CONTINUOUS LEFT TURN",39.14189833,-77.28588667,"(39.14189833, -77.28588667)"
MCP2455002C,180029032,Montgomery County Police,Injury Crash,06/12/2018 04:35:00 PM,No,County,North,OTHER,3,South,0,FEET,LEVEL,REDLAND RD,ENT SHADY GROVE METRO STATION,,N/A,PEDESTRIAN,DRIVER,OTHER,CLEAR,DRY,DAYLIGHT,OTHER,N/A,N/A,PEDESTRIAN,N/A,INTERSECTION,T-INTERSECTION,STRAIGHT,NO DEFECTS,"TWO-WAY, NOT DIVIDED",39.1206485,-77.16052083,"(39.1206485, -77.16052083)"
MCP3089000G,170526078,Montgomery County Police,Injury Crash,09/03/2017 05:38:00 PM,No,US (State),South,,3,South,0,FEET,LEVEL,COLESVILLE RD,FRANKLIN AVE,,N/A,,DRIVER,SAME DIR REAR END,CLEAR,DRY,DAYLIGHT,TRAFFIC SIGNAL,N/A,,OTHER VEHICLE,OTHER VEHICLE,N/A,N/A,STRAIGHT,NO DEFECTS,"TWO-WAY, DIVIDED, POSITIVE MEDIAN BARRIER",39.00882281,-77.01840878,"(39.00882281, -77.01840878)"
MCP2708000L,15027280,Montgomery County Police,Property Damage Crash,06/05/2015 05:22:00 PM,No,Maryland (State),West,LEFT TURN LANE,3,East,0,FEET,LEVEL,UNIVERSITY BLVD E,E MELBOURNE AVE,,N/A,,DRIVER,SAME DIR REAR END,CLEAR,DRY,DAYLIGHT,NO CONTROLS,"N/A, NONE DETECTED",,OTHER VEHICLE,N/A,INTERSECTION,FOUR-WAY INTERSECTION,STRAIGHT,NO DEFECTS,"TWO-WAY, DIVIDED, POSITIVE MEDIAN BARRIER",39.00973048,-76.99978352,"(39.00973048, -76.99978352)"
MCP2904003Y,170529234,Montgomery County Police,Property Damage Crash,09/07/2017 04:40:00 PM,No,Maryland (State),West,,3,East,0,FEET,LEVEL,UNIVERSITY BLVD E,RAMP 7 FR RP 2 (FR IS495 WB) TO 193,,N/A,,DRIVER,STRAIGHT MOVEMENT ANGLE,N/A,DRY,DAYLIGHT,TRAFFIC SIGNAL,NONE DETECTED,,OTHER VEHICLE,N/A,N/A,T-INTERSECTION,STRAIGHT,NO DEFECTS,"TWO-WAY, DIVIDED, POSITIVE MEDIAN BARRIER",39.01570333,-77.00530333,"(39.01570333, -77.00530333)"
MCP242500DH,190003474,Montgomery County Police,Injury Crash,01/23/2019 07:05:00 AM,No,Maryland (State),West,,3,East,10,FEET,LEVEL,UNIVERSITY BLVD E,END BRIDGE,,N/A,,DRIVER,SAME DIR REAR END,N/A,DRY,DARK LIGHTS ON,NO CONTROLS,NONE DETECTED,,OTHER VEHICLE,N/A,NON INTERSECTION,N/A,STRAIGHT,NO DEFECTS,"TWO-WAY, DIVIDED, POSITIVE MEDIAN BARRIER",39.014495,-77.00432,"(39.014495, -77.00432)"
MCP2830001L,15040125,MONTGOMERY,Injury Crash,08/12/2015 08:24:00 AM,No,Maryland (State),North,,2,South,300,FEET,LEVEL,NEW HAMPSHIRE AVE,BRYANTS NURSERY RD,,N/A,,DRIVER,STRAIGHT MOVEMENT ANGLE,CLEAR,DRY,DAYLIGHT,NO CONTROLS,NONE DETECTED,,OTHER VEHICLE,N/A,NON INTERSECTION,N/A,STRAIGHT,NO DEFECTS,"TWO-WAY, NOT DIVIDED",39.111585,-76.99542,"(39.111585, -76.99542)"
MCP3232003M,230013019,Montgomery County Police,Property Damage Crash,03/17/2023 02:50:00 PM,No,Maryland (State),North,,2,South,50,FEET,LEVEL,GEORGIA AVE,PRINCE PHILIP DR,,N/A,,DRIVER,SAME DIRECTION SIDESWIPE,CLEAR,DRY,DAYLIGHT,N/A,NONE DETECTED,,OTHER VEHICLE,OTHER VEHICLE,N/A,N/A,STRAIGHT,NO DEFECTS,"TWO-WAY, DIVIDED, UNPROTECTED PAINTED MIN 4 FEET",39.14257483,-77.0669545,"(39.14257483, -77.0669545)"
DD5502000Q,15008053,Rockville Police Departme,Property Damage Crash,02/18/2015 05:28:00 PM,No,Municipality,South,,1,South,0,FEET,LEVEL,KING FARM BLVD,CRESTFIELD DR,,N/A,,DRIVER,STRAIGHT MOVEMENT ANGLE,CLEAR,DRY,DUSK,YIELD SIGN,NONE DETECTED,,OTHER VEHICLE,OTHER VEHICLE,INTERSECTION,FOUR-WAY INTERSECTION,STRAIGHT,NO DEFECTS,"TWO-WAY, DIVIDED, POSITIVE MEDIAN BARRIER",39.11358333,-77.17269833,"(39.11358333, -77.17269833)"
MCP1235005M,240058541,MONTGOMERY,Property Damage Crash,12/07/2024 12:25:00 PM,No,County Route,Southbound,Lane 1,1,East,1.68,FEET,Level,,SPENCERVILLE CT,,,,DRIVER,Single Vehicle,Clear,Dry,Daylight,No Controls,"Not Suspect of Alcohol Use, Not Suspect of Drug Use",,Fence,,Non-Junction,,Straight,No Defects,Not Divided,39.1061565,-76.93792598,"(39.1061565, -76.93792598)"
EJ78870029,230017796,Gaithersburg Police Depar,Injury Crash,04/14/2023 12:00:00 PM,No,Municipality,North,,3,North,0,FEET,LEVEL,RUSSELL AVE,MONTGOMERY VILLAGE AVE,,N/A,,DRIVER,HEAD ON LEFT TURN,CLEAR,DRY,DAYLIGHT,TRAFFIC SIGNAL,NONE DETECTED,,OTHER VEHICLE,N/A,INTERSECTION,FOUR-WAY INTERSECTION,STRAIGHT,NO DEFECTS,"TWO-WAY, DIVIDED, POSITIVE MEDIAN BARRIER",39.15426737,-77.20931767,"(39.15426737, -77.20931767)"
DM84970003,200035928,Takoma Park Police Depart,Property Damage Crash,09/13/2020 08:15:00 PM,No,County,South,,2,South,100,FEET,LEVEL,FLOWER AVE,PINEY BRANCH RD,,N/A,,DRIVER,HEAD ON,CLEAR,DRY,DARK LIGHTS ON,N/A,"ALCOHOL PRESENT, N/A",,OTHER VEHICLE,N/A,NON INTERSECTION,N/A,STRAIGHT,NO DEFECTS,"TWO-WAY, DIVIDED, UNPROTECTED PAINTED MIN 4 FEET",38.99775833,-77.003415,"(38.99775833, -77.003415)"