Report Number,Local Case Number,Agency Name,ACRS Report Type,Crash Date/Time,Hit/Run,Route Type,Lane Direction,Lane Type,Number of Lanes,Direction,Distance,Distance Unit,Road Grade,Road Name,Cross-Street Name,Off-Road Description,Municipality,Related Non-Motorist,At Fault,Collision Type,Weather,Surface Condition,Light,Traffic Control,Driver Substance Abuse,Non-Motorist Substance Abuse,First Harmful Event,Second Harmful Event,Junction,Intersection Type,Road Alignment,Road Condition,Road Division,Latitude,Longitude,Location
MCP302600DH,250005287,MONTGOMERY,Property Damage Crash,02/05/2025 11:42:00 AM,,Maryland (State) Route,Eastbound,Lane 2,3,North,140.93,FEET,Level,RIVER RD,,,,,DRIVER,Front to Rear,Clear,Dry,Daylight,No Controls,"Not Suspect of Alcohol Use, Not Suspect of Drug Use, Unknown, Unknown",,Motor Vehicle In Transport,,Non-Junction,,Straight,No Defects,"Divided, Raised Median (curbed)",38.99272952,-77.16205819,"(38.99272952, -77.16205819)"
MCP2667008J,230031246,Montgomery County Police,Property Damage Crash,06/30/2023 12:00:00 PM,No,County,North,,2,South,500,FEET,LEVEL,MONTGOMERY VILLAGE AVE,STEDWICK RD,,N/A,,DRIVER,SAME DIR REAR END,CLEAR,DRY,DAYLIGHT,NO CONTROLS,NONE DETECTED,,OTHER VEHICLE,N/A,NON INTERSECTION,N/A,STRAIGHT,NO DEFECTS,"TWO-WAY, DIVIDED, POSITIVE MEDIAN BARRIER",39.1685145,-77.20477033,"(39.1685145, -77.20477033)"
MCP31300068,230020693,Montgomery County Police,Property Damage Crash,05/01/2023 05:53:00 AM,No,County,North,,1,North,100,FEET,LEVEL,ARCTIC AVE,ARCTIC CT,,N/A,,DRIVER,SAME DIR REAR END,CLEAR,DRY,DUSK,NO CONTROLS,NONE DETECTED,,PARKED VEHICLE,N/A,NON INTERSECTION,N/A,STRAIGHT,NO DEFECTS,"TWO-WAY, NOT DIVIDED",39.074601,-77.09939783,"(39.074601, -77.09939783)"
MCP2385000N,16011123,MONTGOMERY,Property Damage Crash,03/06/2016 03:34:00 AM,No,Maryland (State),North,,2,North,,MILE,LEVEL,RIDGE RD,OAK DR,,N/A,,DRIVER,SINGLE VEHICLE,SNOW,WET,DARK LIGHTS ON,NO CONTROLS,NONE DETECTED,,OTHER OBJECT,N/A,NON INTERSECTION,N/A,CURVE LEFT,NO DEFECTS,"TWO-WAY, NOT DIVIDED",39.264045,-77.21929667,"(39.264045, -77.21929667)"
MCP30500032,190001798,Montgomery County Police,Injury Crash,01/11/2019 04:00:00 PM,Yes,Maryland (State),East,,2,East,0,FEET,LEVEL,NORBECK RD,MUNCASTER MILL RD,,N/A,,DRIVER,HEAD ON LEFT TURN,CLEAR,DRY,DAYLIGHT,TRAFFIC SIGNAL,"NONE DETECTED, UNKNOWN",,OTHER VEHICLE,N/A,INTERSECTION,FOUR-WAY INTERSECTION,STRAIGHT,NO DEFECTS,"TWO-WAY, DIVIDED, POSITIVE MEDIAN BARRIER",39.108975,-77.07981,"(39.108975, -77.07981)"
MCP2846008D,220051538,Montgomery County Police,Property Damage Crash,11/21/2022 06:45:00 PM,No,County,East,,1,East,0,FEET,LEVEL,LAMBERTON DR,S BELGRADE RD,,N/A,,DRIVER,HEAD ON LEFT TURN,CLEAR,DRY,DARK LIGHTS ON,STOP SIGN,NONE DETECTED,,OTHER VEHICLE,N/A,INTERSECTION,FOUR-WAY INTERSECTION,STRAIGHT,NO DEFECTS,"TWO-WAY, NOT DIVIDED",39.04145333,-77.02826,"(39.04145333, -77.02826)"
MCP2563001R,240009925,MONTGOMERY,Fatal Crash,02/29/2024 03:03:00 PM,No,County Route,"Northbound, Southbound","Lane 2, Left Turn Lane","2, 3",North,0,FEET,Level,CENTERWAY RD,SNOUFFERS SCHOOL RD,,,,UNKNOWN,Angle,Clear,Dry,Daylight,Traffic Control Signal,"Not Suspect of Alcohol Use, Not Suspect of Drug Use, Not Suspect of Alcohol Use, Not Suspect of Drug Use",,Motor Vehicle In Transport,Not Applicable,Intersection or Related,Perpendicular,Straight,,"Divided, Raised Median (curbed), Not Divided",39.16999533,-77.17671614,"(39.16999533, -77.17671614)"
MCP30590084,220031092,Montgomery County Police,Injury Crash,07/19/2022 04:20:00 PM,No,Maryland (State),North,,2,South,0,FEET,LEVEL,FREDERICK RD,HYATTSTOWN VFD,,N/A,,DRIVER,SAME DIR REAR END,CLEAR,DRY,DAYLIGHT,TRAFFIC SIGNAL,NONE DETECTED,,OTHER VEHICLE,N/A,INTERSECTION RELATED,T-INTERSECTION,STRAIGHT,NO DEFECTS,"TWO-WAY, DIVIDED, UNPROTECTED PAINTED MIN 4 FEET",39.28012167,-77.31481,"(39.28012167, -77.31481)"
MCP31250018,190006711,Montgomery County Police,Property Damage Crash,02/11/2019 05:00:00 PM,No,Maryland (State),West,,1,West,562,FEET,HILL UPHILL,RIVER RD,BEALL SPRING RD,,N/A,,DRIVER,SINGLE VEHICLE,RAINING,WET,DAYLIGHT,N/A,N/A,,FIXED OBJECT,OFF ROAD,N/A,N/A,STRAIGHT,N/A,"TWO-WAY, NOT DIVIDED",39.05885333,-77.27988833,"(39.05885333, -77.27988833)"
MCP285900HS,250003234,MONTGOMERY,Property Damage Crash,01/23/2025 02:00:00 PM,No,Maryland (State) Route,"Northbound, Southbound","Lane 1, Left Turn Lane","3, 4",West,0,FEET,Uphill,,PHEASANT RUN DR (WB/L) W WATKINS MILL RD (SB/L),,,,DRIVER,Front to Front,Clear,Dry,Daylight,Traffic Control Signal,"Not Suspect of Alcohol Use, Not Suspect of Drug Use, Not Suspect of Alcohol Use, Not Suspect of Drug Use",,Motor Vehicle In Transport,,Intersection or Related,Perpendicular,Straight,No Defects,"Divided, Flush Median (greater than 4ft wide)",39.1475705,-77.23292,"(39.1475705, -77.23292)"
MCP2931003N,190035824,Montgomery County Police,Property Damage Crash,07/27/2019 05:10:00 PM,Yes,County,North,LEFT TURN LANE,2,South,0,FEET,LEVEL,TWINBROOK PKWY,ARDENNES AVE,,N/A,,DRIVER,SAME DIR REND LEFT TURN,CLEAR,DRY,DAYLIGHT,TRAFFIC SIGNAL,N/A,,OTHER VEHICLE,OTHER VEHICLE,INTERSECTION,T-INTERSECTION,STRAIGHT,N/A,"TWO-WAY, DIVIDED, POSITIVE MEDIAN BARRIER",39.06401667,-77.11633333,"(39.06401667, -77.11633333)"
MCP2936004L,210029096,Montgomery County Police,Injury Crash,07/27/2021 02:20:00 PM,No,Maryland (State),South,,4,North,0,FEET,LEVEL,ROCKVILLE PIKE,ENT TO MID-PIKE PLAZA,,N/A,,DRIVER,STRAIGHT MOVEMENT ANGLE,CLEAR,DRY,DAYLIGHT,TRAFFIC SIGNAL,NONE DETECTED,,OTHER VEHICLE,N/A,INTERSECTION,FOUR-WAY INTERSECTION,STRAIGHT,NO DEFECTS,"TWO-WAY, DIVIDED, POSITIVE MEDIAN BARRIER",39.0511463,-77.11605098,"(39.0511463, -77.11605098)"
EJ7870003B,210002748,Gaithersburg Police Depar,Property Damage Crash,01/22/2021 01:03:00 PM,No,Maryland (State),West,,3,North,0,FEET,LEVEL,QUINCE ORCHARD RD,RAMP 8 FR IS 270 SB TO MD 124 WB,,N/A,,DRIVER,SAME DIR REAR END,CLEAR,DRY,DAYLIGHT,TRAFFIC SIGNAL,NONE DETECTED,,OTHER VEHICLE,N/A,INTERSECTION,FOUR-WAY INTERSECTION,STRAIGHT,NO DEFECTS,"TWO-WAY, DIVIDED, POSITIVE MEDIAN BARRIER",39.14822343,-77.21804913,"(39.14822343, -77.21804913)"
MCP29460030,180058807,Montgomery County Police,Property Damage Crash,11/24/2018 01:11:00 PM,No,Maryland (State),South,,2,North,500,FEET,GRADE DOWNHILL,GERMANTOWN RD,ENT TO US DEPT OF ENERGY,,N/A,,DRIVER,SAME DIR REAR END,RAINING,WET,DAYLIGHT,TRAFFIC SIGNAL,NONE DETECTED,,OTHER VEHICLE,OFF ROAD,INTERSECTION RELATED,T-INTERSECTION,STRAIGHT,NO DEFECTS,"TWO-WAY, DIVIDED, POSITIVE MEDIAN BARRIER",39.18346333,-77.25674333,"(39.18346333, -77.25674333)"
MCP2992001G,170531002,Montgomery County Police,Injury Crash,09/16/2017 07:00:00 PM,No,Maryland (State),North,,3,North,0,FEET,LEVEL,CONNECTICUT AVE,ASPEN HILL RD,,N/A,,DRIVER,STRAIGHT MOVEMENT ANGLE,CLEAR,DRY,DUSK,STOP SIGN,NONE DETECTED,,OTHER VEHICLE,N/A,INTERSECTION,T-INTERSECTION,STRAIGHT,NO DEFECTS,"TWO-WAY, NOT DIVIDED",39.07808967,-77.08072917,"(39.07808967, -77.08072917)"
HA24930001,21001742,Maryland-National Capital,Property Damage Crash,09/12/2021 12:15:00 AM,Yes,Maryland (State),North,,3,North,0,FEET,LEVEL,FREDERICK RD,MONTGOMERY VILLAGE AVE,,N/A,,DRIVER,SAME DIRECTION RIGHT TURN,CLEAR,DRY,DARK LIGHTS ON,TRAFFIC SIGNAL,"N/A, NONE DETECTED",,OTHER VEHICLE,N/A,INTERSECTION,T-INTERSECTION,CURVE RIGHT,NO DEFECTS,OTHER,39.15278233,-77.2126145,"(39.15278233, -77.2126145)"
DD5567007G,250005600,ROCKVILLE,Property Damage Crash,02/07/2025 11:12:00 AM,No,,,,0,,,FEET,,,,Parking Lot Way        P/L 807 ROCKVILLE PIKE,,,DRIVER,Other,Clear,,Daylight,,"Not Suspect of Alcohol Use, Not Suspect of Drug Use",,Parked Vehicle,,,,,,,39.075841,-77.13892661,"(39.075841, -77.13892661)"
MCP2349000N,15043851,MONTGOMERY,Property Damage Crash,09/01/2015 12:27:00 AM,No,County,North,,4,North,100,FEET,GRADE DOWNHILL,CRYSTAL ROCK DR,CLOVERLEAF CENTER DR,,N/A,,UNKNOWN,SINGLE VEHICLE,CLEAR,DRY,DARK LIGHTS ON,NO CONTROLS,NONE DETECTED,,ANIMAL,N/A,NON INTERSECTION,N/A,STRAIGHT,NO DEFECTS,"TWO-WAY, DIVIDED, UNPROTECTED PAINTED MIN 4 FEET",39.19286,-77.26938667,"(39.19286, -77.26938667)"
MCP1580004X,15062796,MONTGOMERY,Injury Crash,12/09/2015 06:37:00 AM,Yes,County,West,,2,East,0,FEET,LEVEL,GAITHER RD,SHADY GROVE RD,,N/A,PEDESTRIAN,DRIVER,OTHER,N/A,DRY,DARK LIGHTS ON,TRAFFIC SIGNAL,NONE DETECTED,UNKNOWN,PEDESTRIAN,N/A,INTERSECTION,FOUR-WAY INTERSECTION,STRAIGHT,NO DEFECTS,"TWO-WAY, DIVIDED, POSITIVE MEDIAN BARRIER",39.11731,-77.18363667,"(39.11731, -77.18363667)"
MCP27710048,240057787,MONTGOMERY,Property Damage Crash,12/03/2024 12:29:00 PM,,,,,0,,,FEET,,,,Parking Aisle        PARKING LOT IFO,,,DRIVER,Front to Rear,Clear,,Daylight,,"Suspect of Alcohol Use, Not Suspect of Drug Use",,Parked Vehicle,Parked Vehicle,,,,,,39.06486693,-77.05424408,"(39.06486693, -77.05424408)"
MCP229800C8,17005968,Montgomery County Police,Injury Crash,02/03/2017 02:59:00 PM,No,Maryland (State),North,,2,North,0,FEET,HILL UPHILL,FREDERICK RD,SNOWDEN FARM PKWY,,N/A,,DRIVER,SAME DIR REAR END,CLEAR,DRY,DAYLIGHT,NO CONTROLS,NONE DETECTED,,OTHER VEHICLE,N/A,INTERSECTION,T-INTERSECTION,STRAIGHT,NO DEFECTS,"TWO-WAY, NOT DIVIDED",39.244805,-77.287745,"(39.244805, -77.287745)"
DD5633007Y,220048285,Rockville Police Departme,Injury Crash,11/02/2022 06:30:00 PM,No,Maryland (State),East,,3,East,0,FEET,LEVEL,VEIRS MILL RD,MEADOW HALL DR,,ROCKVILLE,,DRIVER,STRAIGHT MOVEMENT ANGLE,CLEAR,DRY,DARK LIGHTS ON,NO CONTROLS,NONE DETECTED,,OTHER VEHICLE,OFF ROAD,INTERSECTION,T-INTERSECTION,STRAIGHT,NO DEFECTS,"TWO-WAY, DIVIDED, POSITIVE MEDIAN BARRIER",39.07428205,-77.11382013,"(39.07428205, -77.11382013)"
MCP3390000F,240005441,MONTGOMERY,Property Damage Crash,02/03/2024 12:36:00 AM,No,County Route,Eastbound,"Lane 1, Shoulder Area",1,West,11.95,FEET,Uphill,ST JOHNSBURY LA,,,,,DRIVER,"Sideswipe, Same Direction",Clear,Dry,Dark - Lighted,No Controls,"Not Suspect of Alcohol Use, Not Suspect of Drug Use",,Motor Vehicle In Transport,Parked Vehicle,Non-Junction,,Straight,,Not Divided,39.174205,-77.23819833,"(39.174205, -77.23819833)"
DD5612001N,170540649,Rockville Police Departme,Property Damage Crash,11/03/2017 11:17:00 AM,No,Municipality,North,,2,South,25,FEET,LEVEL,N WASHINGTON ST,BEALL AVE #2,,ROCKVILLE,,DRIVER,SAME DIR REAR END,CLEAR,DRY,DAYLIGHT,TRAFFIC SIGNAL,NONE DETECTED,,OTHER VEHICLE,N/A,INTERSECTION RELATED,FOUR-WAY INTERSECTION,STRAIGHT,NO DEFECTS,"TWO-WAY, NOT DIVIDED",39.08629167,-77.15283,"(39.08629167, -77.15283)"
MCP3262002F,220053916,Montgomery County Police,Property Damage Crash,12/06/2022 05:15:00 PM,No,County,West,,2,East,0,FEET,LEVEL,BRIGGS CHANEY RD,ROBEY RD,,N/A,,DRIVER,ANGLE MEETS LEFT TURN,RAINING,WET,DARK NO LIGHTS,NO CONTROLS,NONE DETECTED,,OTHER VEHICLE,N/A,INTERSECTION,T-INTERSECTION,STRAIGHT,NO DEFECTS,"TWO-WAY, DIVIDED, POSITIVE MEDIAN BARRIER",39.0788105,-76.94490217,"(39.0788105, -76.94490217)"
MCP2894003P,170516212,Montgomery County Police,Property Damage Crash,06/28/2017 12:30:00 PM,No,County,East,,3,East,500,FEET,LEVEL,DEMOCRACY BLVD,OLD GEORGETOWN RD,,N/A,,DRIVER,SAME DIR REAR END,CLEAR,DRY,DAYLIGHT,NO CONTROLS,NONE DETECTED,,OTHER VEHICLE,OTHER VEHICLE,NON INTERSECTION,N/A,STRAIGHT,NO DEFECTS,"TWO-WAY, DIVIDED, POSITIVE MEDIAN BARRIER",39.02440159,-77.12622285,"(39.02440159, -77.12622285)"
MCP2968004T,230017183,Montgomery County Police,Injury Crash,04/11/2023 07:30:00 AM,No,County,East,,2,West,1,MILE,LEVEL,E GUDE DR,DOVER RD,,N/A,,DRIVER,SAME DIR REAR END,CLEAR,DRY,DAYLIGHT,N/A,N/A,,OTHER VEHICLE,OTHER VEHICLE,NON INTERSECTION,N/A,STRAIGHT,NO DEFECTS,"TWO-WAY, DIVIDED, POSITIVE MEDIAN BARRIER",39.11367167,-77.234595,"(39.11367167, -77.234595)"
DD5601003Z,180036723,Rockville Police Departme,Property Damage Crash,07/24/2018 07:15:00 PM,No,Municipality,West,,2,East,10,FEET,LEVEL,CHURCH ST,ROCKVILLE PIKE,,N/A,,DRIVER,SAME DIRECTION SIDESWIPE,RAINING,WET,DAYLIGHT,NO CONTROLS,N/A,,OTHER VEHICLE,N/A,NON INTERSECTION,N/A,STRAIGHT,NO DEFECTS,"TWO-WAY, DIVIDED, POSITIVE MEDIAN BARRIER",39.0832765,-77.14682583,"(39.0832765, -77.14682583)"
HA23720015,21000098,Maryland-National Capital,Property Damage Crash,01/17/2021 09:56:00 AM,Yes,,,,,,,,,,,PARKING LOT,,,DRIVER,OTHER,N/A,,DAYLIGHT,N/A,UNKNOWN,,PARKED VEHICLE,N/A,,,,,,39.04987148,-77.08942249,"(39.04987148, -77.08942249)"
MCP2656001F,16052679,Montgomery County Police,Property Damage Crash,10/13/2016 04:29:00 PM,Yes,US (State),South,,3,North,0,FEET,LEVEL,COLUMBIA PIKE,GREENCASTLE RD,,N/A,,DRIVER,SAME DIR REAR END,CLEAR,DRY,N/A,NO CONTROLS,NONE DETECTED,,OTHER VEHICLE,N/A,INTERSECTION,FOUR-WAY INTERSECTION,STRAIGHT,NO DEFECTS,"TWO-WAY, NOT DIVIDED",39.087635,-76.93861,"(39.087635, -76.93861)"
MCP2466003X,220031140,Montgomery County Police,Injury Crash,07/19/2022 07:53:00 PM,Yes,Maryland (State),East,,2,East,0,FEET,GRADE DOWNHILL,FISHER AVE,CATTAIL RD,,POOLESVILLE,,DRIVER,SAME DIR REAR END,CLEAR,DRY,DAYLIGHT,NO CONTROLS,"NONE DETECTED, UNKNOWN",,OTHER VEHICLE,N/A,INTERSECTION,T-INTERSECTION,CURVE RIGHT,NO DEFECTS,"TWO-WAY, NOT DIVIDED",39.14610661,-77.41727531,"(39.14610661, -77.41727531)"
MCP3086008B,230010305,Montgomery County Police,Injury Crash,03/02/2023 08:05:00 AM,No,County,North,,2,North,200,FEET,LEVEL,SNOUFFERS SCHOOL RD,WOODFIELD RD,,N/A,,DRIVER,SAME DIR REAR END,CLOUDY,WET,DAYLIGHT,NO CONTROLS,NONE DETECTED,,OTHER VEHICLE,N/A,NON INTERSECTION,N/A,STRAIGHT,NO DEFECTS,"TWO-WAY, DIVIDED, POSITIVE MEDIAN BARRIER",39.15942833,-77.16063833,"(39.15942833, -77.16063833)"
MCP91130018,16016541,Montgomery County Police,Property Damage Crash,04/05/2016 08:01:00 AM,No,Maryland (State),South,,3,North,0,MILE,LEVEL,CONNECTICUT AVE,DEAN RD,,N/A,,UNKNOWN,SINGLE VEHICLE,CLEAR,DRY,DAYLIGHT,NO CONTROLS,NONE DETECTED,,FIXED OBJECT,FIXED OBJECT,NON INTERSECTION,N/A,STRAIGHT,NO DEFECTS,"TWO-WAY, DIVIDED, POSITIVE MEDIAN BARRIER",39.0726,-77.07781,"(39.0726, -77.07781)"
MCP3455000W,250030408,MONTGOMERY,Property Damage Crash,07/08/2025 07:21:00 PM,No,County Route,Westbound,"Lane 1, Left Turn Lane",3,North,0,FEET,Level,BONIFANT RD,LAYHILL RD,,,,DRIVER,Angle,Clear,Wet,Daylight,Traffic Control Signal,"Not Suspect of Alcohol Use, Not Suspect of Drug Use, Not Suspect of Alcohol Use, Not Suspect of Drug Use",,Motor Vehicle In Transport,,Intersection or Related,Perpendicular,Straight,No Defects,Not Divided,39.09055833,-77.04468333,"(39.09055833, -77.04468333)"
MCP235800C5,240002228,MONTGOMERY,Property Damage Crash,01/14/2024 12:01:00 PM,No,,,,0,,,FEET,,,,"Parking Stall        WHOLE FOODS BUILDING 5269 RIVER ROAD BETHESDA, MD",,Unknown Type Of Non-Motorist,UNKNOWN,Single Vehicle,Clear,,Daylight,,"Not Suspect of Alcohol Use, Not Suspect of Drug Use","Not Suspect of Alcohol Use, Not Suspect of Drug Use, Not Suspect of Alcohol Use, Not Suspect of Drug Use, Not Suspect of Alcohol Use, Not Suspect of Drug Use","Other Fixed Object (wall, building, tunnel, etc.)",,,,,,,38.9657486,-77.104895,"(38.9657486, -77.104895)"
MCP229800HF,180002725,Montgomery County Police,Property Damage Crash,01/17/2018 04:11:00 PM,No,Maryland (State),South,,3,North,0,FEET,GRADE DOWNHILL,FREDERICK RD,CROSSOVER,,N/A,,DRIVER,HEAD ON LEFT TURN,CLEAR,DRY,DAYLIGHT,TRAFFIC SIGNAL,NONE DETECTED,,OTHER VEHICLE,N/A,INTERSECTION,T-INTERSECTION,STRAIGHT,NO DEFECTS,"TWO-WAY, DIVIDED, POSITIVE MEDIAN BARRIER",39.20016333,-77.245425,"(39.20016333, -77.245425)"
MCP3148002X,210002210,Montgomery County Police,Property Damage Crash,01/18/2021 03:05:00 PM,No,Maryland (State),West,,1,North,0,FEET,LEVEL,ROCKVILLE PIKE,POOKS HILL RD,,N/A,,UNKNOWN,ANGLE MEETS RIGHT TURN,CLEAR,DRY,DAYLIGHT,TRAFFIC SIGNAL,NONE DETECTED,,OTHER VEHICLE,FIXED OBJECT,INTERSECTION,T-INTERSECTION,STRAIGHT,NO DEFECTS,"TWO-WAY, DIVIDED, POSITIVE MEDIAN BARRIER",39.0149267,-77.10003784,"(39.0149267, -77.10003784)"
MCP1491001V,200009003,Montgomery County Police,Injury Crash,02/23/2020 12:04:00 PM,No,County,North,RIGHT TURN LANE,4,North,150,FEET,GRADE DOWNHILL,SEVEN LOCKS RD,GOYA DR,,N/A,BICYCLIST,DRIVER,SINGLE VEHICLE,CLEAR,DRY,DAYLIGHT,NO CONTROLS,NONE DETECTED,NONE DETECTED,BICYCLE,N/A,NON INTERSECTION,N/A,STRAIGHT,NO DEFECTS,"TWO-WAY, NOT DIVIDED",39.05562168,-77.16217279,"(39.05562168, -77.16217279)"
MCP2656005N,210045247,Montgomery County Police,Property Damage Crash,11/08/2021 04:00:00 PM,No,County,East,,1,South,0.2,MILE,LEVEL,DAIRYMAID DR,METZ DR,,N/A,,DRIVER,SAME DIR REAR END,CLEAR,DRY,DAYLIGHT,N/A,N/A,,PARKED VEHICLE,N/A,N/A,N/A,STRAIGHT,NO DEFECTS,ONE-WAY TRAFFICWAY,39.15294167,-77.26977,"(39.15294167, -77.26977)"
MCP26080043,220029165,Montgomery County Police,Property Damage Crash,07/07/2022 04:00:00 PM,No,County,North,,3,North,300,FEET,LEVEL,NEW HAMPSHIRE AVE SERV RD,FOX ST,,N/A,,DRIVER,SAME DIR REAR END,CLEAR,DRY,DAYLIGHT,NO CONTROLS,N/A,,OTHER VEHICLE,N/A,NON INTERSECTION,N/A,STRAIGHT,NO DEFECTS,"TWO-WAY, DIVIDED, POSITIVE MEDIAN BARRIER",39.00811833,-76.98130167,"(39.00811833, -76.98130167)"
DD5649000B,210004305,Rockville Police Departme,Property Damage Crash,02/03/2021 10:55:00 AM,No,Maryland (State),South,,3,North,0,FEET,LEVEL,ROCKVILLE PIKE,WOOTTON PKWY,,ROCKVILLE,,DRIVER,HEAD ON LEFT TURN,CLEAR,DRY,DAYLIGHT,FLASHING TRAFFIC SIGNAL,"N/A, NONE DETECTED",,OTHER VEHICLE,N/A,INTERSECTION,FOUR-WAY INTERSECTION,STRAIGHT,NO DEFECTS,"TWO-WAY, DIVIDED, POSITIVE MEDIAN BARRIER",39.07708461,-77.13956555,"(39.07708461, -77.13956555)"
DD56170005,16034780,Rockville Police Departme,Property Damage Crash,07/09/2016 01:04:00 PM,No,Maryland (State),North,,3,North,0,MILE,LEVEL,ROCKVILLE PIKE,CONGRESSIONAL LA,,N/A,,DRIVER,SAME DIRECTION LEFT TURN,CLEAR,DRY,DAYLIGHT,N/A,NONE DETECTED,,OTHER VEHICLE,N/A,NON INTERSECTION,N/A,STRAIGHT,N/A,"TWO-WAY, DIVIDED, POSITIVE MEDIAN BARRIER",39.06283833,-77.12487667,"(39.06283833, -77.12487667)"
MCP31970030,220026004,Montgomery County Police,Injury Crash,06/16/2022 09:10:00 PM,No,,,,,,,,,,,3100 BLOCK OF HEWITT AVENUE,,,DRIVER,STRAIGHT MOVEMENT ANGLE,CLEAR,,DARK LIGHTS ON,N/A,NONE DETECTED,,OTHER VEHICLE,N/A,,,,,,39.08015525,-77.06087197,"(39.08015525, -77.06087197)"
MCP3121002S,190060640,Montgomery County Police,Injury Crash,12/16/2019 06:25:00 PM,No,Municipality,South,,2,South,50,FEET,LEVEL,RUSSELL AVE,CHRISTOPHER AVE,,GAITHERSBURG,,DRIVER,STRAIGHT MOVEMENT ANGLE,RAINING,WET,DARK LIGHTS ON,NO CONTROLS,NONE DETECTED,,OTHER VEHICLE,N/A,NON INTERSECTION,N/A,STRAIGHT,NO DEFECTS,"TWO-WAY, DIVIDED, POSITIVE MEDIAN BARRIER",39.15802667,-77.21391333,"(39.15802667, -77.21391333)"
MCP1148000X,15036548,MONTGOMERY,Property Damage Crash,07/24/2015 01:13:00 PM,Yes,Maryland (State),North,,3,South,50,FEET,LEVEL,WISCONSIN AVE,BETHESDA AVE,,N/A,,DRIVER,SAME DIRECTION SIDESWIPE,CLEAR,DRY,DAYLIGHT,NO CONTROLS,"N/A, NONE DETECTED",,OTHER VEHICLE,N/A,NON INTERSECTION,N/A,STRAIGHT,NO DEFECTS,"TWO-WAY, DIVIDED, POSITIVE MEDIAN BARRIER",38.98976667,-77.09832833,"(38.98976667, -77.09832833)"
MCP3053008B,250005669,MONTGOMERY,Property Damage Crash,02/07/2025 03:54:00 PM,No,,,,0,,,FEET,,,,Parking Lot Way        11711 JOSEPH MILL RD PARKING LOT,,,DRIVER,Other,Clear,,Daylight,,"Not Suspect of Alcohol Use, Not Suspect of Drug Use, Not Suspect of Alcohol Use, Not Suspect of Drug Use",,Motor Vehicle In Transport,,,,,,,39.04796251,-77.08473169,"(39.04796251, -77.08473169)"
MCP312900B9,240052608,MONTGOMERY,Property Damage Crash,11/02/2024 04:20:00 AM,,County Route,"Northbound, Southbound","Lane 1, Shoulder Area",2,South,21.78,FEET,Uphill,MERCURY DR,,,,,UNKNOWN,Front to Front,Clear,Dry,Dark - Not Lighted,No Controls,"Unknown, Unknown",,Parked Vehicle,,Non-Junction,,Curve Right,No Defects,Not Divided,39.06645533,-77.09824267,"(39.06645533, -77.09824267)"
MCP2809002W,16003571,Montgomery County Police,Injury Crash,01/20/2016 08:02:00 AM,No,Maryland (State),East,,3,West,0,FEET,GRADE DOWNHILL,UNIVERSITY BLVD W,AMHERST AVE,,N/A,,DRIVER,HEAD ON LEFT TURN,N/A,DRY,N/A,TRAFFIC SIGNAL,N/A,,OTHER VEHICLE,N/A,N/A,FOUR-WAY INTERSECTION,STRAIGHT,NO DEFECTS,"TWO-WAY, DIVIDED, POSITIVE MEDIAN BARRIER",39.04125167,-77.04835667,"(39.04125167, -77.04835667)"
MCP2805002Y,180041303,Montgomery County Police,Injury Crash,08/19/2018 09:05:00 PM,No,County,West,,1,East,100,FEET,LEVEL,RIDGE HEIGHTS DR,RIDGE HEIGHTS CT,,N/A,,DRIVER,HEAD ON,CLEAR,DRY,DARK LIGHTS ON,NO CONTROLS,NONE DETECTED,,PARKED VEHICLE,N/A,NON INTERSECTION,N/A,STRAIGHT,NO DEFECTS,"TWO-WAY, NOT DIVIDED",39.17414333,-77.17930833,"(39.17414333, -77.17930833)"
MCP242500BN,170549937,Montgomery County Police,Property Damage Crash,12/21/2017 01:19:00 PM,No,US (State),North,,3,North,0,FEET,LEVEL,GEORGIA AVE,SILVER SPRING AVE,,N/A,,DRIVER,SAME DIR REAR END,CLEAR,DRY,DAYLIGHT,TRAFFIC SIGNAL,NONE DETECTED,,OTHER VEHICLE,N/A,INTERSECTION RELATED,FOUR-WAY INTERSECTION,STRAIGHT,NO DEFECTS,"TWO-WAY, DIVIDED, POSITIVE MEDIAN BARRIER",38.99144667,-77.02658833,"(38.99144667, -77.02658833)"
DM8451000H,15031835,TAKOMA,Injury Crash,06/30/2015 08:15:00 PM,Yes,Maryland (State),South,,3,North,0,FEET,OTHER,NEW HAMPSHIRE AVE,KIRKLYNN AVE,,N/A,,DRIVER,HEAD ON LEFT TURN,CLEAR,DRY,DAYLIGHT,TRAFFIC SIGNAL,"N/A, UNKNOWN",,OTHER VEHICLE,N/A,INTERSECTION,FOUR-WAY INTERSECTION,STRAIGHT,NO DEFECTS,"TWO-WAY, DIVIDED, POSITIVE MEDIAN BARRIER",38.96650333,-77.00294833,"(38.96650333, -77.00294833)"