Report Number,Local Case Number,Agency Name,ACRS Report Type,Crash Date/Time,Hit/Run,Route Type,Lane Direction,Lane Type,Number of Lanes,Direction,Distance,Distance Unit,Road Grade,Road Name,Cross-Street Name,Off-Road Description,Municipality,Related Non-Motorist,At Fault,Collision Type,Weather,Surface Condition,Light,Traffic Control,Driver Substance Abuse,Non-Motorist Substance Abuse,First Harmful Event,Second Harmful Event,Junction,Intersection Type,Road Alignment,Road Condition,Road Division,Latitude,Longitude,Location
MCP2635005B,190021742,Montgomery County Police,Property Damage Crash,05/08/2019 04:41:00 PM,No,Maryland (State),North,,2,North,0,FEET,GRADE DOWNHILL,GEORGIA AVE,ENT TO GREENWOOD PARK,,N/A,,DRIVER,OTHER,CLEAR,DRY,DAYLIGHT,NO CONTROLS,N/A,,OTHER VEHICLE,N/A,INTERSECTION,T-INTERSECTION,STRAIGHT,NO DEFECTS,"TWO-WAY, NOT DIVIDED",39.16078,-77.06357667,"(39.16078, -77.06357667)"
MCP3240002M,210047873,Montgomery County Police,Property Damage Crash,11/24/2021 09:40:00 PM,No,County,North,SHOULDER AREA,2,South,0,FEET,LEVEL,RIFFLE FORD RD,CHARITY LA,,N/A,,DRIVER,SINGLE VEHICLE,CLEAR,DRY,DARK -- UNKNOWN LIGHTING,NO CONTROLS,NONE DETECTED,,FIXED OBJECT,N/A,NON INTERSECTION,N/A,STRAIGHT,NO DEFECTS,"TWO-WAY, NOT DIVIDED",39.14319499,-77.28708804,"(39.14319499, -77.28708804)"
MCP24550059,220043144,Montgomery County Police,Property Damage Crash,10/03/2022 06:52:00 PM,No,County,South,,2,East,100,FEET,GRADE DOWNHILL,PARKLAWN DR,BRAXFIELD CT,,N/A,,DRIVER,SINGLE VEHICLE,RAINING,WET,DARK LIGHTS ON,NO CONTROLS,NONE DETECTED,,FIXED OBJECT,FIXED OBJECT,NON INTERSECTION,N/A,CURVE RIGHT,NO DEFECTS,"TWO-WAY, NOT DIVIDED",39.05557166,-77.10724824,"(39.05557166, -77.10724824)"
MCP3168002P,210008365,Montgomery County Police,Injury Crash,03/05/2021 03:50:00 PM,No,Maryland (State),West,,2,West,0.2,MILE,LEVEL,VEIRS MILL RD,TWINBROOK PKWY,,N/A,,DRIVER,SAME DIR REAR END,CLEAR,DRY,DAYLIGHT,TRAFFIC SIGNAL,N/A,,OTHER VEHICLE,N/A,NON INTERSECTION,N/A,STRAIGHT,NO DEFECTS,"TWO-WAY, DIVIDED, POSITIVE MEDIAN BARRIER",39.07235167,-77.10982667,"(39.07235167, -77.10982667)"
DM8386000B,15057696,TAKOMA,Property Damage Crash,11/12/2015 09:35:00 AM,No,,,,,,,,,,,Parking lot of 7700 Carroll Ave,,,DRIVER,SINGLE VEHICLE,RAINING,,DAYLIGHT,NO CONTROLS,NONE DETECTED,,FIXED OBJECT,N/A,,,,,,39.05332,-76.92878833,"(39.05332, -76.92878833)"
MCP2846008H,230002149,Montgomery County Police,Injury Crash,01/13/2023 05:20:00 PM,No,Maryland (State),West,,3,West,15,FEET,LEVEL,UNIVERSITY BLVD W,AMHERST AVE,,N/A,PEDESTRIAN,NONMOTORIST,SINGLE VEHICLE,CLEAR,DRY,DARK LIGHTS ON,TRAFFIC SIGNAL,NONE DETECTED,NONE DETECTED,PEDESTRIAN,N/A,NON INTERSECTION,N/A,STRAIGHT,NO DEFECTS,"TWO-WAY, DIVIDED, POSITIVE MEDIAN BARRIER",39.041445,-77.04847333,"(39.041445, -77.04847333)"
DD56100027,16059644,Rockville Police Departme,Injury Crash,11/19/2016 05:03:00 PM,No,Maryland (State),East,,2,East,0,FEET,LEVEL,VEIRS MILL RD,BROADWOOD DR,,ROCKVILLE,,DRIVER,SAME DIR REAR END,RAINING,WET,DARK LIGHTS ON,TRAFFIC SIGNAL,N/A,,OTHER VEHICLE,N/A,INTERSECTION RELATED,FOUR-WAY INTERSECTION,STRAIGHT,N/A,"TWO-WAY, DIVIDED, POSITIVE MEDIAN BARRIER",39.07694317,-77.1236145,"(39.07694317, -77.1236145)"
MCP1604001Q,190059634,Montgomery County Police,Injury Crash,12/11/2019 09:00:00 AM,No,Maryland (State),East,,3,East,0,FEET,LEVEL,MUNCASTER MILL RD,ENT TO REDMILL CENTRE,,N/A,,DRIVER,STRAIGHT MOVEMENT ANGLE,N/A,WET,DAYLIGHT,STOP SIGN,NONE DETECTED,,OTHER VEHICLE,N/A,COMMERCIAL DRIVEWAY,T-INTERSECTION,CURVE LEFT,NO DEFECTS,"TWO-WAY, DIVIDED, UNPROTECTED PAINTED MIN 4 FEET",39.14619631,-77.14502637,"(39.14619631, -77.14502637)"
MCP1212000C,15041844,MONTGOMERY,Property Damage Crash,08/21/2015 10:00:00 AM,No,,,,,,,,,,,parking lot of Damascus High School,,,DRIVER,SAME DIRECTION SIDESWIPE,CLEAR,,DAYLIGHT,NO CONTROLS,UNKNOWN,,OTHER VEHICLE,N/A,,,,,,39.28253817,-77.21096992,"(39.28253817, -77.21096992)"
MCP3050001Q,170543740,Montgomery County Police,Property Damage Crash,11/06/2017 06:45:00 PM,No,Maryland (State),North,,3,North,0,FEET,LEVEL,CONNECTICUT AVE,INDEPENDENCE ST,,N/A,,DRIVER,SAME DIRECTION RIGHT TURN,CLEAR,DRY,DAWN,TRAFFIC SIGNAL,"NONE DETECTED, UNKNOWN",,OTHER VEHICLE,N/A,INTERSECTION,FOUR-WAY INTERSECTION,STRAIGHT,NO DEFECTS,"TWO-WAY, DIVIDED, POSITIVE MEDIAN BARRIER",39.07634181,-77.08049387,"(39.07634181, -77.08049387)"
MCP10220055,16033375,Montgomery County Police,Injury Crash,07/01/2016 06:10:00 PM,No,Interstate (State),South,SHOULDER AREA,2,North,0,MILE,LEVEL,EISENHOWER MEMORIAL HWY,CLARKSBURG RD,,N/A,,DRIVER,SINGLE VEHICLE,CLEAR,DRY,DAYLIGHT,NO CONTROLS,NONE DETECTED,,FIXED OBJECT,FIXED OBJECT,NON INTERSECTION,N/A,STRAIGHT,NO DEFECTS,"TWO-WAY, DIVIDED, POSITIVE MEDIAN BARRIER",39.24223833,-77.294235,"(39.24223833, -77.294235)"
MCP27660046,180053843,Montgomery County Police,Property Damage Crash,10/27/2018 03:24:00 PM,No,Maryland (State),North,,3,North,0,FEET,LEVEL,GEORGIA AVE,URBANA DR,,N/A,,DRIVER,SAME DIR REAR END,CLOUDY,DRY,DAYLIGHT,TRAFFIC SIGNAL,NONE DETECTED,,OTHER VEHICLE,OTHER OBJECT,INTERSECTION,FOUR-WAY INTERSECTION,STRAIGHT,NO DEFECTS,"TWO-WAY, DIVIDED, POSITIVE MEDIAN BARRIER",39.061565,-77.052425,"(39.061565, -77.052425)"
MCP13340078,180056872,Montgomery County Police,Injury Crash,11/13/2018 06:56:00 AM,No,Maryland (State),South,,3,North,0,FEET,LEVEL,WOODFIELD RD,HADLEY FARMS DR,,N/A,,DRIVER,HEAD ON LEFT TURN,RAINING,WET,DAWN,TRAFFIC SIGNAL,NONE DETECTED,,OTHER VEHICLE,N/A,INTERSECTION,FOUR-WAY INTERSECTION,STRAIGHT,NO DEFECTS,"TWO-WAY, DIVIDED, POSITIVE MEDIAN BARRIER",39.18541667,-77.15115667,"(39.18541667, -77.15115667)"
MCP26770014,170515744,Montgomery County Police,Injury Crash,06/25/2017 10:02:00 PM,No,County,West,,2,East,0,FEET,LEVEL,SCENERY DR,FREDERICK RD,,N/A,BICYCLIST,NONMOTORIST,STRAIGHT MOVEMENT ANGLE,CLEAR,N/A,DARK LIGHTS ON,STOP SIGN,N/A,N/A,BICYCLE,N/A,INTERSECTION,FOUR-WAY INTERSECTION,STRAIGHT,NO DEFECTS,"TWO-WAY, NOT DIVIDED",39.17546992,-77.23792076,"(39.17546992, -77.23792076)"
MCP29050019,15040830,MONTGOMERY,Injury Crash,08/15/2015 08:08:00 PM,No,Maryland (State),South,,3,North,0,FEET,GRADE DOWNHILL,WISCONSIN AVE,NORWOOD DR,,N/A,,DRIVER,SAME DIR REND LEFT TURN,CLEAR,DRY,DUSK,NO CONTROLS,NONE DETECTED,,OTHER VEHICLE,N/A,INTERSECTION,T-INTERSECTION,STRAIGHT,NO DEFECTS,"TWO-WAY, DIVIDED, POSITIVE MEDIAN BARRIER",38.97579,-77.09030333,"(38.97579, -77.09030333)"
MCP2107002Z,200048380,Montgomery County Police,Property Damage Crash,12/08/2020 02:05:00 PM,Yes,Maryland (State),North,,2,North,0.5,MILE,LEVEL,GREAT SENECA HWY,HORN POINT DR,,N/A,,DRIVER,SAME DIRECTION RIGHT TURN,CLEAR,DRY,DAYLIGHT,OTHER,NONE DETECTED,,OTHER VEHICLE,N/A,N/A,N/A,STRAIGHT,NO DEFECTS,ONE-WAY TRAFFICWAY,39.13777167,-77.26094333,"(39.13777167, -77.26094333)"
MCP2201000G,15015209,Montgomery County Police,Injury Crash,04/02/2015 04:31:00 PM,No,US (State),East,,3,North,100,FEET,LEVEL,GEORGIA AVE,JESSUP BLAIR DR,,N/A,,DRIVER,HEAD ON LEFT TURN,CLEAR,DRY,DAYLIGHT,NO CONTROLS,NONE DETECTED,,OTHER VEHICLE,OTHER VEHICLE,NON INTERSECTION,N/A,STRAIGHT,NO DEFECTS,"TWO-WAY, NOT DIVIDED",38.98575833,-77.02660561,"(38.98575833, -77.02660561)"
DD5658002M,240037669,ROCKVILLE,Property Damage Crash,08/09/2024 10:01:00 PM,No,Municipality Route,"Southbound, Westbound",Lane 1,"2, 4",South,0,FEET,Level,W GUDE DR (WB/L),RESEARCH BLVD,,,,DRIVER,Other,Clear,Dry,Dark - Lighted,Traffic Control Signal,"Not Suspect of Alcohol Use, Not Suspect of Drug Use, Not Suspect of Alcohol Use, Not Suspect of Drug Use",,Motor Vehicle In Transport,,Intersection or Related,Angled/Skewed,Straight,No Defects,Not Divided,39.10017558,-77.18195042,"(39.10017558, -77.18195042)"
MCP31960043,240030493,MONTGOMERY,Injury Crash,06/30/2024 01:00:00 AM,Yes,County Route,Unknown,Unknown,3,South,38.68,FEET,Level,MIDDLEBROOK RD (WB/L),,,,Pedestrian,UNKNOWN,Single Vehicle,Unknown,,Unknown,No Controls,"Unknown, Unknown","Suspect of Alcohol Use, Not Suspect of Drug Use",Pedestrian,,,,Curve Right,Unknown,"Divided, Raised Median (curbed)",39.17576684,-77.246446,"(39.17576684, -77.246446)"
MCP3290003S,240057569,MONTGOMERY,Property Damage Crash,12/02/2024 05:55:00 AM,No,Maryland (State) Route,Southbound,Lane 3,3,East,34.52,FEET,Level,GEORGIA AVE (SB/L),,,,,UNKNOWN,Front to Rear,Clear,Dry,Dark - Lighted,No Controls,"Not Suspect of Alcohol Use, Not Suspect of Drug Use, Not Suspect of Alcohol Use, Not Suspect of Drug Use",,Motor Vehicle In Transport,,Non-Junction,,Straight,No Defects,"Divided, Raised Median (curbed)",39.02326427,-77.04559043,"(39.02326427, -77.04559043)"
MCP271700L0,180050899,Montgomery County Police,Injury Crash,10/11/2018 01:10:00 PM,No,Maryland (State),East,,3,West,10,FEET,LEVEL,UNIVERSITY BLVD E,FORSTON DR,,N/A,,DRIVER,SAME DIR REAR END,CLEAR,DRY,DAYLIGHT,NO CONTROLS,"ALCOHOL CONTRIBUTED, NONE DETECTED",,OTHER VEHICLE,OTHER VEHICLE,INTERSECTION RELATED,FOUR-WAY INTERSECTION,STRAIGHT,N/A,"TWO-WAY, DIVIDED, POSITIVE MEDIAN BARRIER",38.99498017,-76.9930155,"(38.99498017, -76.9930155)"
DD56250048,200036199,Rockville Police Departme,Injury Crash,09/15/2020 05:30:00 PM,No,Maryland (State),South,,3,South,300,FEET,LEVEL,ROCKVILLE PIKE,TEMPLETON PL,,ROCKVILLE,,DRIVER,STRAIGHT MOVEMENT ANGLE,N/A,DRY,DAYLIGHT,NO CONTROLS,NONE DETECTED,,OTHER VEHICLE,OTHER VEHICLE,INTERSECTION RELATED,FOUR-WAY INTERSECTION,STRAIGHT,N/A,"TWO-WAY, DIVIDED, POSITIVE MEDIAN BARRIER",39.06585485,-77.12742938,"(39.06585485, -77.12742938)"
MCP2845000Y,15018351,Montgomery County Police,Property Damage Crash,04/19/2015 01:56:00 PM,No,Maryland (State),North,,2,North,500,FEET,GRADE DOWNHILL,PINEY BRANCH RD,CARROLL AVE,,N/A,,UNKNOWN,SAME DIR REAR END,CLEAR,DRY,DAYLIGHT,NO CONTROLS,NONE DETECTED,,OTHER VEHICLE,N/A,NON INTERSECTION,N/A,STRAIGHT,NO DEFECTS,"TWO-WAY, DIVIDED, POSITIVE MEDIAN BARRIER",39.00110667,-76.98768667,"(39.00110667, -76.98768667)"
MCP20160036,180040948,Montgomery County Police,Property Damage Crash,08/17/2018 02:25:00 PM,No,,,,,,,,,,,PARKING LOT OF 16246 FREDERICK RD,,,DRIVER,OTHER,CLEAR,,DAYLIGHT,N/A,N/A,,OTHER VEHICLE,N/A,,,,,,38.743373,-77.54699707,"(38.743373, -77.54699707)"
EJ7876000N,190026354,Gaithersburg Police Depar,Injury Crash,06/02/2019 10:10:00 PM,No,Maryland (State),North,,3,North,0,FEET,LEVEL,MONTGOMERY VILLAGE AVE,SPUR TO LOST KNIFE RD,,N/A,BICYCLIST,NONMOTORIST,STRAIGHT MOVEMENT ANGLE,CLOUDY,WET,DARK LIGHTS ON,TRAFFIC SIGNAL,NONE DETECTED,ALCOHOL PRESENT,BICYCLE,N/A,INTERSECTION,FOUR-WAY INTERSECTION,STRAIGHT,NO DEFECTS,"TWO-WAY, DIVIDED, POSITIVE MEDIAN BARRIER",39.157775,-77.20400167,"(39.157775, -77.20400167)"
MCP3052000L,170537167,Montgomery County Police,Injury Crash,10/17/2017 12:36:00 PM,No,Maryland (State),North,,3,North,0,FEET,LEVEL,S FREDERICK RD,CENTRAL AVE,,N/A,,DRIVER,STRAIGHT MOVEMENT ANGLE,CLEAR,DRY,DAYLIGHT,STOP SIGN,NONE DETECTED,,OTHER VEHICLE,FIXED OBJECT,INTERSECTION,FOUR-WAY INTERSECTION,STRAIGHT,NO DEFECTS,"TWO-WAY, DIVIDED, POSITIVE MEDIAN BARRIER",39.13046833,-77.18736,"(39.13046833, -77.18736)"
MCP28700016,15062048,MONTGOMERY,Property Damage Crash,12/04/2015 09:10:00 PM,No,Maryland (State),West,,3,East,30,FEET,LEVEL,UNIVERSITY BLVD E,E FRANKLIN AVE,,N/A,,DRIVER,SAME DIR REAR END,CLEAR,DRY,DARK LIGHTS ON,NO CONTROLS,NONE DETECTED,,OTHER VEHICLE,N/A,N/A,N/A,STRAIGHT,NO DEFECTS,"TWO-WAY, DIVIDED, POSITIVE MEDIAN BARRIER",39.01286167,-77.00300167,"(39.01286167, -77.00300167)"
DD5651005Z,250007645,ROCKVILLE,Property Damage Crash,02/21/2025 07:58:00 AM,No,Municipality Route,"Eastbound, Westbound",Lane 1,1,South,5.45,FEET,Level,GRANDIN AVE,,,,,DRIVER,"Sideswipe, Opposite Direction",Clear,Dry,Daylight,No Controls,"Not Suspect of Alcohol Use, Not Suspect of Drug Use, Not Suspect of Alcohol Use, Not Suspect of Drug Use",,Motor Vehicle In Transport,,Driveway Access or Related,,Straight,No Defects,Not Divided,39.07998555,-77.13369541,"(39.07998555, -77.13369541)"
MCP2385000C,15020108,Montgomery County Police,Property Damage Crash,04/28/2015 10:19:00 PM,No,Interstate (State),North,,3,North,1,MILE,LEVEL,EISENHOWER MEMORIAL HWY,CLARKSBURG RD,,N/A,,DRIVER,SAME DIR REAR END,CLEAR,DRY,DARK NO LIGHTS,NO CONTROLS,"ALCOHOL CONTRIBUTED, UNKNOWN",,OTHER VEHICLE,N/A,NON INTERSECTION,N/A,STRAIGHT,NO DEFECTS,"TWO-WAY, DIVIDED, POSITIVE MEDIAN BARRIER",39.218655,-77.27838333,"(39.218655, -77.27838333)"
MCP3251000K,200038892,Montgomery County Police,Property Damage Crash,10/03/2020 01:31:00 AM,No,Maryland (State),North,,4,East,0,FEET,LEVEL,CLOPPER RD,FIRSTFIELD RD,,GAITHERSBURG,,DRIVER,STRAIGHT MOVEMENT ANGLE,CLEAR,DRY,DARK LIGHTS ON,FLASHING TRAFFIC SIGNAL,NONE DETECTED,,OTHER VEHICLE,N/A,INTERSECTION,FOUR-WAY INTERSECTION,STRAIGHT,NO DEFECTS,"TWO-WAY, NOT DIVIDED WITH A CONTINUOUS LEFT TURN",39.14383,-77.223905,"(39.14383, -77.223905)"
MCP26830022,16041360,Montgomery County Police,Injury Crash,08/15/2016 01:12:00 PM,No,County,North,,1,North,0,FEET,LEVEL,GOSHEN RD,EAST VILLAGE AVE,,N/A,,DRIVER,HEAD ON LEFT TURN,CLEAR,DRY,DAYLIGHT,TRAFFIC SIGNAL,NONE DETECTED,,OTHER VEHICLE,N/A,INTERSECTION,T-INTERSECTION,STRAIGHT,NO DEFECTS,"TWO-WAY, NOT DIVIDED",39.18990333,-77.18542833,"(39.18990333, -77.18542833)"
MCP2848002L,16010452,MONTGOMERY,Injury Crash,03/02/2016 02:02:00 PM,No,,,,,,,,,,,"PARKING LOT OF 8617 CHATEAU DRIVE POTOMAC, MARYLAND 20854",,PEDESTRIAN,UNKNOWN,OTHER,CLEAR,,DAYLIGHT,NO CONTROLS,,NONE DETECTED,OTHER VEHICLE,PEDESTRIAN,,,,,,39.01001333,-77.17794167,"(39.01001333, -77.17794167)"
EJ7855001K,17003171,Gaithersburg Police Depar,Injury Crash,01/18/2017 07:45:00 PM,No,Maryland (State),East,,2,East,10,FEET,LEVEL,W DIAMOND AVE,RAMP 6 FR MD 117 EB TO IS 270 SB,,N/A,,DRIVER,HEAD ON LEFT TURN,CLEAR,DRY,DARK LIGHTS ON,N/A,NONE DETECTED,,OTHER VEHICLE,N/A,NON INTERSECTION,N/A,STRAIGHT,NO DEFECTS,"TWO-WAY, DIVIDED, UNPROTECTED PAINTED MIN 4 FEET",39.14067333,-77.21425833,"(39.14067333, -77.21425833)"
DD5651003Q,230053206,Rockville Police Departme,Injury Crash,09/05/2023 08:07:00 AM,No,Maryland (State),South,,3,North,0,FEET,LEVEL,HUNGERFORD DR,COLLEGE PKWY,,ROCKVILLE,,DRIVER,STRAIGHT MOVEMENT ANGLE,CLEAR,DRY,DAYLIGHT,TRAFFIC SIGNAL,NONE DETECTED,,OTHER VEHICLE,N/A,INTERSECTION,T-INTERSECTION,STRAIGHT,NO DEFECTS,"TWO-WAY, DIVIDED, POSITIVE MEDIAN BARRIER",39.10341886,-77.15607765,"(39.10341886, -77.15607765)"
MCP2889000H,15002284,Montgomery County Police,Property Damage Crash,01/15/2015 06:21:00 AM,No,Maryland (State),East,,3,East,100,FEET,LEVEL,OLNEY SANDY SPRING RD,OLD VIC BLVD,,N/A,,DRIVER,SAME DIR REAR END,N/A,DRY,DARK LIGHTS ON,N/A,N/A,,OTHER VEHICLE,N/A,N/A,N/A,STRAIGHT,NO DEFECTS,"TWO-WAY, DIVIDED, POSITIVE MEDIAN BARRIER",39.14429833,-77.04625333,"(39.14429833, -77.04625333)"
DD559500DG,230026985,Rockville Police Departme,Injury Crash,06/05/2023 02:38:00 PM,No,Maryland (State),South,,3,North,0,FEET,LEVEL,ROCKVILLE PIKE,W EDMONSTON DR,,ROCKVILLE,OTHER PEDALCYCLIST,DRIVER,OTHER,CLEAR,DRY,DAYLIGHT,TRAFFIC SIGNAL,NONE DETECTED,NONE DETECTED,PEDESTRIAN,N/A,INTERSECTION,FOUR-WAY INTERSECTION,STRAIGHT,NO DEFECTS,"TWO-WAY, DIVIDED, POSITIVE MEDIAN BARRIER",39.07437833,-77.1358035,"(39.07437833, -77.1358035)"
DD56250021,190009750,Rockville Police Departme,Property Damage Crash,03/01/2019 02:00:00 PM,Yes,,,,,,,,,,,PARKING LOT 110 N WASHINGTON ST,,,DRIVER,OTHER,RAINING,,DAYLIGHT,N/A,NONE DETECTED,,OTHER VEHICLE,N/A,,,,,,39.085575,-77.15379667,"(39.085575, -77.15379667)"
MCP34100016,250028772,MONTGOMERY,Injury Crash,06/27/2025 11:10:00 PM,No,County Route,Westbound,Lane 1,1,East,28.7,FEET,Level,HILLSBORO DR,,,,,UNKNOWN,Single Vehicle,Clear,Dry,Dark - Lighted,No Controls,"Unknown, Unknown",,"Other Post, Pole, Or Support",,Through Roadway,,Straight,No Defects,Not Divided,39.04256321,-77.02088659,"(39.04256321, -77.02088659)"
MCP30120080,210002993,Montgomery County Police,Property Damage Crash,01/24/2021 01:20:00 PM,Yes,Maryland (State),South,,3,South,0,FEET,LEVEL,GEORGIA AVE,SPUR FR BEL PRE RD,,N/A,,DRIVER,SAME DIRECTION SIDESWIPE,CLEAR,DRY,DAYLIGHT,YIELD SIGN,"N/A, NONE DETECTED",,OTHER NON COLLISION,OTHER VEHICLE,CROSSOVER RELATED,Y-INTERSECTION,STRAIGHT,NO DEFECTS,"TWO-WAY, DIVIDED, POSITIVE MEDIAN BARRIER",39.09246922,-77.07986323,"(39.09246922, -77.07986323)"
MCP30840075,240021883,MONTGOMERY,Property Damage Crash,05/09/2024 01:46:00 PM,,,,,0,,,FEET,,,,Parking Lot Way        IN THE LIBERTY GAS STATION,,,UNKNOWN,Angle,Clear,,Daylight,,"Unknown, Unknown",,Parked Vehicle,,,,,No Defects,,39.05304521,-77.10712841,"(39.05304521, -77.10712841)"
MCP12200076,180046616,Montgomery County Police,Property Damage Crash,09/18/2018 12:50:00 PM,No,County,West,LEFT TURN LANE,2,East,0,FEET,LEVEL,RANDOLPH RD,NEW HAMPSHIRE AVE,,N/A,,DRIVER,SAME DIR REAR END,RAINING,WET,DAYLIGHT,TRAFFIC SIGNAL,NONE DETECTED,,OTHER VEHICLE,N/A,INTERSECTION,FOUR-WAY INTERSECTION,STRAIGHT,NO DEFECTS,"TWO-WAY, DIVIDED, POSITIVE MEDIAN BARRIER",39.07579161,-77.00172308,"(39.07579161, -77.00172308)"
MCP23580083,210008332,Montgomery County Police,Property Damage Crash,03/05/2021 12:23:00 PM,No,Government,South,,1,South,0,FEET,LEVEL,ERICSSON RD,RAMP 2 FR C BARTON PKWY TO ERICSSON RD,,N/A,,DRIVER,STRAIGHT MOVEMENT ANGLE,CLEAR,DRY,DAYLIGHT,STOP SIGN,NONE DETECTED,,OTHER VEHICLE,N/A,INTERSECTION,FOUR-WAY INTERSECTION,STRAIGHT,NO DEFECTS,"TWO-WAY, NOT DIVIDED",38.97256767,-77.15281183,"(38.97256767, -77.15281183)"
MCP23140016,180022893,Montgomery County Police,Property Damage Crash,05/09/2018 05:22:00 PM,No,Maryland (State),East,,2,East,150,FEET,LEVEL,RIVER RD,SPUR WHEEL LA,,N/A,,UNKNOWN,OTHER,CLEAR,DRY,DAYLIGHT,NO CONTROLS,NONE DETECTED,,ANIMAL,N/A,N/A,N/A,STRAIGHT,NO DEFECTS,"TWO-WAY, NOT DIVIDED",39.03789778,-77.24613637,"(39.03789778, -77.24613637)"
MCP2916002B,180034611,Montgomery County Police,Property Damage Crash,07/13/2018 08:00:00 AM,No,US (State),South,,2,South,10,FEET,LEVEL,COLUMBIA PIKE,NEW HAMPSHIRE AVE,,N/A,,DRIVER,SAME DIR REAR END,CLEAR,DRY,DAYLIGHT,NO CONTROLS,NONE DETECTED,,N/A,OTHER VEHICLE,N/A,N/A,STRAIGHT,NO DEFECTS,"TWO-WAY, DIVIDED, POSITIVE MEDIAN BARRIER",39.04245333,-76.9938,"(39.04245333, -76.9938)"
MCP295400B3,220002870,Montgomery County Police,Property Damage Crash,01/22/2022 06:11:00 PM,No,Maryland (State),West,,3,East,0,FEET,LEVEL,UNIVERSITY BLVD E,MERRIMAC DR,,N/A,,DRIVER,STRAIGHT MOVEMENT ANGLE,CLEAR,N/A,DARK LIGHTS ON,NO CONTROLS,NONE DETECTED,,OTHER VEHICLE,N/A,INTERSECTION,FOUR-WAY INTERSECTION,STRAIGHT,NO DEFECTS,"TWO-WAY, DIVIDED, POSITIVE MEDIAN BARRIER",38.99284,-76.991415,"(38.99284, -76.991415)"
HA2414000L,17000404,Maryland-National Capital,Property Damage Crash,04/13/2017 05:55:00 PM,No,County,South,CROSSOVER AREA,0,North,0,FEET,GRADE DOWNHILL,ENGLISH TURN DR,MEDALLION DR,,N/A,,DRIVER,OTHER,CLEAR,DRY,DAYLIGHT,STOP SIGN,NONE DETECTED,,OTHER VEHICLE,OTHER VEHICLE,INTERSECTION RELATED,T-INTERSECTION,STRAIGHT,NO DEFECTS,"TWO-WAY, NOT DIVIDED",39.06782919,-76.93584502,"(39.06782919, -76.93584502)"
MCP12830019,200011424,Montgomery County Police,Property Damage Crash,03/08/2020 11:45:00 AM,No,,,,,,,,,,,"PARKING LOT A15 OF THE CLARKSBURG PREMIUM OUTLETS, 22705 CLARKSBURG RD. CLARKSBURG MD.",,,DRIVER,HEAD ON,CLEAR,,DAYLIGHT,NO CONTROLS,NONE DETECTED,,OTHER VEHICLE,N/A,,,,,,39.22766333,-77.28543833,"(39.22766333, -77.28543833)"
MCP2535000V,17015389,Montgomery County Police,Property Damage Crash,03/26/2017 05:07:00 AM,Yes,County,West,,1,East,100,FEET,GRADE DOWNHILL,ARCOLA AVE,IVYDALE ST,,N/A,,DRIVER,SAME DIRECTION SIDESWIPE,CLEAR,DRY,DARK LIGHTS ON,NO CONTROLS,ALCOHOL CONTRIBUTED,,PARKED VEHICLE,N/A,NON INTERSECTION,N/A,STRAIGHT,NO DEFECTS,"TWO-WAY, NOT DIVIDED",39.04878667,-77.05695333,"(39.04878667, -77.05695333)"
MCP2929003M,190017261,Montgomery County Police,Property Damage Crash,04/13/2019 01:20:00 PM,Yes,,,,,,,,,,,PARKING LOT OF 3122 OLNEY SANDY SPRING RD,,,DRIVER,OTHER,CLOUDY,,DAYLIGHT,N/A,NONE DETECTED,,OTHER VEHICLE,N/A,,,,,,39.15132333,-77.06397833,"(39.15132333, -77.06397833)"
DD5593001V,16004797,Rockville Police Departme,Property Damage Crash,01/29/2016 07:01:00 PM,No,Maryland (State),South,,3,North,0,FEET,LEVEL,FREDERICK RD,W GUDE DR,,ROCKVILLE,,UNKNOWN,SAME DIRECTION SIDESWIPE,CLEAR,DRY,DARK LIGHTS ON,TRAFFIC SIGNAL,N/A,,OTHER VEHICLE,N/A,INTERSECTION,FOUR-WAY INTERSECTION,STRAIGHT,NO DEFECTS,"TWO-WAY, DIVIDED, POSITIVE MEDIAN BARRIER",39.10598833,-77.15814833,"(39.10598833, -77.15814833)"
MCP2859000S,15008860,Montgomery County Police,Property Damage Crash,02/24/2015 09:14:00 AM,No,Municipality,South,,2,South,0,FEET,LEVEL,BICKERSTAFF WAY,SHARPSTEAD LA,,GAITHERSBURG,,DRIVER,STRAIGHT MOVEMENT ANGLE,CLEAR,DRY,DAYLIGHT,STOP SIGN,NONE DETECTED,,OTHER VEHICLE,N/A,INTERSECTION,FOUR-WAY INTERSECTION,STRAIGHT,NO DEFECTS,"TWO-WAY, NOT DIVIDED",39.11469333,-77.211905,"(39.11469333, -77.211905)"
MCP06170038,210052143,Montgomery County Police,Injury Crash,12/22/2021 07:41:00 AM,No,County,East,,2,East,0,FEET,LEVEL,NORBECK RD,NORWOOD RD,,N/A,,DRIVER,SAME DIR REAR END,CLEAR,ICE,DAYLIGHT,TRAFFIC SIGNAL,NONE DETECTED,,OTHER VEHICLE,N/A,INTERSECTION RELATED,FOUR-WAY INTERSECTION,STRAIGHT,NO DEFECTS,"TWO-WAY, DIVIDED, POSITIVE MEDIAN BARRIER",39.11864667,-77.021095,"(39.11864667, -77.021095)"
MCP32280013,200028809,Montgomery County Police,Property Damage Crash,07/24/2020 09:45:00 PM,Yes,County,East,,1,East,0,FEET,LEVEL,GILBERT ST,HOOD ST,,N/A,,DRIVER,STRAIGHT MOVEMENT ANGLE,CLEAR,DRY,DARK LIGHTS ON,STOP SIGN,"ALCOHOL PRESENT, NONE DETECTED",,OTHER VEHICLE,N/A,INTERSECTION,T-INTERSECTION,STRAIGHT,NO DEFECTS,"TWO-WAY, NOT DIVIDED",38.99775493,-76.99631262,"(38.99775493, -76.99631262)"