Report Number,Local Case Number,Agency Name,ACRS Report Type,Crash Date/Time,Hit/Run,Route Type,Lane Direction,Lane Type,Number of Lanes,Direction,Distance,Distance Unit,Road Grade,Road Name,Cross-Street Name,Off-Road Description,Municipality,Related Non-Motorist,At Fault,Collision Type,Weather,Surface Condition,Light,Traffic Control,Driver Substance Abuse,Non-Motorist Substance Abuse,First Harmful Event,Second Harmful Event,Junction,Intersection Type,Road Alignment,Road Condition,Road Division,Latitude,Longitude,Location
MCP137800NQ,180058436,Montgomery County Police,Property Damage Crash,11/21/2018 03:44:00 PM,No,Maryland (State),North,RIGHT TURN LANE,3,North,0,FEET,GRADE DOWNHILL,QUINCE ORCHARD RD,ENT TO PARK & RIDE,,N/A,,DRIVER,STRAIGHT MOVEMENT ANGLE,CLOUDY,DRY,DAYLIGHT,TRAFFIC SIGNAL,NONE DETECTED,,OTHER VEHICLE,N/A,INTERSECTION,FOUR-WAY INTERSECTION,CURVE RIGHT,NO DEFECTS,"TWO-WAY, DIVIDED, POSITIVE MEDIAN BARRIER",39.147915,-77.21803333,"(39.147915, -77.21803333)"
MCP2094004X,15022996,Montgomery County Police,Property Damage Crash,05/14/2015 08:29:00 AM,No,County,East,,3,West,300,FEET,LEVEL,DEMOCRACY BLVD,OLD GEORGETOWN RD,,N/A,,DRIVER,SAME DIRECTION SIDESWIPE,CLEAR,DRY,DAYLIGHT,N/A,NONE DETECTED,,OTHER VEHICLE,PARKED VEHICLE,NON INTERSECTION,N/A,STRAIGHT,NO DEFECTS,"TWO-WAY, DIVIDED, POSITIVE MEDIAN BARRIER",38.99875333,-77.08203833,"(38.99875333, -77.08203833)"
MCP2633002L,220025281,Montgomery County Police,Property Damage Crash,06/12/2022 05:45:00 PM,Yes,,,,,,,,,,,"PARKING LOT OF TARGET LOCATED AT 20908 FREDERICK ROAD, GERMANTOWN. MD",,,DRIVER,OTHER,CLEAR,,DAYLIGHT,NO CONTROLS,"N/A, UNKNOWN",,OTHER VEHICLE,N/A,,,,,,39.19923054,-77.24893897,"(39.19923054, -77.24893897)"
EJ78290069,190046245,Gaithersburg Police Depar,Property Damage Crash,09/26/2019 07:45:00 PM,Yes,,,,,,,,,,,18501 N. FREDERICK AVE  PARKING LOT OF FLOOR AND DECOR.,,,DRIVER,N/A,CLEAR,,DARK LIGHTS ON,NO CONTROLS,UNKNOWN,,PARKED VEHICLE,N/A,,,,,,39.1615,-77.22258167,"(39.1615, -77.22258167)"
MCP33860029,250006282,MONTGOMERY,Property Damage Crash,02/11/2025 08:00:00 PM,,County Route,"Northbound, Southbound",Lane 1,2,East,41.39,FEET,"Downhill, Uphill",FORSYTHE AVE,,,,,UNKNOWN,"Sideswipe, Opposite Direction",Snow,Slush,Dark - Not Lighted,No Controls,"Not Suspect of Alcohol Use, Not Suspect of Drug Use, Unknown, Unknown",,Motor Vehicle In Transport,,Non-Junction,,Straight,No Defects,Not Divided,39.01244283,-77.06084867,"(39.01244283, -77.06084867)"
MCP3073000G,170539045,Montgomery County Police,Property Damage Crash,10/26/2017 07:12:00 PM,No,Maryland (State),East,,2,East,0,FEET,LEVEL,NORBECK RD,NORBECK BLVD,,N/A,,DRIVER,SAME DIR REAR END,CLEAR,DRY,DARK LIGHTS ON,TRAFFIC SIGNAL,N/A,,OTHER VEHICLE,OTHER VEHICLE,INTERSECTION,T-INTERSECTION,STRAIGHT,NO DEFECTS,"TWO-WAY, NOT DIVIDED",39.11242469,-77.07031623,"(39.11242469, -77.07031623)"
DM8490001C,210045221,Takoma Park Police Depart,Property Damage Crash,11/08/2021 01:10:00 PM,Yes,,,,,,,,,,,940 EAST WEST HWY ( RESTURANTS PARKING LOT),,,DRIVER,SAME DIRECTION LEFT TURN,CLEAR,,DAYLIGHT,N/A,N/A,,PARKED VEHICLE,OTHER VEHICLE,,,,,,38.97578067,-76.99269967,"(38.97578067, -76.99269967)"
DD5593001G,15038508,ROCKVILLE,Property Damage Crash,08/03/2015 05:10:00 PM,Yes,Ramp,South,ON RAMP,2,East,0,FEET,LEVEL,RAMP 5 FR IS 270 SB TO MD 28 EB,EISENHOWER MEMORIAL HWY,,N/A,,UNKNOWN,SAME DIRECTION SIDESWIPE,CLEAR,DRY,DAYLIGHT,TRAFFIC SIGNAL,N/A,,OTHER VEHICLE,N/A,INTERCHANGE RELATED,OTHER,STRAIGHT,NO DEFECTS,OTHER,39.08741333,-77.176385,"(39.08741333, -77.176385)"
MCP25860079,240014483,MONTGOMERY,Property Damage Crash,03/27/2024 04:12:00 PM,No,Maryland (State) Route,Northbound,Shoulder Area,2,North,20.6,FEET,Level,WOODFIELD RD,,,,,UNKNOWN,Single Vehicle,Rain,Wet,Daylight,No Controls,"Not Suspect of Alcohol Use, Not Suspect of Drug Use",,Traffic Sign Support,,Through Roadway,,Straight,,Not Divided,39.26926582,-77.20492092,"(39.26926582, -77.20492092)"
MCP1309002D,190005037,Montgomery County Police,Property Damage Crash,02/01/2019 09:00:00 AM,No,Ramp,South,ON RAMP,1,North,100,FEET,LEVEL,RAMP 6 FR FATHER HURLEY BLVD TO IS270 SB,EISENHOWER MEMORIAL HWY,,N/A,,DRIVER,SAME DIRECTION SIDESWIPE,SNOW,SNOW,DAYLIGHT,NO CONTROLS,NONE DETECTED,,OTHER VEHICLE,N/A,INTERCHANGE RELATED,OTHER,CURVE RIGHT,NO DEFECTS,ONE-WAY TRAFFICWAY,39.198655,-77.26452667,"(39.198655, -77.26452667)"
MCP27450020,170541576,Montgomery County Police,Property Damage Crash,11/07/2017 11:30:00 PM,No,Municipality,North,,3,North,5,FEET,LEVEL,RUSSELL AVE,WATKINS MILL RD,,GAITHERSBURG,,DRIVER,SAME DIRECTION SIDESWIPE,CLEAR,WET,DARK LIGHTS ON,STOP SIGN,N/A,,OTHER VEHICLE,N/A,INTERSECTION RELATED,T-INTERSECTION,STRAIGHT,N/A,"TWO-WAY, DIVIDED, POSITIVE MEDIAN BARRIER",39.15988601,-77.21618548,"(39.15988601, -77.21618548)"
MCP2718002X,170545026,Montgomery County Police,Property Damage Crash,11/24/2017 03:40:00 PM,Yes,,,,,,,,,,,PARKING LOT OF 600 N FREDERICK AVE GAITHERSBURG MD 20877,,,DRIVER,OTHER,UNKNOWN,,DAYLIGHT,N/A,N/A,,OTHER VEHICLE,N/A,,,,,,39.07416167,-77.15094333,"(39.07416167, -77.15094333)"
MCP93860099,220053906,Montgomery County Police,Property Damage Crash,10/29/2022 03:00:00 AM,Yes,County,North,,2,North,100,FEET,LEVEL,MEADOWSWEET CT,MEADOWSWEET DR,,N/A,,DRIVER,SAME DIRECTION SIDESWIPE,CLEAR,DRY,DARK -- UNKNOWN LIGHTING,N/A,UNKNOWN,,PARKED VEHICLE,N/A,N/A,N/A,STRAIGHT,NO DEFECTS,"TWO-WAY, NOT DIVIDED",39.15195238,-77.03412402,"(39.15195238, -77.03412402)"
DD56720005,230074345,Rockville Police Departme,Property Damage Crash,12/31/2023 03:22:00 AM,Yes,Maryland (State),West,,4,East,0,FEET,LEVEL,VEIRS MILL RD,ROCKVILLE PIKE,,N/A,,DRIVER,HEAD ON LEFT TURN,CLEAR,DRY,DARK LIGHTS ON,TRAFFIC SIGNAL,"NONE DETECTED, UNKNOWN",,OTHER VEHICLE,OTHER VEHICLE,INTERSECTION,FOUR-WAY INTERSECTION,CURVE LEFT,NO DEFECTS,"TWO-WAY, NOT DIVIDED",39.08155455,-77.14556997,"(39.08155455, -77.14556997)"
DD56500022,220039513,Rockville Police Departme,Injury Crash,09/11/2022 03:22:00 PM,No,,,,,,,,,,,PARKING LOT OF 14939 SHADY GROVE RD,,PEDESTRIAN,DRIVER,SAME DIRECTION SIDESWIPE,CLOUDY,,DAYLIGHT,NO CONTROLS,NONE DETECTED,NONE DETECTED,PEDESTRIAN,OTHER VEHICLE,,,,,,39.09711383,-77.19227583,"(39.09711383, -77.19227583)"
MCP27850011,15062654,MONTGOMERY,Property Damage Crash,12/08/2015 11:48:00 AM,No,US (State),North,,3,North,0,FEET,LEVEL,COLUMBIA PIKE,GREENCASTLE RD,,N/A,,DRIVER,HEAD ON LEFT TURN,CLEAR,DRY,DAYLIGHT,TRAFFIC SIGNAL,N/A,,OTHER VEHICLE,N/A,INTERSECTION,FOUR-WAY INTERSECTION,STRAIGHT,NO DEFECTS,"TWO-WAY, DIVIDED, POSITIVE MEDIAN BARRIER",39.045425,-76.99073667,"(39.045425, -76.99073667)"
MCP3009000F,16025731,Montgomery County Police,Property Damage Crash,05/24/2016 01:35:00 AM,No,County,West,OTHER,0,West,0,FEET,LEVEL,WISTERIA DR,GERMANTOWN RD,,N/A,,DRIVER,STRAIGHT MOVEMENT ANGLE,RAINING,WET,DARK LIGHTS ON,FLASHING TRAFFIC SIGNAL,N/A,,OTHER VEHICLE,N/A,INTERSECTION,FOUR-WAY INTERSECTION,STRAIGHT,NO DEFECTS,"TWO-WAY, DIVIDED, UNPROTECTED PAINTED MIN 4 FEET",39.17684952,-77.27001742,"(39.17684952, -77.27001742)"
MCP2692001N,230027844,Montgomery County Police,Property Damage Crash,06/09/2023 08:13:00 PM,No,Municipality,West,,1,North,500,FEET,LEVEL,WASHINGTONIAN BLVD,RIO BLVD,,GAITHERSBURG,,DRIVER,SAME DIRECTION RIGHT TURN,CLOUDY,DRY,DAYLIGHT,STOP SIGN,NONE DETECTED,,OTHER VEHICLE,OTHER VEHICLE,NON INTERSECTION,N/A,CURVE RIGHT,NO DEFECTS,"TWO-WAY, NOT DIVIDED",39.118785,-77.20284,"(39.118785, -77.20284)"
MCP30710024,210047877,Montgomery County Police,Injury Crash,11/24/2021 10:07:00 PM,No,Maryland (State),North,,2,North,5,FEET,LEVEL,FREDERICK RD,APPLEDOWRE WAY,,N/A,,DRIVER,SAME DIR REAR END,CLEAR,DRY,DARK LIGHTS ON,NO CONTROLS,NONE DETECTED,,OTHER VEHICLE,FIXED OBJECT,NON INTERSECTION,N/A,STRAIGHT,NO DEFECTS,"TWO-WAY, DIVIDED, POSITIVE MEDIAN BARRIER",39.184265,-77.239175,"(39.184265, -77.239175)"
MCP1366003S,15061913,MONTGOMERY,Property Damage Crash,12/04/2015 09:59:00 AM,No,County,South,OFF ROAD,3,North,0,FEET,LEVEL,SHADY GROVE RD,CRABBS BRANCH WAY,,N/A,,DRIVER,SINGLE VEHICLE,CLEAR,DRY,DAYLIGHT,NO CONTROLS,NONE DETECTED,,FIXED OBJECT,N/A,INTERSECTION,FOUR-WAY INTERSECTION,STRAIGHT,NO DEFECTS,"TWO-WAY, DIVIDED, POSITIVE MEDIAN BARRIER",39.24414167,-77.15356833,"(39.24414167, -77.15356833)"
MCP3283001C,220012894,Montgomery County Police,Property Damage Crash,03/25/2022 04:48:00 PM,No,County,North,,3,East,0,FEET,GRADE DOWNHILL,DARNESTOWN RD,TRAVILAH RD,,N/A,,DRIVER,HEAD ON,CLEAR,DRY,DAYLIGHT,TRAFFIC SIGNAL,NONE DETECTED,,OTHER VEHICLE,N/A,INTERSECTION,T-INTERSECTION,STRAIGHT,NO DEFECTS,"TWO-WAY, NOT DIVIDED",39.0969,-77.20735167,"(39.0969, -77.20735167)"
HA2399000G,15001351,MCPARK,Property Damage Crash,12/08/2015 12:22:00 PM,No,Interstate (State),East,,6,East,,MILE,LEVEL,CAPITAL BELTWAY,COLESVILLE RD,,N/A,,DRIVER,SAME DIRECTION SIDESWIPE,CLEAR,DRY,DAYLIGHT,NO CONTROLS,N/A,,OTHER VEHICLE,N/A,NON INTERSECTION,N/A,STRAIGHT,NO DEFECTS,"TWO-WAY, DIVIDED, POSITIVE MEDIAN BARRIER",39.01736,-76.99572333,"(39.01736, -76.99572333)"
DD55670042,240025358,ROCKVILLE,Injury Crash,05/29/2024 09:03:00 AM,No,Municipality Route,Northbound,"Lane 1, Lane 2",2,West,9.68,FEET,Downhill,MONROE ST,,,,,DRIVER,"Sideswipe, Same Direction",Clear,Dry,Daylight,No Controls,"Not Suspect of Alcohol Use, Not Suspect of Drug Use, Not Suspect of Alcohol Use, Not Suspect of Drug Use",,Motor Vehicle In Transport,,Non-Junction,,Straight,,Not Divided,39.08156009,-77.14941949,"(39.08156009, -77.14941949)"
DM83860018,190011741,Takoma Park Police Depart,Property Damage Crash,03/14/2019 02:06:00 AM,No,,,,,,,,,,,PARKING LOT OF 7610 MAPLE AVE,,,DRIVER,OTHER,CLEAR,,DARK LIGHTS ON,N/A,UNKNOWN,,PARKED VEHICLE,N/A,,,,,,38.98304333,-76.97249167,"(38.98304333, -76.97249167)"
MCP2485000G,15030204,Montgomery County Police,Property Damage Crash,06/20/2015 09:15:00 PM,Yes,County,East,,2,East,25,FEET,GRADE DOWNHILL,ROYAL CROWN CT,ROYAL CROWN DR,,N/A,,DRIVER,SAME DIR REAR END,RAINING,WET,DARK NO LIGHTS,N/A,UNKNOWN,,PARKED VEHICLE,PARKED VEHICLE,NON INTERSECTION,N/A,STRAIGHT,NO DEFECTS,"TWO-WAY, NOT DIVIDED",39.20511333,-77.25886667,"(39.20511333, -77.25886667)"
MCP3124004B,210024539,Montgomery County Police,Injury Crash,06/26/2021 03:50:00 PM,Yes,,,,,,,,,,,"11160 VEIRS MILL RD SILVER SPRING, MD 20902 // WHEATON MALL // PARKING LOT NEAR EXIT 6",,PEDESTRIAN,DRIVER,SINGLE VEHICLE,CLOUDY,,DAYLIGHT,NO CONTROLS,NONE DETECTED,NONE DETECTED,PEDESTRIAN,N/A,,,,,,39.03808667,-77.05612167,"(39.03808667, -77.05612167)"
DD5614002K,170503761,Rockville Police Departme,Injury Crash,04/23/2017 07:06:00 PM,Yes,Municipality,East,,1,East,0,FEET,LEVEL,MARTINS LA,N WASHINGTON ST,,ROCKVILLE,PEDESTRIAN,NONMOTORIST,STRAIGHT MOVEMENT ANGLE,CLOUDY,DRY,DAYLIGHT,NO CONTROLS,UNKNOWN,UNKNOWN,OTHER VEHICLE,N/A,INTERSECTION,FOUR-WAY INTERSECTION,STRAIGHT,NO DEFECTS,"TWO-WAY, NOT DIVIDED",39.09118333,-77.15502977,"(39.09118333, -77.15502977)"
MCP2962003V,190022514,Montgomery County Police,Property Damage Crash,05/13/2019 12:20:00 PM,No,Maryland (State),North,,2,North,100,FEET,LEVEL,GREAT SENECA HWY,GROTTO LA,,N/A,,DRIVER,SAME DIR REAR END,RAINING,WET,DAYLIGHT,NO CONTROLS,NONE DETECTED,,OTHER VEHICLE,OTHER VEHICLE,NON INTERSECTION,N/A,STRAIGHT,NO DEFECTS,OTHER,39.16761,-77.26800667,"(39.16761, -77.26800667)"
MCP3197004P,250016397,MONTGOMERY,Property Damage Crash,04/15/2025 01:29:00 PM,No,County Route,Eastbound,"Lane 1, Shoulder Area",2,North,19.16,FEET,Level,,,,,,DRIVER,Front to Rear,Clear,Dry,Daylight,No Controls,"Not Suspect of Alcohol Use, Not Suspect of Drug Use, Unknown, Unknown",,Motor Vehicle In Transport,Parked Vehicle,Non-Junction,,Straight,No Defects,Not Divided,39.10454967,-77.05469067,"(39.10454967, -77.05469067)"
EJ7906001D,240052996,GAITHERSBURG,Property Damage Crash,11/04/2024 07:00:00 PM,No,Spur,Eastbound,Lane 1,1,South,16.35,FEET,Level,,,,,,DRIVER,Front to Rear,Clear,Dry,Dark - Lighted,No Controls,"Not Suspect of Alcohol Use, Not Suspect of Drug Use, Not Suspect of Alcohol Use, Not Suspect of Drug Use",,Motor Vehicle In Transport,,Non-Junction,,Curve Right,No Defects,Not Divided,39.15447746,-77.20898256,"(39.15447746, -77.20898256)"
MCP2886000K,15031195,Montgomery County Police,Injury Crash,06/26/2015 09:03:00 AM,No,Maryland (State),North,,6,North,0,FEET,LEVEL,GEORGIA AVE,ARCOLA AVE,,N/A,,DRIVER,HEAD ON LEFT TURN,CLEAR,DRY,DAYLIGHT,TRAFFIC SIGNAL,NONE DETECTED,,OTHER VEHICLE,N/A,N/A,FOUR-WAY INTERSECTION,STRAIGHT,NO DEFECTS,"TWO-WAY, DIVIDED, UNPROTECTED PAINTED MIN 4 FEET",39.04711914,-77.05194712,"(39.04711914, -77.05194712)"
MCP3099000L,180019724,Montgomery County Police,Property Damage Crash,04/22/2018 07:04:00 PM,Yes,County,West,,3,East,0,FEET,LEVEL,MIDDLEBROOK RD,GREAT SENECA HWY,,N/A,,DRIVER,SAME DIR REND RIGHT TURN,CLEAR,DRY,DAYLIGHT,TRAFFIC SIGNAL,"NONE DETECTED, UNKNOWN",,OTHER VEHICLE,N/A,INTERSECTION,T-INTERSECTION,STRAIGHT,NO DEFECTS,"TWO-WAY, DIVIDED, POSITIVE MEDIAN BARRIER",39.17501167,-77.26052667,"(39.17501167, -77.26052667)"
MCP2934002G,17015790,Montgomery County Police,Property Damage Crash,03/28/2017 01:56:00 PM,No,,,,,,,,,,,"PARKING LOT OF 11651 NEBEL ST. ROCKVILLE, MD 20852",,,DRIVER,OPPOSITE DIRECTION SIDESWIPE,CLEAR,,DAYLIGHT,NO CONTROLS,NONE DETECTED,,OTHER VEHICLE,N/A,,,,,,39.04779405,-77.10487247,"(39.04779405, -77.10487247)"
MCP2298017N,250031076,MONTGOMERY,Property Damage Crash,07/12/2025 02:12:00 PM,,County Route,Southbound,"Lane 2, Right Turn Lane",3,North,38.46,FEET,Level,WISTERIA DR,GERMANTOWN RD (SB/L),,,,UNKNOWN,Front to Rear,Clear,Dry,Daylight,Traffic Control Signal,"Not Suspect of Alcohol Use, Not Suspect of Drug Use, Unknown, Unknown",,Motor Vehicle In Transport,,Through Roadway,,Straight,No Defects,"Divided, Raised Median (curbed)",39.17686991,-77.27026645,"(39.17686991, -77.27026645)"
MCP3312004S,240012802,MONTGOMERY,Injury Crash,03/17/2024 01:40:00 PM,No,County Route,Northbound,Lane 1,1,West,0,FEET,Level,DEERHEAD CT,AUTUMN DR,,,Cyclist (non-electric),NONMOTORIST,Single Vehicle,Clear,Dry,Daylight,Stop Sign,"Not Suspect of Alcohol Use, Not Suspect of Drug Use","Not Suspect of Alcohol Use, Not Suspect of Drug Use",Pedalcycle,,Intersection or Related,Perpendicular,Straight,,Not Divided,39.06750575,-76.99758036,"(39.06750575, -76.99758036)"
MCP21600002,15029186,Montgomery County Police,Injury Crash,06/15/2015 06:15:00 PM,No,County,South,,4,North,0,FEET,HILL UPHILL,GOSHEN RD,ROTHBURY DR,,N/A,,DRIVER,STRAIGHT MOVEMENT ANGLE,RAINING,WET,DAYLIGHT,NO CONTROLS,NONE DETECTED,,OTHER VEHICLE,N/A,INTERSECTION,T-INTERSECTION,STRAIGHT,NO DEFECTS,"TWO-WAY, NOT DIVIDED",39.186465,-77.186825,"(39.186465, -77.186825)"
MCP30680047,220037228,Montgomery County Police,Injury Crash,08/28/2022 04:30:00 PM,No,County,East,,3,West,0,FEET,LEVEL,DEMOCRACY BLVD,BELLS MILL RD,,N/A,,DRIVER,SINGLE VEHICLE,CLEAR,DRY,DAYLIGHT,N/A,N/A,,FIXED OBJECT,N/A,INTERSECTION,FOUR-WAY INTERSECTION,STRAIGHT,NO DEFECTS,"TWO-WAY, DIVIDED, POSITIVE MEDIAN BARRIER",39.02390915,-77.15412603,"(39.02390915, -77.15412603)"
MCP3294001B,230007781,Montgomery County Police,Injury Crash,02/15/2023 09:00:00 PM,No,Municipality,East,,1,North,0,FEET,LEVEL,RUSSELL AVE,SPUR TO MONTGOMERY VILLAGE AVE,,N/A,,DRIVER,HEAD ON LEFT TURN,CLEAR,DRY,DARK LIGHTS ON,TRAFFIC SIGNAL,NONE DETECTED,,OTHER VEHICLE,FIXED OBJECT,INTERSECTION,FOUR-WAY INTERSECTION,STRAIGHT,NO DEFECTS,"TWO-WAY, DIVIDED, UNPROTECTED PAINTED MIN 4 FEET",39.154365,-77.20922833,"(39.154365, -77.20922833)"
MCP32390019,210015766,Montgomery County Police,Property Damage Crash,04/28/2021 02:25:00 AM,No,County,East,,2,South,0,FEET,LEVEL,CHERRY HILL RD,CALVERTON BLVD,,N/A,,DRIVER,STRAIGHT MOVEMENT ANGLE,CLEAR,DRY,DARK LIGHTS ON,FLASHING TRAFFIC SIGNAL,NONE DETECTED,,OTHER VEHICLE,N/A,INTERSECTION,FOUR-WAY INTERSECTION,STRAIGHT,NO DEFECTS,"TWO-WAY, NOT DIVIDED",39.0575483,-76.9548576,"(39.0575483, -76.9548576)"
MCP32750031,250031863,MONTGOMERY,Property Damage Crash,07/17/2025 01:35:00 AM,No,US (State),Northbound,Lane 3,3,West,17.89,FEET,Level,COLUMBIA PIKE (SB/L),,,,,UNKNOWN,Single Vehicle,Clear,Dry,Dark - Lighted,No Controls,"Not Suspect of Alcohol Use, Not Suspect of Drug Use",,Tree (standing),,Non-Junction,,Straight,No Defects,"Divided, Raised Median (curbed)",39.0335164,-77.00268876,"(39.0335164, -77.00268876)"
MCP3207002W,220030914,Montgomery County Police,Property Damage Crash,07/18/2022 06:40:00 PM,No,County,West,,2,East,0,FEET,GRADE DOWNHILL,E RANDOLPH RD,BURKHART ST,,N/A,,DRIVER,SAME DIR REAR END,RAINING,WET,DAYLIGHT,NO CONTROLS,NONE DETECTED,,OTHER VEHICLE,OTHER VEHICLE,INTERSECTION,FOUR-WAY INTERSECTION,STRAIGHT,N/A,"TWO-WAY, DIVIDED, UNPROTECTED PAINTED MIN 4 FEET",39.07457533,-76.99215683,"(39.07457533, -76.99215683)"
MCP1563002F,16020238,Montgomery County Police,Property Damage Crash,04/24/2016 08:08:00 PM,Yes,,,,,,0,,,,,PARKING LOT OF 8800 LANIER DR,,,DRIVER,UNKNOWN,UNKNOWN,,UNKNOWN,N/A,UNKNOWN,,UNKNOWN,UNKNOWN,,,,,,39.00039273,-77.04787016,"(39.00039273, -77.04787016)"
MCP21910017,16053933,Montgomery County Police,Property Damage Crash,10/20/2016 06:42:00 AM,No,Maryland (State),South,,3,South,20,FEET,LEVEL,WISCONSIN AVE,HAMPDEN LA,,N/A,,DRIVER,SAME DIRECTION LEFT TURN,CLEAR,DRY,DARK LIGHTS ON,NO CONTROLS,NONE DETECTED,,OTHER VEHICLE,OTHER VEHICLE,NON INTERSECTION,N/A,STRAIGHT,NO DEFECTS,"TWO-WAY, DIVIDED, POSITIVE MEDIAN BARRIER",38.98258667,-77.09328,"(38.98258667, -77.09328)"
HA2386001T,24000865,MCPARK,Property Damage Crash,05/11/2024 10:30:00 AM,No,Local Route,Northbound,Lane 1,1,South,13.92,FEET,Level,CAMPING RIDGE RD,,,,,UNKNOWN,Front to Rear,Clear,Dry,Daylight,No Controls,"Not Suspect of Alcohol Use, Not Suspect of Drug Use, Not Suspect of Alcohol Use, Not Suspect of Drug Use",,Motor Vehicle In Transport,,Non-Junction,,Straight,,"Divided, Depressed Median",39.25617494,-77.2880624,"(39.25617494, -77.2880624)"
MCP9113003D,180014784,Montgomery County Police,Property Damage Crash,03/26/2018 08:57:00 AM,No,Maryland (State),North,,3,North,0,FEET,LEVEL,GEORGIA AVE,NORBECK RD,,N/A,,DRIVER,STRAIGHT MOVEMENT ANGLE,CLEAR,DRY,DAYLIGHT,TRAFFIC SIGNAL,NONE DETECTED,,OTHER VEHICLE,N/A,INTERSECTION,FOUR-WAY INTERSECTION,STRAIGHT,NO DEFECTS,"TWO-WAY, DIVIDED, POSITIVE MEDIAN BARRIER",39.10961,-77.07591333,"(39.10961, -77.07591333)"
MCP2737004R,200037635,Montgomery County Police,Injury Crash,09/25/2020 12:30:00 AM,No,Maryland (State),West,,1,East,30,FEET,LEVEL,OLNEY SANDY SPRING RD,MARDEN LA,,N/A,,DRIVER,SINGLE VEHICLE,CLEAR,DRY,DARK LIGHTS ON,NO CONTROLS,NONE DETECTED,,FIXED OBJECT,N/A,NON INTERSECTION,N/A,CURVE RIGHT,NO DEFECTS,"TWO-WAY, NOT DIVIDED",39.14689167,-77.03750833,"(39.14689167, -77.03750833)"
MCP3262001R,220017011,Montgomery County Police,Property Damage Crash,04/22/2022 06:11:00 PM,No,Maryland (State),South,,3,South,100,FEET,LEVEL,NEW HAMPSHIRE AVE,WOLF DR,,N/A,,DRIVER,SAME DIRECTION RIGHT TURN,CLEAR,DRY,DAYLIGHT,NO CONTROLS,NONE DETECTED,,OTHER VEHICLE,N/A,NON INTERSECTION,N/A,STRAIGHT,NO DEFECTS,"TWO-WAY, DIVIDED, POSITIVE MEDIAN BARRIER",39.07352404,-77.00270929,"(39.07352404, -77.00270929)"
MCP31290050,220042177,Montgomery County Police,Injury Crash,09/27/2022 04:33:00 PM,No,County,West,OFF ROAD,3,East,200,FEET,LEVEL,NORBECK RD,NORWOOD RD,,N/A,,DRIVER,SINGLE VEHICLE,CLEAR,DRY,DAYLIGHT,NO CONTROLS,ALCOHOL PRESENT,,OFF ROAD,FIXED OBJECT,NON INTERSECTION,N/A,CURVE RIGHT,NO DEFECTS,"TWO-WAY, DIVIDED, POSITIVE MEDIAN BARRIER",39.11922558,-77.02005206,"(39.11922558, -77.02005206)"
MCP31960013,190055927,Montgomery County Police,Property Damage Crash,11/19/2019 07:45:00 PM,No,Maryland (State),North,LEFT TURN LANE,2,North,100,FEET,LEVEL,FREDERICK RD,SHAKESPEARE BLVD,,N/A,,DRIVER,SAME DIRECTION SIDESWIPE,CLEAR,DRY,DARK LIGHTS ON,TRAFFIC SIGNAL,NONE DETECTED,,OTHER VEHICLE,N/A,INTERSECTION RELATED,FOUR-WAY INTERSECTION,STRAIGHT,NO DEFECTS,"TWO-WAY, DIVIDED, UNPROTECTED PAINTED MIN 4 FEET",39.19740667,-77.24466333,"(39.19740667, -77.24466333)"
MCP31300042,210038789,Montgomery County Police,Property Damage Crash,09/30/2021 10:00:00 AM,No,Maryland (State),South,,3,South,300,FEET,LEVEL,GEORGIA AVE,RANDOLPH RD,,N/A,,DRIVER,SAME DIR REAR END,CLEAR,DRY,DAYLIGHT,NO CONTROLS,N/A,,OTHER VEHICLE,N/A,OTHER,N/A,STRAIGHT,NO DEFECTS,"TWO-WAY, DIVIDED, POSITIVE MEDIAN BARRIER",39.05609632,-77.05000085,"(39.05609632, -77.05000085)"
MCP3165001L,190040820,Montgomery County Police,Injury Crash,08/26/2019 01:00:00 PM,No,County,East,,1,North,0,FEET,LEVEL,FAIRLAND RD,WESTWIND DR,,N/A,,DRIVER,SAME DIR REAR END,CLEAR,N/A,DAYLIGHT,N/A,N/A,,OTHER VEHICLE,N/A,N/A,N/A,STRAIGHT,NO DEFECTS,"TWO-WAY, NOT DIVIDED",39.07774167,-76.96163667,"(39.07774167, -76.96163667)"
MCP2966005K,200004681,Montgomery County Police,Injury Crash,01/28/2020 06:00:00 PM,No,County,West,,1,East,30,FEET,LEVEL,WISTERIA DR,WARING STATION RD,,N/A,PEDESTRIAN,UNKNOWN,OTHER,CLEAR,N/A,DUSK,NO CONTROLS,NONE DETECTED,N/A,PEDESTRIAN,N/A,NON INTERSECTION,N/A,STRAIGHT,N/A,"TWO-WAY, NOT DIVIDED",39.16219554,-77.2508941,"(39.16219554, -77.2508941)"
MCP2009002B,220035177,Montgomery County Police,Property Damage Crash,08/15/2022 04:00:00 PM,Yes,,,,,,,,,,,PARKING LOT OF 1298 E GUDE DR,,,DRIVER,SINGLE VEHICLE,CLEAR,,DAYLIGHT,N/A,UNKNOWN,,OTHER OBJECT,N/A,,,,,,39.09858837,-77.13659722,"(39.09858837, -77.13659722)"