Report Number,Local Case Number,Agency Name,ACRS Report Type,Crash Date/Time,Hit/Run,Route Type,Lane Direction,Lane Type,Number of Lanes,Direction,Distance,Distance Unit,Road Grade,Road Name,Cross-Street Name,Off-Road Description,Municipality,Related Non-Motorist,At Fault,Collision Type,Weather,Surface Condition,Light,Traffic Control,Driver Substance Abuse,Non-Motorist Substance Abuse,First Harmful Event,Second Harmful Event,Junction,Intersection Type,Road Alignment,Road Condition,Road Division,Latitude,Longitude,Location
MCP9113002Z,170528440,Montgomery County Police,Property Damage Crash,09/03/2017 04:00:00 AM,Yes,County,East,MEDIAN AREA,2,West,400,FEET,GRADE DOWNHILL,BEL PRE RD,CONNECTICUT AVE,,N/A,,DRIVER,SINGLE VEHICLE,CLOUDY,WET,DARK LIGHTS ON,N/A,ALCOHOL PRESENT,,FIXED OBJECT,N/A,NON INTERSECTION,N/A,CURVE RIGHT,NO DEFECTS,"TWO-WAY, DIVIDED, POSITIVE MEDIAN BARRIER",39.09244667,-77.07128333,"(39.09244667, -77.07128333)"
MCP2914001C,15026524,Montgomery County Police,Property Damage Crash,06/01/2015 07:54:00 PM,No,Maryland (State),North,MEDIAN AREA,2,North,5,FEET,GRADE DOWNHILL,PINEY BRANCH RD,GARLAND AVE,,N/A,,DRIVER,SINGLE VEHICLE,RAINING,WET,UNKNOWN,N/A,N/A,,FIXED OBJECT,N/A,N/A,T-INTERSECTION,STRAIGHT,NO DEFECTS,"TWO-WAY, NOT DIVIDED",38.9987512,-76.99884206,"(38.9987512, -76.99884206)"
MCP2964000S,15042863,MONTGOMERY,Property Damage Crash,08/26/2015 05:31:00 PM,No,Maryland (State),North,,2,South,1,MILE,LEVEL,RIDGE RD,BROWN CHURCH RD,,N/A,,DRIVER,SAME DIR REAR END,CLEAR,DRY,DAYLIGHT,NO CONTROLS,NONE DETECTED,,OTHER VEHICLE,N/A,NON INTERSECTION,N/A,STRAIGHT,NO DEFECTS,"TWO-WAY, NOT DIVIDED",39.32610234,-77.19425976,"(39.32610234, -77.19425976)"
MCP102200FR,210029521,Montgomery County Police,Property Damage Crash,07/30/2021 09:31:00 AM,No,,East,,1,East,150,FEET,LEVEL,SPUR TO SAM EIG HWY FR N/B GREAT SENECA HWY,GREAT SENECA HWY,,N/A,,DRIVER,SAME DIR REAR END,CLEAR,DRY,DAYLIGHT,OTHER,NONE DETECTED,,OTHER VEHICLE,N/A,NON INTERSECTION,N/A,CURVE RIGHT,NO DEFECTS,ONE-WAY TRAFFICWAY,39.1072,-77.20943167,"(39.1072, -77.20943167)"
EJ7855000C,15030632,Gaithersburg Police Depar,Property Damage Crash,06/23/2015 03:37:00 PM,No,County,North,,2,East,80,FEET,LEVEL,RAILROAD ST,E DIAMOND AVE,,GAITHERSBURG,,DRIVER,HEAD ON LEFT TURN,CLEAR,DRY,DAYLIGHT,NO CONTROLS,NONE DETECTED,,OTHER VEHICLE,N/A,COMMERCIAL DRIVEWAY,T-INTERSECTION,STRAIGHT,NO DEFECTS,"TWO-WAY, NOT DIVIDED",39.138735,-77.17963833,"(39.138735, -77.17963833)"
MCP30590062,210023524,Montgomery County Police,Property Damage Crash,06/19/2021 03:27:00 PM,Yes,,,,,,,,,,,PARKING LOT OF 21010 FREDERICK RD,,,DRIVER,OTHER,CLEAR,,DAYLIGHT,NO CONTROLS,NONE DETECTED,,PARKED VEHICLE,N/A,,,,,,39.20133109,-77.24764204,"(39.20133109, -77.24764204)"
MCP3099002B,200025032,Montgomery County Police,Property Damage Crash,06/27/2020 11:57:00 AM,No,Maryland (State),South,,2,South,20,FEET,LEVEL,GREAT SENECA HWY,COTTAGE GARDEN DR,,N/A,,DRIVER,SAME DIR REAR END,CLEAR,DRY,DAYLIGHT,NO CONTROLS,NONE DETECTED,,OTHER VEHICLE,N/A,INTERSECTION RELATED,FOUR-WAY INTERSECTION,CURVE LEFT,NO DEFECTS,"TWO-WAY, DIVIDED, POSITIVE MEDIAN BARRIER",39.153105,-77.27831833,"(39.153105, -77.27831833)"
DD5631004Q,230005663,Rockville Police Departme,Property Damage Crash,02/03/2023 07:30:00 PM,No,Municipality,West,,1,East,0,FEET,LEVEL,GRANDIN AVE,BROADWOOD DR,,ROCKVILLE,,DRIVER,STRAIGHT MOVEMENT ANGLE,CLEAR,DRY,DARK LIGHTS ON,STOP SIGN,NONE DETECTED,,OTHER VEHICLE,N/A,INTERSECTION,FOUR-WAY INTERSECTION,STRAIGHT,NO DEFECTS,"TWO-WAY, NOT DIVIDED",39.07792333,-77.12355583,"(39.07792333, -77.12355583)"
MCP2353002W,16050041,Montgomery County Police,Property Damage Crash,09/29/2016 08:08:00 AM,No,Maryland (State),South,,3,North,0,FEET,LEVEL,OLD GEORGETOWN RD,TILDEN LA,,N/A,,DRIVER,STRAIGHT MOVEMENT ANGLE,RAINING,WET,DAYLIGHT,TRAFFIC SIGNAL,NONE DETECTED,,OTHER VEHICLE,N/A,INTERSECTION,FOUR-WAY INTERSECTION,STRAIGHT,NO DEFECTS,"TWO-WAY, DIVIDED, POSITIVE MEDIAN BARRIER",39.04454333,-77.12074167,"(39.04454333, -77.12074167)"
DD56200019,170521328,Rockville Police Departme,Property Damage Crash,07/26/2017 07:48:00 AM,No,County,Unknown,OFF ROAD,0,North,0,FEET,LEVEL,SHADY GROVE RD,FALLSGROVE BLVD,,ROCKVILLE,,DRIVER,SINGLE VEHICLE,CLEAR,DRY,DAYLIGHT,NO CONTROLS,NONE DETECTED,,OTHER OBJECT,N/A,N/A,N/A,OTHER,NO DEFECTS,OTHER,39.09413,-77.1958935,"(39.09413, -77.1958935)"
DD5637002P,210028410,Rockville Police Departme,Injury Crash,07/22/2021 04:03:00 PM,No,Maryland (State),North,,3,South,100,FEET,LEVEL,HUNGERFORD DR,MANNAKEE ST,,ROCKVILLE,,DRIVER,SAME DIR REAR END,CLEAR,DRY,DAYLIGHT,NO CONTROLS,NONE DETECTED,,OTHER VEHICLE,OTHER VEHICLE,COMMERCIAL DRIVEWAY,N/A,STRAIGHT,NO DEFECTS,"TWO-WAY, DIVIDED, POSITIVE MEDIAN BARRIER",39.09507096,-77.15314131,"(39.09507096, -77.15314131)"
MCP32000058,220015848,Montgomery County Police,Property Damage Crash,04/14/2022 01:57:00 PM,No,,,,,,,,,,,OFF THE ROAD IN THE FRONT DRIVEWAY/DITCH OF 9813 WOODFORD RD,,,DRIVER,SINGLE VEHICLE,CLOUDY,,DAYLIGHT,NO CONTROLS,NONE DETECTED,,OFF ROAD,N/A,,,,,,39.02391716,-77.20226797,"(39.02391716, -77.20226797)"
EJ7851005R,200027365,Gaithersburg Police Depar,Injury Crash,07/14/2020 06:00:00 PM,No,Maryland (State),North,,3,North,0,FEET,LEVEL,FREDERICK RD,CHRISTOPHER AVE,,GAITHERSBURG,,DRIVER,HEAD ON LEFT TURN,CLEAR,DRY,DAYLIGHT,TRAFFIC SIGNAL,"NONE DETECTED, UNKNOWN",,OTHER VEHICLE,N/A,INTERSECTION,FOUR-WAY INTERSECTION,STRAIGHT,NO DEFECTS,"TWO-WAY, DIVIDED, POSITIVE MEDIAN BARRIER",39.15577335,-77.21632913,"(39.15577335, -77.21632913)"
MCP9381002B,200025085,Montgomery County Police,Property Damage Crash,06/27/2020 08:25:00 PM,No,County,West,,2,North,0,FEET,OTHER,FALLS RD,RIVER RD,,N/A,,DRIVER,SINGLE VEHICLE,CLEAR,DRY,DUSK,TRAFFIC SIGNAL,N/A,,FIXED OBJECT,N/A,INTERSECTION,T-INTERSECTION,OTHER,NO DEFECTS,"TWO-WAY, NOT DIVIDED",39.01825667,-77.20912167,"(39.01825667, -77.20912167)"
MCP2420002B,170517283,Montgomery County Police,Property Damage Crash,07/04/2017 05:13:00 PM,Yes,,,,,,,,,,,PARKING LOT OF 17821 GEORGIA AVE,,,DRIVER,OTHER,CLEAR,,DAYLIGHT,NO CONTROLS,N/A,,PARKED VEHICLE,N/A,,,,,,39.14940745,-77.06496119,"(39.14940745, -77.06496119)"
MCP268900BB,240023304,MONTGOMERY,Property Damage Crash,05/17/2024 11:59:00 AM,,County Route,Northbound,"Lane 1, Shoulder Area",1,South,39.89,FEET,Level,DEBORAH DR,,,,,DRIVER,Rear To Rear,Cloudy,Dry,Daylight,No Controls,"Not Suspect of Alcohol Use, Not Suspect of Drug Use",,Parked Vehicle,Not Applicable,Non-Junction,,Straight,No Defects,Not Divided,39.0440955,-77.16475797,"(39.0440955, -77.16475797)"
MCP3002003D,190010847,Montgomery County Police,Property Damage Crash,03/08/2019 04:24:00 PM,No,,,,,,,,,,,"DRIVEWAY OF 7601 BRADLEY BLVD, BETHESDA COUNTRY CLUB",,,DRIVER,OPPOSITE DIRECTION SIDESWIPE,SNOW,,DAYLIGHT,N/A,NONE DETECTED,,OTHER VEHICLE,N/A,,,,,,39.0135235,-77.15317467,"(39.0135235, -77.15317467)"
EJ78600025,190053589,Gaithersburg Police Depar,Property Damage Crash,11/07/2019 03:13:00 AM,Yes,,,,,,,,,,,PARKING LOT IN FRONT OF 17113 QUEEN VICTORIA CT,,,DRIVER,OTHER,CLEAR,,DARK -- UNKNOWN LIGHTING,NO CONTROLS,UNKNOWN,,OTHER VEHICLE,N/A,,,,,,39.1378866,-77.20519889,"(39.1378866, -77.20519889)"
MCP3254001C,210044300,Montgomery County Police,Property Damage Crash,11/02/2021 12:47:00 PM,No,Maryland (State),West,UNKNOWN,2,North,0,FEET,LEVEL,GERMANTOWN RD,RAMP 8 FR IS 270 SB TO MD 118 WB,,N/A,,DRIVER,STRAIGHT MOVEMENT ANGLE,RAINING,WET,DAYLIGHT,TRAFFIC SIGNAL,NONE DETECTED,,OTHER VEHICLE,N/A,INTERSECTION,T-INTERSECTION,STRAIGHT,NO DEFECTS,"TWO-WAY, DIVIDED, POSITIVE MEDIAN BARRIER",39.18325833,-77.25746,"(39.18325833, -77.25746)"
MCP3024001V,200002187,Montgomery County Police,Injury Crash,01/13/2020 05:59:00 PM,No,Maryland (State),North,RIGHT TURN LANE,2,North,0,FEET,HILL UPHILL,FREDERICK RD,HENDERSON CORNER RD,,N/A,,DRIVER,SAME DIR REAR END,CLEAR,DRY,DARK LIGHTS ON,TRAFFIC SIGNAL,"ALCOHOL CONTRIBUTED, N/A",,OTHER VEHICLE,N/A,INTERSECTION,FOUR-WAY INTERSECTION,STRAIGHT,NO DEFECTS,"TWO-WAY, DIVIDED, POSITIVE MEDIAN BARRIER",39.20218765,-77.24533394,"(39.20218765, -77.24533394)"
MCP2981000C,16001539,Montgomery County Police,Property Damage Crash,01/09/2016 01:56:00 AM,No,Maryland (State),Unknown,OTHER,3,North,0,FEET,LEVEL,WISCONSIN AVE,BRADLEY LA,,N/A,,DRIVER,HEAD ON LEFT TURN,N/A,WET,DARK LIGHTS ON,TRAFFIC SIGNAL,NONE DETECTED,,OTHER VEHICLE,N/A,INTERSECTION,FOUR-WAY INTERSECTION,STRAIGHT,NO DEFECTS,"TWO-WAY, DIVIDED, POSITIVE MEDIAN BARRIER",38.97721,-77.09076833,"(38.97721, -77.09076833)"
MCP3257006T,230073767,Montgomery County Police,Property Damage Crash,12/27/2023 12:20:00 AM,No,Maryland (State),South,MEDIAN AREA,2,South,20,FEET,LEVEL,OLD GEORGETOWN RD,ENT TO GEORGETOWN SQUARE,,N/A,,UNKNOWN,SINGLE VEHICLE,RAINING,WET,DARK LIGHTS ON,NO CONTROLS,NONE DETECTED,,FIXED OBJECT,N/A,NON INTERSECTION,N/A,STRAIGHT,NO DEFECTS,"TWO-WAY, DIVIDED, POSITIVE MEDIAN BARRIER",39.02629167,-77.12614333,"(39.02629167, -77.12614333)"
MCP22030042,190041548,Montgomery County Police,Injury Crash,08/30/2019 01:50:00 PM,Yes,Maryland (State),North,,3,South,5,MILE,LEVEL,GEORGIA AVE,MEDICAL PARK DR,,N/A,,UNKNOWN,SAME DIRECTION SIDESWIPE,CLEAR,DRY,DAYLIGHT,N/A,"NONE DETECTED, UNKNOWN",,OTHER VEHICLE,N/A,N/A,N/A,STRAIGHT,NO DEFECTS,"TWO-WAY, DIVIDED, POSITIVE MEDIAN BARRIER",39.023419,-77.0453055,"(39.023419, -77.0453055)"
MCP22280022,250005242,MONTGOMERY,Property Damage Crash,02/05/2025 07:20:00 AM,Yes,County Route,Eastbound,Outside Right Of Way,1,West,33.2,FEET,Hillcrest,WATKINS MILL RD,,,,,DRIVER,Single Vehicle,Cloudy,Dry,Unknown,No Controls,"Unknown, Unknown",,Utility Pole/Light Support,Embankment,Non-Junction,,Curve Right,No Defects,Not Divided,39.18904833,-77.21823333,"(39.18904833, -77.21823333)"
MCP9419001L,180003991,Montgomery County Police,Injury Crash,01/24/2018 06:52:00 AM,No,Maryland (State),South,,4,North,0,FEET,LEVEL,FREDERICK RD,KING FARM BLVD,,ROCKVILLE,,DRIVER,SAME DIR REAR END,CLEAR,DRY,DAWN,TRAFFIC SIGNAL,NONE DETECTED,,OTHER VEHICLE,OTHER VEHICLE,INTERSECTION,FOUR-WAY INTERSECTION,STRAIGHT,NO DEFECTS,"TWO-WAY, DIVIDED, POSITIVE MEDIAN BARRIER",39.11717167,-77.16893,"(39.11717167, -77.16893)"
EJ7836000Y,170541004,Gaithersburg Police Depar,Injury Crash,11/04/2017 11:40:00 PM,No,Municipality,Unknown,,1,East,0.25,FEET,UNKNOWN,LAKE VARUNA DR,GATESTONE ST,,GAITHERSBURG,,DRIVER,SINGLE VEHICLE,RAINING,WET,DARK LIGHTS ON,NO CONTROLS,ALCOHOL PRESENT,,FIXED OBJECT,N/A,NON INTERSECTION,N/A,CURVE RIGHT,NO DEFECTS,"TWO-WAY, NOT DIVIDED",39.11884167,-77.22840667,"(39.11884167, -77.22840667)"
MCP2198005H,190024174,Montgomery County Police,Injury Crash,05/21/2019 08:49:00 PM,No,Municipality,North,,2,North,0,FEET,LEVEL,WASHINGTONIAN BLVD,WASHINGTONIAN BLVD (AHEAD),,N/A,,DRIVER,SAME DIR REAR END,N/A,DRY,DARK LIGHTS ON,N/A,"ALCOHOL PRESENT, N/A",,OTHER VEHICLE,OTHER VEHICLE,N/A,ROUNDABOUT,CURVE LEFT,NO DEFECTS,OTHER,39.11793833,-77.202875,"(39.11793833, -77.202875)"
MCP9133000K,15066939,MONTGOMERY,Property Damage Crash,12/30/2015 01:42:00 PM,No,County,South,,3,North,,MILE,LEVEL,RIDGE RD,OBSERVATION DR,,N/A,,DRIVER,SAME DIR REAR END,CLEAR,DRY,DAYLIGHT,TRAFFIC SIGNAL,NONE DETECTED,,OTHER VEHICLE,N/A,INTERSECTION RELATED,FOUR-WAY INTERSECTION,STRAIGHT,NO DEFECTS,"TWO-WAY, DIVIDED, POSITIVE MEDIAN BARRIER",39.20277167,-77.25181667,"(39.20277167, -77.25181667)"
MCP30120059,190055573,Montgomery County Police,Property Damage Crash,11/18/2019 08:40:00 AM,Yes,County,West,,3,West,433,FEET,LEVEL,RANDOLPH RD,LIVINGSTON ST,,N/A,,DRIVER,SAME DIRECTION SIDESWIPE,RAINING,WET,DAYLIGHT,NO CONTROLS,"NONE DETECTED, UNKNOWN",,OTHER VEHICLE,N/A,N/A,N/A,STRAIGHT,NO DEFECTS,"TWO-WAY, DIVIDED, POSITIVE MEDIAN BARRIER",39.05828046,-77.05426785,"(39.05828046, -77.05426785)"
EJ7852008P,230060366,Gaithersburg Police Depar,Property Damage Crash,10/12/2023 05:15:00 PM,No,,,,,,,,,,,804 GALLOP HILL ROAD,,,DRIVER,OTHER,N/A,,DAYLIGHT,N/A,UNKNOWN,,OTHER VEHICLE,N/A,,,,,,39.15834487,-77.209155,"(39.15834487, -77.209155)"
MCP2982002Q,190031073,Montgomery County Police,Property Damage Crash,06/29/2019 06:21:00 PM,No,County,North,,1,North,10,FEET,HILL CREST,GIST AVE,CHICAGO AVE,,N/A,,DRIVER,SAME DIR REAR END,N/A,DRY,DAYLIGHT,NO CONTROLS,NONE DETECTED,,PARKED VEHICLE,N/A,NON INTERSECTION,N/A,STRAIGHT,NO DEFECTS,"TWO-WAY, NOT DIVIDED",38.98933833,-77.01965333,"(38.98933833, -77.01965333)"
MCP2559000M,16010436,MONTGOMERY,Property Damage Crash,03/02/2016 11:46:00 AM,No,,,,,,,,,,,TOW LOT OF 305 METROPOLITAN GROVE RD,,,UNKNOWN,OTHER,CLOUDY,,DAYLIGHT,N/A,NONE DETECTED,,PARKED VEHICLE,N/A,,,,,,39.14831853,-77.22172692,"(39.14831853, -77.22172692)"
MCP30370032,200019961,Montgomery County Police,Property Damage Crash,05/18/2020 08:45:00 PM,No,County,South,,1,North,20,FEET,HILL UPHILL,BRANDERMILL DR,LEDBURY WAY,,N/A,,DRIVER,HEAD ON,CLEAR,DRY,DARK LIGHTS ON,NO CONTROLS,NONE DETECTED,,OTHER VEHICLE,PARKED VEHICLE,NON INTERSECTION,N/A,CURVE RIGHT,NO DEFECTS,"TWO-WAY, DIVIDED, UNPROTECTED PAINTED MIN 4 FEET",39.18316667,-77.23451167,"(39.18316667, -77.23451167)"
MCP263900GC,230072418,Montgomery County Police,Property Damage Crash,12/18/2023 04:28:00 PM,No,County,East,,2,East,75,FEET,LEVEL,NICHOLSON LA,HUFF CT,,N/A,,DRIVER,SAME DIRECTION SIDESWIPE,CLEAR,DRY,DARK LIGHTS ON,NO CONTROLS,NONE DETECTED,,OTHER VEHICLE,N/A,NON INTERSECTION,N/A,STRAIGHT,NO DEFECTS,"TWO-WAY, NOT DIVIDED",39.04481167,-77.10817333,"(39.04481167, -77.10817333)"
DD55290013,16000580,Rockville Police Departme,Property Damage Crash,01/04/2016 02:41:00 PM,No,Maryland (State),South,,4,South,10,MILE,LEVEL,HUNGERFORD DR,MANNAKEE ST,,ROCKVILLE,,DRIVER,SAME DIR REAR END,CLEAR,DRY,DAYLIGHT,TRAFFIC SIGNAL,NONE DETECTED,,OTHER VEHICLE,N/A,INTERSECTION RELATED,T-INTERSECTION,STRAIGHT,NO DEFECTS,"TWO-WAY, DIVIDED, POSITIVE MEDIAN BARRIER",39.09692167,-77.15342,"(39.09692167, -77.15342)"
MCP2892009H,210023060,Montgomery County Police,Property Damage Crash,06/16/2021 05:32:00 PM,Yes,Maryland (State),South,,3,North,50,FEET,LEVEL,GEORGIA AVE,ARTHUR AVE,,N/A,,UNKNOWN,SAME DIRECTION SIDESWIPE,CLEAR,DRY,DAYLIGHT,NO CONTROLS,"NONE DETECTED, UNKNOWN",,OTHER VEHICLE,N/A,NON INTERSECTION,N/A,STRAIGHT,NO DEFECTS,"TWO-WAY, DIVIDED, POSITIVE MEDIAN BARRIER",39.01876163,-77.04392489,"(39.01876163, -77.04392489)"
MCP11190059,180014135,Montgomery County Police,Injury Crash,03/22/2018 10:25:00 AM,No,Maryland (State),North,,3,North,0,FEET,LEVEL,NEW HAMPSHIRE AVE,E RANDOLPH RD,,N/A,,UNKNOWN,OTHER,CLEAR,DRY,DAYLIGHT,TRAFFIC SIGNAL,NONE DETECTED,,OTHER VEHICLE,N/A,INTERSECTION,FOUR-WAY INTERSECTION,STRAIGHT,NO DEFECTS,"TWO-WAY, DIVIDED, UNPROTECTED PAINTED MIN 4 FEET",39.07606333,-77.001425,"(39.07606333, -77.001425)"
MCP2825001M,220005499,Montgomery County Police,Property Damage Crash,02/08/2022 03:45:00 PM,No,County,South,,2,North,100,FEET,LEVEL,WARING STATION RD,SUMMER OAK DR,,N/A,,DRIVER,OTHER,CLEAR,DRY,DAYLIGHT,NO CONTROLS,NONE DETECTED,,OTHER VEHICLE,N/A,NON INTERSECTION,N/A,CURVE RIGHT,NO DEFECTS,"TWO-WAY, NOT DIVIDED",39.16793814,-77.24595284,"(39.16793814, -77.24595284)"
MCP25460025,16064007,Montgomery County Police,Property Damage Crash,12/13/2016 05:10:00 PM,No,Maryland (State),North,LEFT TURN LANE,3,North,0,FEET,LEVEL,CONNECTICUT AVE,INDEPENDENCE ST,,N/A,,DRIVER,SAME DIR REAR END,CLEAR,DRY,DARK LIGHTS ON,TRAFFIC SIGNAL,NONE DETECTED,,OTHER VEHICLE,OTHER VEHICLE,INTERSECTION,FOUR-WAY INTERSECTION,STRAIGHT,NO DEFECTS,"TWO-WAY, DIVIDED, POSITIVE MEDIAN BARRIER",39.07590667,-77.080295,"(39.07590667, -77.080295)"
MCP2939000Y,16015408,MONTGOMERY,Property Damage Crash,03/29/2016 04:56:00 PM,No,Maryland (State),North,,6,North,0,FEET,LEVEL,GREAT SENECA HWY,CLIMBING IVY DR,,N/A,,DRIVER,STRAIGHT MOVEMENT ANGLE,CLEAR,DRY,DAYLIGHT,TRAFFIC SIGNAL,NONE DETECTED,,OTHER VEHICLE,N/A,INTERSECTION,FOUR-WAY INTERSECTION,STRAIGHT,NO DEFECTS,"TWO-WAY, DIVIDED, POSITIVE MEDIAN BARRIER",39.16656167,-77.27076333,"(39.16656167, -77.27076333)"
MCP30200018,170533777,Montgomery County Police,Property Damage Crash,09/29/2017 06:30:00 AM,Yes,County,East,,5,East,20,FEET,LEVEL,BEL PRE RD,PARKER FARM WAY,,N/A,,DRIVER,SAME DIRECTION SIDESWIPE,CLEAR,DRY,DARK LIGHTS ON,NO CONTROLS,"NONE DETECTED, UNKNOWN",,OTHER VEHICLE,N/A,NON INTERSECTION,N/A,STRAIGHT,NO DEFECTS,"TWO-WAY, DIVIDED, UNPROTECTED PAINTED MIN 4 FEET",39.09049634,-77.04775214,"(39.09049634, -77.04775214)"
MCP3352002W,250025933,MONTGOMERY,Property Damage Crash,06/10/2025 02:00:00 PM,No,Municipality Route,"Northbound, Southbound","Lane 1, Lane 2",2,West,0,FEET,Level,KENTLANDS BLVD,TSCHIFFELY SQUARE RD (SB/L),,,,DRIVER,Angle,Clear,Dry,Daylight,Stop Sign,"Not Suspect of Alcohol Use, Not Suspect of Drug Use, Not Suspect of Alcohol Use, Not Suspect of Drug Use",,Motor Vehicle In Transport,,Intersection or Related,Perpendicular,Straight,No Defects,"Divided, Raised Median (curbed)",39.1253915,-77.24313917,"(39.1253915, -77.24313917)"
DM83380001,15008664,Takoma Park Police Depart,Property Damage Crash,02/23/2015 02:00:00 AM,No,Maryland (State),West,,1,East,0,FEET,GRADE DOWNHILL,PHILADELPHIA AVE,BOSTON AVE,,TAKOMA PARK,,DRIVER,SINGLE VEHICLE,CLEAR,SNOW,DARK LIGHTS ON,NO CONTROLS,ALCOHOL CONTRIBUTED,,FIXED OBJECT,OFF ROAD,INTERSECTION,OTHER,CURVE LEFT,NO DEFECTS,"TWO-WAY, DIVIDED, UNPROTECTED PAINTED MIN 4 FEET",38.98340237,-77.01583788,"(38.98340237, -77.01583788)"
MCP2385000S,16025519,Montgomery County Police,Property Damage Crash,05/22/2016 10:37:00 PM,No,County,South,,2,North,0,MILE,GRADE DOWNHILL,CLARKSBURG RD,SNOWDEN FARM PKWY,,N/A,,DRIVER,SINGLE VEHICLE,RAINING,WET,DARK NO LIGHTS,NO CONTROLS,UNKNOWN,,FIXED OBJECT,OVERTURN,NON INTERSECTION,N/A,CURVE RIGHT,NO DEFECTS,"TWO-WAY, NOT DIVIDED",39.24881833,-77.27630833,"(39.24881833, -77.27630833)"
MCP2438003M,240003663,MONTGOMERY,Injury Crash,01/24/2024 07:54:00 AM,No,County Route,"Eastbound, Southbound",Lane 1,1,West,0,FEET,Uphill,RANWORTH DR,STEEPLE RD,,,,DRIVER,Angle,Cloudy,Wet,Daylight,Stop Sign,"Not Suspect of Alcohol Use, Not Suspect of Drug Use, Not Suspect of Alcohol Use, Not Suspect of Drug Use",,Motor Vehicle In Transport,Not Applicable,Intersection or Related,Perpendicular,"Curve Left, Curve Right",No Defects,Not Divided,39.17394844,-77.29452518,"(39.17394844, -77.29452518)"
MCP9110000Q,16031402,Montgomery County Police,Property Damage Crash,06/21/2016 05:01:00 PM,No,County,West,,2,West,0,FEET,LEVEL,MIDDLEBROOK RD,FATHER HURLEY BLVD,,N/A,,DRIVER,SAME DIR REND RIGHT TURN,CLEAR,WET,DAYLIGHT,TRAFFIC SIGNAL,NONE DETECTED,,OTHER VEHICLE,N/A,INTERSECTION RELATED,FOUR-WAY INTERSECTION,STRAIGHT,NO DEFECTS,"TWO-WAY, DIVIDED, POSITIVE MEDIAN BARRIER",39.18444833,-77.27348167,"(39.18444833, -77.27348167)"
MCP33840016,250006731,MONTGOMERY,Property Damage Crash,02/14/2025 08:00:00 PM,No,US (State),Southbound,"Lane 1, Lane 2",2,North,38.56,FEET,Level,GEORGIA AVE (SB/L),,,,,DRIVER,Angle,Clear,Dry,Dark - Lighted,No Controls,"Not Suspect of Alcohol Use, Not Suspect of Drug Use, Not Suspect of Alcohol Use, Not Suspect of Drug Use",,Motor Vehicle In Transport,,Non-Junction,,Straight,No Defects,"Divided, Flush Median (greater than 4ft wide)",38.99269933,-77.0266815,"(38.99269933, -77.0266815)"
MCP2708005P,190051198,Montgomery County Police,Property Damage Crash,10/24/2019 07:00:00 PM,No,County,East,,1,West,20,FEET,LEVEL,QUEBEC ST,11TH AVE,,N/A,,DRIVER,OPPOSITE DIRECTION SIDESWIPE,CLEAR,DRY,DARK LIGHTS ON,NO CONTROLS,NONE DETECTED,,OTHER VEHICLE,N/A,N/A,N/A,CURVE RIGHT,NO DEFECTS,"TWO-WAY, NOT DIVIDED",39.00058833,-76.985275,"(39.00058833, -76.985275)"
DD5538004Z,250001416,ROCKVILLE,Property Damage Crash,01/11/2025 02:05:00 PM,No,Municipality Route,Westbound,Lane 1,3,North,18.61,FEET,Level,HALPINE RD,,,,,DRIVER,Front to Rear,Clear,Slush,Daylight,Traffic Control Signal,"Not Suspect of Alcohol Use, Not Suspect of Drug Use, Not Suspect of Alcohol Use, Not Suspect of Drug Use",,Motor Vehicle In Transport,Not Applicable,Through Roadway,,Straight,No Defects,"Divided, Raised Median (curbed)",39.06187125,-77.1238916,"(39.06187125, -77.1238916)"
MCP31680088,250025940,MONTGOMERY,Property Damage Crash,06/10/2025 02:45:00 PM,,Maryland (State) Route,Northbound,Lane 2,4,South,63.02,FEET,Level,OLD COLUMBIA PIKE,,,,,UNKNOWN,"Sideswipe, Same Direction",Clear,Dry,Daylight,Traffic Control Signal,"Not Suspect of Alcohol Use, Not Suspect of Drug Use, Unknown, Unknown",,Motor Vehicle In Transport,,Acceleration/Deceleration Lane,,Straight,No Defects,"Divided, Raised Median (curbed)",39.11118373,-76.93230475,"(39.11118373, -76.93230475)"
MCP1580008J,180016714,Montgomery County Police,Injury Crash,04/06/2018 12:25:00 PM,No,Maryland (State),East,,2,East,200,FEET,LEVEL,MUNCASTER MILL RD,MILLCREST DR,,N/A,,DRIVER,STRAIGHT MOVEMENT ANGLE,CLOUDY,DRY,DAYLIGHT,NO CONTROLS,NONE DETECTED,,OTHER VEHICLE,N/A,COMMERCIAL DRIVEWAY,N/A,STRAIGHT,NO DEFECTS,"TWO-WAY, NOT DIVIDED",39.14623,-77.145355,"(39.14623, -77.145355)"
MCP24550066,230066565,Montgomery County Police,Injury Crash,11/15/2023 06:38:00 PM,No,County,West,,2,West,400,FEET,LEVEL,RANDOLPH RD,PARKLAWN DR,,N/A,,DRIVER,SAME DIRECTION SIDESWIPE,CLEAR,DRY,DARK LIGHTS ON,NO CONTROLS,NONE DETECTED,,OTHER VEHICLE,OVERTURN,N/A,N/A,STRAIGHT,NO DEFECTS,"TWO-WAY, DIVIDED, UNPROTECTED PAINTED MIN 4 FEET",39.0534435,-77.10833775,"(39.0534435, -77.10833775)"