Report Number,Local Case Number,Agency Name,ACRS Report Type,Crash Date/Time,Hit/Run,Route Type,Lane Direction,Lane Type,Number of Lanes,Direction,Distance,Distance Unit,Road Grade,Road Name,Cross-Street Name,Off-Road Description,Municipality,Related Non-Motorist,At Fault,Collision Type,Weather,Surface Condition,Light,Traffic Control,Driver Substance Abuse,Non-Motorist Substance Abuse,First Harmful Event,Second Harmful Event,Junction,Intersection Type,Road Alignment,Road Condition,Road Division,Latitude,Longitude,Location
DD5508002F,16051129,Rockville Police Departme,Property Damage Crash,10/05/2016 09:47:00 AM,No,Municipality,North,,1,North,200,FEET,LEVEL,ATLANTIC AVE,STILLWELL RD,,ROCKVILLE,,DRIVER,OPPOSITE DIRECTION SIDESWIPE,CLEAR,DRY,DAYLIGHT,N/A,NONE DETECTED,,PARKED VEHICLE,PARKED VEHICLE,NON INTERSECTION,N/A,STRAIGHT,NO DEFECTS,"TWO-WAY, NOT DIVIDED",39.07189167,-77.11576667,"(39.07189167, -77.11576667)"
MCP25040017,16010495,MONTGOMERY,Property Damage Crash,03/02/2016 05:46:00 PM,No,County,East,,2,West,0,FEET,LEVEL,VICTORY LA,COLDSTREAM DR,,N/A,,DRIVER,STRAIGHT MOVEMENT ANGLE,CLEAR,DRY,DAYLIGHT,STOP SIGN,NONE DETECTED,,OTHER VEHICLE,FIXED OBJECT,INTERSECTION,FOUR-WAY INTERSECTION,STRAIGHT,NO DEFECTS,"TWO-WAY, NOT DIVIDED",39.05175,-77.179655,"(39.05175, -77.179655)"
MCP3003003J,190012429,Montgomery County Police,Property Damage Crash,03/18/2019 08:39:00 AM,No,Maryland (State),West,LEFT TURN LANE,3,South,100,FEET,LEVEL,OLD GEORGETOWN RD,EXECUTIVE BLVD,,N/A,,DRIVER,SAME DIR REAR END,CLEAR,DRY,DAYLIGHT,TRAFFIC SIGNAL,NONE DETECTED,,OTHER VEHICLE,N/A,INTERSECTION RELATED,FOUR-WAY INTERSECTION,STRAIGHT,NO DEFECTS,"TWO-WAY, DIVIDED, UNPROTECTED PAINTED MIN 4 FEET",39.04722,-77.11955833,"(39.04722, -77.11955833)"
HA2479000J,22000066,Maryland-National Capital,Property Damage Crash,01/18/2022 07:49:00 AM,No,County,West,LEFT TURN LANE,2,East,0,FEET,LEVEL,ARCOLA AVE,AMHERST AVE,,N/A,,DRIVER,OTHER,CLOUDY,DRY,DAYLIGHT,TRAFFIC SIGNAL,"NONE DETECTED, UNKNOWN",,OTHER VEHICLE,OTHER VEHICLE,INTERSECTION,T-INTERSECTION,STRAIGHT,NO DEFECTS,N/A,39.04716403,-77.04850028,"(39.04716403, -77.04850028)"
MCP34260011,250005506,MONTGOMERY,Property Damage Crash,02/06/2025 06:06:00 PM,No,Maryland (State) Route,Northbound,Lane 1,4,West,48.96,FEET,Downhill,RIVER RD,,,,,DRIVER,Front to Rear,Clear,Dry,Dark - Lighted,Traffic Control Signal,"Not Suspect of Alcohol Use, Not Suspect of Drug Use, Not Suspect of Alcohol Use, Not Suspect of Drug Use, Not Suspect of Alcohol Use, Not Suspect of Drug Use",,Motor Vehicle In Transport,,Through Roadway,,Straight,No Defects,Not Divided,38.96017676,-77.09655585,"(38.96017676, -77.09655585)"
MCP2552003X,210010062,Montgomery County Police,Property Damage Crash,03/17/2021 07:24:00 PM,Yes,County,North,LEFT TURN LANE,2,South,40,FEET,LEVEL,BALTIMORE RD,NORBECK RD,,N/A,,DRIVER,OTHER,N/A,DRY,DARK LIGHTS ON,NO CONTROLS,"N/A, UNKNOWN",,OTHER VEHICLE,N/A,N/A,N/A,STRAIGHT,NO DEFECTS,"TWO-WAY, DIVIDED, UNPROTECTED PAINTED MIN 4 FEET",39.09501771,-77.11253545,"(39.09501771, -77.11253545)"
MCP32640019,210000549,Montgomery County Police,Property Damage Crash,01/05/2021 01:59:00 PM,Yes,,,,,,,,,,,PARKING LOT OUTSIDE OF 1316 EAST WEST HWY (PETE'S COFFEE),,,DRIVER,SINGLE VEHICLE,CLOUDY,,DAYLIGHT,NO CONTROLS,NONE DETECTED,,FIXED OBJECT,N/A,,,,,,38.99279474,-77.03204764,"(38.99279474, -77.03204764)"
MCP27710036,230074140,Montgomery County Police,Injury Crash,12/29/2023 10:03:00 AM,No,,,,,,,,,,,PARKING LOT IN FRONT OF GIANT FOOD STORE AT 13781 CONNECTICUT AVENUE,,,DRIVER,OTHER,CLOUDY,,DAYLIGHT,NO CONTROLS,N/A,,PARKED VEHICLE,N/A,,,,,,39.07949327,-77.07962236,"(39.07949327, -77.07962236)"
MCP2515001K,180056529,Montgomery County Police,Property Damage Crash,11/10/2018 08:45:00 PM,No,County,North,,2,South,0,FEET,LEVEL,MATENY RD,DAIRYMAID DR,,N/A,,DRIVER,SAME DIRECTION SIDESWIPE,CLEAR,DRY,DARK LIGHTS ON,STOP SIGN,NONE DETECTED,,OTHER VEHICLE,OFF ROAD,INTERSECTION,T-INTERSECTION,STRAIGHT,NO DEFECTS,"TWO-WAY, NOT DIVIDED",39.15249342,-77.26803701,"(39.15249342, -77.26803701)"
MCP24870015,190014753,Montgomery County Police,Injury Crash,03/30/2019 02:00:00 PM,No,County,South,,1,South,0,FEET,LEVEL,TRAVILAH RD,STONEY CREEK RD,,N/A,,DRIVER,SINGLE VEHICLE,CLEAR,DRY,DAYLIGHT,NO CONTROLS,N/A,,FIXED OBJECT,N/A,INTERSECTION,T-INTERSECTION,STRAIGHT,NO DEFECTS,"TWO-WAY, NOT DIVIDED",39.06510333,-77.26539833,"(39.06510333, -77.26539833)"
MCP3111007N,240002939,MONTGOMERY,Injury Crash,01/19/2024 08:36:00 AM,No,Maryland (State) Route,Westbound,Lane 2,2,North,28.84,FEET,Level,EAST WEST HWY,BEACH DR JONES MILL RD,,,,DRIVER,Single Vehicle,Snow,Snow,Daylight,Traffic Control Signal,"Not Suspect of Alcohol Use, Not Suspect of Drug Use",,Traffic Signal Support,,Non-Junction,,Straight,No Defects,Not Divided,38.99315617,-77.06342127,"(38.99315617, -77.06342127)"
MCP3228002X,220000929,Montgomery County Police,Property Damage Crash,01/08/2022 05:25:00 PM,Yes,,,,,,,,,,,"PARKING LOT ENTRANCE TO 909 THAYER AVE, SILVER SPRING, MARYLAND 20910",,,DRIVER,HEAD ON,CLEAR,,DARK LIGHTS ON,STOP SIGN,"N/A, UNKNOWN",,OTHER VEHICLE,N/A,,,,,,38.99305731,-77.02522504,"(38.99305731, -77.02522504)"
MCP2511000G,15037538,Montgomery County Police,Property Damage Crash,07/29/2015 01:50:00 PM,Yes,,,,,,0,,,,,PARKING LOT OF GAITHERSBURG PUBLIC LIBRARY,,,DRIVER,OTHER,CLEAR,,DAYLIGHT,N/A,N/A,,PARKED VEHICLE,N/A,,,,,,39.15926167,-77.20583667,"(39.15926167, -77.20583667)"
MCP3048002V,180014129,Montgomery County Police,Injury Crash,03/22/2018 09:32:00 AM,No,Maryland (State),West,,1,West,300,FEET,LEVEL,RIVER RD,BRAEBURN PKWY,,N/A,,DRIVER,SAME DIR REAR END,SNOW,ICE,DAYLIGHT,NO CONTROLS,NONE DETECTED,,OTHER VEHICLE,OTHER VEHICLE,N/A,N/A,STRAIGHT,NO DEFECTS,"TWO-WAY, NOT DIVIDED",38.97941167,-77.13133833,"(38.97941167, -77.13133833)"
MCP2788000Y,16049232,Montgomery County Police,Property Damage Crash,09/24/2016 09:29:00 PM,Yes,County,South,,2,North,200,FEET,LEVEL,NAIRN RD,BLUERIDGE AVE,,N/A,,DRIVER,OPPOSITE DIRECTION SIDESWIPE,CLEAR,DRY,DARK LIGHTS ON,N/A,"NONE DETECTED, UNKNOWN",,OTHER VEHICLE,N/A,NON INTERSECTION,N/A,CURVE LEFT,NO DEFECTS,"TWO-WAY, NOT DIVIDED",39.044795,-77.04334833,"(39.044795, -77.04334833)"
MCP3336000N,220056453,Montgomery County Police,Property Damage Crash,12/20/2022 04:31:00 PM,Yes,County,East,,2,East,100,FEET,LEVEL,FENTON ST,SILVER SPRING AVE,,N/A,,DRIVER,SAME DIRECTION SIDESWIPE,CLEAR,DRY,DAYLIGHT,FLASHING TRAFFIC SIGNAL,"NONE DETECTED, UNKNOWN",,OTHER VEHICLE,N/A,INTERSECTION RELATED,FOUR-WAY INTERSECTION,STRAIGHT,NO DEFECTS,"TWO-WAY, DIVIDED, UNPROTECTED PAINTED MIN 4 FEET",38.99229667,-77.02425,"(38.99229667, -77.02425)"
MCP2260000M,15017572,Montgomery County Police,Injury Crash,04/15/2015 05:00:00 PM,No,Municipality,North,,3,South,0,FEET,HILL UPHILL,TWINBROOK PKWY,VEIRS MILL SERV RD,,ROCKVILLE,,DRIVER,HEAD ON LEFT TURN,CLEAR,DRY,DAYLIGHT,TRAFFIC SIGNAL,NONE DETECTED,,OTHER VEHICLE,N/A,INTERSECTION,FOUR-WAY INTERSECTION,STRAIGHT,NO DEFECTS,OTHER,39.073555,-77.11192667,"(39.073555, -77.11192667)"
MCP2877009K,220011304,Montgomery County Police,Property Damage Crash,03/16/2022 01:40:00 PM,No,Municipality,East,,1,East,15,FEET,GRADE DOWNHILL,FRIENDSHIP BLVD,S PARK AVE,,FRIENDSHIP HEIGHTS,,DRIVER,OTHER,CLEAR,DRY,DAYLIGHT,STOP SIGN,NONE DETECTED,,PARKED VEHICLE,N/A,N/A,N/A,STRAIGHT,NO DEFECTS,"TWO-WAY, NOT DIVIDED",38.9629005,-77.08889267,"(38.9629005, -77.08889267)"
MCP2970003Z,180016257,Montgomery County Police,Property Damage Crash,03/24/2018 10:17:00 AM,Yes,,,,,,,,,,,12015 GEORGIA AVE (HMART PARKING LOT),,,DRIVER,OTHER,CLEAR,,DAYLIGHT,NO CONTROLS,"NONE DETECTED, UNKNOWN",,PARKED VEHICLE,PARKED VEHICLE,,,,,,39.05252348,-77.05022782,"(39.05252348, -77.05022782)"
MCP3114002S,220055785,Montgomery County Police,Property Damage Crash,12/16/2022 05:33:00 PM,Yes,Maryland (State),South,,3,North,25,FEET,LEVEL,NEW HAMPSHIRE AVE,OAKLAWN DR,,N/A,,DRIVER,SAME DIR REAR END,CLEAR,DRY,DARK LIGHTS ON,N/A,N/A,,OTHER VEHICLE,OTHER VEHICLE,N/A,N/A,STRAIGHT,NO DEFECTS,"TWO-WAY, DIVIDED, POSITIVE MEDIAN BARRIER",39.02506933,-76.98012767,"(39.02506933, -76.98012767)"
MCP913000DJ,220052307,Montgomery County Police,Property Damage Crash,11/27/2022 12:18:00 PM,No,Maryland (State),North,,2,North,150,FEET,LEVEL,PINEY BRANCH RD,CARROLL AVE,,N/A,,DRIVER,SAME DIR REAR END,RAINING,WET,DAYLIGHT,NO CONTROLS,NONE DETECTED,,OTHER VEHICLE,N/A,NON INTERSECTION,N/A,STRAIGHT,NO DEFECTS,"TWO-WAY, NOT DIVIDED",39.0012095,-76.987602,"(39.0012095, -76.987602)"
MCP2358001G,15051436,MONTGOMERY,Injury Crash,10/10/2015 01:00:00 PM,No,Maryland (State),West,,2,East,5,FEET,LEVEL,RIVER RD,CARDEROCK SPRINGS DR,,N/A,,DRIVER,SAME DIR REAR END,CLEAR,DRY,DAYLIGHT,NO CONTROLS,NONE DETECTED,,OTHER VEHICLE,N/A,INTERSECTION RELATED,T-INTERSECTION,STRAIGHT,NO DEFECTS,"TWO-WAY, NOT DIVIDED",38.99718333,-77.16963167,"(38.99718333, -77.16963167)"
MCP28160029,180039875,Montgomery County Police,Property Damage Crash,08/11/2018 01:14:00 AM,No,Other Public Roadway,North,,2,East,0,FEET,LEVEL,MONTROSE PKWY,E JEFFERSON ST,,N/A,,DRIVER,STRAIGHT MOVEMENT ANGLE,CLEAR,DRY,DARK LIGHTS ON,TRAFFIC SIGNAL,NONE DETECTED,,OTHER VEHICLE,N/A,N/A,FOUR-WAY INTERSECTION,STRAIGHT,NO DEFECTS,"TWO-WAY, DIVIDED, UNPROTECTED PAINTED MIN 4 FEET",39.05129333,-77.12625667,"(39.05129333, -77.12625667)"
MCP21950020,180014829,Montgomery County Police,Property Damage Crash,03/26/2018 02:09:00 PM,Yes,,,,,,,,,,,PARKING LOT OF 15901 FREDERICK RD,,,DRIVER,OTHER,N/A,,DAYLIGHT,N/A,UNKNOWN,,PARKED VEHICLE,N/A,,,,,,39.11631529,-77.16644123,"(39.11631529, -77.16644123)"
MCP2102004D,230059621,Montgomery County Police,Injury Crash,10/10/2023 10:34:00 AM,No,Maryland (State),South,,4,North,0,FEET,LEVEL,FREDERICK RD,OXBRIDGE DR,,N/A,,DRIVER,HEAD ON LEFT TURN,CLEAR,DRY,DAYLIGHT,NO CONTROLS,NONE DETECTED,,OTHER VEHICLE,N/A,INTERSECTION,FOUR-WAY INTERSECTION,STRAIGHT,NO DEFECTS,"TWO-WAY, DIVIDED, POSITIVE MEDIAN BARRIER",39.18994244,-77.24152847,"(39.18994244, -77.24152847)"
MCP2009002K,23005100,Montgomery County Police,Property Damage Crash,09/15/2023 04:01:00 PM,No,Maryland (State),East,,2,East,300,FEET,LEVEL,RIVER RD,COUNSELMAN RD,,N/A,,DRIVER,SAME DIR REAR END,CLEAR,DRY,DAYLIGHT,NO CONTROLS,NONE DETECTED,,OTHER VEHICLE,N/A,NON INTERSECTION,N/A,N/A,NO DEFECTS,"TWO-WAY, NOT DIVIDED",39.0445105,-77.19325067,"(39.0445105, -77.19325067)"
MCP13780111,220022686,Montgomery County Police,Property Damage Crash,05/27/2022 02:51:00 PM,No,County,South,,2,North,75,FEET,HILL UPHILL,WELLER RD,VALLEYWOOD DR,,N/A,,UNKNOWN,SINGLE VEHICLE,CLOUDY,WET,DAYLIGHT,NO CONTROLS,NONE DETECTED,,OTHER,N/A,NON INTERSECTION,N/A,STRAIGHT,NO DEFECTS,"TWO-WAY, NOT DIVIDED",39.06518799,-77.06433768,"(39.06518799, -77.06433768)"
MCP3030007V,250018770,MONTGOMERY,Injury Crash,04/29/2025 07:27:00 PM,No,Maryland (State) Route,"Eastbound, Westbound",Lane 1,1,West,0,FEET,Level,,MAPLE AVE,,,,DRIVER,Angle,Clear,Dry,Daylight,No Controls,"Not Suspect of Alcohol Use, Not Suspect of Drug Use, Not Suspect of Alcohol Use, Not Suspect of Drug Use",,Motor Vehicle In Transport,,Intersection or Related,Perpendicular,Straight,No Defects,"Divided, Flush Median (greater than 4ft wide)",38.97705842,-77.08447442,"(38.97705842, -77.08447442)"
MCP3109006P,220023940,Montgomery County Police,Injury Crash,06/04/2022 11:30:00 AM,Yes,Maryland (State),East,,3,East,5,FEET,LEVEL,UNIVERSITY BLVD E,RAMP 6 FR IS 495 EB TO MD 193 SB,,N/A,,DRIVER,SAME DIR REAR END,CLEAR,DRY,DAYLIGHT,YIELD SIGN,NONE DETECTED,,OTHER VEHICLE,OTHER VEHICLE,INTERCHANGE RELATED,OTHER,CURVE RIGHT,NO DEFECTS,"TWO-WAY, DIVIDED, POSITIVE MEDIAN BARRIER",39.01423353,-77.00440549,"(39.01423353, -77.00440549)"
MCP29520075,180045139,Montgomery County Police,Injury Crash,09/10/2018 12:48:00 PM,No,Maryland (State),South,LEFT TURN LANE,3,North,0,FEET,LEVEL,GEORGIA AVE,LOCUST GROVE RD,,N/A,,DRIVER,SAME DIRECTION LEFT TURN,RAINING,WET,DAYLIGHT,OTHER,NONE DETECTED,,OTHER VEHICLE,N/A,NON INTERSECTION,N/A,STRAIGHT,NO DEFECTS,"TWO-WAY, NOT DIVIDED",39.01167667,-77.04136833,"(39.01167667, -77.04136833)"
MCP9419002N,200030096,Montgomery County Police,Injury Crash,08/03/2020 01:49:00 PM,No,,,,,,,,,,,PARKING LOT OF 12409 BRAXFIELD CT.,,PEDESTRIAN,DRIVER,OTHER,CLOUDY,,DAYLIGHT,NO CONTROLS,NONE DETECTED,NONE DETECTED,PEDESTRIAN,N/A,,,,,,39.05966701,-77.10486404,"(39.05966701, -77.10486404)"
MCP0942000T,16036684,Montgomery County Police,Injury Crash,07/20/2016 09:48:00 AM,No,Government,East,,1,West,0,FEET,LEVEL,CENTER DR,ROCKVILLE PIKE,,N/A,BICYCLIST,DRIVER,SINGLE VEHICLE,CLEAR,DRY,DAYLIGHT,TRAFFIC SIGNAL,NONE DETECTED,NONE DETECTED,BICYCLE,N/A,INTERSECTION,FOUR-WAY INTERSECTION,STRAIGHT,NO DEFECTS,"TWO-WAY, NOT DIVIDED",38.996685,-77.096815,"(38.996685, -77.096815)"
DM8388000W,16025369,Takoma Park Police Depart,Property Damage Crash,05/22/2016 01:35:00 AM,Yes,Maryland (State),South,,6,North,0,FEET,GRADE DOWNHILL,NEW HAMPSHIRE AVE,GLENSIDE DR,,TAKOMA PARK,,DRIVER,SAME DIR REAR END,RAINING,WET,DARK LIGHTS ON,TRAFFIC SIGNAL,"NONE DETECTED, UNKNOWN",,OTHER VEHICLE,N/A,INTERSECTION,FOUR-WAY INTERSECTION,STRAIGHT,NO DEFECTS,"TWO-WAY, DIVIDED, POSITIVE MEDIAN BARRIER",38.98061333,-76.99,"(38.98061333, -76.99)"
MCP3170002V,230005502,Montgomery County Police,Property Damage Crash,02/02/2023 08:10:00 PM,No,County,West,,2,West,0,FEET,HILL UPHILL,WISTERIA DR,GERMANTOWN RD,,N/A,,DRIVER,OTHER,CLEAR,DRY,DARK LIGHTS ON,NO CONTROLS,NONE DETECTED,,OTHER VEHICLE,N/A,N/A,T-INTERSECTION,STRAIGHT,NO DEFECTS,"TWO-WAY, NOT DIVIDED",39.17765033,-77.271268,"(39.17765033, -77.271268)"
MCP3228003F,220015235,Montgomery County Police,Property Damage Crash,04/10/2022 03:23:00 PM,No,Maryland (State),South,,3,North,0,FEET,HILL CREST,GEORGIA AVE,DEXTER AVE,,N/A,,DRIVER,STRAIGHT MOVEMENT ANGLE,CLEAR,DRY,DAYLIGHT,NO CONTROLS,"NONE DETECTED, UNKNOWN",,OTHER VEHICLE,N/A,INTERSECTION,T-INTERSECTION,STRAIGHT,NO DEFECTS,"TWO-WAY, DIVIDED, POSITIVE MEDIAN BARRIER",39.02220567,-77.04513454,"(39.02220567, -77.04513454)"
MCP2385003G,240046454,MONTGOMERY,Injury Crash,09/29/2024 03:21:00 AM,No,County Route,Eastbound,Lane 1,2,East,5.02,FEET,Level,WARFIELD RD,,,,,DRIVER,Single Vehicle,Rain,Wet,Dark - Lighted,No Controls,"Not Suspect of Alcohol Use, Not Suspect of Drug Use",,"Other Post, Pole, Or Support",,Non-Junction,,Straight,No Defects,Not Divided,39.203805,-77.14044667,"(39.203805, -77.14044667)"
MCP31480061,240014171,MONTGOMERY,Injury Crash,03/25/2024 06:26:00 PM,No,Maryland (State) Route,Northbound,Lane 2,4,North,0,FEET,Level,RIVER RD (WB/L),WILSON LA,,,,UNKNOWN,Front to Rear,Clear,Dry,Daylight,Traffic Control Signal,"Not Suspect of Alcohol Use, Not Suspect of Drug Use, Not Suspect of Alcohol Use, Not Suspect of Drug Use, Not Suspect of Alcohol Use, Not Suspect of Drug Use",,Motor Vehicle In Transport,Motor Vehicle In Transport,Intersection or Related,Perpendicular,Straight,,"Divided, Raised Median (curbed)",38.9834959,-77.13755014,"(38.9834959, -77.13755014)"
MCP2739002F,190035103,Montgomery County Police,Injury Crash,07/23/2019 11:34:00 PM,No,Maryland (State),North,,3,North,0,FEET,LEVEL,NEW HAMPSHIRE AVE,OAKLAWN DR,,N/A,,DRIVER,STRAIGHT MOVEMENT ANGLE,CLEAR,DRY,DARK LIGHTS ON,NO CONTROLS,NONE DETECTED,,OTHER VEHICLE,N/A,INTERSECTION,T-INTERSECTION,STRAIGHT,NO DEFECTS,"TWO-WAY, DIVIDED, POSITIVE MEDIAN BARRIER",39.02596167,-76.98075167,"(39.02596167, -76.98075167)"
MCP21610009,16028039,Montgomery County Police,Property Damage Crash,06/04/2016 07:14:00 PM,Yes,County,East,,1,East,500,FEET,LEVEL,THORNAPPLE ST,LENHART DR,,N/A,,DRIVER,OTHER,CLEAR,DRY,DAYLIGHT,N/A,UNKNOWN,,PARKED VEHICLE,OTHER VEHICLE,NON INTERSECTION,N/A,STRAIGHT,NO DEFECTS,"TWO-WAY, NOT DIVIDED",38.98244333,-77.079235,"(38.98244333, -77.079235)"
MCP2436003Z,170531662,Montgomery County Police,Property Damage Crash,09/20/2017 07:10:00 AM,No,Maryland (State),North,,2,North,0,FEET,LEVEL,PINEY BRANCH RD,GREENWOOD AVE,,N/A,,DRIVER,STRAIGHT MOVEMENT ANGLE,CLEAR,DRY,DAWN,NO CONTROLS,NONE DETECTED,,OTHER VEHICLE,N/A,N/A,N/A,STRAIGHT,NO DEFECTS,"TWO-WAY, NOT DIVIDED",38.99829167,-77.00216833,"(38.99829167, -77.00216833)"
MCP26170011,15049792,MONTGOMERY,Property Damage Crash,10/01/2015 04:10:00 PM,No,Municipality,Unknown,,1,West,0,FEET,LEVEL,ROSEMARY ST,ROSE MARY CIR,,CHEVY CHASE #4,,DRIVER,SAME DIRECTION LEFT TURN,RAINING,WET,DUSK,NO CONTROLS,NONE DETECTED,,OTHER VEHICLE,N/A,INTERSECTION,ROUNDABOUT,CURVE LEFT,NO DEFECTS,OTHER,38.97816167,-77.08057833,"(38.97816167, -77.08057833)"
MCP2966004P,180039234,Montgomery County Police,Property Damage Crash,08/07/2018 03:00:00 PM,No,County,East,,3,West,50,FEET,LEVEL,RANDOLPH RD,DALEWOOD DR,,N/A,,DRIVER,SAME DIRECTION SIDESWIPE,N/A,DRY,DAYLIGHT,NO CONTROLS,NONE DETECTED,,OTHER VEHICLE,N/A,NON INTERSECTION,N/A,STRAIGHT,NO DEFECTS,"TWO-WAY, DIVIDED, POSITIVE MEDIAN BARRIER",39.05921333,-77.06490167,"(39.05921333, -77.06490167)"
MCP24730005,15049722,MONTGOMERY,Property Damage Crash,10/01/2015 04:45:00 AM,No,County,South,,1,North,0,FEET,HILL CREST,GERMANTOWN RD,BLUNT RD,,N/A,,DRIVER,SINGLE VEHICLE,RAINING,WET,DARK LIGHTS ON,YIELD SIGN,NONE DETECTED,,FIXED OBJECT,FIXED OBJECT,INTERSECTION,ROUNDABOUT,OTHER,NO DEFECTS,"TWO-WAY, DIVIDED, POSITIVE MEDIAN BARRIER",39.19060967,-77.22504616,"(39.19060967, -77.22504616)"
MCP137800SY,190050806,Montgomery County Police,Property Damage Crash,10/22/2019 08:26:00 PM,No,,,,,,,,,,,PARKING LOT OF 525 QUINCE ORCHARD RD,,,DRIVER,STRAIGHT MOVEMENT ANGLE,CLOUDY,,DARK LIGHTS ON,N/A,NONE DETECTED,,OTHER VEHICLE,N/A,,,,,,39.14462667,-77.21963167,"(39.14462667, -77.21963167)"
MCP2311004B,180043400,Montgomery County Police,Injury Crash,08/31/2018 07:59:00 AM,No,Maryland (State),South,,3,North,0,FEET,LEVEL,FREDERICK RD,PROFESSIONAL DR,,GAITHERSBURG,,DRIVER,STRAIGHT MOVEMENT ANGLE,CLEAR,DRY,DAYLIGHT,TRAFFIC SIGNAL,N/A,,OTHER VEHICLE,N/A,INTERSECTION,FOUR-WAY INTERSECTION,STRAIGHT,NO DEFECTS,"TWO-WAY, DIVIDED, POSITIVE MEDIAN BARRIER",39.163575,-77.22671333,"(39.163575, -77.22671333)"
MCP27850010,15058603,MONTGOMERY,Property Damage Crash,11/17/2015 07:02:00 AM,No,US (State),South,,5,South,200,FEET,LEVEL,COLUMBIA PIKE,FAIRLAND RD,,N/A,,DRIVER,SAME DIR REAR END,CLEAR,DRY,DAWN,N/A,N/A,,OTHER VEHICLE,N/A,N/A,N/A,STRAIGHT,NO DEFECTS,"TWO-WAY, DIVIDED, POSITIVE MEDIAN BARRIER",39.045425,-76.99073667,"(39.045425, -76.99073667)"
MCP28250015,190043279,Montgomery County Police,Property Damage Crash,09/10/2019 02:48:00 AM,No,Maryland (State),West,,2,East,0,FEET,LEVEL,OLNEY LAYTONSVILLE RD,GOLF VIEW DRIVE,,N/A,,UNKNOWN,OTHER,CLEAR,DRY,DARK NO LIGHTS,NO CONTROLS,NONE DETECTED,,ANIMAL,N/A,INTERSECTION,T-INTERSECTION,STRAIGHT,NO DEFECTS,"TWO-WAY, NOT DIVIDED",39.19989,-77.13429,"(39.19989, -77.13429)"
MCP2928000Z,16001849,Montgomery County Police,Property Damage Crash,01/11/2016 01:15:00 AM,Yes,Maryland (State),South,,3,North,10,FEET,LEVEL,GEORGIA AVE,BLUERIDGE AVE,,N/A,,DRIVER,SAME DIRECTION SIDESWIPE,CLEAR,DRY,DARK LIGHTS ON,TRAFFIC SIGNAL,NONE DETECTED,,OTHER VEHICLE,N/A,INTERSECTION RELATED,FOUR-WAY INTERSECTION,STRAIGHT,NO DEFECTS,"TWO-WAY, DIVIDED, UNPROTECTED PAINTED MIN 4 FEET",39.04307785,-77.05178618,"(39.04307785, -77.05178618)"
MCP3051007W,240046360,MONTGOMERY,Property Damage Crash,09/28/2024 03:35:00 PM,,County Route,Eastbound,Lane 1,"3, 4",East,0,FEET,Level,OLD GEORGETOWN RD,ROCKVILLE PIKE,,,,UNKNOWN,"Sideswipe, Same Direction",Clear,Dry,Daylight,Traffic Control Signal,"Not Suspect of Alcohol Use, Not Suspect of Drug Use, Unknown, Unknown",,Motor Vehicle In Transport,Not Applicable,Intersection or Related,Angled/Skewed,Straight,No Defects,Not Divided,39.04950847,-77.11427432,"(39.04950847, -77.11427432)"
MCP30300040,200049385,Montgomery County Police,Property Damage Crash,12/15/2020 03:12:00 PM,No,Maryland (State),North,,4,North,1,FEET,LEVEL,WISCONSIN AVE,S PARK AVE,,FRIENDSHIP HEIGHTS,,DRIVER,SAME DIRECTION SIDESWIPE,CLEAR,DRY,DAYLIGHT,TRAFFIC SIGNAL,N/A,,OTHER VEHICLE,N/A,INTERSECTION RELATED,FOUR-WAY INTERSECTION,STRAIGHT,NO DEFECTS,"TWO-WAY, DIVIDED, UNPROTECTED PAINTED MIN 4 FEET",38.96360733,-77.087084,"(38.96360733, -77.087084)"
DD5603004L,170532638,Rockville Police Departme,Injury Crash,09/23/2017 10:45:00 AM,No,Municipality,East,LEFT TURN LANE,2,West,0,FEET,LEVEL,WOOTTON PKWY,FALLS RD,,N/A,PEDESTRIAN,DRIVER,OTHER,CLEAR,DRY,DAYLIGHT,TRAFFIC SIGNAL,NONE DETECTED,NONE DETECTED,PEDESTRIAN,N/A,INTERSECTION,FOUR-WAY INTERSECTION,STRAIGHT,NO DEFECTS,"TWO-WAY, DIVIDED, POSITIVE MEDIAN BARRIER",39.06992673,-77.169967,"(39.06992673, -77.169967)"
MCP30500068,250005015,MONTGOMERY,Property Damage Crash,02/03/2025 07:23:00 AM,,Maryland (State) Route,Southbound,"Lane 2, Lane 3",3,East,26.3,FEET,Level,GEORGIA AVE (SB/L),,,,,UNKNOWN,"Sideswipe, Same Direction",Clear,Dry,Daylight,No Controls,"Not Suspect of Alcohol Use, Not Suspect of Drug Use, Unknown, Unknown",,Motor Vehicle In Transport,,Non-Junction,,Straight,No Defects,"Divided, Flush Median (greater than 4ft wide)",39.07370807,-77.06642972,"(39.07370807, -77.06642972)"
MCP2399006X,230049595,Montgomery County Police,Injury Crash,08/15/2023 03:30:00 PM,No,County,North,LEFT TURN LANE,1,North,0,FEET,LEVEL,WATKINS MILL RD,CRESTED IRIS DR,,N/A,,DRIVER,SAME DIR REAR END,CLEAR,DRY,DAYLIGHT,NO CONTROLS,NONE DETECTED,,OTHER VEHICLE,N/A,INTERSECTION,T-INTERSECTION,STRAIGHT,NO DEFECTS,"TWO-WAY, DIVIDED, UNPROTECTED PAINTED MIN 4 FEET",39.18013057,-77.20995973,"(39.18013057, -77.20995973)"