Report Number,Local Case Number,Agency Name,ACRS Report Type,Crash Date/Time,Hit/Run,Route Type,Lane Direction,Lane Type,Number of Lanes,Direction,Distance,Distance Unit,Road Grade,Road Name,Cross-Street Name,Off-Road Description,Municipality,Related Non-Motorist,At Fault,Collision Type,Weather,Surface Condition,Light,Traffic Control,Driver Substance Abuse,Non-Motorist Substance Abuse,First Harmful Event,Second Harmful Event,Junction,Intersection Type,Road Alignment,Road Condition,Road Division,Latitude,Longitude,Location
EJ7899000J,230010635,Gaithersburg Police Depar,Property Damage Crash,03/03/2023 10:10:00 PM,Yes,Municipality,South,,1,East,0,FEET,LEVEL,W DEER PARK RD,SUMMIT HALL RD,,GAITHERSBURG,,DRIVER,HEAD ON LEFT TURN,RAINING,WET,DARK LIGHTS ON,STOP SIGN,"N/A, UNKNOWN",,OTHER VEHICLE,OTHER OBJECT,INTERSECTION,Y-INTERSECTION,STRAIGHT,NO DEFECTS,"TWO-WAY, DIVIDED, POSITIVE MEDIAN BARRIER",39.12904267,-77.19232433,"(39.12904267, -77.19232433)"
MCP3069000X,180038772,Montgomery County Police,Property Damage Crash,08/04/2018 10:49:00 PM,No,County,East,,2,East,0,FEET,LEVEL,JONES BRIDGE RD,SPRING VALLEY RD,,N/A,,DRIVER,SINGLE VEHICLE,CLEAR,DRY,DARK LIGHTS ON,TRAFFIC SIGNAL,NONE DETECTED,,FIXED OBJECT,N/A,N/A,T-INTERSECTION,STRAIGHT,NO DEFECTS,"TWO-WAY, DIVIDED, POSITIVE MEDIAN BARRIER",39.00033167,-77.07892,"(39.00033167, -77.07892)"
MCP2861005R,230007555,Montgomery County Police,Injury Crash,02/14/2023 05:05:00 PM,No,Maryland (State),South,,2,South,0,FEET,LEVEL,OLD GEORGETOWN RD,RAMP 6 FR RAMP 10 (FR IS270) TO MD 187,,N/A,,DRIVER,STRAIGHT MOVEMENT ANGLE,CLEAR,DRY,DAYLIGHT,TRAFFIC SIGNAL,NONE DETECTED,,OTHER VEHICLE,N/A,INTERSECTION RELATED,FOUR-WAY INTERSECTION,STRAIGHT,NO DEFECTS,"TWO-WAY, DIVIDED, POSITIVE MEDIAN BARRIER",39.030161,-77.12665667,"(39.030161, -77.12665667)"
MCP1580002J,15005320,Montgomery County Police,Property Damage Crash,02/02/2015 03:40:00 PM,No,County,North,,2,South,200,FEET,LEVEL,CRABBS BRANCH WAY,SHADY GROVE RD,,N/A,,DRIVER,SAME DIR BOTH LEFT TURN,CLEAR,DRY,DAYLIGHT,NO CONTROLS,NONE DETECTED,,OTHER VEHICLE,N/A,NON INTERSECTION,N/A,STRAIGHT,NO DEFECTS,"TWO-WAY, NOT DIVIDED",39.12991167,-77.1681,"(39.12991167, -77.1681)"
MCP2851001S,16026287,Montgomery County Police,Property Damage Crash,05/26/2016 08:23:00 AM,Yes,Maryland (State),South,LEFT TURN LANE,5,North,0,FEET,LEVEL,GERMANTOWN RD,MIDDLEBROOK RD,,N/A,,DRIVER,STRAIGHT MOVEMENT ANGLE,CLEAR,DRY,DAYLIGHT,TRAFFIC SIGNAL,NONE DETECTED,,OTHER VEHICLE,OTHER VEHICLE,INTERSECTION,FOUR-WAY INTERSECTION,STRAIGHT,NO DEFECTS,"TWO-WAY, DIVIDED, POSITIVE MEDIAN BARRIER",39.17884661,-77.26729631,"(39.17884661, -77.26729631)"
DD56620010,240047441,ROCKVILLE,Property Damage Crash,10/04/2024 06:11:00 PM,No,Maryland (State) Route,"Southbound, Westbound","Lane 1, Lane 2",4,North,10.39,FEET,Level,E JEFFERSON ST,,,,,DRIVER,Unknown,Clear,Dry,Daylight,Other,"Not Suspect of Alcohol Use, Not Suspect of Drug Use, Not Suspect of Alcohol Use, Not Suspect of Drug Use",,Not Applicable,Not Applicable,,,Straight,No Defects,Unknown,39.0819578,-77.14931172,"(39.0819578, -77.14931172)"
MCP2950000H,15042518,MONTGOMERY,Injury Crash,08/24/2015 09:02:00 PM,No,County,North,,2,North,,MILE,GRADE DOWNHILL,BLUNT RD,SCENERY DR,,N/A,,DRIVER,OPPOSITE DIRECTION SIDESWIPE,RAINING,WET,DARK LIGHTS ON,NO CONTROLS,NONE DETECTED,,OTHER VEHICLE,N/A,NON INTERSECTION,N/A,CURVE RIGHT,NO DEFECTS,"TWO-WAY, NOT DIVIDED",39.18545333,-77.23187833,"(39.18545333, -77.23187833)"
DD5652002Q,230015682,Rockville Police Departme,Property Damage Crash,04/01/2023 04:43:00 PM,No,Municipality,East,,2,East,0,FEET,LEVEL,MARYLAND AVE,E JEFFERSON ST,,N/A,,DRIVER,STRAIGHT MOVEMENT ANGLE,CLEAR,DRY,DAYLIGHT,TRAFFIC SIGNAL,NONE DETECTED,,OTHER VEHICLE,N/A,INTERSECTION,FOUR-WAY INTERSECTION,STRAIGHT,NO DEFECTS,"TWO-WAY, DIVIDED, UNPROTECTED PAINTED MIN 4 FEET",39.08270726,-77.15107842,"(39.08270726, -77.15107842)"
MCP2929000Y,15045072,MONTGOMERY,Injury Crash,09/07/2015 07:54:00 AM,No,Maryland (State),West,,2,East,0,FEET,HILL UPHILL,OLNEY LAYTONSVILLE RD,QUEEN ELIZABETH DR,,N/A,,DRIVER,SAME DIRECTION SIDESWIPE,CLEAR,DRY,DAYLIGHT,TRAFFIC SIGNAL,NONE DETECTED,,OTHER VEHICLE,FIXED OBJECT,INTERSECTION,FOUR-WAY INTERSECTION,STRAIGHT,NO DEFECTS,"TWO-WAY, DIVIDED, POSITIVE MEDIAN BARRIER",39.15995167,-77.07783667,"(39.15995167, -77.07783667)"
EJ7833003Y,170527903,Gaithersburg Police Depar,Property Damage Crash,08/31/2017 01:30:00 AM,Yes,Municipality,West,,2,East,20,FEET,HILL UPHILL,W DEER PARK RD,MUDDY BRANCH RD,,N/A,,DRIVER,SAME DIR REAR END,CLOUDY,DRY,DARK LIGHTS ON,TRAFFIC SIGNAL,"NONE DETECTED, UNKNOWN",,OTHER VEHICLE,N/A,INTERSECTION RELATED,T-INTERSECTION,STRAIGHT,NO DEFECTS,"TWO-WAY, DIVIDED, POSITIVE MEDIAN BARRIER",39.13480667,-77.20540333,"(39.13480667, -77.20540333)"
MCP1342001K,170519966,Montgomery County Police,Injury Crash,07/19/2017 01:06:00 PM,No,Maryland (State),South,,2,South,300,FEET,HILL UPHILL,FALLS RD,BELLS MILL RD,,N/A,,DRIVER,SAME DIR REAR END,CLEAR,DRY,DAYLIGHT,OTHER,NONE DETECTED,,OTHER VEHICLE,N/A,NON INTERSECTION,N/A,STRAIGHT,NO DEFECTS,"TWO-WAY, DIVIDED, UNPROTECTED PAINTED MIN 4 FEET",39.03144833,-77.20070333,"(39.03144833, -77.20070333)"
MCP3330000R,220053992,Montgomery County Police,Property Damage Crash,12/07/2022 07:34:00 AM,No,County,East,,4,North,0,FEET,LEVEL,SHADY GROVE RD,SHINING WILLOW DR,,N/A,,DRIVER,SINGLE VEHICLE,RAINING,WET,DAYLIGHT,NO CONTROLS,N/A,,FIXED OBJECT,FIXED OBJECT,INTERSECTION,FOUR-WAY INTERSECTION,STRAIGHT,NO DEFECTS,"TWO-WAY, DIVIDED, UNPROTECTED PAINTED MIN 4 FEET",39.086414,-77.212961,"(39.086414, -77.212961)"
MCP3156001B,200010843,Montgomery County Police,Property Damage Crash,02/24/2020 11:42:00 AM,No,,,,,,,,,,,UNKNOWN,,,UNKNOWN,UNKNOWN,N/A,,UNKNOWN,UNKNOWN,N/A,,UNKNOWN,UNKNOWN,,,,,,39.04401333,-76.99088833,"(39.04401333, -76.99088833)"
MCP31090078,220036903,Montgomery County Police,Injury Crash,08/26/2022 01:30:00 PM,No,Interstate (State),East,SHOULDER AREA,4,East,100,FEET,LEVEL,CAPITAL BELTWAY,BEGIN BRIDGE,,N/A,,UNKNOWN,OTHER,CLEAR,DRY,DAYLIGHT,NO CONTROLS,NONE DETECTED,,OTHER VEHICLE,FIXED OBJECT,NON INTERSECTION,N/A,STRAIGHT,NO DEFECTS,"TWO-WAY, DIVIDED, POSITIVE MEDIAN BARRIER",39.0211975,-77.00799167,"(39.0211975, -77.00799167)"
MCP28710058,180021763,Montgomery County Police,Property Damage Crash,05/03/2018 05:25:00 PM,No,County,East,,3,West,0,FEET,LEVEL,DEMOCRACY BLVD,CROSSOVER,,N/A,,DRIVER,SAME DIR REAR END,CLEAR,DRY,DAYLIGHT,N/A,NONE DETECTED,,OTHER VEHICLE,OTHER VEHICLE,OTHER,N/A,STRAIGHT,NO DEFECTS,"TWO-WAY, DIVIDED, POSITIVE MEDIAN BARRIER",39.02362833,-77.12854167,"(39.02362833, -77.12854167)"
MCP29190060,190039204,Montgomery County Police,Injury Crash,08/16/2019 07:20:00 PM,No,Maryland (State),South,,2,South,0,FEET,HILL CREST,PINEY BRANCH RD,CARROLL AVE,,N/A,,DRIVER,STRAIGHT MOVEMENT ANGLE,CLEAR,DRY,DAYLIGHT,TRAFFIC SIGNAL,"N/A, NONE DETECTED",,OTHER VEHICLE,OTHER VEHICLE,N/A,FOUR-WAY INTERSECTION,STRAIGHT,NO DEFECTS,"TWO-WAY, NOT DIVIDED",39.0001,-76.99057167,"(39.0001, -76.99057167)"
MCP3348003D,240041593,MONTGOMERY,Injury Crash,09/02/2024 06:22:00 PM,No,County Route,Southbound,Left Turn Lane,3,West,0,FEET,Level,ASPEN HILL RD,PARKLAND DR,,,Pedestrian,DRIVER,Single Vehicle,Clear,Dry,Daylight,Traffic Control Signal,"Not Suspect of Alcohol Use, Not Suspect of Drug Use","Not Suspect of Alcohol Use, Not Suspect of Drug Use",Pedestrian,,Intersection or Related,Perpendicular,Straight,No Defects,Not Divided,39.07915718,-77.08712813,"(39.07915718, -77.08712813)"
MCP3163005Z,230055145,Montgomery County Police,Property Damage Crash,09/15/2023 09:16:00 PM,No,Maryland (State),North,,2,North,0,FEET,LEVEL,OLD GEORGETOWN RD,ROCK SPRING DR,,N/A,,DRIVER,SAME DIRECTION SIDESWIPE,CLEAR,DRY,DARK LIGHTS ON,TRAFFIC SIGNAL,N/A,,OTHER VEHICLE,N/A,INTERSECTION,FOUR-WAY INTERSECTION,STRAIGHT,NO DEFECTS,"TWO-WAY, DIVIDED, POSITIVE MEDIAN BARRIER",39.02669283,-77.12605833,"(39.02669283, -77.12605833)"
MCP14650011,15002145,Montgomery County Police,Injury Crash,01/14/2015 09:05:00 AM,No,County,South,,2,North,0,MILE,GRADE DOWNHILL,KELLY FARM DR,POPLAR HILL RD,,N/A,,DRIVER,SAME DIR REAR END,CLOUDY,WET,DAYLIGHT,N/A,NONE DETECTED,,PARKED VEHICLE,N/A,N/A,N/A,STRAIGHT,NO DEFECTS,"TWO-WAY, NOT DIVIDED",39.10957,-77.30996667,"(39.10957, -77.30996667)"
MCP2704000N,16039967,Montgomery County Police,Property Damage Crash,08/07/2016 02:32:00 AM,Yes,Maryland (State),South,OFF ROAD,3,South,0,FEET,LEVEL,GEORGIA AVE,NORBECK RD,,N/A,,DRIVER,SINGLE VEHICLE,N/A,DRY,DARK LIGHTS ON,OTHER,ALCOHOL PRESENT,,FIXED OBJECT,N/A,OTHER,FOUR-WAY INTERSECTION,STRAIGHT,NO DEFECTS,OTHER,39.10925333,-77.07602167,"(39.10925333, -77.07602167)"
MCP28550035,190024172,Montgomery County Police,Property Damage Crash,05/21/2019 08:40:00 PM,Yes,County,North,,2,South,0,FEET,LEVEL,CHERRY HILL RD,CALVERTON BLVD,,N/A,,DRIVER,HEAD ON LEFT TURN,CLEAR,WET,DARK LIGHTS ON,TRAFFIC SIGNAL,"N/A, NONE DETECTED",,OTHER OBJECT,N/A,INTERSECTION,FOUR-WAY INTERSECTION,STRAIGHT,NO DEFECTS,"TWO-WAY, DIVIDED, UNPROTECTED PAINTED MIN 4 FEET",39.05675333,-76.95469,"(39.05675333, -76.95469)"
EJ7863001R,180018842,Gaithersburg Police Depar,Property Damage Crash,04/18/2018 01:01:00 AM,No,Municipality,East,,1,South,20,FEET,LEVEL,RUDIS WAY,CUL DE SAC,,N/A,,DRIVER,SINGLE VEHICLE,CLEAR,DRY,DARK LIGHTS ON,N/A,ALCOHOL PRESENT,,FIXED OBJECT,OFF ROAD,N/A,N/A,STRAIGHT,NO DEFECTS,"TWO-WAY, NOT DIVIDED",39.14209333,-77.23321667,"(39.14209333, -77.23321667)"
MCP25360034,200031916,Montgomery County Police,Injury Crash,08/16/2020 02:25:00 AM,No,Maryland (State),South,OTHER,3,North,100,FEET,LEVEL,GEORGIA AVE,ASPEN HILL RD,,N/A,,DRIVER,SINGLE VEHICLE,RAINING,WET,DARK LIGHTS ON,NO CONTROLS,NONE DETECTED,,FIXED OBJECT,FIXED OBJECT,NON INTERSECTION,N/A,STRAIGHT,NO DEFECTS,"TWO-WAY, DIVIDED, POSITIVE MEDIAN BARRIER",39.08162333,-77.07656167,"(39.08162333, -77.07656167)"
EJ7866001D,170506297,Gaithersburg Police Depar,Injury Crash,05/06/2017 02:35:00 PM,No,Municipality,East,,3,West,50,FEET,GRADE DOWNHILL,ODENDHAL AVE,RUSSELL AVE,,GAITHERSBURG,,DRIVER,SAME DIR REAR END,CLOUDY,DRY,DAYLIGHT,NO CONTROLS,NONE DETECTED,,OTHER VEHICLE,OTHER VEHICLE,NON INTERSECTION,N/A,STRAIGHT,NO DEFECTS,"TWO-WAY, DIVIDED, POSITIVE MEDIAN BARRIER",39.15021,-77.20436333,"(39.15021, -77.20436333)"
DM8439000R,15043975,TAKOMA,Injury Crash,09/01/2015 05:14:00 PM,No,Municipality,North,,1,North,0,FEET,LEVEL,GARLAND AVE,CARROLL AVE,,N/A,,DRIVER,STRAIGHT MOVEMENT ANGLE,CLEAR,DRY,DAYLIGHT,STOP SIGN,N/A,,OTHER VEHICLE,N/A,INTERSECTION,T-INTERSECTION,STRAIGHT,NO DEFECTS,"TWO-WAY, NOT DIVIDED",38.98619167,-76.99647833,"(38.98619167, -76.99647833)"
MCP2995002Q,180001165,Montgomery County Police,Property Damage Crash,01/08/2018 05:35:00 PM,No,Maryland (State),West,,2,South,0.1,MILE,LEVEL,CONNECTICUT AVE,GEORGIA AVE,,N/A,,DRIVER,SAME DIRECTION SIDESWIPE,RAINING,WET,DUSK,NO CONTROLS,"NONE DETECTED, UNKNOWN",,OTHER VEHICLE,N/A,N/A,N/A,CURVE RIGHT,NO DEFECTS,"TWO-WAY, DIVIDED, UNPROTECTED PAINTED MIN 4 FEET",39.08331377,-77.07896233,"(39.08331377, -77.07896233)"
MCP28660080,220043814,Montgomery County Police,Injury Crash,10/07/2022 11:06:00 AM,No,County,North,,2,North,0,FEET,HILL CREST,CRYSTAL ROCK DR,CLOVERLEAF CENTER DR,,N/A,,DRIVER,ANGLE MEETS LEFT TURN,CLEAR,DRY,DAYLIGHT,NO CONTROLS,NONE DETECTED,,OTHER VEHICLE,N/A,INTERSECTION,FOUR-WAY INTERSECTION,STRAIGHT,NO DEFECTS,"TWO-WAY, DIVIDED, POSITIVE MEDIAN BARRIER",39.19006401,-77.26656171,"(39.19006401, -77.26656171)"
MCP3143002N,210007883,Montgomery County Police,Property Damage Crash,03/02/2021 02:00:00 PM,No,Municipality,Unknown,UNKNOWN,0,North,0,FEET,UNKNOWN,SEVEN LOCKS RD,ENT: MONTGOMERY COUNTY POLICE ROCKVILLE,,N/A,,UNKNOWN,UNKNOWN,CLEAR,UNKNOWN,DAYLIGHT,UNKNOWN,,,UNKNOWN,UNKNOWN,UNKNOWN,UNKNOWN,UNKNOWN,UNKNOWN,UNKNOWN,39.06593089,-77.15903777,"(39.06593089, -77.15903777)"
MCP2357002D,170523306,Montgomery County Police,Property Damage Crash,08/06/2017 08:15:00 AM,Yes,Maryland (State),South,,2,North,0,FEET,LEVEL,16TH ST,EAST WEST HWY,,N/A,,DRIVER,SAME DIRECTION SIDESWIPE,CLEAR,DRY,DAYLIGHT,NO CONTROLS,"NONE DETECTED, UNKNOWN",,OTHER VEHICLE,N/A,INTERSECTION,ROUNDABOUT,CURVE LEFT,NO DEFECTS,"TWO-WAY, NOT DIVIDED",38.99216833,-77.03684833,"(38.99216833, -77.03684833)"
DD5583004T,190005781,Rockville Police Departme,Injury Crash,02/05/2019 08:18:00 PM,No,Municipality,North,,1,South,100,FEET,LEVEL,MANNAKEE ST,W CAMPUS DR,,N/A,,DRIVER,STRAIGHT MOVEMENT ANGLE,N/A,WET,DARK LIGHTS ON,NO CONTROLS,NONE DETECTED,,OTHER VEHICLE,N/A,COMMERCIAL DRIVEWAY,N/A,STRAIGHT,NO DEFECTS,"TWO-WAY, NOT DIVIDED",39.09542233,-77.158806,"(39.09542233, -77.158806)"
MCP3295001Z,220037100,Montgomery County Police,Injury Crash,08/27/2022 05:38:00 PM,No,Maryland (State),West,,4,East,100,FEET,LEVEL,UNIVERSITY BLVD E,COLESVILLE RD,,N/A,,UNKNOWN,SINGLE VEHICLE,CLEAR,DRY,DAYLIGHT,NO CONTROLS,NONE DETECTED,,OVERTURN,N/A,NON INTERSECTION,N/A,STRAIGHT,NO DEFECTS,ONE-WAY TRAFFICWAY,39.03499205,-76.98487112,"(39.03499205, -76.98487112)"
MCP2107003Z,230019400,Montgomery County Police,Property Damage Crash,04/23/2023 12:56:00 PM,No,County,West,,1,East,0.5,MILE,HILL UPHILL,BARNESVILLE RD,PEACH TREE RD,,N/A,,DRIVER,SAME DIR REAR END,CLEAR,DRY,DAYLIGHT,NO CONTROLS,NONE DETECTED,,OTHER VEHICLE,N/A,NON INTERSECTION,N/A,CURVE LEFT,NO DEFECTS,"TWO-WAY, NOT DIVIDED",39.209901,-77.34680183,"(39.209901, -77.34680183)"
MCP28640019,15040978,MONTGOMERY,Injury Crash,08/16/2015 08:01:00 PM,No,Maryland (State),South,,2,North,,MILE,HILL UPHILL,FALLS RD,POTOMAC TENNIS LA,,N/A,,DRIVER,HEAD ON,CLEAR,DRY,DAYLIGHT,NO CONTROLS,"ALCOHOL PRESENT, NONE DETECTED",,OTHER VEHICLE,N/A,NON INTERSECTION,N/A,CURVE RIGHT,NO DEFECTS,"TWO-WAY, NOT DIVIDED",39.03194853,-77.19690442,"(39.03194853, -77.19690442)"
MCP0704000J,15018940,Montgomery County Police,Property Damage Crash,04/24/2015 05:45:00 PM,Yes,Maryland (State),South,,4,North,25,FEET,LEVEL,OLD GEORGETOWN RD,CORDELL AVE,,N/A,BICYCLIST,DRIVER,SINGLE VEHICLE,CLEAR,DRY,DAYLIGHT,NO CONTROLS,NONE DETECTED,NONE DETECTED,BICYCLE,N/A,NON INTERSECTION,N/A,STRAIGHT,NO DEFECTS,"TWO-WAY, NOT DIVIDED",38.98662833,-77.09057333,"(38.98662833, -77.09057333)"
DD55980021,170538866,Rockville Police Departme,Injury Crash,10/25/2017 07:27:00 PM,No,Maryland (State),North,,3,North,0,FEET,LEVEL,HUNGERFORD DR,PARK RD,,ROCKVILLE,,DRIVER,SAME DIRECTION RIGHT TURN,CLEAR,DRY,DARK LIGHTS ON,TRAFFIC SIGNAL,N/A,,OTHER VEHICLE,N/A,INTERSECTION,FOUR-WAY INTERSECTION,STRAIGHT,NO DEFECTS,"TWO-WAY, DIVIDED, POSITIVE MEDIAN BARRIER",39.08479417,-77.1478665,"(39.08479417, -77.1478665)"
MCP2425006Z,16029144,Montgomery County Police,Property Damage Crash,06/10/2016 06:55:00 AM,No,County,West,,1,West,40,FEET,LEVEL,STATESIDE DR,AVENEL RD,,N/A,,DRIVER,SAME DIRECTION SIDESWIPE,CLEAR,DRY,DAYLIGHT,NO CONTROLS,NONE DETECTED,,PARKED VEHICLE,N/A,NON INTERSECTION,N/A,STRAIGHT,NO DEFECTS,"TWO-WAY, NOT DIVIDED",39.010705,-76.98051,"(39.010705, -76.98051)"
DD56030034,16045827,Rockville Police Departme,Property Damage Crash,09/07/2016 05:00:00 PM,No,Municipality,East,,2,West,0,FEET,LEVEL,WOOTTON PKWY,FLEET ST,,ROCKVILLE,,DRIVER,OTHER,CLEAR,DRY,DAYLIGHT,NO CONTROLS,NONE DETECTED,,OTHER VEHICLE,N/A,INTERSECTION,FOUR-WAY INTERSECTION,STRAIGHT,NO DEFECTS,"TWO-WAY, DIVIDED, POSITIVE MEDIAN BARRIER",39.07573484,-77.14029908,"(39.07573484, -77.14029908)"
MCP27720022,230051600,Montgomery County Police,Injury Crash,08/27/2023 05:10:00 AM,No,Maryland (State),North,,3,South,20,FEET,LEVEL,CONNECTICUT AVE,LELAND ST,,CHEVY CHASE #5,,DRIVER,SINGLE VEHICLE,CLEAR,DRY,DARK LIGHTS ON,NO CONTROLS,NONE DETECTED,,FIXED OBJECT,FIXED OBJECT,N/A,N/A,STRAIGHT,NO DEFECTS,"TWO-WAY, DIVIDED, POSITIVE MEDIAN BARRIER",38.98487083,-77.07710617,"(38.98487083, -77.07710617)"
MCP2995002Y,180008679,Montgomery County Police,Property Damage Crash,02/19/2018 08:48:00 PM,Yes,County,North,,1,North,100,FEET,GRADE DOWNHILL,HAVARD ST,BUSHEY DR,,N/A,,DRIVER,HEAD ON,N/A,WET,DARK NO LIGHTS,NO CONTROLS,NONE DETECTED,,PARKED VEHICLE,OFF ROAD,NON INTERSECTION,N/A,CURVE LEFT,NO DEFECTS,"TWO-WAY, NOT DIVIDED",39.06325699,-77.07949877,"(39.06325699, -77.07949877)"
MCP30180011,170513414,Montgomery County Police,Property Damage Crash,06/13/2017 12:03:00 PM,No,County,South,,1,South,200,FEET,LEVEL,WELLER RD,GREENLY ST,,N/A,,UNKNOWN,SAME DIRECTION SIDESWIPE,CLEAR,DRY,DAYLIGHT,NO CONTROLS,NONE DETECTED,,OTHER VEHICLE,N/A,NON INTERSECTION,N/A,STRAIGHT,NO DEFECTS,"TWO-WAY, NOT DIVIDED",39.05843333,-77.047945,"(39.05843333, -77.047945)"
MCP3337003Q,250003870,MONTGOMERY,Property Damage Crash,01/27/2025 03:31:00 PM,No,County Route,Northbound,Lane 1,3,North,59.14,FEET,Level,RANDOLPH RD,,,,,DRIVER,Front to Rear,Clear,Dry,Daylight,No Controls,"Not Suspect of Alcohol Use, Not Suspect of Drug Use, Not Suspect of Alcohol Use, Not Suspect of Drug Use",,Motor Vehicle In Transport,,Non-Junction,,Straight,No Defects,"Divided, Flush Median (greater than 4ft wide)",39.06259684,-77.04126238,"(39.06259684, -77.04126238)"
MCP11190049,170545307,Montgomery County Police,Injury Crash,11/28/2017 08:10:00 AM,No,County,West,,3,East,0,FEET,GRADE DOWNHILL,RANDOLPH RD,DENLEY RD,,N/A,,DRIVER,STRAIGHT MOVEMENT ANGLE,N/A,DRY,DAYLIGHT,STOP SIGN,NONE DETECTED,,OTHER VEHICLE,N/A,INTERSECTION,FOUR-WAY INTERSECTION,STRAIGHT,NO DEFECTS,"TWO-WAY, DIVIDED, UNPROTECTED PAINTED MIN 4 FEET",39.05944051,-77.06201479,"(39.05944051, -77.06201479)"
MCP25130013,190007338,Montgomery County Police,Property Damage Crash,02/15/2019 04:52:00 AM,Yes,County,North,,1,North,0,FEET,HILL CREST,FLOWER AVE,E WAYNE AVE,,N/A,,DRIVER,STRAIGHT MOVEMENT ANGLE,CLEAR,DRY,UNKNOWN,TRAFFIC SIGNAL,"NONE DETECTED, UNKNOWN",,OTHER VEHICLE,OTHER OBJECT,INTERSECTION,FOUR-WAY INTERSECTION,STRAIGHT,NO DEFECTS,"TWO-WAY, NOT DIVIDED",39.002965,-77.00528333,"(39.002965, -77.00528333)"
MCP29820024,170532822,Montgomery County Police,Injury Crash,09/24/2017 12:16:00 PM,No,US (State),North,,3,North,0,FEET,LEVEL,COLESVILLE RD,DALE DR,,N/A,,DRIVER,STRAIGHT MOVEMENT ANGLE,CLEAR,DRY,DAYLIGHT,TRAFFIC SIGNAL,NONE DETECTED,,OTHER VEHICLE,OTHER VEHICLE,INTERSECTION,FOUR-WAY INTERSECTION,STRAIGHT,NO DEFECTS,"TWO-WAY, NOT DIVIDED",39.005575,-77.02262333,"(39.005575, -77.02262333)"
MCP1519000J,15038843,MONTGOMERY,Property Damage Crash,08/05/2015 10:12:00 AM,No,County,East,,2,West,0,FEET,GRADE DOWNHILL,S GLEN RD,LOCKLAND RD,,N/A,,DRIVER,ANGLE MEETS LEFT TURN,CLEAR,DRY,DAYLIGHT,STOP SIGN,NONE DETECTED,,OTHER VEHICLE,N/A,INTERSECTION,T-INTERSECTION,STRAIGHT,NO DEFECTS,"TWO-WAY, NOT DIVIDED",39.03007749,-77.21030474,"(39.03007749, -77.21030474)"
EJ7858005L,200048972,Gaithersburg Police Depar,Injury Crash,12/12/2020 11:06:00 AM,No,Maryland (State),West,,1,North,0,FEET,LEVEL,S FREDERICK RD,EDUCATION BLVD,,GAITHERSBURG,,DRIVER,STRAIGHT MOVEMENT ANGLE,CLOUDY,DRY,DAYLIGHT,NO CONTROLS,NONE DETECTED,,OTHER VEHICLE,N/A,OTHER,OTHER,STRAIGHT,NO DEFECTS,"TWO-WAY, NOT DIVIDED",39.13593375,-77.19164025,"(39.13593375, -77.19164025)"
EJ78180004,15030575,Gaithersburg Police Depar,Property Damage Crash,06/23/2015 09:03:00 AM,No,,,,,,0,,,,,"In parking lot of 506 South Frederick Avenue, Gaithersburg MD 20877",,,DRIVER,SINGLE VEHICLE,CLEAR,,DAYLIGHT,N/A,NONE DETECTED,,FIXED OBJECT,N/A,,,,,,39.13395,-77.19506167,"(39.13395, -77.19506167)"
MCP29230033,170520814,Montgomery County Police,Injury Crash,07/24/2017 08:17:00 AM,No,County,West,N/A,1,North,0,FEET,HILL UPHILL,LINDELL ST,JUDSON RD,,N/A,,DRIVER,OTHER,CLEAR,DRY,DAYLIGHT,NO CONTROLS,NONE DETECTED,,PARKED VEHICLE,PARKED VEHICLE,N/A,N/A,STRAIGHT,NO DEFECTS,"TWO-WAY, DIVIDED, UNPROTECTED PAINTED MIN 4 FEET",39.05514667,-77.05452167,"(39.05514667, -77.05452167)"
MCP3279001H,220037986,Montgomery County Police,Property Damage Crash,09/02/2022 01:59:00 AM,Yes,County,East,,3,West,100,FEET,LEVEL,RANDOLPH RD,CONNECTICUT AVE,,N/A,,DRIVER,SAME DIR REAR END,CLEAR,N/A,DARK LIGHTS ON,NO CONTROLS,N/A,,FIXED OBJECT,FIXED OBJECT,NON INTERSECTION,N/A,STRAIGHT,NO DEFECTS,"TWO-WAY, DIVIDED, POSITIVE MEDIAN BARRIER",39.05733333,-77.07577333,"(39.05733333, -77.07577333)"
MCP29860029,180005611,Montgomery County Police,Injury Crash,02/01/2018 09:41:00 PM,Yes,Maryland (State),East,,2,North,0,FEET,LEVEL,NEW HAMPSHIRE AVE,ADELPHI RD,,N/A,BICYCLIST,DRIVER,SINGLE VEHICLE,RAINING,WET,DARK LIGHTS ON,TRAFFIC SIGNAL,UNKNOWN,NONE DETECTED,PEDESTRIAN,BICYCLE,INTERSECTION,FOUR-WAY INTERSECTION,STRAIGHT,NO DEFECTS,"TWO-WAY, DIVIDED, POSITIVE MEDIAN BARRIER",39.01122333,-76.978115,"(39.01122333, -76.978115)"
EJ78840041,220008008,Gaithersburg Police Depar,Injury Crash,02/23/2022 07:20:00 PM,No,County,West,,3,East,30,FEET,GRADE DOWNHILL,FIELDS RD,SAM EIG HWY,,N/A,,DRIVER,SAME DIRECTION SIDESWIPE,CLEAR,DRY,DARK LIGHTS ON,NO CONTROLS,N/A,,OTHER VEHICLE,N/A,NON INTERSECTION,N/A,STRAIGHT,NO DEFECTS,"TWO-WAY, DIVIDED, POSITIVE MEDIAN BARRIER",39.11635413,-77.20658422,"(39.11635413, -77.20658422)"