Report Number,Local Case Number,Agency Name,ACRS Report Type,Crash Date/Time,Hit/Run,Route Type,Lane Direction,Lane Type,Number of Lanes,Direction,Distance,Distance Unit,Road Grade,Road Name,Cross-Street Name,Off-Road Description,Municipality,Related Non-Motorist,At Fault,Collision Type,Weather,Surface Condition,Light,Traffic Control,Driver Substance Abuse,Non-Motorist Substance Abuse,First Harmful Event,Second Harmful Event,Junction,Intersection Type,Road Alignment,Road Condition,Road Division,Latitude,Longitude,Location
MCP3168008B,250031130,MONTGOMERY,Property Damage Crash,07/12/2025 09:12:00 PM,No,County Route,"Northbound, Southbound","Lane 1, Left Turn Lane","2, 4",North,0,FEET,Level,CRABBS BRANCH WAY,E GUDE DR (WB/L),,,,DRIVER,Front to Front,Clear,Dry,Dark - Lighted,Traffic Control Signal,"Not Suspect of Alcohol Use, Not Suspect of Drug Use, Not Suspect of Alcohol Use, Not Suspect of Drug Use",,Motor Vehicle In Transport,,Intersection or Related,Angled/Skewed,Straight,No Defects,"Divided, Raised Median (curbed), Not Divided, With a Continuous Left-Turn Lane",39.10651435,-77.15228426,"(39.10651435, -77.15228426)"
MCP25490036,16013564,Montgomery County Police,Injury Crash,11/03/2016 10:31:00 AM,No,Maryland (State),South,,1,North,20,FEET,GRADE DOWNHILL,GOLDSBORO RD,MASSACHUSETTS AVE,,N/A,,DRIVER,SAME DIR REAR END,CLOUDY,DRY,DAYLIGHT,NO CONTROLS,NONE DETECTED,,OTHER VEHICLE,FIXED OBJECT,N/A,N/A,STRAIGHT,NO DEFECTS,"TWO-WAY, NOT DIVIDED",38.97082293,-77.12945894,"(38.97082293, -77.12945894)"
MCP3000002J,190013652,Montgomery County Police,Property Damage Crash,03/24/2019 10:22:00 PM,Yes,County,East,,2,West,20,FEET,LEVEL,BLACK KETTLE DR,BLACK KETTLE CT,,N/A,,DRIVER,HEAD ON,CLEAR,DRY,DARK NO LIGHTS,NO CONTROLS,UNKNOWN,,PARKED VEHICLE,PARKED VEHICLE,NON INTERSECTION,N/A,STRAIGHT,NO DEFECTS,"TWO-WAY, NOT DIVIDED",39.165855,-77.295255,"(39.165855, -77.295255)"
MCP23960046,240043894,MONTGOMERY,Injury Crash,09/15/2024 04:54:00 AM,No,County Route,Eastbound,Shoulder Area,1,East,13.63,FEET,Level,,,,,,DRIVER,Front to Rear,Clear,Dry,Dark - Lighted,No Controls,"Not Suspect of Alcohol Use, Not Suspect of Drug Use",,Parked Vehicle,,Non-Junction,,Straight,No Defects,Not Divided,39.08990918,-77.09702403,"(39.08990918, -77.09702403)"
MCP28180024,16046591,Montgomery County Police,Property Damage Crash,09/11/2016 03:57:00 PM,Yes,County,East,,3,East,0,FEET,LEVEL,WAYNE AVE,FENTON ST,,N/A,,DRIVER,SINGLE VEHICLE,CLEAR,DRY,DAYLIGHT,TRAFFIC SIGNAL,NONE DETECTED,,FIXED OBJECT,N/A,INTERSECTION,FOUR-WAY INTERSECTION,OTHER,NO DEFECTS,"TWO-WAY, NOT DIVIDED",38.99495833,-77.02434833,"(38.99495833, -77.02434833)"
MCP3341000M,220048360,Montgomery County Police,Property Damage Crash,11/03/2022 08:01:00 AM,No,County,North,,1,South,0,FEET,LEVEL,PARKLAND DR,FRANKFORT DR,,N/A,,DRIVER,STRAIGHT MOVEMENT ANGLE,CLEAR,DRY,DAYLIGHT,STOP SIGN,N/A,,OTHER VEHICLE,N/A,INTERSECTION,FOUR-WAY INTERSECTION,STRAIGHT,NO DEFECTS,"TWO-WAY, NOT DIVIDED",39.08594833,-77.08682333,"(39.08594833, -77.08682333)"
MCP3249000K,200036778,Montgomery County Police,Property Damage Crash,09/19/2020 06:25:00 PM,No,US (State),North,,3,North,0,FEET,HILL UPHILL,COLUMBIA PIKE,OAK LEAF DR,,N/A,,DRIVER,OTHER,CLEAR,N/A,DAYLIGHT,TRAFFIC SIGNAL,NONE DETECTED,,OTHER VEHICLE,OTHER VEHICLE,NON INTERSECTION,N/A,STRAIGHT,HOLES RUTS ETC,"TWO-WAY, DIVIDED, POSITIVE MEDIAN BARRIER",39.04133167,-76.99502167,"(39.04133167, -76.99502167)"
MCP27980056,220040031,Montgomery County Police,Property Damage Crash,09/14/2022 06:08:00 PM,No,County,West,,2,West,0,FEET,HILL UPHILL,WISTERIA DR,GERMANTOWN RD,,N/A,,DRIVER,HEAD ON LEFT TURN,N/A,DRY,DAYLIGHT,NO CONTROLS,NONE DETECTED,,OTHER VEHICLE,N/A,INTERSECTION,T-INTERSECTION,STRAIGHT,NO DEFECTS,"TWO-WAY, DIVIDED, UNPROTECTED PAINTED MIN 4 FEET",39.17761833,-77.27125,"(39.17761833, -77.27125)"
HA25240007,25001084,MCPARK,Property Damage Crash,06/07/2025 04:59:00 PM,No,County Route,Not On Roadway,Not Applicable,1,South,48.71,FEET,Level,SCHAEFFER RD,,,,,UNKNOWN,Rear To Rear,Clear,Dry,Daylight,No Controls,"Not Suspect of Alcohol Use, Not Suspect of Drug Use",,Motor Vehicle In Transport,Parked Vehicle,Non-Junction,,Straight,No Defects,Not Divided,39.1476221,-77.3058513,"(39.1476221, -77.3058513)"
DD5603003J,16064126,Rockville Police Departme,Injury Crash,12/14/2016 09:15:00 AM,Yes,,,,,,0,,,,,1600 BLK OF YALE PLACE (RESIDENTIAL PARKING LOT),,PEDESTRIAN,DRIVER,OTHER,CLEAR,,DAYLIGHT,NO CONTROLS,UNKNOWN,NONE DETECTED,PEDESTRIAN,N/A,,,,,,39.10448361,-77.16208801,"(39.10448361, -77.16208801)"
DM84570011,180022464,Takoma Park Police Depart,Property Damage Crash,05/07/2018 04:33:00 PM,No,Maryland (State),North,,8,South,50,FEET,GRADE DOWNHILL,NEW HAMPSHIRE AVE,KIRKLYNN AVE,,TAKOMA PARK,,DRIVER,SAME DIRECTION SIDESWIPE,N/A,DRY,DAYLIGHT,TRAFFIC SIGNAL,N/A,,OTHER VEHICLE,OTHER VEHICLE,NON INTERSECTION,N/A,STRAIGHT,NO DEFECTS,"TWO-WAY, DIVIDED, POSITIVE MEDIAN BARRIER",38.9874356,-76.98779806,"(38.9874356, -76.98779806)"
DD5575000F,15014353,Rockville Police Departme,Property Damage Crash,03/29/2015 01:31:00 AM,Yes,,,,,,0,,,,,PARKING LOT 2015 VEIRS MILL RD,,,DRIVER,OTHER,CLEAR,,DARK LIGHTS ON,N/A,ALCOHOL PRESENT,,PARKED VEHICLE,N/A,,,,,,39.07443333,-77.116905,"(39.07443333, -77.116905)"
MCP2902003V,190061489,Montgomery County Police,Injury Crash,12/21/2019 11:07:00 AM,No,Maryland (State),North,,2,North,0,FEET,LEVEL,FREDERICK RD,SHAKESPEARE BLVD,,N/A,,DRIVER,SAME DIR REAR END,CLEAR,DRY,DAYLIGHT,TRAFFIC SIGNAL,N/A,,OTHER VEHICLE,N/A,INTERSECTION,FOUR-WAY INTERSECTION,STRAIGHT,NO DEFECTS,"TWO-WAY, DIVIDED, POSITIVE MEDIAN BARRIER",39.200125,-77.24530833,"(39.200125, -77.24530833)"
MCP2358005R,180062057,Montgomery County Police,Property Damage Crash,12/12/2018 01:27:00 PM,No,County,North,,2,North,0,FEET,LEVEL,SEVEN LOCKS RD,DEMOCRACY BLVD,,N/A,,UNKNOWN,STRAIGHT MOVEMENT ANGLE,CLEAR,DRY,DAYLIGHT,TRAFFIC SIGNAL,NONE DETECTED,,OTHER VEHICLE,N/A,INTERSECTION,FOUR-WAY INTERSECTION,STRAIGHT,NO DEFECTS,"TWO-WAY, NOT DIVIDED",39.02331,-77.16247,"(39.02331, -77.16247)"
MCP2401001F,220007091,Montgomery County Police,Property Damage Crash,02/18/2022 02:18:00 AM,No,,,,,,,,,,,PARKING LOT OF 16216 FREDERICK RD,,,DRIVER,SINGLE VEHICLE,N/A,,DARK LIGHTS ON,N/A,N/A,,FIXED OBJECT,N/A,,,,,,39.12105167,-77.17672833,"(39.12105167, -77.17672833)"
MCP2192001Q,16019632,Montgomery County Police,Injury Crash,04/21/2016 03:33:00 PM,No,County,West,,1,East,10,FEET,LEVEL,FENTON ST,THAYER AVE,,N/A,,DRIVER,SAME DIR REAR END,CLEAR,DRY,DAYLIGHT,TRAFFIC SIGNAL,NONE DETECTED,,OTHER VEHICLE,N/A,INTERSECTION RELATED,FOUR-WAY INTERSECTION,STRAIGHT,NO DEFECTS,"TWO-WAY, NOT DIVIDED",38.99316138,-77.02408969,"(38.99316138, -77.02408969)"
MCP34170010,250011447,MONTGOMERY,Property Damage Crash,03/15/2025 11:44:00 PM,No,County Route,"Eastbound, Westbound",Lane 1,1,East,0,FEET,"Downhill, Uphill",WOODMONT AVE,RUGBY AVE,,,,UNKNOWN,Front to Front,Clear,Dry,Dark - Lighted,"No Controls, Stop Sign","Not Suspect of Alcohol Use, Not Suspect of Drug Use, Not Suspect of Alcohol Use, Not Suspect of Drug Use",,Motor Vehicle In Transport,,Intersection or Related,Perpendicular,Straight,No Defects,Not Divided,38.99091042,-77.09768122,"(38.99091042, -77.09768122)"
MCP2846000L,15001442,Montgomery County Police,Property Damage Crash,01/09/2015 06:06:00 PM,No,Maryland (State),South,,3,North,0,FEET,LEVEL,GEORGIA AVE,RALPH RD,,N/A,,DRIVER,HEAD ON LEFT TURN,N/A,N/A,UNKNOWN,STOP SIGN,NONE DETECTED,,OTHER VEHICLE,N/A,INTERSECTION,UNKNOWN,STRAIGHT,N/A,"TWO-WAY, DIVIDED, POSITIVE MEDIAN BARRIER",39.07809189,-77.07196712,"(39.07809189, -77.07196712)"
MCP3193000M,190052137,Montgomery County Police,Property Damage Crash,10/30/2019 10:36:00 PM,Yes,County,North,N/A,0,South,0,FEET,LEVEL,ARCTIC AVE,BEL PRE RD,,N/A,,DRIVER,OTHER,CLEAR,DRY,DARK LIGHTS ON,N/A,N/A,,PARKED VEHICLE,OTHER VEHICLE,OTHER,N/A,STRAIGHT,NO DEFECTS,"TWO-WAY, DIVIDED, UNPROTECTED PAINTED MIN 4 FEET",39.07652928,-77.09845737,"(39.07652928, -77.09845737)"
DD5615001R,16019144,Rockville Police Departme,Property Damage Crash,04/19/2016 09:53:00 AM,No,Municipality,East,,2,West,0,MILE,LEVEL,WOOTTON PKWY,WOOTTON OAKS CT,,N/A,,DRIVER,SAME DIR REAR END,CLEAR,DRY,DAYLIGHT,NO CONTROLS,NONE DETECTED,,OTHER VEHICLE,OTHER VEHICLE,NON INTERSECTION,N/A,STRAIGHT,NO DEFECTS,"TWO-WAY, DIVIDED, POSITIVE MEDIAN BARRIER",39.06930333,-77.144455,"(39.06930333, -77.144455)"
EJ7849001P,180048375,Gaithersburg Police Depar,Property Damage Crash,09/27/2018 08:50:00 PM,Yes,Municipality,North,,2,North,0,FEET,LEVEL,PARK AVE,BROOKS AVE,,GAITHERSBURG,,DRIVER,STRAIGHT MOVEMENT ANGLE,RAINING,WET,DARK LIGHTS ON,NO CONTROLS,"NONE DETECTED, UNKNOWN",,OTHER VEHICLE,N/A,INTERSECTION,FOUR-WAY INTERSECTION,STRAIGHT,NO DEFECTS,"TWO-WAY, NOT DIVIDED",39.14402833,-77.19506,"(39.14402833, -77.19506)"
MCP242500DW,190024079,Montgomery County Police,Injury Crash,05/21/2019 02:23:00 PM,No,County,North,,1,North,50,FEET,GRADE DOWNHILL,GREENCASTLE RD,SWAN HOUSE CT,,N/A,,DRIVER,SINGLE VEHICLE,CLEAR,DRY,DAYLIGHT,NO CONTROLS,NONE DETECTED,,FIXED OBJECT,FIXED OBJECT,NON INTERSECTION,N/A,CURVE LEFT,NO DEFECTS,"TWO-WAY, DIVIDED, UNPROTECTED PAINTED MIN 4 FEET",39.09029167,-76.93025167,"(39.09029167, -76.93025167)"
MCP2743001H,240010436,MONTGOMERY,Injury Crash,03/04/2024 05:33:00 AM,No,County Route,"Eastbound, Northbound",Lane 1,"1, 2",North,0,FEET,"Downhill, Level",,BEACH DR,,,,UNKNOWN,Rear To Side,Clear,Dry,Dark - Lighted,Flashing Traffic Control Signal,"Not Suspect of Alcohol Use, Not Suspect of Drug Use, Not Suspect of Alcohol Use, Not Suspect of Drug Use",,Motor Vehicle In Transport,,Intersection or Related,Perpendicular,Straight,No Defects,Not Divided,39.0122749,-77.0909495,"(39.0122749, -77.0909495)"
MCP93220017,190061869,Montgomery County Police,Property Damage Crash,12/23/2019 10:31:00 PM,No,County,East,,1,North,10,FEET,LEVEL,WICKHAM RD,BROOM DR,,N/A,,DRIVER,SINGLE VEHICLE,CLEAR,DRY,DARK LIGHTS ON,NO CONTROLS,NONE DETECTED,,FIXED OBJECT,FIXED OBJECT,INTERSECTION RELATED,ROUNDABOUT,STRAIGHT,NO DEFECTS,"TWO-WAY, NOT DIVIDED",39.15694833,-77.093795,"(39.15694833, -77.093795)"
MCP31640011,190003535,Montgomery County Police,Injury Crash,01/23/2019 12:40:00 PM,No,County,East,,1,West,0,FEET,LEVEL,GOODHILL RD,CENTERHILL ST,,N/A,,DRIVER,STRAIGHT MOVEMENT ANGLE,CLEAR,DRY,DAYLIGHT,STOP SIGN,N/A,,OTHER VEHICLE,PARKED VEHICLE,INTERSECTION,FOUR-WAY INTERSECTION,STRAIGHT,NO DEFECTS,"TWO-WAY, NOT DIVIDED",39.05653667,-77.069175,"(39.05653667, -77.069175)"
DD5617001V,190017180,Rockville Police Departme,Property Damage Crash,04/12/2019 09:34:00 PM,No,,,,,,,,,,,PARKING LOT OF 775 ROCKVILLE PIKE,,,DRIVER,SINGLE VEHICLE,RAINING,,DARK LIGHTS ON,NO CONTROLS,N/A,,FIXED OBJECT,N/A,,,,,,39.077345,-77.14113667,"(39.077345, -77.14113667)"
DM8458002D,180061630,Takoma Park Police Depart,Property Damage Crash,12/10/2018 08:00:00 AM,No,Government,East,CROSSOVER AREA,3,West,0,FEET,LEVEL,SLIGO CREEK PKWY,NEW HAMPSHIRE AVE,,N/A,,UNKNOWN,STRAIGHT MOVEMENT ANGLE,CLEAR,DRY,DAYLIGHT,FLASHING TRAFFIC SIGNAL,NONE DETECTED,,OTHER VEHICLE,N/A,INTERSECTION,T-INTERSECTION,STRAIGHT,N/A,"TWO-WAY, DIVIDED, POSITIVE MEDIAN BARRIER",38.98062167,-76.98968167,"(38.98062167, -76.98968167)"
MCP26620011,16049436,Montgomery County Police,Property Damage Crash,09/26/2016 03:12:00 AM,No,Maryland (State),West,OTHER,4,West,100,FEET,OTHER,MUNCASTER MILL RD,MILLCREST DR,,N/A,,DRIVER,SINGLE VEHICLE,CLEAR,DRY,DARK LIGHTS ON,NO CONTROLS,UNKNOWN,,FIXED OBJECT,FIXED OBJECT,NON INTERSECTION,N/A,CURVE RIGHT,NO DEFECTS,"TWO-WAY, DIVIDED, UNPROTECTED PAINTED MIN 4 FEET",39.14649333,-77.145765,"(39.14649333, -77.145765)"
EJ7852001X,180016641,Gaithersburg Police Depar,Injury Crash,04/05/2018 11:20:00 PM,No,Maryland (State),North,,2,North,100,FEET,LEVEL,QUINCE ORCHARD RD,FIRSTFIELD RD,,GAITHERSBURG,PEDESTRIAN,UNKNOWN,N/A,CLEAR,DRY,DARK LIGHTS ON,N/A,NONE DETECTED,NONE DETECTED,PEDESTRIAN,N/A,N/A,N/A,STRAIGHT,NO DEFECTS,"TWO-WAY, DIVIDED, UNPROTECTED PAINTED MIN 4 FEET",39.14602935,-77.21957445,"(39.14602935, -77.21957445)"
MCP3200008L,230033020,Montgomery County Police,Injury Crash,07/11/2023 01:14:00 PM,No,County,West,,3,East,0,FEET,LEVEL,MONTROSE RD,TOWER OAKS BLVD,,ROCKVILLE,,DRIVER,STRAIGHT MOVEMENT ANGLE,CLEAR,DRY,DAYLIGHT,TRAFFIC SIGNAL,NONE DETECTED,,OTHER VEHICLE,N/A,INTERSECTION,FOUR-WAY INTERSECTION,STRAIGHT,NO DEFECTS,"TWO-WAY, DIVIDED, POSITIVE MEDIAN BARRIER",39.05569667,-77.14970933,"(39.05569667, -77.14970933)"
DM83880031,190027227,Takoma Park Police Depart,Injury Crash,06/07/2019 12:36:00 PM,No,Municipality,West,,2,East,0,FEET,LEVEL,MAPLE AVE,HILLTOP RD,,TAKOMA PARK,,DRIVER,STRAIGHT MOVEMENT ANGLE,CLOUDY,DRY,DAYLIGHT,STOP SIGN,NONE DETECTED,,OTHER VEHICLE,N/A,INTERSECTION,FOUR-WAY INTERSECTION,STRAIGHT,NO DEFECTS,"TWO-WAY, NOT DIVIDED",38.98772,-77.00354,"(38.98772, -77.00354)"
MCP2727002C,200039159,Montgomery County Police,Property Damage Crash,10/05/2020 01:18:00 PM,No,Maryland (State),North,,3,East,0,FEET,HILL CREST,CLOPPER RD,MATENEY RD,,N/A,,DRIVER,SAME DIRECTION RIGHT TURN,N/A,N/A,DAYLIGHT,STOP SIGN,NONE DETECTED,,OTHER VEHICLE,N/A,INTERSECTION,T-INTERSECTION,STRAIGHT,NO DEFECTS,"TWO-WAY, NOT DIVIDED",39.15,-77.26,"(39.15, -77.26)"
MCP2823001F,15043059,MONTGOMERY,Injury Crash,08/27/2015 04:56:00 PM,No,Maryland (State),East,,3,East,0,FEET,HILL UPHILL,NORBECK RD,BALTIMORE RD,,N/A,,DRIVER,HEAD ON LEFT TURN,CLEAR,DRY,DAYLIGHT,TRAFFIC SIGNAL,NONE DETECTED,,OTHER VEHICLE,N/A,INTERSECTION,T-INTERSECTION,STRAIGHT,NO DEFECTS,"TWO-WAY, DIVIDED, POSITIVE MEDIAN BARRIER",39.095285,-77.11229333,"(39.095285, -77.11229333)"
DD5607004W,240005190,ROCKVILLE,Injury Crash,02/01/2024 02:00:00 PM,No,,,,0,,,FEET,,,,Parking Stall        LEVEL 4 OF BMW OF ROCKVILLE'S PRIVATE PARKING GARAGE.,,,UNKNOWN,Single Vehicle,Clear,,Other,,"Not Suspect of Alcohol Use, Not Suspect of Drug Use",,Fell Jumped from Motor Vehicle,Parked Vehicle,,,,,,39.0664031,-77.12761459,"(39.0664031, -77.12761459)"
MCP1213009C,240016698,MONTGOMERY,Property Damage Crash,04/10/2024 02:35:00 PM,No,County Route,Eastbound,Lane 1,4,East,32.48,FEET,Downhill,RANDOLPH RD,,,,,DRIVER,Front to Rear,Clear,Dry,Daylight,No Controls,"Not Suspect of Alcohol Use, Not Suspect of Drug Use, Not Suspect of Alcohol Use, Not Suspect of Drug Use, Not Suspect of Alcohol Use, Not Suspect of Drug Use",,Motor Vehicle In Transport,Motor Vehicle In Transport,Non-Junction,,Straight,No Defects,"Divided, Raised Median (curbed)",39.07466576,-77.00533106,"(39.07466576, -77.00533106)"
MCP3034003M,190035794,Montgomery County Police,Injury Crash,07/27/2019 02:10:00 PM,No,County,North,,2,North,0,FEET,LEVEL,MACARTHUR BLVD,FALLS RD,,N/A,BICYCLIST,NONMOTORIST,STRAIGHT MOVEMENT ANGLE,CLEAR,DRY,DAYLIGHT,NO CONTROLS,NONE DETECTED,NONE DETECTED,BICYCLE,N/A,INTERSECTION,Y-INTERSECTION,CURVE RIGHT,NO DEFECTS,"TWO-WAY, NOT DIVIDED",38.99624167,-77.23095833,"(38.99624167, -77.23095833)"
DD56430053,250009728,ROCKVILLE,Injury Crash,03/05/2025 06:46:00 PM,No,Ramp,Eastbound,Crossover Area,1,South,18.21,FEET,Uphill,RAMP 4 FR IS 270 NB TO MD 189 EB,,,,,UNKNOWN,Front to Rear,Rain,Wet,Dark - Lighted,Yield Sign,"Not Suspect of Alcohol Use, Not Suspect of Drug Use, Not Suspect of Alcohol Use, Not Suspect of Drug Use",,Motor Vehicle In Transport,,Crossover-Related,,Curve Right,No Defects,"Divided, Raised Median (curbed)",39.07480194,-77.16361876,"(39.07480194, -77.16361876)"
MCP3305003N,240040639,MONTGOMERY,Property Damage Crash,08/27/2024 09:40:00 PM,No,County Route,Westbound,Lane 1,2,West,34.08,FEET,Level,OAK LEAF DR,,,,,DRIVER,"Sideswipe, Same Direction",Clear,Dry,Dark - Not Lighted,No Controls,"Suspect of Alcohol Use, Not Suspect of Drug Use",,Motor Vehicle In Transport,Parked Vehicle,Non-Junction,,Straight,No Defects,Not Divided,39.04323063,-76.9984528,"(39.04323063, -76.9984528)"
HA2433000T,19000267,Maryland-National Capital,Property Damage Crash,02/02/2019 08:28:00 PM,No,Government,East,,2,West,0,FEET,LEVEL,SLIGO CREEK PKWY,DENNIS AVE,,N/A,,DRIVER,STRAIGHT MOVEMENT ANGLE,CLEAR,DRY,DARK LIGHTS ON,STOP SIGN,N/A,,OTHER VEHICLE,N/A,INTERSECTION,FOUR-WAY INTERSECTION,STRAIGHT,NO DEFECTS,"TWO-WAY, DIVIDED, POSITIVE MEDIAN BARRIER",39.02386428,-77.02989675,"(39.02386428, -77.02989675)"
MCP3205000P,190060575,Montgomery County Police,Property Damage Crash,12/16/2019 11:53:00 AM,No,County,South,,1,East,30,FEET,LEVEL,ARCOLA AVE,KENBROOK DR,,N/A,,UNKNOWN,SINGLE VEHICLE,N/A,WET,DAYLIGHT,NO CONTROLS,NONE DETECTED,,FIXED OBJECT,N/A,N/A,N/A,STRAIGHT,NO DEFECTS,"TWO-WAY, NOT DIVIDED",39.03887,-77.02768367,"(39.03887, -77.02768367)"
MCP21160043,16018259,Montgomery County Police,Injury Crash,04/14/2016 01:42:00 PM,No,County,South,,3,North,500,FEET,LEVEL,SHADY GROVE RD,DARNESTOWN RD,,N/A,,DRIVER,SAME DIR REAR END,CLEAR,DRY,DAYLIGHT,NO CONTROLS,NONE DETECTED,,OTHER VEHICLE,FIXED OBJECT,NON INTERSECTION,N/A,STRAIGHT,NO DEFECTS,"TWO-WAY, NOT DIVIDED",39.09517,-77.19569833,"(39.09517, -77.19569833)"
MCP9301001N,170528751,Montgomery County Police,Injury Crash,09/05/2017 09:50:00 AM,No,County,East,,2,West,0,FEET,LEVEL,FIELDS RD,OMEGA DR (BACK),,N/A,,DRIVER,HEAD ON LEFT TURN,N/A,N/A,DAYLIGHT,NO CONTROLS,N/A,,OTHER VEHICLE,FIXED OBJECT,INTERSECTION,OTHER,CURVE LEFT,NO DEFECTS,"TWO-WAY, DIVIDED, POSITIVE MEDIAN BARRIER",39.11106167,-77.19176333,"(39.11106167, -77.19176333)"
EJ7872001D,200007430,Gaithersburg Police Depar,Property Damage Crash,02/13/2020 09:45:00 PM,Yes,,,,,,,,,,,PARKING LOT OF 800 W DIAMOND AVE,,,DRIVER,N/A,N/A,,DARK LIGHTS ON,N/A,"N/A, UNKNOWN",,PARKED VEHICLE,OTHER VEHICLE,,,,,,39.14164,-77.21689167,"(39.14164, -77.21689167)"
DM8465000C,180011221,Takoma Park Police Depart,Injury Crash,03/05/2018 02:17:00 PM,No,Maryland (State),North,,4,North,0,FEET,GRADE DOWNHILL,NEW HAMPSHIRE AVE,KIRKLYNN AVE,,TAKOMA PARK,,DRIVER,STRAIGHT MOVEMENT ANGLE,CLEAR,DRY,DAYLIGHT,NO CONTROLS,"N/A, NONE DETECTED",,OTHER VEHICLE,N/A,INTERSECTION,FOUR-WAY INTERSECTION,STRAIGHT,NO DEFECTS,"TWO-WAY, DIVIDED, POSITIVE MEDIAN BARRIER",38.98723442,-76.98782086,"(38.98723442, -76.98782086)"
MCP1233002C,180027204,Montgomery County Police,Injury Crash,06/02/2018 07:44:00 PM,No,,,,,,,,,,,DRIVE WAY OF 10625 CONNECTICUT AVE.,,PEDESTRIAN,DRIVER,N/A,CLOUDY,,DAYLIGHT,NO CONTROLS,NONE DETECTED,NONE DETECTED,PEDESTRIAN,N/A,,,,,,39.03041167,-77.07531,"(39.03041167, -77.07531)"
MCP3339002G,230050681,Montgomery County Police,Property Damage Crash,08/22/2023 11:48:00 AM,No,Maryland (State),North,,3,North,0,FEET,LEVEL,CONNECTICUT AVE,RANDOLPH RD,,N/A,,DRIVER,SAME DIR REAR END,CLEAR,DRY,DAYLIGHT,TRAFFIC SIGNAL,NONE DETECTED,,OTHER VEHICLE,N/A,INTERSECTION,FOUR-WAY INTERSECTION,STRAIGHT,NO DEFECTS,"TWO-WAY, DIVIDED, POSITIVE MEDIAN BARRIER",39.057516,-77.07326633,"(39.057516, -77.07326633)"
MCP2455004R,220003797,Montgomery County Police,Property Damage Crash,01/28/2022 03:19:00 PM,No,County,North,OTHER,3,West,0,FEET,GRADE DOWNHILL,BAUER DR,NORBECK RD,,N/A,,DRIVER,OTHER,WINTRY MIX,WET,DAYLIGHT,TRAFFIC SIGNAL,NONE DETECTED,,OTHER VEHICLE,N/A,N/A,FOUR-WAY INTERSECTION,STRAIGHT,UNKNOWN,"TWO-WAY, NOT DIVIDED",39.09605354,-77.10983829,"(39.09605354, -77.10983829)"
EJ7837001G,16066713,Gaithersburg Police Depar,Property Damage Crash,12/28/2016 05:20:00 AM,No,Maryland (State),South,,3,North,0,FEET,HILL UPHILL,FREDERICK RD,TRAVIS AVE,,GAITHERSBURG,,UNKNOWN,SINGLE VEHICLE,CLEAR,DRY,DARK LIGHTS ON,TRAFFIC SIGNAL,N/A,,ANIMAL,N/A,N/A,N/A,STRAIGHT,NO DEFECTS,"TWO-WAY, DIVIDED, POSITIVE MEDIAN BARRIER",39.16130022,-77.22289234,"(39.16130022, -77.22289234)"
MCP30940012,190040456,Montgomery County Police,Property Damage Crash,08/23/2019 10:29:00 PM,No,Maryland (State),West,,3,West,0,FEET,LEVEL,W DIAMOND AVE,RAMP 6 FR MD 117 EB TO IS 270 SB,,N/A,,DRIVER,SINGLE VEHICLE,N/A,DRY,DARK LIGHTS ON,N/A,NONE DETECTED,,FIXED OBJECT,FIXED OBJECT,N/A,N/A,CURVE RIGHT,NO DEFECTS,"TWO-WAY, NOT DIVIDED",39.1405695,-77.213871,"(39.1405695, -77.213871)"
MCP32140037,250002703,MONTGOMERY,Property Damage Crash,01/19/2025 09:33:00 PM,No,Maryland (State) Route,Northbound,Lane 4,4,North,20.63,FEET,Level,FREDERICK RD,,,,Occupant Of a Non-Motor Vehicle Transportation Device,DRIVER,Single Vehicle,Snow,Slush,Dark - Lighted,No Controls,"Not Suspect of Alcohol Use, Not Suspect of Drug Use","Not Suspect of Alcohol Use, Not Suspect of Drug Use",Other Non-Fixed Object,,Non-Junction,,Straight,No Defects,"Divided, Raised Median (curbed)",39.19783683,-77.24470167,"(39.19783683, -77.24470167)"
MCP30220017,170534222,Montgomery County Police,Injury Crash,10/01/2017 07:34:00 PM,No,County,East,,2,South,250,FEET,LEVEL,STRINGTOWN RD,FREDERICK RD,,N/A,,DRIVER,SAME DIR REAR END,CLEAR,DRY,DARK LIGHTS ON,N/A,N/A,,OTHER VEHICLE,OTHER VEHICLE,NON INTERSECTION,N/A,STRAIGHT,NO DEFECTS,"TWO-WAY, DIVIDED, POSITIVE MEDIAN BARRIER",39.239375,-77.271465,"(39.239375, -77.271465)"
MCP28750096,240038088,MONTGOMERY,Property Damage Crash,08/12/2024 06:20:00 PM,No,County Route,Eastbound,Lane 1,2,West,0,FEET,Uphill,WARFIELD RD,DORSEY RD,,,,DRIVER,Front to Front,Clear,Dry,Daylight,"No Controls, Stop Sign","Not Suspect of Alcohol Use, Not Suspect of Drug Use, Not Suspect of Alcohol Use, Not Suspect of Drug Use",,Motor Vehicle In Transport,,Intersection or Related,Perpendicular,Curve Left,No Defects,Not Divided,39.19746,-77.14411167,"(39.19746, -77.14411167)"