Report Number,Local Case Number,Agency Name,ACRS Report Type,Crash Date/Time,Hit/Run,Route Type,Lane Direction,Lane Type,Number of Lanes,Direction,Distance,Distance Unit,Road Grade,Road Name,Cross-Street Name,Off-Road Description,Municipality,Related Non-Motorist,At Fault,Collision Type,Weather,Surface Condition,Light,Traffic Control,Driver Substance Abuse,Non-Motorist Substance Abuse,First Harmful Event,Second Harmful Event,Junction,Intersection Type,Road Alignment,Road Condition,Road Division,Latitude,Longitude,Location
MCP1438008G,190021825,Montgomery County Police,Property Damage Crash,05/09/2019 06:45:00 AM,No,Municipality,North,,1,North,0,FEET,LEVEL,CHRISTOPHER AVE,FREDERICK RD,,N/A,,DRIVER,SAME DIR REAR END,CLOUDY,DRY,DAYLIGHT,TRAFFIC SIGNAL,NONE DETECTED,,OTHER VEHICLE,N/A,INTERSECTION,FOUR-WAY INTERSECTION,STRAIGHT,NO DEFECTS,"TWO-WAY, DIVIDED, POSITIVE MEDIAN BARRIER",39.15607,-77.21594333,"(39.15607, -77.21594333)"
DM8505002K,250031550,TAKOMA,Property Damage Crash,07/15/2025 02:31:00 PM,No,Maryland (State) Route,Northbound,Lane 3,3,South,6.91,FEET,Level,NEW HAMPSHIRE AVE,,,,,UNKNOWN,"Sideswipe, Same Direction",Clear,Dry,Daylight,No Controls,"Unknown, Unknown, Unknown, Unknown",,Motor Vehicle In Transport,,Through Roadway,,Straight,No Defects,"Divided, Raised Median (curbed)",38.98665434,-76.98791088,"(38.98665434, -76.98791088)"
MCP26370021,170537311,Montgomery County Police,Injury Crash,10/18/2017 08:08:00 AM,No,Municipality,East,,3,West,0,FEET,LEVEL,WOOTTON PKWY,FALLS RD,,N/A,,DRIVER,STRAIGHT MOVEMENT ANGLE,CLEAR,DRY,DAYLIGHT,TRAFFIC SIGNAL,NONE DETECTED,,OTHER VEHICLE,N/A,INTERSECTION,FOUR-WAY INTERSECTION,STRAIGHT,NO DEFECTS,"TWO-WAY, DIVIDED, POSITIVE MEDIAN BARRIER",39.06968133,-77.16990367,"(39.06968133, -77.16990367)"
MCP1563001P,15045379,MONTGOMERY,Injury Crash,09/08/2015 05:12:00 PM,No,Maryland (State),North,,3,South,100,FEET,LEVEL,CONNECTICUT AVE,MANOR RD,,N/A,,DRIVER,SAME DIR REAR END,CLEAR,DRY,DAYLIGHT,NO CONTROLS,NONE DETECTED,,OTHER VEHICLE,N/A,NON INTERSECTION,N/A,STRAIGHT,NO DEFECTS,"TWO-WAY, DIVIDED, POSITIVE MEDIAN BARRIER",38.99512303,-77.07707405,"(38.99512303, -77.07707405)"
MCP2917009L,220023868,Montgomery County Police,Injury Crash,06/03/2022 08:59:00 PM,No,County,East,CROSSOVER AREA,1,South,0,FEET,LEVEL,WELLER RD,BUSHEY DR,,N/A,,DRIVER,STRAIGHT MOVEMENT ANGLE,CLEAR,DRY,DARK NO LIGHTS,STOP SIGN,NONE DETECTED,,OTHER VEHICLE,N/A,INTERSECTION,FOUR-WAY INTERSECTION,STRAIGHT,NO DEFECTS,"TWO-WAY, NOT DIVIDED",39.06264833,-77.07878667,"(39.06264833, -77.07878667)"
MCP2765004C,170548811,Montgomery County Police,Property Damage Crash,12/15/2017 05:15:00 PM,No,County,South,SHOULDER AREA,1,South,20,FEET,HILL UPHILL,MUDDY BRANCH RD,DUFIEF MILL RD,,N/A,,DRIVER,SINGLE VEHICLE,SNOW,SNOW,DARK -- UNKNOWN LIGHTING,NO CONTROLS,NONE DETECTED,,OFF ROAD,FIXED OBJECT,INTERSECTION RELATED,Y-INTERSECTION,CURVE RIGHT,OTHER,"TWO-WAY, NOT DIVIDED",39.100525,-77.22421333,"(39.100525, -77.22421333)"
MCP3299002D,230006333,Montgomery County Police,Injury Crash,02/08/2023 07:26:00 AM,No,Maryland (State),North,,4,North,0,FEET,HILL UPHILL,LAYHILL RD,GREENERY LA,,N/A,,DRIVER,SAME DIR REAR END,CLEAR,DRY,DAYLIGHT,TRAFFIC SIGNAL,NONE DETECTED,,OTHER VEHICLE,N/A,INTERSECTION,FOUR-WAY INTERSECTION,STRAIGHT,NO DEFECTS,"TWO-WAY, DIVIDED, POSITIVE MEDIAN BARRIER",39.06289167,-77.04951833,"(39.06289167, -77.04951833)"
MCP21590004,15014868,Montgomery County Police,Property Damage Crash,03/31/2015 10:09:00 PM,No,County,South,RIGHT TURN LANE,1,East,15,FEET,LEVEL,FENTON ST,PHILADELPHIA AVE,,N/A,,DRIVER,SAME DIR REAR END,CLEAR,DRY,DARK -- UNKNOWN LIGHTING,YIELD SIGN,NONE DETECTED,,OTHER VEHICLE,N/A,INTERSECTION RELATED,OTHER,CURVE RIGHT,NO DEFECTS,"TWO-WAY, NOT DIVIDED",38.9879516,-77.02391267,"(38.9879516, -77.02391267)"
MCP2809002F,15054277,MONTGOMERY,Injury Crash,10/26/2015 08:30:00 AM,No,Maryland (State),North,,3,North,0,FEET,LEVEL,LAYHILL RD,MIDDLEBRIDGE DR,,N/A,,DRIVER,STRAIGHT MOVEMENT ANGLE,CLEAR,DRY,DAYLIGHT,NO CONTROLS,N/A,,OTHER VEHICLE,N/A,INTERSECTION,T-INTERSECTION,STRAIGHT,NO DEFECTS,"TWO-WAY, DIVIDED, POSITIVE MEDIAN BARRIER",39.07270667,-77.04541833,"(39.07270667, -77.04541833)"
MCP2559000J,16003260,Montgomery County Police,Injury Crash,01/18/2016 06:17:00 AM,Yes,Maryland (State),South,OFF ROAD,2,North,0,FEET,GRADE DOWNHILL,GREAT SENECA HWY,QUINCE ORCHARD RD,,N/A,,DRIVER,SINGLE VEHICLE,CLEAR,DRY,DARK LIGHTS ON,TRAFFIC SIGNAL,UNKNOWN,,FIXED OBJECT,FIXED OBJECT,INTERSECTION RELATED,FOUR-WAY INTERSECTION,STRAIGHT,NO DEFECTS,ONE-WAY TRAFFICWAY,39.12804824,-77.23742321,"(39.12804824, -77.23742321)"
MCP23580080,210001304,Montgomery County Police,Property Damage Crash,01/11/2021 09:24:00 AM,Yes,County,West,,1,East,200,FEET,LEVEL,DEMOCRACY BLVD,FALLS RD,,N/A,,DRIVER,SINGLE VEHICLE,CLEAR,WET,DAYLIGHT,NO CONTROLS,UNKNOWN,,FIXED OBJECT,N/A,NON INTERSECTION,N/A,STRAIGHT,NO DEFECTS,"TWO-WAY, NOT DIVIDED",39.02615198,-77.20217957,"(39.02615198, -77.20217957)"
MCP3053002H,180035917,Montgomery County Police,Property Damage Crash,07/20/2018 10:20:00 AM,No,Maryland (State),West,,2,West,50,FEET,LEVEL,NORBECK RD,WESTBURY RD,,N/A,,DRIVER,SAME DIR REAR END,CLEAR,DRY,DAYLIGHT,NO CONTROLS,N/A,,OTHER VEHICLE,N/A,NON INTERSECTION,N/A,STRAIGHT,NO DEFECTS,"TWO-WAY, DIVIDED, POSITIVE MEDIAN BARRIER",39.10006833,-77.09757667,"(39.10006833, -77.09757667)"
MCP31190009,180013174,Montgomery County Police,Property Damage Crash,03/16/2018 09:00:00 AM,Yes,,,,,,,,,,,PARKING LOT OF 16220 FREDERICK ROAD,,,DRIVER,UNKNOWN,CLEAR,,DAYLIGHT,N/A,UNKNOWN,,PARKED VEHICLE,N/A,,,,,,39.12143758,-77.17697024,"(39.12143758, -77.17697024)"
MCP3294000G,210037246,Montgomery County Police,Injury Crash,09/21/2021 07:54:00 AM,No,Maryland (State),South,,3,North,0,FEET,LEVEL,FREDERICK RD,SHADY GROVE RD,,N/A,,DRIVER,ANGLE MEETS RIGHT TURN,CLEAR,DRY,DAYLIGHT,TRAFFIC SIGNAL,NONE DETECTED,,OTHER VEHICLE,OVERTURN,INTERSECTION,FOUR-WAY INTERSECTION,STRAIGHT,NO DEFECTS,"TWO-WAY, DIVIDED, POSITIVE MEDIAN BARRIER",39.12261227,-77.17769661,"(39.12261227, -77.17769661)"
MCP2872002J,170551309,Montgomery County Police,Injury Crash,12/30/2017 08:20:00 AM,No,Municipality,East,,1,West,300,FEET,GRADE DOWNHILL,E DIAMOND AVE,GIRARD ST,,GAITHERSBURG,,DRIVER,SINGLE VEHICLE,SNOW,SNOW,DAYLIGHT,N/A,NONE DETECTED,,FIXED OBJECT,N/A,NON INTERSECTION,N/A,STRAIGHT,N/A,"TWO-WAY, DIVIDED, UNPROTECTED PAINTED MIN 4 FEET",39.14139667,-77.18556333,"(39.14139667, -77.18556333)"
MCP28480082,190025361,Montgomery County Police,Property Damage Crash,05/28/2019 03:06:00 PM,Yes,Maryland (State),West,,3,North,0,FEET,LEVEL,CONNECTICUT AVE,JONES BRIDGE RD,,N/A,,DRIVER,SAME DIRECTION LEFT TURN,CLEAR,DRY,DAYLIGHT,TRAFFIC SIGNAL,"NONE DETECTED, UNKNOWN",,OTHER VEHICLE,N/A,INTERSECTION,FOUR-WAY INTERSECTION,STRAIGHT,NO DEFECTS,"TWO-WAY, DIVIDED, POSITIVE MEDIAN BARRIER",39.01288333,-77.054655,"(39.01288333, -77.054655)"
MCP9386007S,200041328,Montgomery County Police,Property Damage Crash,10/20/2020 05:45:00 AM,No,Maryland (State),South,,3,North,500,FEET,LEVEL,ROCKVILLE PIKE,SOUTH DR,,N/A,,DRIVER,SAME DIRECTION SIDESWIPE,CLEAR,DRY,DARK LIGHTS ON,TRAFFIC SIGNAL,NONE DETECTED,,OTHER VEHICLE,OTHER VEHICLE,INTERSECTION RELATED,T-INTERSECTION,STRAIGHT,NO DEFECTS,"TWO-WAY, DIVIDED, POSITIVE MEDIAN BARRIER",38.998967,-77.09699983,"(38.998967, -77.09699983)"
MCP2504002G,170519309,Montgomery County Police,Property Damage Crash,07/15/2017 05:43:00 PM,No,,,,,,,,,,,701 FALLSGROVE DRIVE,,,DRIVER,OTHER,CLEAR,,DAYLIGHT,N/A,UNKNOWN,,PARKED VEHICLE,N/A,,,,,,39.09959667,-77.18939,"(39.09959667, -77.18939)"
MCP3171001K,210020660,Montgomery County Police,Injury Crash,05/31/2021 10:15:00 PM,No,County,North,,2,South,200,FEET,LEVEL,TOWN COMMONS BLVD,CENTURY BLVD,,N/A,,DRIVER,SAME DIR REAR END,CLEAR,DRY,DARK LIGHTS ON,NO CONTROLS,NONE DETECTED,,OTHER VEHICLE,N/A,NON INTERSECTION,N/A,STRAIGHT,NO DEFECTS,"TWO-WAY, NOT DIVIDED",39.183025,-77.26937667,"(39.183025, -77.26937667)"
MCP9406000P,16020777,Montgomery County Police,Injury Crash,04/27/2016 05:42:00 PM,No,Maryland (State),East,,3,East,0,FEET,HILL UPHILL,NORBECK RD,BALTIMORE RD,,N/A,,DRIVER,HEAD ON LEFT TURN,CLOUDY,DRY,DAYLIGHT,TRAFFIC SIGNAL,NONE DETECTED,,OTHER VEHICLE,N/A,INTERSECTION,T-INTERSECTION,STRAIGHT,NO DEFECTS,"TWO-WAY, DIVIDED, POSITIVE MEDIAN BARRIER",39.095015,-77.11259333,"(39.095015, -77.11259333)"
MCP29370056,240000943,MONTGOMERY,Property Damage Crash,01/02/2024 01:30:00 AM,,County Route,Northbound,"Lane 1, Not Applicable",1,South,41.42,FEET,Level,BURNT CREST LA,,,,,UNKNOWN,"Sideswipe, Same Direction",Clear,Dry,Dark - Lighted,No Controls,"Unknown, Unknown",,Parked Vehicle,Not Applicable,Non-Junction,,Straight,,Not Divided,39.02569757,-76.99232912,"(39.02569757, -76.99232912)"
MCP3311000N,220013134,Montgomery County Police,Property Damage Crash,03/26/2022 01:50:00 PM,Yes,,,,,,,,,,,PARKING LOT AT 8510 16TH ST,,,DRIVER,OTHER,CLEAR,,DAYLIGHT,NO CONTROLS,N/A,,PARKED VEHICLE,N/A,,,,,,38.99802634,-77.04146733,"(38.99802634, -77.04146733)"
MCP2818003J,180012360,Montgomery County Police,Property Damage Crash,03/12/2018 06:30:00 AM,Yes,US (State),North,,3,South,200,FEET,HILL UPHILL,COLESVILLE RD,LEIGHTON AVE,,N/A,,DRIVER,OTHER,CLEAR,DRY,DARK LIGHTS ON,NO CONTROLS,"N/A, NONE DETECTED",,OTHER VEHICLE,N/A,INTERSECTION RELATED,FOUR-WAY INTERSECTION,STRAIGHT,NO DEFECTS,"TWO-WAY, DIVIDED, POSITIVE MEDIAN BARRIER",39.00982167,-77.01755,"(39.00982167, -77.01755)"
MCP3113004X,230012736,Montgomery County Police,Property Damage Crash,03/16/2023 07:40:00 AM,Yes,County,North,,2,North,100,FEET,LEVEL,TAMARACK RD,LIMETREE RD,,N/A,,DRIVER,SAME DIRECTION SIDESWIPE,CLEAR,DRY,DAYLIGHT,N/A,N/A,,OTHER VEHICLE,OTHER VEHICLE,NON INTERSECTION,N/A,CURVE RIGHT,N/A,"TWO-WAY, DIVIDED, UNPROTECTED PAINTED MIN 4 FEET",39.072883,-76.980918,"(39.072883, -76.980918)"
MCP27650020,16011169,MONTGOMERY,Injury Crash,03/06/2016 04:29:00 PM,No,County,West,,3,North,0,FEET,LEVEL,SHADY GROVE RD,RESEARCH BLVD,,ROCKVILLE,,DRIVER,STRAIGHT MOVEMENT ANGLE,CLEAR,DRY,DAYLIGHT,TRAFFIC SIGNAL,NONE DETECTED,,OTHER VEHICLE,FIXED OBJECT,INTERSECTION,FOUR-WAY INTERSECTION,STRAIGHT,NO DEFECTS,"TWO-WAY, DIVIDED, POSITIVE MEDIAN BARRIER",39.10499667,-77.19053954,"(39.10499667, -77.19053954)"
MCP2907001G,16060873,Montgomery County Police,Property Damage Crash,11/27/2016 04:24:00 AM,No,Maryland (State),North,,3,North,25,FEET,LEVEL,CONNECTICUT AVE,BEACH DR,,N/A,,DRIVER,SAME DIR REAR END,CLEAR,DRY,DARK LIGHTS ON,NO CONTROLS,NONE DETECTED,,N/A,OTHER VEHICLE,NON INTERSECTION,N/A,STRAIGHT,NO DEFECTS,"TWO-WAY, DIVIDED, POSITIVE MEDIAN BARRIER",39.00705167,-77.07965167,"(39.00705167, -77.07965167)"
MCP26390032,180006519,Montgomery County Police,Property Damage Crash,02/07/2018 10:50:00 AM,Yes,,,,,,,,,,,"PARKING LOT OF 8100 CONNECTICUT AVE. CHEVY CHASE, MD",,,DRIVER,UNKNOWN,RAINING,,DAYLIGHT,NO CONTROLS,UNKNOWN,,PARKED VEHICLE,N/A,,,,,,38.99158333,-77.07817333,"(38.99158333, -77.07817333)"
MCP3339002F,230050472,Montgomery County Police,Property Damage Crash,08/21/2023 08:31:00 AM,No,Maryland (State),West,LEFT TURN LANE,3,East,0,FEET,LEVEL,VEIRS MILL RD,RANDOLPH RD,,N/A,,DRIVER,STRAIGHT MOVEMENT ANGLE,CLEAR,DRY,DAYLIGHT,N/A,NONE DETECTED,,OTHER VEHICLE,N/A,INTERSECTION,FOUR-WAY INTERSECTION,STRAIGHT,NO DEFECTS,"TWO-WAY, DIVIDED, POSITIVE MEDIAN BARRIER",39.05575217,-77.0818385,"(39.05575217, -77.0818385)"
MCP1608000Q,170539565,Montgomery County Police,Property Damage Crash,10/29/2017 12:09:00 AM,No,County,South,,1,South,0,FEET,LEVEL,ASHLEY DR,TOPPING RD,,N/A,,DRIVER,OTHER,CLOUDY,DRY,DARK LIGHTS ON,NO CONTROLS,N/A,,PARKED VEHICLE,N/A,N/A,N/A,STRAIGHT,N/A,"TWO-WAY, NOT DIVIDED",39.04744,-77.09297,"(39.04744, -77.09297)"
MCP3111000D,180016662,Montgomery County Police,Property Damage Crash,04/06/2018 05:25:00 AM,No,County,West,,2,West,30,FEET,LEVEL,JONES BRIDGE RD,JONES MILL RD,,N/A,,DRIVER,SINGLE VEHICLE,CLEAR,DRY,DARK LIGHTS ON,FLASHING TRAFFIC SIGNAL,NONE DETECTED,,FIXED OBJECT,FIXED OBJECT,INTERSECTION RELATED,Y-INTERSECTION,CURVE LEFT,NO DEFECTS,"TWO-WAY, NOT DIVIDED",38.99851333,-77.06643833,"(38.99851333, -77.06643833)"
MCP20920007,190056642,Montgomery County Police,Property Damage Crash,11/23/2019 02:02:00 PM,No,County,South,LEFT TURN LANE,2,North,10,FEET,LEVEL,SECOND AVE,SEMINARY RD,,N/A,,DRIVER,SAME DIR REAR END,CLEAR,DRY,DAYLIGHT,TRAFFIC SIGNAL,"N/A, NONE DETECTED",,OTHER VEHICLE,N/A,INTERSECTION RELATED,FOUR-WAY INTERSECTION,STRAIGHT,NO DEFECTS,"TWO-WAY, NOT DIVIDED",39.008217,-77.0435195,"(39.008217, -77.0435195)"
MCP26900023,170500724,Montgomery County Police,Injury Crash,04/06/2017 03:09:00 PM,No,County,North,,2,South,30,FEET,GRADE DOWNHILL,MONTGOMERY VILLAGE AVE,ASPENWOOD LA,,N/A,,DRIVER,SINGLE VEHICLE,RAINING,WET,DAYLIGHT,NO CONTROLS,NONE DETECTED,,FIXED OBJECT,N/A,NON INTERSECTION,N/A,STRAIGHT,N/A,"TWO-WAY, DIVIDED, POSITIVE MEDIAN BARRIER",39.18883333,-77.19580833,"(39.18883333, -77.19580833)"
MCP229800YC,210037306,Montgomery County Police,Property Damage Crash,09/21/2021 03:05:00 PM,No,County,South,,2,North,25,FEET,LEVEL,REDLAND RD,CRABBS BRANCH WAY,,N/A,,DRIVER,SAME DIR REAR END,CLEAR,DRY,DAYLIGHT,TRAFFIC SIGNAL,NONE DETECTED,,OTHER VEHICLE,N/A,INTERSECTION RELATED,FOUR-WAY INTERSECTION,STRAIGHT,NO DEFECTS,"TWO-WAY, NOT DIVIDED",39.12071333,-77.158705,"(39.12071333, -77.158705)"
MCP34230014,250001560,MONTGOMERY,Property Damage Crash,01/12/2025 03:35:00 PM,,Maryland (State) Route,Northbound,"Lane 2, Lane 3",3,East,26.92,FEET,Level,NEW HAMPSHIRE AVE,,,,,UNKNOWN,Front to Rear,Clear,Dry,Daylight,No Controls,"Not Suspect of Alcohol Use, Not Suspect of Drug Use, Unknown, Unknown",,Motor Vehicle In Transport,,Through Roadway,,Straight,No Defects,"Divided, Raised Median (curbed)",39.01388801,-76.97823902,"(39.01388801, -76.97823902)"
MCP0617006S,250013034,MONTGOMERY,Injury Crash,03/25/2025 02:17:00 PM,No,Maryland (State) Route,"Eastbound, Southbound","Lane 2, Left Turn Lane",4,North,0,FEET,Level,OLNEY SANDY SPRING RD,SPARTAN RD,,,,DRIVER,Front to Front,Clear,Dry,Daylight,Traffic Control Signal,"Not Suspect of Alcohol Use, Not Suspect of Drug Use, Not Suspect of Alcohol Use, Not Suspect of Drug Use",,Motor Vehicle In Transport,,Intersection or Related,Perpendicular,Straight,No Defects,"Divided, Raised Median (curbed)",39.1507766,-77.06219871,"(39.1507766, -77.06219871)"
EJ78580077,220038562,Gaithersburg Police Depar,Property Damage Crash,09/06/2022 06:20:00 AM,No,Maryland (State),South,,3,South,500,FEET,LEVEL,GREAT SENECA HWY,MUDDY BRANCH RD,,N/A,,DRIVER,SINGLE VEHICLE,RAINING,WET,DARK LIGHTS ON,NO CONTROLS,NONE DETECTED,,FIXED OBJECT,OFF ROAD,NON INTERSECTION,N/A,STRAIGHT,NO DEFECTS,"TWO-WAY, DIVIDED, POSITIVE MEDIAN BARRIER",39.1095083,-77.21536557,"(39.1095083, -77.21536557)"
EJ78750030,220038435,Gaithersburg Police Depar,Property Damage Crash,09/05/2022 12:55:00 AM,No,Municipality,South,,2,East,100,FEET,LEVEL,QUINCE ORCHARD BLVD,RABBITT RD,,GAITHERSBURG,,DRIVER,SAME DIRECTION SIDESWIPE,CLEAR,DRY,DARK LIGHTS ON,N/A,NONE DETECTED,,PARKED VEHICLE,N/A,N/A,N/A,CURVE RIGHT,NO DEFECTS,"TWO-WAY, NOT DIVIDED",39.14182757,-77.22752307,"(39.14182757, -77.22752307)"
MCP3080004W,240031575,MONTGOMERY,Injury Crash,07/05/2024 04:31:00 PM,No,County Route,Southbound,Lane 1,1,North,13.13,FEET,Level,,TURTLE ROCK TERR,,,Scooter (non-Electric),NONMOTORIST,Single Vehicle,Clear,Dry,Daylight,Stop Sign,"Not Suspect of Alcohol Use, Not Suspect of Drug Use","Not Suspect of Alcohol Use, Not Suspect of Drug Use",Other Non-Motorist,,Non-Junction,,Straight,No Defects,Not Divided,39.23630848,-77.26186039,"(39.23630848, -77.26186039)"
MCP32900018,220008069,Montgomery County Police,Property Damage Crash,02/24/2022 09:08:00 AM,No,County,East,,2,West,0,FEET,LEVEL,SPRING ST,CAMERON ST,,N/A,,DRIVER,SAME DIRECTION SIDESWIPE,CLOUDY,DRY,DAYLIGHT,NO CONTROLS,NONE DETECTED,,OTHER VEHICLE,N/A,INTERSECTION,FOUR-WAY INTERSECTION,STRAIGHT,NO DEFECTS,"TWO-WAY, NOT DIVIDED",38.99955356,-77.02799426,"(38.99955356, -77.02799426)"
MCP2763004N,230020799,Montgomery County Police,Injury Crash,05/01/2023 03:33:00 PM,No,County,North,,2,North,0,FEET,LEVEL,GOSHEN RD,LINDENHOUSE RD,,N/A,,DRIVER,HEAD ON LEFT TURN,CLOUDY,DRY,DAYLIGHT,STOP SIGN,NONE DETECTED,,OTHER VEHICLE,N/A,N/A,T-INTERSECTION,STRAIGHT,NO DEFECTS,"TWO-WAY, NOT DIVIDED",39.135479,-77.194695,"(39.135479, -77.194695)"
MCP22150028,230011827,Montgomery County Police,Injury Crash,03/10/2023 04:50:00 PM,No,Maryland (State),West,,1,East,500,FEET,LEVEL,LAYTONSVILLE RD,HAWKINS CREAMERY RD,,N/A,,DRIVER,HEAD ON,RAINING,WET,DAYLIGHT,NO CONTROLS,"N/A, NONE DETECTED",,OTHER VEHICLE,N/A,N/A,N/A,STRAIGHT,NO DEFECTS,"TWO-WAY, NOT DIVIDED",39.24373833,-77.14368833,"(39.24373833, -77.14368833)"
DD5600000N,16012493,Rockville Police Departme,Property Damage Crash,03/13/2016 06:00:00 PM,No,Municipality,South,,1,East,0,FEET,LEVEL,PRESERVE PKWY,WOOTTON PKWY,,ROCKVILLE,,DRIVER,SINGLE VEHICLE,RAINING,WET,DAYLIGHT,TRAFFIC SIGNAL,ALCOHOL CONTRIBUTED,,FIXED OBJECT,N/A,INTERSECTION,FOUR-WAY INTERSECTION,STRAIGHT,NO DEFECTS,ONE-WAY TRAFFICWAY,39.08342,-77.15354,"(39.08342, -77.15354)"
MCP2254002J,190041706,Montgomery County Police,Property Damage Crash,08/31/2019 12:00:00 PM,No,Maryland (State),Unknown,OTHER,0,East,500,FEET,N/A,LAYTONSVILLE RD,HOWARD ST,,LAYTONSVILLE,,DRIVER,SINGLE VEHICLE,CLEAR,DRY,DAYLIGHT,NO CONTROLS,N/A,,FIXED OBJECT,N/A,N/A,N/A,N/A,N/A,N/A,39.20725833,-77.141565,"(39.20725833, -77.141565)"
MCP106400B0,200011578,Montgomery County Police,Injury Crash,03/09/2020 11:23:00 AM,No,Maryland (State),West,,3,West,200,FEET,LEVEL,UNIVERSITY BLVD E,PINEY BRANCH RD,,N/A,PEDESTRIAN,DRIVER,OTHER,CLEAR,DRY,DAYLIGHT,N/A,N/A,N/A,OTHER OBJECT,PEDESTRIAN,NON INTERSECTION,N/A,STRAIGHT,NO DEFECTS,"TWO-WAY, DIVIDED, POSITIVE MEDIAN BARRIER",39.00060833,-76.99547833,"(39.00060833, -76.99547833)"
MCP2895002N,220045391,Montgomery County Police,Property Damage Crash,10/16/2022 04:27:00 PM,No,County,East,,2,West,0,FEET,LEVEL,WISTERIA DR,GERMANTOWN RD,,N/A,,DRIVER,STRAIGHT MOVEMENT ANGLE,CLEAR,DRY,DAYLIGHT,TRAFFIC SIGNAL,NONE DETECTED,,OTHER VEHICLE,N/A,INTERSECTION,FOUR-WAY INTERSECTION,STRAIGHT,NO DEFECTS,"TWO-WAY, NOT DIVIDED",39.17694167,-77.27029667,"(39.17694167, -77.27029667)"
MCP2853003N,170508925,Montgomery County Police,Property Damage Crash,05/20/2017 06:41:00 PM,Yes,,,,,,,,,,,10707 E NOLCREST DR.,,,DRIVER,OTHER,CLEAR,,DAYLIGHT,NO CONTROLS,UNKNOWN,,PARKED VEHICLE,N/A,,,,,,39.03265275,-76.98703766,"(39.03265275, -76.98703766)"
MCP2981000W,16048352,MONTGOMERY,Property Damage Crash,09/20/2016 03:35:00 PM,No,,,,,,,,,,,PARKING LOT OF THE 2ND DISTRICT STATION,,,UNKNOWN,SINGLE VEHICLE,N/A,,DAYLIGHT,NO CONTROLS,N/A,,FIXED OBJECT,N/A,,,,,,38.98343667,-77.09307333,"(38.98343667, -77.09307333)"
MCP1438008D,190021523,Montgomery County Police,Injury Crash,05/07/2019 02:20:00 PM,No,Municipality,South,,1,South,0,FEET,LEVEL,MAIN ST,KENTLANDS BLVD,,GAITHERSBURG,,DRIVER,SINGLE VEHICLE,CLEAR,DRY,DAYLIGHT,STOP SIGN,NONE DETECTED,,FIXED OBJECT,N/A,INTERSECTION,Y-INTERSECTION,STRAIGHT,NO DEFECTS,"TWO-WAY, DIVIDED, UNPROTECTED PAINTED MIN 4 FEET",39.12476667,-77.23929167,"(39.12476667, -77.23929167)"
MCP2088000C,170548929,Montgomery County Police,Property Damage Crash,12/16/2017 08:50:00 AM,No,County,East,,2,East,600,FEET,LEVEL,SNOWDEN FARM PKWY,GRAND ELM ST,,N/A,,DRIVER,SINGLE VEHICLE,N/A,ICE,DAYLIGHT,NO CONTROLS,NONE DETECTED,,FIXED OBJECT,FIXED OBJECT,N/A,N/A,CURVE LEFT,NO DEFECTS,"TWO-WAY, DIVIDED, POSITIVE MEDIAN BARRIER",39.234515,-77.26107333,"(39.234515, -77.26107333)"
MCP10480019,16010394,MONTGOMERY,Injury Crash,03/02/2016 07:52:00 AM,No,County,West,,4,East,200,FEET,HILL UPHILL,RANDOLPH RD,MAPLE AVE,,N/A,,DRIVER,SAME DIRECTION LEFT TURN,CLEAR,DRY,DAYLIGHT,OTHER,"N/A, NONE DETECTED",,OTHER VEHICLE,N/A,N/A,N/A,STRAIGHT,NO DEFECTS,"TWO-WAY, NOT DIVIDED",39.05335667,-77.111875,"(39.05335667, -77.111875)"
MCP2940004L,20007311,Montgomery County Police,Property Damage Crash,02/13/2020 11:36:00 AM,No,,,,,,,,,,,"PARKING LOT OF 
6600 ROCKLEDGE DR",,,DRIVER,SAME DIR REAR END,CLOUDY,,DAYLIGHT,N/A,ALCOHOL PRESENT,,OTHER VEHICLE,N/A,,,,,,39.02773583,-77.13351567,"(39.02773583, -77.13351567)"
MCP2780002N,17014859,Montgomery County Police,Property Damage Crash,03/23/2017 02:38:00 PM,No,Maryland (State),South,,3,North,20,FEET,LEVEL,RIDGE RD,BRINK RD,,N/A,,DRIVER,SAME DIRECTION SIDESWIPE,CLEAR,DRY,DAYLIGHT,TRAFFIC SIGNAL,NONE DETECTED,,OTHER VEHICLE,N/A,INTERSECTION RELATED,FOUR-WAY INTERSECTION,STRAIGHT,NO DEFECTS,"TWO-WAY, DIVIDED, POSITIVE MEDIAN BARRIER",39.209985,-77.24008833,"(39.209985, -77.24008833)"
MCP3402002W,250010158,MONTGOMERY,Property Damage Crash,03/08/2025 11:17:00 AM,Yes,,,,0,,,FEET,,,,Parking Lot Way        PARKING LOT IN FRONT OF 9603 PINY BRANCH ROAD,,,UNKNOWN,Single Vehicle,Clear,,Daylight,,"Not Suspect of Alcohol Use, Not Suspect of Drug Use",,Animal (live),,,,,,,39.0026022,-76.98534763,"(39.0026022, -76.98534763)"
MCP27370046,200000683,Montgomery County Police,Injury Crash,01/04/2020 11:08:00 PM,No,Maryland (State),South,,2,South,40,FEET,HILL UPHILL,GEORGIA AVE,OLD BALTIMORE RD,,N/A,,DRIVER,HEAD ON,CLEAR,DRY,DARK LIGHTS ON,N/A,NONE DETECTED,,OTHER VEHICLE,N/A,N/A,N/A,STRAIGHT,NO DEFECTS,"TWO-WAY, DIVIDED, POSITIVE MEDIAN BARRIER",39.13671,-77.06917333,"(39.13671, -77.06917333)"