Report Number,Local Case Number,Agency Name,ACRS Report Type,Crash Date/Time,Hit/Run,Route Type,Lane Direction,Lane Type,Number of Lanes,Direction,Distance,Distance Unit,Road Grade,Road Name,Cross-Street Name,Off-Road Description,Municipality,Related Non-Motorist,At Fault,Collision Type,Weather,Surface Condition,Light,Traffic Control,Driver Substance Abuse,Non-Motorist Substance Abuse,First Harmful Event,Second Harmful Event,Junction,Intersection Type,Road Alignment,Road Condition,Road Division,Latitude,Longitude,Location
MCP0036009M,190014412,Montgomery County Police,Injury Crash,03/28/2019 04:40:00 PM,No,,,,,,,,,,,PARKING LOT 22500 WIMS RD CLARKSBURG HIGH SCHOOL,,,DRIVER,SAME DIRECTION SIDESWIPE,CLEAR,,DAYLIGHT,NO CONTROLS,NONE DETECTED,,OTHER VEHICLE,N/A,,,,,,39.22667667,-77.265205,"(39.22667667, -77.265205)"
MCP3342000D,220045266,Montgomery County Police,Injury Crash,10/22/2022 05:53:00 PM,No,Maryland (State),North,,2,North,0,FEET,LEVEL,NEW HAMPSHIRE AVE,ASHTON RD,,N/A,,DRIVER,SAME DIR REND RIGHT TURN,CLEAR,DRY,DAYLIGHT,TRAFFIC SIGNAL,"ALCOHOL CONTRIBUTED, NONE DETECTED",,OTHER VEHICLE,FIXED OBJECT,NON INTERSECTION,N/A,STRAIGHT,NO DEFECTS,"TWO-WAY, NOT DIVIDED",39.14974972,-77.01239273,"(39.14974972, -77.01239273)"
DM84780037,250001242,TAKOMA,Property Damage Crash,01/10/2025 09:53:00 AM,No,Maryland (State) Route,Unknown,Other,0,North,20.09,FEET,Level,NEW HAMPSHIRE AVE,,,,,UNKNOWN,Rear To Rear,Snow,Snow,Daylight,No Controls,"Not Suspect of Alcohol Use, Not Suspect of Drug Use",,Parked Vehicle,Motor Vehicle In Transport,Through Roadway,,Straight,No Defects,Not Divided,38.982006,-76.9886214,"(38.982006, -76.9886214)"
MCP2475003N,190005732,Montgomery County Police,Injury Crash,02/05/2019 04:20:00 PM,No,County,South,,1,North,10,FEET,HILL CREST,GREENBRIER DR,OAKFORD PL,,N/A,,DRIVER,SINGLE VEHICLE,N/A,DRY,DAYLIGHT,NO CONTROLS,NONE DETECTED,,FIXED OBJECT,N/A,INTERSECTION RELATED,Y-INTERSECTION,CURVE LEFT,NO DEFECTS,"TWO-WAY, NOT DIVIDED",39.00314333,-77.01825167,"(39.00314333, -77.01825167)"
MCP3227000T,200017907,Montgomery County Police,Property Damage Crash,05/02/2020 09:56:00 AM,No,Maryland (State),West,LEFT TURN LANE,2,East,0,FEET,LEVEL,UNIVERSITY BLVD E,PINEY BRANCH RD,,N/A,,DRIVER,SAME DIR REAR END,CLEAR,DRY,DAYLIGHT,TRAFFIC SIGNAL,NONE DETECTED,,OTHER VEHICLE,N/A,INTERSECTION,FOUR-WAY INTERSECTION,STRAIGHT,NO DEFECTS,"TWO-WAY, DIVIDED, UNPROTECTED PAINTED MIN 4 FEET",38.99921833,-76.99519667,"(38.99921833, -76.99519667)"
MCP24960035,210048865,Montgomery County Police,Property Damage Crash,12/02/2021 07:17:00 AM,No,Maryland (State),East,,2,West,200,FEET,LEVEL,DARNESTOWN RD,TURKEY FOOT RD,,N/A,,DRIVER,SAME DIR REAR END,CLEAR,DRY,DAWN,NO CONTROLS,NONE DETECTED,,OTHER VEHICLE,N/A,NON INTERSECTION,N/A,STRAIGHT,NO DEFECTS,"TWO-WAY, DIVIDED, UNPROTECTED PAINTED MIN 4 FEET",39.10405582,-77.28625022,"(39.10405582, -77.28625022)"
MCP9311000C,15054690,MONTGOMERY,Property Damage Crash,10/28/2015 08:36:00 AM,No,County,West,LEFT TURN LANE,4,West,0,FEET,LEVEL,TUCKERMAN LA,OLD GEORGETOWN RD,,N/A,,DRIVER,SAME DIR REAR END,RAINING,WET,DAYLIGHT,N/A,NONE DETECTED,,OTHER VEHICLE,N/A,INTERSECTION,FOUR-WAY INTERSECTION,STRAIGHT,NO DEFECTS,"TWO-WAY, NOT DIVIDED",39.03441954,-77.12451696,"(39.03441954, -77.12451696)"
DD5604002R,190010492,Rockville Police Departme,Property Damage Crash,03/06/2019 04:51:00 PM,No,Maryland (State),South,,3,South,20,FEET,LEVEL,HUNGERFORD DR,BEALL AVE #2,,ROCKVILLE,,DRIVER,SAME DIR REAR END,CLEAR,DRY,DAYLIGHT,NO CONTROLS,NONE DETECTED,,OTHER VEHICLE,N/A,N/A,N/A,STRAIGHT,NO DEFECTS,"TWO-WAY, DIVIDED, POSITIVE MEDIAN BARRIER",39.08729167,-77.15011,"(39.08729167, -77.15011)"
MCP2425006L,16018022,Montgomery County Police,Injury Crash,04/13/2016 08:06:00 AM,No,US (State),South,,4,North,0,FEET,LEVEL,COLUMBIA PIKE,MUSGROVE RD,,N/A,,DRIVER,SAME DIR REAR END,CLEAR,DRY,DAYLIGHT,TRAFFIC SIGNAL,NONE DETECTED,,OTHER VEHICLE,N/A,INTERSECTION,FOUR-WAY INTERSECTION,STRAIGHT,NO DEFECTS,"TWO-WAY, DIVIDED, POSITIVE MEDIAN BARRIER",39.06759167,-76.9597,"(39.06759167, -76.9597)"
MCP2008002D,16031638,Montgomery County Police,Injury Crash,06/22/2016 08:04:00 PM,No,,,,,,0,,,,,5802 GROSVENOR LN,,,DRIVER,SINGLE VEHICLE,CLEAR,,DUSK,N/A,NONE DETECTED,,FIXED OBJECT,N/A,,,,,,39.02265333,-77.11638167,"(39.02265333, -77.11638167)"
MCP3068005R,240044334,MONTGOMERY,Property Damage Crash,09/17/2024 05:37:00 PM,No,Maryland (State) Route,Northbound,Lane 3,3,West,1.45,FEET,Level,WISCONSIN AVE,LELAND ST,,,,UNKNOWN,Single Vehicle,Rain,Wet,Daylight,Traffic Control Signal,"Not Suspect of Alcohol Use, Not Suspect of Drug Use",,Other Non-Fixed Object,,Non-Junction,,Straight,No Defects,"Divided, Raised Median (curbed)",38.9800724,-77.09206294,"(38.9800724, -77.09206294)"
MCP2569001P,190058459,Montgomery County Police,Property Damage Crash,12/04/2019 04:36:00 PM,No,Maryland (State),North,ACCELERATION LANE,3,North,10,FEET,LEVEL,ROCKVILLE PIKE,STRATHMORE AVE,,N/A,,DRIVER,SAME DIR REAR END,CLEAR,DRY,DUSK,TRAFFIC SIGNAL,NONE DETECTED,,OTHER VEHICLE,N/A,INTERSECTION RELATED,FOUR-WAY INTERSECTION,CURVE RIGHT,NO DEFECTS,"TWO-WAY, DIVIDED, POSITIVE MEDIAN BARRIER",39.03497833,-77.10677,"(39.03497833, -77.10677)"
MCP2504004L,190037524,Montgomery County Police,Property Damage Crash,08/06/2019 06:47:00 PM,No,County,West,,2,West,0,FEET,HILL UPHILL,TUCKERMAN LA,COLDSTREAM DR,,N/A,,DRIVER,STRAIGHT MOVEMENT ANGLE,RAINING,WET,DAYLIGHT,NO CONTROLS,NONE DETECTED,,OTHER VEHICLE,FIXED OBJECT,INTERSECTION,T-INTERSECTION,STRAIGHT,NO DEFECTS,"TWO-WAY, NOT DIVIDED",39.04694167,-77.18204833,"(39.04694167, -77.18204833)"
MCP268900C6,250001077,MONTGOMERY,Injury Crash,01/09/2025 11:15:00 AM,No,Maryland (State) Route,"Eastbound, Northbound",Lane 1,1,South,0,FEET,Level,FISHER AVE,TOM FOX AVE,,,,DRIVER,Angle,Clear,Wet,Daylight,"No Controls, Stop Sign","Not Suspect of Alcohol Use, Not Suspect of Drug Use, Not Suspect of Alcohol Use, Not Suspect of Drug Use",,Motor Vehicle In Transport,,Intersection or Related,Perpendicular,"Curve Left, Straight",No Defects,Not Divided,39.13519381,-77.40349372,"(39.13519381, -77.40349372)"
MCP26390061,190010425,Montgomery County Police,Property Damage Crash,03/06/2019 11:04:00 AM,No,,,,,,,,,,,PARKING LOT OF 11160 VEIRS MILL RD,,,DRIVER,OTHER,CLEAR,,DAYLIGHT,NO CONTROLS,NONE DETECTED,,OTHER VEHICLE,N/A,,,,,,39.03647,-77.05584167,"(39.03647, -77.05584167)"
MCP2466001W,170517524,Montgomery County Police,Property Damage Crash,07/05/2017 09:57:00 PM,No,County,West,OFF ROAD,3,East,0,FEET,GRADE DOWNHILL,RANDOLPH RD,HAMMONTON RD,,N/A,,UNKNOWN,SINGLE VEHICLE,RAINING,WET,DARK LIGHTS ON,STOP SIGN,NONE DETECTED,,FIXED OBJECT,OFF ROAD,INTERSECTION,FOUR-WAY INTERSECTION,CURVE RIGHT,NO DEFECTS,"TWO-WAY, DIVIDED, POSITIVE MEDIAN BARRIER",39.068685,-77.01561333,"(39.068685, -77.01561333)"
MCP33600013,230059691,Montgomery County Police,Property Damage Crash,10/10/2023 04:16:00 PM,No,County,South,,1,East,0,FEET,LEVEL,RAILROAD ST,CHESTNUT RD,,WASHINGTON GROVE,,DRIVER,SINGLE VEHICLE,CLEAR,DRY,DAYLIGHT,NO CONTROLS,NONE DETECTED,,FIXED OBJECT,N/A,INTERSECTION,T-INTERSECTION,STRAIGHT,NO DEFECTS,"TWO-WAY, NOT DIVIDED",39.13730423,-77.17839412,"(39.13730423, -77.17839412)"
MCP2270003R,240047798,MONTGOMERY,Injury Crash,10/07/2024 08:00:00 AM,No,Maryland (State) Route,"Eastbound, Westbound","Lane 1, Lane 2, Other",2,South,0,FEET,Downhill,RIVER RD (WB/L),WHITTIER BLVD,,,,DRIVER,Rear To Side,Clear,Dry,Daylight,Traffic Control Signal,"Not Suspect of Alcohol Use, Not Suspect of Drug Use, Not Suspect of Alcohol Use, Not Suspect of Drug Use, Not Suspect of Alcohol Use, Not Suspect of Drug Use",,Motor Vehicle In Transport,,Intersection or Related,Angled/Skewed,Straight,No Defects,"Divided, Raised Median (curbed)",38.97577667,-77.125795,"(38.97577667, -77.125795)"
MCP297700BZ,230014337,Montgomery County Police,Property Damage Crash,03/24/2023 04:15:00 PM,No,County,West,,1,West,0,FEET,LEVEL,RUATAN ST,QUEBEC ST,,N/A,,DRIVER,STRAIGHT MOVEMENT ANGLE,RAINING,WET,DAYLIGHT,STOP SIGN,NONE DETECTED,,OTHER VEHICLE,N/A,INTERSECTION,FOUR-WAY INTERSECTION,STRAIGHT,NO DEFECTS,"TWO-WAY, NOT DIVIDED",38.99916333,-76.98930167,"(38.99916333, -76.98930167)"
MCP2311001H,16006973,Montgomery County Police,Property Damage Crash,02/10/2016 06:07:00 PM,No,Municipality,North,,2,South,0,FEET,HILL UPHILL,KENTLANDS BLVD,MARKET ST,,GAITHERSBURG,,DRIVER,SAME DIRECTION RIGHT TURN,CLEAR,DRY,DARK LIGHTS ON,N/A,N/A,,OTHER VEHICLE,N/A,INTERSECTION,ROUNDABOUT,STRAIGHT,N/A,"TWO-WAY, DIVIDED, POSITIVE MEDIAN BARRIER",39.12323,-77.23483833,"(39.12323, -77.23483833)"
MCP106400B2,200013017,Montgomery County Police,Property Damage Crash,03/17/2020 02:50:00 PM,No,US (State),North,LEFT TURN LANE,3,North,0,FEET,GRADE DOWNHILL,GEORGIA AVE,WAYNE AVE,,N/A,,DRIVER,SAME DIRECTION SIDESWIPE,CLEAR,DRY,DAYLIGHT,TRAFFIC SIGNAL,N/A,,OTHER VEHICLE,N/A,INTERSECTION,FOUR-WAY INTERSECTION,STRAIGHT,NO DEFECTS,"TWO-WAY, DIVIDED, POSITIVE MEDIAN BARRIER",38.99408167,-77.02667667,"(38.99408167, -77.02667667)"
MCP3052000Y,170549201,Montgomery County Police,Injury Crash,12/18/2017 06:53:00 AM,Yes,Maryland (State),South,,3,North,300,FEET,LEVEL,FREDERICK RD,SPUR TO SHADY GROVE RD,,N/A,,DRIVER,SAME DIR REAR END,CLEAR,WET,DUSK,NO CONTROLS,"N/A, UNKNOWN",,OTHER VEHICLE,FIXED OBJECT,NON INTERSECTION,N/A,STRAIGHT,NO DEFECTS,"TWO-WAY, DIVIDED, POSITIVE MEDIAN BARRIER",39.12157167,-77.17674667,"(39.12157167, -77.17674667)"
MCP2195004J,210044094,Montgomery County Police,Property Damage Crash,11/01/2021 01:53:00 PM,No,,,,,,,,,,,PARKING LOT 7LOX,,,DRIVER,OTHER,CLEAR,,DAYLIGHT,NO CONTROLS,NONE DETECTED,,OTHER VEHICLE,N/A,,,,,,39.0657,-77.15937667,"(39.0657, -77.15937667)"
DD5611004B,180003307,Rockville Police Departme,Property Damage Crash,01/20/2018 02:45:00 PM,No,Maryland (State),West,,1,West,10,FEET,LEVEL,W MONTGOMERY AVE,ADCLARE RD,,ROCKVILLE,,DRIVER,SAME DIR REAR END,CLEAR,DRY,DAYLIGHT,NO CONTROLS,NONE DETECTED,,OTHER VEHICLE,N/A,N/A,N/A,STRAIGHT,NO DEFECTS,"TWO-WAY, DIVIDED, POSITIVE MEDIAN BARRIER",39.08536333,-77.16919,"(39.08536333, -77.16919)"
MCP209400F1,190025912,Montgomery County Police,Injury Crash,05/31/2019 07:29:00 AM,No,County,East,,3,East,0,FEET,LEVEL,MONTROSE RD,TILDENWOOD DR,,ROCKVILLE,,DRIVER,STRAIGHT MOVEMENT ANGLE,CLEAR,DRY,DAYLIGHT,TRAFFIC SIGNAL,NONE DETECTED,,OTHER VEHICLE,OFF ROAD,N/A,FOUR-WAY INTERSECTION,STRAIGHT,NO DEFECTS,"TWO-WAY, DIVIDED, POSITIVE MEDIAN BARRIER",39.05358,-77.13818667,"(39.05358, -77.13818667)"
MCP2351004T,220049066,Montgomery County Police,Property Damage Crash,11/05/2022 01:30:00 AM,Yes,,,,,,,,,,,"IN PARKINGLOT ADJ 12415 BRAXFIELD COURT, ROCKVILLE, MD",,,DRIVER,UNKNOWN,CLEAR,,DARK -- UNKNOWN LIGHTING,N/A,UNKNOWN,,PARKED VEHICLE,N/A,,,,,,39.05965349,-77.10513205,"(39.05965349, -77.10513205)"
MCP3229001S,230071026,Montgomery County Police,Property Damage Crash,12/11/2023 08:15:00 AM,No,County,East,OTHER,1,South,50,FEET,LEVEL,ALLAN RD,NEWPORT AVE,,N/A,,DRIVER,SAME DIRECTION SIDESWIPE,CLEAR,WET,DAYLIGHT,NO CONTROLS,NONE DETECTED,,OTHER VEHICLE,N/A,N/A,N/A,STRAIGHT,N/A,"TWO-WAY, NOT DIVIDED",38.95429683,-77.10145583,"(38.95429683, -77.10145583)"
MCP3074002L,180058171,Montgomery County Police,Property Damage Crash,11/20/2018 09:17:00 AM,No,US (State),South,,4,North,0,FEET,LEVEL,COLESVILLE RD,UNIVERSITY BLVD E,,N/A,,DRIVER,SAME DIRECTION SIDESWIPE,CLEAR,DRY,DAYLIGHT,TRAFFIC SIGNAL,N/A,,OTHER VEHICLE,N/A,INTERSECTION,FOUR-WAY INTERSECTION,STRAIGHT,NO DEFECTS,"TWO-WAY, DIVIDED, POSITIVE MEDIAN BARRIER",39.02038016,-77.01281333,"(39.02038016, -77.01281333)"
MCP2535000T,17006543,Montgomery County Police,Injury Crash,02/06/2017 06:59:00 PM,No,Maryland (State),East,,3,East,80,FEET,LEVEL,VEIRS MILL RD,ANDREW ST,,N/A,,DRIVER,SAME DIR REAR END,CLEAR,DRY,DARK LIGHTS ON,TRAFFIC SIGNAL,NONE DETECTED,,OTHER VEHICLE,OTHER VEHICLE,INTERSECTION RELATED,T-INTERSECTION,STRAIGHT,NO DEFECTS,"TWO-WAY, DIVIDED, POSITIVE MEDIAN BARRIER",39.05010667,-77.07234167,"(39.05010667, -77.07234167)"
MCP2192001N,16018035,Montgomery County Police,Property Damage Crash,04/13/2016 10:14:00 AM,No,Maryland (State),North,,3,North,0,FEET,HILL CREST,16TH ST,EAST WEST HWY,,N/A,,DRIVER,SAME DIRECTION RIGHT TURN,CLEAR,DRY,DAYLIGHT,TRAFFIC SIGNAL,NONE DETECTED,,OTHER VEHICLE,N/A,INTERSECTION,FOUR-WAY INTERSECTION,STRAIGHT,NO DEFECTS,"TWO-WAY, DIVIDED, POSITIVE MEDIAN BARRIER",38.99440333,-77.03610667,"(38.99440333, -77.03610667)"
MCP2934002Z,170544328,Montgomery County Police,Injury Crash,11/22/2017 01:56:00 PM,No,County,East,,2,West,0,FEET,LEVEL,TUCKERMAN LA,CEDARWOOD DR,,N/A,,DRIVER,HEAD ON LEFT TURN,CLEAR,DRY,DAYLIGHT,NO CONTROLS,NONE DETECTED,,OTHER VEHICLE,N/A,INTERSECTION,T-INTERSECTION,STRAIGHT,NO DEFECTS,"TWO-WAY, NOT DIVIDED",39.0341535,-77.1229375,"(39.0341535, -77.1229375)"
MCP3127000W,180025736,Montgomery County Police,Injury Crash,05/25/2018 04:40:00 PM,No,County,North,,2,North,0.1,MILE,GRADE DOWNHILL,SEVEN LOCKS RD,CHARLESTON DR,,N/A,,DRIVER,SINGLE VEHICLE,CLEAR,DRY,DAYLIGHT,NO CONTROLS,ALCOHOL CONTRIBUTED,,FIXED OBJECT,FIXED OBJECT,NON INTERSECTION,N/A,STRAIGHT,NO DEFECTS,"TWO-WAY, NOT DIVIDED",39.01727481,-77.16056585,"(39.01727481, -77.16056585)"
MCP3079003B,210000965,Montgomery County Police,Property Damage Crash,01/08/2021 02:53:00 PM,No,Maryland (State),North,,2,North,0,FEET,LEVEL,GERMANTOWN RD,CROSSOVER,,N/A,,DRIVER,STRAIGHT MOVEMENT ANGLE,CLEAR,DRY,DAYLIGHT,TRAFFIC SIGNAL,NONE DETECTED,,OTHER VEHICLE,N/A,INTERSECTION,T-INTERSECTION,STRAIGHT,NO DEFECTS,"TWO-WAY, DIVIDED, POSITIVE MEDIAN BARRIER",39.18323735,-77.25705191,"(39.18323735, -77.25705191)"
MCP3171000M,190017693,Montgomery County Police,Injury Crash,04/15/2019 10:02:00 PM,No,County,North,,1,South,0,FEET,GRADE DOWNHILL,MATENY RD,QUIET OAK LA,,N/A,,DRIVER,STRAIGHT MOVEMENT ANGLE,CLEAR,DRY,DARK LIGHTS ON,STOP SIGN,NONE DETECTED,,OTHER VEHICLE,N/A,INTERSECTION,T-INTERSECTION,STRAIGHT,NO DEFECTS,"TWO-WAY, NOT DIVIDED",39.16415333,-77.27232333,"(39.16415333, -77.27232333)"
MCP3123004P,220047172,Montgomery County Police,Injury Crash,10/27/2022 01:08:00 PM,No,County,North,,2,North,150,FEET,HILL CREST,TWINBROOK PKWY,VEIRS MILL RD,,N/A,PEDESTRIAN,NONMOTORIST,OTHER,CLEAR,DRY,DAYLIGHT,N/A,N/A,N/A,PEDESTRIAN,N/A,NON INTERSECTION,N/A,STRAIGHT,NO DEFECTS,"TWO-WAY, NOT DIVIDED",39.07306,-77.11221131,"(39.07306, -77.11221131)"
MCP3010000X,16023363,Montgomery County Police,Property Damage Crash,05/11/2016 01:27:00 PM,Yes,,,,,,0,,,,,INTERSECTION COMING OUT FROM 9520 GEORGIA AVE (CVS),,,DRIVER,SAME DIRECTION SIDESWIPE,UNKNOWN,,DAYLIGHT,TRAFFIC SIGNAL,"N/A, UNKNOWN",,OTHER VEHICLE,N/A,,,,,,39.00955645,-77.04137519,"(39.00955645, -77.04137519)"
MCP3021006J,230027571,Montgomery County Police,Injury Crash,06/08/2023 01:58:00 PM,No,,,,,,,,,,,12210 PLUM ORCHARD DR,,PEDESTRIAN,BOTH,SINGLE VEHICLE,CLEAR,,DAYLIGHT,NO CONTROLS,NONE DETECTED,NONE DETECTED,PEDESTRIAN,N/A,,,,,,39.05798167,-76.95751667,"(39.05798167, -76.95751667)"
DD5631002B,190032612,Rockville Police Departme,Property Damage Crash,07/09/2019 03:15:00 PM,No,,,,,,,,,,,"111 MARYLAND AVENUE ROCKVILLE, MD",,,DRIVER,SINGLE VEHICLE,CLEAR,,DAYLIGHT,NO CONTROLS,NONE DETECTED,,FIXED OBJECT,N/A,,,,,,39.08165833,-77.15231,"(39.08165833, -77.15231)"
MCP2726006S,220021971,Montgomery County Police,Injury Crash,05/23/2022 02:41:00 PM,No,County,South,,3,South,150,FEET,LEVEL,SHADY GROVE RD,EPSILON DR,,N/A,,DRIVER,SAME DIR REAR END,CLEAR,DRY,DAYLIGHT,TRAFFIC SIGNAL,N/A,,OTHER VEHICLE,N/A,INTERSECTION RELATED,FOUR-WAY INTERSECTION,STRAIGHT,NO DEFECTS,"TWO-WAY, DIVIDED, POSITIVE MEDIAN BARRIER",39.13658641,-77.15523739,"(39.13658641, -77.15523739)"
MCP2349000T,16015859,Montgomery County Police,Injury Crash,04/01/2016 05:22:00 AM,No,Maryland (State),North,,2,North,40,FEET,LEVEL,CLARKSBURG RD,ASCOT SQUARE CT,,N/A,,DRIVER,SINGLE VEHICLE,N/A,DRY,DARK NO LIGHTS,NO CONTROLS,NONE DETECTED,,FIXED OBJECT,N/A,NON INTERSECTION,N/A,CURVE LEFT,NO DEFECTS,"TWO-WAY, NOT DIVIDED",39.19715333,-77.30475,"(39.19715333, -77.30475)"
MCP32000062,220029875,Montgomery County Police,Property Damage Crash,07/12/2022 08:25:00 AM,No,County,West,,1,West,0,FEET,LEVEL,GREENTREE RD,BRADMOOR DR,,N/A,,DRIVER,SAME DIR REND LEFT TURN,CLEAR,DRY,DAYLIGHT,STOP SIGN,NONE DETECTED,,OTHER VEHICLE,N/A,INTERSECTION,FOUR-WAY INTERSECTION,STRAIGHT,NO DEFECTS,"TWO-WAY, NOT DIVIDED",39.00120333,-77.12241683,"(39.00120333, -77.12241683)"
MCP2968000T,15041885,MONTGOMERY,Property Damage Crash,08/21/2015 02:01:00 PM,No,Maryland (State),East,,4,East,0,FEET,LEVEL,DARNESTOWN RD,BLACKBERRY DR,,N/A,BICYCLIST,DRIVER,SINGLE VEHICLE,CLEAR,DRY,DAYLIGHT,TRAFFIC SIGNAL,N/A,N/A,OTHER VEHICLE,N/A,INTERSECTION,FOUR-WAY INTERSECTION,STRAIGHT,NO DEFECTS,"TWO-WAY, DIVIDED, UNPROTECTED PAINTED MIN 4 FEET",39.11539443,-77.24898219,"(39.11539443, -77.24898219)"
MCP296900BC,210039756,Montgomery County Police,Injury Crash,10/06/2021 07:21:00 AM,No,County,West,,3,East,0,FEET,LEVEL,RANDOLPH RD,MIDDLEVALE LA,,N/A,,DRIVER,STRAIGHT MOVEMENT ANGLE,RAINING,WET,DAWN,TRAFFIC SIGNAL,NONE DETECTED,,OTHER VEHICLE,N/A,INTERSECTION,FOUR-WAY INTERSECTION,STRAIGHT,NO DEFECTS,"TWO-WAY, DIVIDED, POSITIVE MEDIAN BARRIER",39.06415,-77.03959833,"(39.06415, -77.03959833)"
MCP30180019,170524271,Montgomery County Police,Injury Crash,08/09/2017 09:00:00 AM,No,,,,,,,,,,,"PARKING LOT OF PANERA BREAD LOCATED AT 8541 GEORGIA AVENUE, SILVER SPRING, MD 20901",,PEDESTRIAN,DRIVER,OTHER,CLEAR,,DAYLIGHT,NO CONTROLS,UNKNOWN,UNKNOWN,PEDESTRIAN,N/A,,,,,,38.9960736,-77.02783942,"(38.9960736, -77.02783942)"
MCP1550004W,230069469,Montgomery County Police,Property Damage Crash,12/02/2023 12:22:00 PM,Yes,,,,,,,,,,,PARKING LOT AT 6831 WISCONSIN AVE,,,DRIVER,OTHER,CLOUDY,,DAYLIGHT,NO CONTROLS,N/A,,PARKED VEHICLE,N/A,,,,,,38.98013205,-77.09015703,"(38.98013205, -77.09015703)"
MCP2969008P,200003725,Montgomery County Police,Property Damage Crash,01/23/2020 07:29:00 AM,No,County,North,,1,North,100,FEET,HILL UPHILL,JAYSTONE DR,FIELDSTONE RD,,N/A,,DRIVER,STRAIGHT MOVEMENT ANGLE,CLEAR,DRY,DAYLIGHT,NO CONTROLS,NONE DETECTED,,OTHER VEHICLE,N/A,RESIDENTIAL DRIVEWAY,T-INTERSECTION,STRAIGHT,NO DEFECTS,"TWO-WAY, NOT DIVIDED",39.10074667,-77.021205,"(39.10074667, -77.021205)"
MCP3058003Y,200048566,Montgomery County Police,Property Damage Crash,12/09/2020 06:30:00 PM,No,County,West,,2,North,0,FEET,LEVEL,BOU AVE,CHAPMAN AVE,,N/A,,DRIVER,STRAIGHT MOVEMENT ANGLE,CLEAR,DRY,DARK LIGHTS ON,TRAFFIC SIGNAL,NONE DETECTED,,OTHER VEHICLE,FIXED OBJECT,INTERSECTION,FOUR-WAY INTERSECTION,STRAIGHT,NO DEFECTS,"TWO-WAY, NOT DIVIDED",39.05700333,-77.11773667,"(39.05700333, -77.11773667)"
MCP2708005W,190058916,Montgomery County Police,Property Damage Crash,12/06/2019 07:55:00 PM,Yes,Maryland (State),North,,3,North,0,FEET,LEVEL,NEW HAMPSHIRE AVE,OAKVIEW DR,,N/A,,DRIVER,SAME DIR REAR END,CLEAR,DRY,DARK LIGHTS ON,NO CONTROLS,"NONE DETECTED, UNKNOWN",,OTHER VEHICLE,OTHER VEHICLE,NON INTERSECTION,N/A,STRAIGHT,NO DEFECTS,"TWO-WAY, DIVIDED, POSITIVE MEDIAN BARRIER",39.0129753,-76.97842522,"(39.0129753, -76.97842522)"
MCP3328004W,250028723,MONTGOMERY,Property Damage Crash,06/27/2025 05:26:00 PM,No,County Route,Northbound,Lane 1,2,West,0.86,FEET,Level,DAHILL RD,CHARLES RD GARRETT PARK RD,,,,DRIVER,Front to Rear,Rain,Wet,Daylight,Stop Sign,"Not Suspect of Alcohol Use, Not Suspect of Drug Use, Not Suspect of Alcohol Use, Not Suspect of Drug Use",,Motor Vehicle In Transport,,Non-Junction,,Straight,No Defects,Not Divided,39.04794419,-77.08171237,"(39.04794419, -77.08171237)"
MCP1438004N,170516174,Montgomery County Police,Property Damage Crash,06/28/2017 09:28:00 AM,No,County,West,,3,North,0,FEET,LEVEL,SHADY GROVE RD,TUPELO DR,,N/A,,DRIVER,SAME DIR REAR END,CLEAR,DRY,DAYLIGHT,TRAFFIC SIGNAL,NONE DETECTED,,OTHER VEHICLE,OTHER VEHICLE,INTERSECTION,FOUR-WAY INTERSECTION,STRAIGHT,NO DEFECTS,"TWO-WAY, DIVIDED, POSITIVE MEDIAN BARRIER",39.13831466,-77.15362497,"(39.13831466, -77.15362497)"
MCP32110030,220042255,Montgomery County Police,Injury Crash,09/28/2022 09:34:00 AM,No,Maryland (State),South,,2,North,0,FEET,LEVEL,OLD GEORGETOWN RD,RYLAND DR,,N/A,,DRIVER,SAME DIR REAR END,CLEAR,DRY,DAYLIGHT,TRAFFIC SIGNAL,"N/A, NONE DETECTED",,OTHER VEHICLE,N/A,INTERSECTION,FOUR-WAY INTERSECTION,STRAIGHT,NO DEFECTS,"TWO-WAY, DIVIDED, POSITIVE MEDIAN BARRIER",39.01217783,-77.11679812,"(39.01217783, -77.11679812)"
MCP15800066,16047086,Montgomery County Police,Injury Crash,09/14/2016 09:36:00 AM,No,Maryland (State),West,,2,West,0,FEET,LEVEL,W DIAMOND AVE,ENT TO CHURCH,,N/A,,DRIVER,STRAIGHT MOVEMENT ANGLE,CLEAR,DRY,DAYLIGHT,NO CONTROLS,NONE DETECTED,,OTHER VEHICLE,N/A,OTHER DRIVEWAY,N/A,STRAIGHT,NO DEFECTS,"TWO-WAY, NOT DIVIDED",39.14063,-77.206965,"(39.14063, -77.206965)"
MCP27800042,180040949,Montgomery County Police,Injury Crash,08/17/2018 02:43:00 PM,No,Maryland (State),West,,2,East,0,FEET,HILL CREST,CLOPPER RD,KINGSVIEW VILLAGE AVE,,N/A,BICYCLIST,NONMOTORIST,OTHER,N/A,DRY,DAYLIGHT,TRAFFIC SIGNAL,N/A,NONE DETECTED,BICYCLE,N/A,INTERSECTION,FOUR-WAY INTERSECTION,STRAIGHT,NO DEFECTS,"TWO-WAY, DIVIDED, POSITIVE MEDIAN BARRIER",39.16089167,-77.27955,"(39.16089167, -77.27955)"