Report Number,Local Case Number,Agency Name,ACRS Report Type,Crash Date/Time,Hit/Run,Route Type,Lane Direction,Lane Type,Number of Lanes,Direction,Distance,Distance Unit,Road Grade,Road Name,Cross-Street Name,Off-Road Description,Municipality,Related Non-Motorist,At Fault,Collision Type,Weather,Surface Condition,Light,Traffic Control,Driver Substance Abuse,Non-Motorist Substance Abuse,First Harmful Event,Second Harmful Event,Junction,Intersection Type,Road Alignment,Road Condition,Road Division,Latitude,Longitude,Location
MCP2460000D,15064117,MONTGOMERY,Property Damage Crash,12/15/2015 07:43:00 PM,No,County,East,,2,East,0,FEET,LEVEL,BYRON ST,PARKER AVE,,N/A,,DRIVER,SAME DIR REAR END,CLEAR,DRY,DARK LIGHTS ON,NO CONTROLS,NONE DETECTED,,PARKED VEHICLE,N/A,INTERSECTION,FOUR-WAY INTERSECTION,STRAIGHT,NO DEFECTS,"TWO-WAY, NOT DIVIDED",39.04667333,-77.05023667,"(39.04667333, -77.05023667)"
MCP3372002G,240017039,MONTGOMERY,Property Damage Crash,04/12/2024 03:56:00 PM,No,County Route,Northbound,Lane 1,4,North,9.52,FEET,Level,CONNECTICUT AVE,GRAND PRE RD,,,,UNKNOWN,Front to Rear,Clear,Dry,Daylight,No Controls,"Not Suspect of Alcohol Use, Not Suspect of Drug Use, Not Suspect of Alcohol Use, Not Suspect of Drug Use",,Motor Vehicle In Transport,,Non-Junction,,Straight,No Defects,"Divided, Depressed Median",39.08678388,-77.07378708,"(39.08678388, -77.07378708)"
DM8497001K,220056369,Takoma Park Police Depart,Property Damage Crash,12/20/2022 09:20:00 AM,No,Municipality,North,,4,West,0,FEET,GRADE DOWNHILL,KIRKLYNN AVE,NEW HAMPSHIRE AVE,,N/A,,DRIVER,SAME DIRECTION LEFT TURN,CLEAR,DRY,DAYLIGHT,N/A,N/A,,OTHER VEHICLE,FIXED OBJECT,INTERSECTION,FOUR-WAY INTERSECTION,STRAIGHT,NO DEFECTS,"TWO-WAY, DIVIDED, POSITIVE MEDIAN BARRIER",38.98835277,-76.98791908,"(38.98835277, -76.98791908)"
MCP2516005W,250004851,MONTGOMERY,Property Damage Crash,02/03/2025 06:14:00 AM,No,County Route,Eastbound,Off Road,2,North,81.23,FEET,Level,BRINK RD,,,,,DRIVER,Single Vehicle,Clear,Dry,Dark - Lighted,No Controls,"Not Suspect of Alcohol Use, Not Suspect of Drug Use",,"Other Post, Pole, Or Support",,Non-Junction,,Straight,No Defects,"Divided, Raised Median (curbed)",39.20985745,-77.23888542,"(39.20985745, -77.23888542)"
DD56110042,170549131,Rockville Police Departme,Property Damage Crash,12/17/2017 04:05:00 PM,Yes,,,,,,,,,,,1601 ROCKVILLE PIKE SUNOCO PARKING LOT,,,DRIVER,OPPOSITE DIRECTION SIDESWIPE,CLEAR,,DAYLIGHT,N/A,"NONE DETECTED, UNKNOWN",,PARKED VEHICLE,N/A,,,,,,39.06566667,-77.127645,"(39.06566667, -77.127645)"
MCP2690000Z,15034112,MONTGOMERY,Injury Crash,07/11/2015 09:54:00 PM,No,Maryland (State),East,,3,East,500,FEET,LEVEL,UNIVERSITY BLVD W,GABEL ST,,N/A,,DRIVER,SAME DIR REAR END,CLEAR,DRY,DARK LIGHTS ON,NO CONTROLS,NONE DETECTED,,OTHER VEHICLE,N/A,NON INTERSECTION,N/A,STRAIGHT,NO DEFECTS,"TWO-WAY, DIVIDED, POSITIVE MEDIAN BARRIER",39.03111833,-77.02226833,"(39.03111833, -77.02226833)"
MCP3004004H,240055523,MONTGOMERY,Property Damage Crash,11/19/2024 04:58:00 PM,No,County Route,"Eastbound, Southbound","Lane 1, Left Turn Lane",4,South,0,FEET,Level,,RUGBY AVE,,,,UNKNOWN,Other,Clear,Dry,Dark - Lighted,No Controls,"Not Suspect of Alcohol Use, Not Suspect of Drug Use, Not Suspect of Alcohol Use, Not Suspect of Drug Use",,Motor Vehicle In Transport,,Intersection or Related,Angled/Skewed,Straight,No Defects,Not Divided,38.99135517,-77.09677718,"(38.99135517, -77.09677718)"
MCP2859006L,190009811,Montgomery County Police,Property Damage Crash,03/02/2019 10:40:00 AM,No,County,North,,2,South,50,FEET,LEVEL,WASHINGTON GROVE LA,RAILROAD ST,,N/A,,DRIVER,SAME DIRECTION SIDESWIPE,CLEAR,WET,DAYLIGHT,NO CONTROLS,NONE DETECTED,,OTHER VEHICLE,N/A,N/A,N/A,STRAIGHT,NO DEFECTS,"TWO-WAY, NOT DIVIDED",39.13842,-77.17946167,"(39.13842, -77.17946167)"
MCP2639005S,190004692,Montgomery County Police,Injury Crash,01/30/2019 08:30:00 AM,No,Maryland (State),North,,3,North,0,FEET,LEVEL,LAYHILL RD,NORBECK RD,,N/A,,DRIVER,STRAIGHT MOVEMENT ANGLE,CLEAR,WET,DAYLIGHT,TRAFFIC SIGNAL,NONE DETECTED,,OTHER VEHICLE,FIXED OBJECT,INTERSECTION,FOUR-WAY INTERSECTION,STRAIGHT,NO DEFECTS,"TWO-WAY, DIVIDED, POSITIVE MEDIAN BARRIER",39.12081667,-77.03361333,"(39.12081667, -77.03361333)"
DD5600000P,16015030,Rockville Police Departme,Property Damage Crash,03/27/2016 03:00:00 PM,No,Maryland (State),East,,2,East,0,FEET,LEVEL,VEIRS MILL RD,BROADWOOD DR,,ROCKVILLE,,DRIVER,SAME DIR REAR END,CLOUDY,DRY,DAYLIGHT,TRAFFIC SIGNAL,N/A,,OTHER VEHICLE,N/A,INTERSECTION,FOUR-WAY INTERSECTION,STRAIGHT,NO DEFECTS,"TWO-WAY, NOT DIVIDED",39.09862833,-77.13085167,"(39.09862833, -77.13085167)"
MCP2680001W,15057391,MONTGOMERY,Property Damage Crash,11/10/2015 05:15:00 PM,No,Maryland (State),North,LEFT TURN LANE,1,North,0,FEET,LEVEL,PINEY BRANCH RD,MISSISSIPPI AVE,,N/A,,DRIVER,STRAIGHT MOVEMENT ANGLE,RAINING,WET,DARK LIGHTS ON,STOP SIGN,NONE DETECTED,,OTHER VEHICLE,N/A,INTERSECTION,FOUR-WAY INTERSECTION,STRAIGHT,NO DEFECTS,"TWO-WAY, NOT DIVIDED",38.98933833,-77.01115,"(38.98933833, -77.01115)"
MCP2771001F,220056949,Montgomery County Police,Injury Crash,12/23/2022 10:35:00 AM,No,Maryland (State),South,,3,North,0,FEET,GRADE DOWNHILL,GEORGIA AVE,HEATHFIELD RD,,N/A,,DRIVER,STRAIGHT MOVEMENT ANGLE,SEVERE WINDS,WET,DAYLIGHT,TRAFFIC SIGNAL,N/A,,OTHER VEHICLE,N/A,INTERSECTION,FOUR-WAY INTERSECTION,STRAIGHT,NO DEFECTS,"TWO-WAY, DIVIDED, POSITIVE MEDIAN BARRIER",39.08759167,-77.08003333,"(39.08759167, -77.08003333)"
MCP30300023,190006899,Montgomery County Police,Property Damage Crash,02/12/2019 05:45:00 PM,No,County,North,,2,North,480,FEET,LEVEL,WESTBARD AVE,WESTBARD CIR,,N/A,,DRIVER,HEAD ON LEFT TURN,RAINING,WET,DARK LIGHTS ON,NO CONTROLS,"N/A, NONE DETECTED",,OTHER VEHICLE,N/A,INTERSECTION RELATED,T-INTERSECTION,STRAIGHT,NO DEFECTS,"TWO-WAY, DIVIDED, UNPROTECTED PAINTED MIN 4 FEET",38.96355,-77.1066,"(38.96355, -77.1066)"
MCP2664002C,16043033,Montgomery County Police,Injury Crash,08/24/2016 02:32:00 PM,No,Maryland (State),North,,3,North,0,FEET,LEVEL,GEORGIA AVE,SHOREFIELD RD,,N/A,,DRIVER,STRAIGHT MOVEMENT ANGLE,CLEAR,DRY,DAYLIGHT,TRAFFIC SIGNAL,NONE DETECTED,,OTHER VEHICLE,OTHER VEHICLE,INTERSECTION,FOUR-WAY INTERSECTION,STRAIGHT,NO DEFECTS,"TWO-WAY, DIVIDED, POSITIVE MEDIAN BARRIER",39.05292333,-77.05081167,"(39.05292333, -77.05081167)"
MCP3262003H,230062533,Montgomery County Police,Property Damage Crash,10/25/2023 02:43:00 PM,No,Maryland (State),East,,2,East,100,FEET,LEVEL,OLD COLUMBIA PIKE,ENT TO OLD COLUMBIA SHOPPING CENTER,,N/A,,DRIVER,ANGLE MEETS RIGHT TURN,CLEAR,DRY,DAYLIGHT,NO CONTROLS,NONE DETECTED,,OTHER VEHICLE,OTHER VEHICLE,N/A,N/A,STRAIGHT,NO DEFECTS,OTHER,39.112059,-76.93333967,"(39.112059, -76.93333967)"
MCP2354001G,200022909,Montgomery County Police,Injury Crash,06/11/2020 02:08:00 AM,No,Interstate (State),South,,3,East,100,FEET,GRADE DOWNHILL,CAPITAL BELTWAY,IS 270Y (SB/L),,N/A,,DRIVER,SINGLE VEHICLE,RAINING,WET,DARK NO LIGHTS,NO CONTROLS,NONE DETECTED,,FIXED OBJECT,OTHER NON COLLISION,NON INTERSECTION,N/A,CURVE LEFT,NO DEFECTS,ONE-WAY TRAFFICWAY,39.011985,-77.15047667,"(39.011985, -77.15047667)"
MCP2991002V,180032941,Montgomery County Police,Property Damage Crash,07/04/2018 06:14:00 AM,No,County,North,,2,North,1.1,FEET,LEVEL,TIVOLI LAKE BLVD,HUGO CIR,,N/A,,DRIVER,SAME DIR REAR END,CLEAR,DRY,DAYLIGHT,NO CONTROLS,NONE DETECTED,,OTHER VEHICLE,OTHER VEHICLE,N/A,N/A,STRAIGHT,NO DEFECTS,"TWO-WAY, NOT DIVIDED",39.07421667,-77.03128667,"(39.07421667, -77.03128667)"
MCP26410020,210010480,Montgomery County Police,Property Damage Crash,03/20/2021 10:10:00 AM,No,County,East,,1,West,10,FEET,LEVEL,FIELDCREST RD,OLNEY LAYTONSVILLE RD,,N/A,,DRIVER,OPPOSITE DIRECTION SIDESWIPE,CLEAR,DRY,DAYLIGHT,TRAFFIC SIGNAL,NONE DETECTED,,OTHER VEHICLE,N/A,INTERSECTION RELATED,FOUR-WAY INTERSECTION,STRAIGHT,NO DEFECTS,"TWO-WAY, DIVIDED, UNPROTECTED PAINTED MIN 4 FEET",39.18885667,-77.12119833,"(39.18885667, -77.12119833)"
MCP3030004R,220025639,Montgomery County Police,Injury Crash,06/14/2022 05:42:00 PM,No,Maryland (State),West,,2,West,20,FEET,LEVEL,MASSACHUSETTS AVE,BRILEY PL,,N/A,,DRIVER,HEAD ON,CLEAR,DRY,DAYLIGHT,NO CONTROLS,N/A,,OTHER VEHICLE,N/A,NON INTERSECTION,N/A,STRAIGHT,NO DEFECTS,"TWO-WAY, DIVIDED, UNPROTECTED PAINTED MIN 4 FEET",38.96021283,-77.11398333,"(38.96021283, -77.11398333)"
MCP3060003N,220045820,Montgomery County Police,Property Damage Crash,10/19/2022 08:42:00 AM,No,Maryland (State),South,OTHER,2,North,0,FEET,LEVEL,OLD GEORGETOWN RD,WILSON LA,,N/A,,DRIVER,HEAD ON LEFT TURN,CLEAR,DRY,DAYLIGHT,TRAFFIC SIGNAL,NONE DETECTED,,OTHER VEHICLE,N/A,INTERSECTION,FOUR-WAY INTERSECTION,STRAIGHT,NO DEFECTS,"TWO-WAY, DIVIDED, UNPROTECTED PAINTED MIN 4 FEET",38.98701833,-77.098865,"(38.98701833, -77.098865)"
MCP9379002L,190031724,Montgomery County Police,Injury Crash,07/03/2019 02:50:00 PM,No,County,East,,6,South,5,FEET,LEVEL,SHADY GROVE RD,MT PLEASANT AVE,,N/A,,DRIVER,SAME DIR REAR END,CLEAR,DRY,DAYLIGHT,TRAFFIC SIGNAL,NONE DETECTED,,OTHER VEHICLE,N/A,INTERSECTION RELATED,FOUR-WAY INTERSECTION,STRAIGHT,NO DEFECTS,"TWO-WAY, DIVIDED, POSITIVE MEDIAN BARRIER",39.11995833,-77.18098,"(39.11995833, -77.18098)"
MCP3129002M,200047709,Montgomery County Police,Property Damage Crash,12/03/2020 08:25:00 PM,Yes,County,East,,2,East,0,FEET,LEVEL,RANDOLPH RD,NEW HAMPSHIRE AVE,,N/A,,DRIVER,SAME DIR REAR END,CLEAR,DRY,DARK LIGHTS ON,TRAFFIC SIGNAL,"NONE DETECTED, UNKNOWN",,OTHER VEHICLE,N/A,INTERSECTION,FOUR-WAY INTERSECTION,STRAIGHT,NO DEFECTS,"TWO-WAY, DIVIDED, POSITIVE MEDIAN BARRIER",39.07568296,-77.00214684,"(39.07568296, -77.00214684)"
MCP3094003Z,240008927,MONTGOMERY,Injury Crash,02/23/2024 04:49:00 PM,No,Maryland (State) Route,Northbound,Lane 1,2,North,36.53,FEET,Level,MUNCASTER MILL RD,,,,,UNKNOWN,Front to Rear,Clear,Dry,Daylight,No Controls,"Not Suspect of Alcohol Use, Not Suspect of Drug Use, Not Suspect of Alcohol Use, Not Suspect of Drug Use",,Motor Vehicle In Transport,,Non-Junction,,Straight,No Defects,Not Divided,39.13169441,-77.12053699,"(39.13169441, -77.12053699)"
MCP3021000B,17009671,Montgomery County Police,Property Damage Crash,02/22/2017 11:45:00 PM,No,Maryland (State),South,,4,East,0,FEET,LEVEL,UNIVERSITY BLVD E,COLESVILLE RD,,N/A,,DRIVER,STRAIGHT MOVEMENT ANGLE,CLEAR,DRY,DARK LIGHTS ON,TRAFFIC SIGNAL,NONE DETECTED,,OTHER VEHICLE,N/A,INTERSECTION,FOUR-WAY INTERSECTION,STRAIGHT,NO DEFECTS,"TWO-WAY, DIVIDED, POSITIVE MEDIAN BARRIER",39.0197,-77.01338833,"(39.0197, -77.01338833)"
EJ7809003Q,230025957,Gaithersburg Police Depar,Injury Crash,05/30/2023 06:40:00 PM,No,Municipality,North,,1,West,5,FEET,LEVEL,W DEER PARK RD,MUDDY BRANCH RD,,N/A,,DRIVER,SAME DIR REAR END,CLEAR,DRY,DAYLIGHT,YIELD SIGN,NONE DETECTED,,OTHER VEHICLE,N/A,NON INTERSECTION,N/A,CURVE RIGHT,NO DEFECTS,ONE-WAY TRAFFICWAY,39.1350756,-77.20561113,"(39.1350756, -77.20561113)"
MCP2354001Q,220028635,Montgomery County Police,Injury Crash,07/04/2022 02:32:00 AM,Yes,County,East,LEFT TURN LANE,2,East,0,FEET,GRADE DOWNHILL,MONTROSE RD,MONTROSE RD (AHEAD),,N/A,,DRIVER,HEAD ON LEFT TURN,CLEAR,DRY,DARK LIGHTS ON,TRAFFIC SIGNAL,"NONE DETECTED, UNKNOWN",,OTHER VEHICLE,N/A,INTERSECTION,T-INTERSECTION,STRAIGHT,NO DEFECTS,"TWO-WAY, DIVIDED, POSITIVE MEDIAN BARRIER",39.0532,-77.13597333,"(39.0532, -77.13597333)"
HA24770003,20002031,Maryland-National Capital,Injury Crash,08/25/2020 07:53:00 AM,No,Government,North,N/A,2,South,0,FEET,LEVEL,BEACH DR,WEXFORD DR,,N/A,BICYCLIST,DRIVER,ANGLE MEETS RIGHT TURN,CLEAR,DRY,DAYLIGHT,STOP SIGN,NONE DETECTED,NONE DETECTED,BICYCLE,N/A,INTERSECTION,T-INTERSECTION,CURVE LEFT,NO DEFECTS,"TWO-WAY, DIVIDED, UNPROTECTED PAINTED MIN 4 FEET",39.03618719,-77.08453341,"(39.03618719, -77.08453341)"
MCP3010008Y,230058939,Montgomery County Police,Property Damage Crash,10/01/2023 01:00:00 PM,No,,,,,,,,,,,PARKING LOT OF 911 ROSE AVE,,,DRIVER,SAME DIR REAR END,CLEAR,,DAYLIGHT,OTHER,N/A,,OTHER VEHICLE,N/A,,,,,,39.05028767,-77.11669189,"(39.05028767, -77.11669189)"
MCP284800B0,210011178,Montgomery County Police,Property Damage Crash,03/25/2021 09:25:00 AM,No,Maryland (State),South,,3,North,0,FEET,LEVEL,ROCKVILLE PIKE,FLANDERS AVE,,N/A,,DRIVER,STRAIGHT MOVEMENT ANGLE,CLOUDY,WET,DAYLIGHT,STOP SIGN,NONE DETECTED,,OTHER VEHICLE,N/A,INTERSECTION,FOUR-WAY INTERSECTION,STRAIGHT,NO DEFECTS,"TWO-WAY, DIVIDED, POSITIVE MEDIAN BARRIER",39.038355,-77.109015,"(39.038355, -77.109015)"
MCP289200GZ,250004391,MONTGOMERY,Injury Crash,01/30/2025 04:27:00 PM,No,County Route,Westbound,Lane 2,3,West,25.6,FEET,Uphill,FOREST GLEN RD (WB/L),,,,,DRIVER,Front to Rear,Clear,Dry,Daylight,Traffic Control Signal,"Not Suspect of Alcohol Use, Not Suspect of Drug Use, Not Suspect of Alcohol Use, Not Suspect of Drug Use",,Motor Vehicle In Transport,,Non-Junction,,Straight,No Defects,Not Divided,39.01568768,-77.04242697,"(39.01568768, -77.04242697)"
MCP23960032,190001004,Montgomery County Police,Injury Crash,01/07/2019 07:55:00 AM,No,,,,,,,,,,,PARKING LOT 12405 GEORGIA AVENUE,,PEDESTRIAN,BOTH,STRAIGHT MOVEMENT ANGLE,CLOUDY,,DAYLIGHT,NO CONTROLS,NONE DETECTED,NONE DETECTED,PEDESTRIAN,N/A,,,,,,39.06099667,-77.05151167,"(39.06099667, -77.05151167)"
MCP2384000R,15007497,Montgomery County Police,Property Damage Crash,02/14/2015 06:14:00 PM,No,,,,,,0,,,,,PARKING LOT OF 5269 RIVER ROAD,,,DRIVER,SAME DIR REAR END,SNOW,,DARK LIGHTS ON,NO CONTROLS,NONE DETECTED,,OTHER VEHICLE,N/A,,,,,,38.96602167,-77.10498833,"(38.96602167, -77.10498833)"
MCP13540009,15041940,MONTGOMERY,Property Damage Crash,08/21/2015 04:58:00 PM,Yes,,,,,,,,,,,PARKING LOT OF 11810 FALLS RD,,,DRIVER,OTHER,CLEAR,,DAYLIGHT,NO CONTROLS,UNKNOWN,,PARKED VEHICLE,N/A,,,,,,39.05043167,-77.19081167,"(39.05043167, -77.19081167)"
MCP2008006D,190037871,Montgomery County Police,Injury Crash,08/08/2019 04:39:00 PM,No,County,South,,2,South,15,FEET,LEVEL,FALLS RD,CROWN POINT CT,,N/A,,DRIVER,HEAD ON,CLEAR,DRY,DAYLIGHT,N/A,NONE DETECTED,,OTHER VEHICLE,OTHER VEHICLE,NON INTERSECTION,N/A,STRAIGHT,NO DEFECTS,"TWO-WAY, NOT DIVIDED",39.01505,-77.21372833,"(39.01505, -77.21372833)"
DM8338000T,17011376,Takoma Park Police Depart,Injury Crash,03/03/2017 07:58:00 PM,No,Maryland (State),South,,1,North,0.02,MILE,LEVEL,PINEY BRANCH RD,TAKOMA AVE,,TAKOMA PARK,PEDESTRIAN,NONMOTORIST,OTHER,N/A,DRY,DARK LIGHTS ON,NO CONTROLS,N/A,UNKNOWN,PEDESTRIAN,N/A,NON INTERSECTION,N/A,STRAIGHT,NO DEFECTS,"TWO-WAY, NOT DIVIDED",38.98000694,-77.01715887,"(38.98000694, -77.01715887)"
MCP21070017,170523851,Montgomery County Police,Injury Crash,08/10/2017 11:05:00 AM,No,Maryland (State),East,,1,North,100,FEET,LEVEL,BEALLSVILLE RD,SELLMAN RD,,N/A,MACHINE OPERATOR/RIDER,NONMOTORIST,OTHER,CLEAR,DRY,DAYLIGHT,NO CONTROLS,NONE DETECTED,NONE DETECTED,OTHER CONVEYANCE,N/A,NON INTERSECTION,N/A,STRAIGHT,NO DEFECTS,"TWO-WAY, NOT DIVIDED",39.22051263,-77.37774298,"(39.22051263, -77.37774298)"
MCP3130000B,180043778,Montgomery County Police,Property Damage Crash,09/02/2018 11:02:00 AM,No,County,North,,2,South,200,FEET,GRADE DOWNHILL,GRIDLEY RD,CHARLES RD,,N/A,,DRIVER,HEAD ON,CLEAR,DRY,DAYLIGHT,N/A,NONE DETECTED,,PARKED VEHICLE,N/A,N/A,N/A,STRAIGHT,NO DEFECTS,"TWO-WAY, NOT DIVIDED",39.05576333,-77.08746333,"(39.05576333, -77.08746333)"
MCP23390012,15035992,MONTGOMERY,Property Damage Crash,07/21/2015 11:09:00 PM,Yes,,,,,,,,,,,PARKING LOT OF FAIR HILL SHOPPING CENTER @ 18100 TOWN CENTER DR,,,DRIVER,OTHER,CLEAR,,DARK LIGHTS ON,NO CONTROLS,MEDICATION CONTRIBUTED,,PARKED VEHICLE,N/A,,,,,,39.153576,-77.064651,"(39.153576, -77.064651)"
MCP3037001S,180013577,Montgomery County Police,Property Damage Crash,03/18/2018 08:52:00 PM,Yes,,,,,,,,,,,PARKING LOT OF 22315 FREDERICK RD (BENNIGAN'S),,,DRIVER,STRAIGHT MOVEMENT ANGLE,CLEAR,,DARK LIGHTS ON,N/A,NONE DETECTED,,PARKED VEHICLE,N/A,,,,,,39.23077833,-77.27064833,"(39.23077833, -77.27064833)"
MCP3300000R,210038112,Montgomery County Police,Property Damage Crash,09/26/2021 04:51:00 PM,No,County,North,,2,North,0,FEET,LEVEL,QUEEN ELIZABETH DR,ROLLING ACRES WAY,,N/A,,DRIVER,STRAIGHT MOVEMENT ANGLE,CLEAR,DRY,DAYLIGHT,STOP SIGN,NONE DETECTED,,OTHER VEHICLE,N/A,INTERSECTION,FOUR-WAY INTERSECTION,CURVE RIGHT,NO DEFECTS,"TWO-WAY, NOT DIVIDED",39.16145483,-77.074566,"(39.16145483, -77.074566)"
EJ7809002Q,210037580,Gaithersburg Police Depar,Injury Crash,09/23/2021 09:05:00 AM,No,Municipality,South,,2,South,50,FEET,HILL UPHILL,CHRISTOPHER AVE,RUSSELL AVE,,GAITHERSBURG,,DRIVER,SAME DIRECTION RIGHT TURN,RAINING,WET,DAYLIGHT,NO CONTROLS,"N/A, NONE DETECTED",,OTHER VEHICLE,N/A,NON INTERSECTION,N/A,STRAIGHT,NO DEFECTS,"TWO-WAY, DIVIDED, POSITIVE MEDIAN BARRIER",39.15829113,-77.21260884,"(39.15829113, -77.21260884)"
MCP11820028,190003700,Montgomery County Police,Property Damage Crash,01/24/2019 07:59:00 AM,No,Maryland (State),East,,3,West,20,FEET,GRADE DOWNHILL,RIVER RD,BEECH TREE RD,,N/A,,DRIVER,SAME DIR REAR END,RAINING,WET,DAYLIGHT,TRAFFIC SIGNAL,NONE DETECTED,,OTHER VEHICLE,OTHER VEHICLE,INTERSECTION RELATED,FOUR-WAY INTERSECTION,STRAIGHT,NO DEFECTS,"TWO-WAY, DIVIDED, POSITIVE MEDIAN BARRIER",38.986305,-77.143545,"(38.986305, -77.143545)"
MCP1305000W,16036484,Montgomery County Police,Property Damage Crash,07/19/2016 07:44:00 AM,No,County,South,,2,South,40,FEET,HILL UPHILL,SNOUFFERS SCHOOL RD,BONANZA WAY,,N/A,,DRIVER,SAME DIRECTION SIDESWIPE,CLEAR,DRY,DAYLIGHT,NO CONTROLS,"MEDICATION PRESENT, NONE DETECTED",,OTHER VEHICLE,FIXED OBJECT,INTERSECTION RELATED,T-INTERSECTION,STRAIGHT,NO DEFECTS,"TWO-WAY, DIVIDED, UNPROTECTED PAINTED MIN 4 FEET",39.16604804,-77.17094935,"(39.16604804, -77.17094935)"
MCP289100CC,230029772,Montgomery County Police,Property Damage Crash,06/21/2023 01:05:00 PM,No,Maryland (State),South,,3,North,0,FEET,LEVEL,GEORGIA AVE,SEMINARY PL,,N/A,,DRIVER,STRAIGHT MOVEMENT ANGLE,RAINING,WET,DAYLIGHT,TRAFFIC SIGNAL,NONE DETECTED,,OTHER VEHICLE,OTHER VEHICLE,INTERSECTION,T-INTERSECTION,STRAIGHT,N/A,"TWO-WAY, DIVIDED, UNPROTECTED PAINTED MIN 4 FEET",39.00958404,-77.04057743,"(39.00958404, -77.04057743)"
MCP3199004Z,230010691,Montgomery County Police,Injury Crash,03/04/2023 10:35:00 AM,No,Maryland (State),North,,3,North,0,FEET,GRADE DOWNHILL,CONNECTICUT AVE,DEAN RD,,N/A,,DRIVER,SAME DIR REAR END,CLEAR,DRY,DAYLIGHT,NO CONTROLS,NONE DETECTED,,OTHER VEHICLE,N/A,INTERSECTION,T-INTERSECTION,STRAIGHT,NO DEFECTS,"TWO-WAY, DIVIDED, POSITIVE MEDIAN BARRIER",39.06881167,-77.07529833,"(39.06881167, -77.07529833)"
MCP1181000Z,190049887,Montgomery County Police,Property Damage Crash,10/17/2019 08:06:00 PM,Yes,County,South,,2,South,100,FEET,HILL CREST,CLARKSBURG RD,LEWISDALE RD,,N/A,,DRIVER,SINGLE VEHICLE,CLEAR,DRY,DARK LIGHTS ON,NO CONTROLS,ALCOHOL PRESENT,,FIXED OBJECT,N/A,NON INTERSECTION,N/A,STRAIGHT,NO DEFECTS,"TWO-WAY, NOT DIVIDED",39.28596167,-77.27191333,"(39.28596167, -77.27191333)"
MCP2874002W,170541913,Montgomery County Police,Injury Crash,11/09/2017 05:50:00 PM,No,Maryland (State),South,,3,North,50,FEET,LEVEL,GEORGIA AVE,WINDHAM LA,,N/A,,DRIVER,SAME DIR REAR END,CLEAR,DRY,DARK LIGHTS ON,NO CONTROLS,NONE DETECTED,,OTHER VEHICLE,N/A,N/A,N/A,STRAIGHT,NO DEFECTS,"TWO-WAY, DIVIDED, POSITIVE MEDIAN BARRIER",39.03312833,-77.0488,"(39.03312833, -77.0488)"
MCP2894002D,16034351,Montgomery County Police,Property Damage Crash,07/07/2016 08:50:00 AM,No,County,North,,2,South,50,FEET,LEVEL,NEBEL ST,OLD GEORGETOWN RD,,N/A,,DRIVER,SINGLE VEHICLE,CLEAR,DRY,DAYLIGHT,N/A,NONE DETECTED,,FIXED OBJECT,N/A,NON INTERSECTION,N/A,STRAIGHT,NO DEFECTS,"TWO-WAY, NOT DIVIDED",39.05065167,-77.109115,"(39.05065167, -77.109115)"
DD56510049,230072237,Rockville Police Departme,Property Damage Crash,12/17/2023 05:20:00 PM,No,Maryland (State),East,,3,East,0,FEET,LEVEL,W MONTGOMERY AVE,HURLEY AVE,,ROCKVILLE,,DRIVER,SINGLE VEHICLE,RAINING,WET,DARK LIGHTS ON,TRAFFIC SIGNAL,NONE DETECTED,,OTHER,FIXED OBJECT,INTERSECTION,FOUR-WAY INTERSECTION,STRAIGHT,NO DEFECTS,"TWO-WAY, DIVIDED, POSITIVE MEDIAN BARRIER",39.08931548,-77.17774091,"(39.08931548, -77.17774091)"
MCP2861001V,16017730,Montgomery County Police,Injury Crash,04/11/2016 05:00:00 PM,No,County,East,,1,East,0,FEET,LEVEL,RIDGEFIELD RD,NEWINGTON RD,,N/A,PEDESTRIAN,DRIVER,OTHER,CLEAR,DRY,DAYLIGHT,NO CONTROLS,N/A,NONE DETECTED,PEDESTRIAN,N/A,N/A,T-INTERSECTION,STRAIGHT,NO DEFECTS,"TWO-WAY, NOT DIVIDED",38.96633167,-77.10915167,"(38.96633167, -77.10915167)"
MCP13660077,180010536,Montgomery County Police,Injury Crash,03/01/2018 06:21:00 AM,No,County,West,,2,East,0.25,MILE,LEVEL,E GUDE DR,CALHOUN DR,,N/A,,DRIVER,SAME DIR REAR END,CLOUDY,DRY,DARK LIGHTS ON,TRAFFIC SIGNAL,NONE DETECTED,,OTHER VEHICLE,N/A,NON INTERSECTION,N/A,STRAIGHT,NO DEFECTS,"TWO-WAY, DIVIDED, POSITIVE MEDIAN BARRIER",39.10580833,-77.14476667,"(39.10580833, -77.14476667)"
MCP22980161,240034903,MONTGOMERY,Injury Crash,07/24/2024 09:59:00 AM,No,County Route,Southbound,Left Turn Lane,4,South,0,FEET,Level,BRIGHTVIEW ST,CONNECTICUT AVE (SB/L),,,,UNKNOWN,Front to Rear,Cloudy,Dry,Daylight,No Controls,"Not Suspect of Alcohol Use, Not Suspect of Drug Use, Not Suspect of Alcohol Use, Not Suspect of Drug Use",,Motor Vehicle In Transport,,Intersection or Related,Perpendicular,Straight,No Defects,"Divided, Raised Median (curbed)",39.05383555,-77.07437614,"(39.05383555, -77.07437614)"
MCP28770049,170531243,Montgomery County Police,Injury Crash,09/18/2017 09:13:00 AM,No,US (State),South,,4,South,0,FEET,LEVEL,COLESVILLE RD,DALE DR,,N/A,,DRIVER,SAME DIRECTION LEFT TURN,CLOUDY,DRY,DAYLIGHT,TRAFFIC SIGNAL,NONE DETECTED,,OTHER VEHICLE,N/A,INTERSECTION RELATED,FOUR-WAY INTERSECTION,STRAIGHT,NO DEFECTS,"TWO-WAY, NOT DIVIDED",39.0052952,-77.02289343,"(39.0052952, -77.02289343)"