Report Number,Local Case Number,Agency Name,ACRS Report Type,Crash Date/Time,Hit/Run,Route Type,Lane Direction,Lane Type,Number of Lanes,Direction,Distance,Distance Unit,Road Grade,Road Name,Cross-Street Name,Off-Road Description,Municipality,Related Non-Motorist,At Fault,Collision Type,Weather,Surface Condition,Light,Traffic Control,Driver Substance Abuse,Non-Motorist Substance Abuse,First Harmful Event,Second Harmful Event,Junction,Intersection Type,Road Alignment,Road Condition,Road Division,Latitude,Longitude,Location
MCP3372001H,230058829,Montgomery County Police,Property Damage Crash,10/05/2023 09:00:00 PM,No,County,South,,1,South,0,FEET,LEVEL,PARKLAND DR,INDEPENDENCE ST,,N/A,,DRIVER,STRAIGHT MOVEMENT ANGLE,CLEAR,DRY,DARK NO LIGHTS,STOP SIGN,NONE DETECTED,,OTHER VEHICLE,OTHER VEHICLE,INTERSECTION RELATED,FOUR-WAY INTERSECTION,STRAIGHT,NO DEFECTS,"TWO-WAY, DIVIDED, POSITIVE MEDIAN BARRIER",39.07280914,-77.08715527,"(39.07280914, -77.08715527)"
MCP1181000P,180023709,Montgomery County Police,Property Damage Crash,05/14/2018 03:05:00 PM,No,County,North,,2,West,800,FEET,LEVEL,BROOKEVILLE RD,ZION RD,,N/A,,DRIVER,SINGLE VEHICLE,CLEAR,DRY,DAYLIGHT,NO CONTROLS,NONE DETECTED,,FIXED OBJECT,N/A,NON INTERSECTION,N/A,STRAIGHT,NO DEFECTS,"TWO-WAY, NOT DIVIDED",39.18392333,-77.08669833,"(39.18392333, -77.08669833)"
MCP2689005D,190011824,Montgomery County Police,Property Damage Crash,03/14/2019 03:01:00 PM,No,County,East,,1,North,0,FEET,LEVEL,CAVANAUGH DR,FLOWERFIELD DR,,N/A,,DRIVER,STRAIGHT MOVEMENT ANGLE,CLEAR,DRY,DAYLIGHT,STOP SIGN,NONE DETECTED,,OTHER VEHICLE,N/A,INTERSECTION,T-INTERSECTION,STRAIGHT,NO DEFECTS,"TWO-WAY, NOT DIVIDED",39.08010737,-77.21333391,"(39.08010737, -77.21333391)"
MCP2446001C,15049189,MONTGOMERY,Property Damage Crash,09/28/2015 03:16:00 PM,Yes,County,West,,1,West,0,FEET,LEVEL,WISTERIA DR,WANEGARDEN DR,,N/A,,DRIVER,OTHER,CLOUDY,DRY,DAYLIGHT,N/A,NONE DETECTED,,OTHER VEHICLE,N/A,INTERSECTION,T-INTERSECTION,CURVE RIGHT,NO DEFECTS,"TWO-WAY, NOT DIVIDED",39.180285,-77.28502667,"(39.180285, -77.28502667)"
MCP3095003W,230000980,Montgomery County Police,Injury Crash,01/06/2023 06:35:00 PM,No,County,South,,2,West,0,FEET,LEVEL,PLUM ORCHARD DR,CHERRY HILL RD,,N/A,,DRIVER,HEAD ON LEFT TURN,N/A,DRY,DARK LIGHTS ON,TRAFFIC SIGNAL,NONE DETECTED,,OTHER VEHICLE,N/A,INTERSECTION,FOUR-WAY INTERSECTION,STRAIGHT,NO DEFECTS,"TWO-WAY, DIVIDED, UNPROTECTED PAINTED MIN 4 FEET",39.05238233,-76.953165,"(39.05238233, -76.953165)"
DD5637000W,190062203,Rockville Police Departme,Property Damage Crash,12/26/2019 05:55:00 PM,No,Maryland (State),East,RIGHT TURN LANE,3,East,0,FEET,LEVEL,W MONTGOMERY AVE,HURLEY AVE,,ROCKVILLE,,DRIVER,ANGLE MEETS RIGHT TURN,CLEAR,DRY,DARK LIGHTS ON,NO CONTROLS,NONE DETECTED,,OTHER VEHICLE,N/A,COMMERCIAL DRIVEWAY,T-INTERSECTION,STRAIGHT,NO DEFECTS,"TWO-WAY, DIVIDED, POSITIVE MEDIAN BARRIER",39.08854433,-77.17757767,"(39.08854433, -77.17757767)"
MCP2522000M,16061186,Montgomery County Police,Property Damage Crash,11/29/2016 09:20:00 AM,No,Maryland (State),West,,2,East,0,FEET,LEVEL,RIVER RD,COUNSELMAN RD,,N/A,,DRIVER,ANGLE MEETS RIGHT TURN,RAINING,WET,DAYLIGHT,TRAFFIC SIGNAL,NONE DETECTED,,OTHER VEHICLE,N/A,INTERSECTION,FOUR-WAY INTERSECTION,STRAIGHT,NO DEFECTS,"TWO-WAY, NOT DIVIDED",39.01743833,-77.20769833,"(39.01743833, -77.20769833)"
MCP3280001D,210039099,Montgomery County Police,Injury Crash,10/02/2021 07:10:00 AM,No,Maryland (State),South,,5,South,800,FEET,HILL UPHILL,PINEY BRANCH RD,PRINCE GEORGES CO/L,,N/A,,DRIVER,SINGLE VEHICLE,CLEAR,DRY,DAYLIGHT,NO CONTROLS,NONE DETECTED,,FIXED OBJECT,N/A,RESIDENTIAL DRIVEWAY,N/A,CURVE LEFT,NO DEFECTS,"TWO-WAY, NOT DIVIDED WITH A CONTINUOUS LEFT TURN",39.00120833,-76.98589,"(39.00120833, -76.98589)"
MCP242500JC,250026836,MONTGOMERY,Property Damage Crash,06/16/2025 12:58:00 PM,No,County Route,"Eastbound, Northbound",Lane 1,"3, 4",South,46.76,FEET,Level,SPRING ST (EB/L),,,,,UNKNOWN,Angle,Rain,Wet,Daylight,Traffic Control Signal,"Not Suspect of Alcohol Use, Not Suspect of Drug Use, Not Suspect of Alcohol Use, Not Suspect of Drug Use",,Motor Vehicle In Transport,,Non-Junction,,Straight,No Defects,"Divided, Raised Median (curbed)",38.99952333,-77.03167667,"(38.99952333, -77.03167667)"
MCP2610000V,170512198,Montgomery County Police,Injury Crash,06/06/2017 08:38:00 PM,No,County,South,,2,North,0,FEET,LEVEL,GREAT SENECA HWY,KEY WEST AVE,,N/A,,DRIVER,SAME DIR REAR END,N/A,DRY,DARK LIGHTS ON,TRAFFIC SIGNAL,NONE DETECTED,,OTHER VEHICLE,N/A,INTERSECTION,FOUR-WAY INTERSECTION,STRAIGHT,NO DEFECTS,"TWO-WAY, DIVIDED, POSITIVE MEDIAN BARRIER",39.103825,-77.206685,"(39.103825, -77.206685)"
MCP1121002G,170515551,Montgomery County Police,Property Damage Crash,06/24/2017 02:46:00 PM,No,County,North,,1,South,5,FEET,GRADE DOWNHILL,SPIRE ST,CLARKSBURG RD,,N/A,,DRIVER,SAME DIR REAR END,CLEAR,DRY,DAYLIGHT,STOP SIGN,NONE DETECTED,,OTHER VEHICLE,N/A,INTERSECTION RELATED,T-INTERSECTION,STRAIGHT,NO DEFECTS,"TWO-WAY, NOT DIVIDED",39.24169667,-77.28019833,"(39.24169667, -77.28019833)"
MCP1453004K,170519995,Montgomery County Police,Injury Crash,07/19/2017 04:25:00 PM,No,Maryland (State),North,SHOULDER AREA,2,South,0.1,MILE,GRADE DOWNHILL,DAMASCUS RD,HIPSLEY MILL RD,,N/A,,DRIVER,SINGLE VEHICLE,CLEAR,DRY,DAYLIGHT,NO CONTROLS,NONE DETECTED,,FIXED OBJECT,N/A,NON INTERSECTION,N/A,STRAIGHT,NO DEFECTS,"TWO-WAY, NOT DIVIDED",39.25118167,-77.13548833,"(39.25118167, -77.13548833)"
MCP2921005D,240059305,MONTGOMERY,Property Damage Crash,12/12/2024 05:59:00 PM,No,Bicycle Route,Northbound,"Lane 1, Lane 2",2,East,7.99,FEET,Level,,,,,,DRIVER,"Sideswipe, Same Direction",Clear,Wet,Dark - Lighted,No Controls,"Not Suspect of Alcohol Use, Not Suspect of Drug Use, Not Suspect of Alcohol Use, Not Suspect of Drug Use",,Motor Vehicle In Transport,,Acceleration/Deceleration Lane,,Straight,No Defects,"Divided, Raised Median (curbed)",39.18252002,-77.26316461,"(39.18252002, -77.26316461)"
MCP3008003Z,230059393,Montgomery County Police,Property Damage Crash,10/09/2023 03:40:00 AM,No,County,East,,2,East,50,FEET,LEVEL,DILSTON RD,MOFFET RD,,N/A,,DRIVER,HEAD ON,CLEAR,DRY,DARK LIGHTS ON,NO CONTROLS,N/A,,PARKED VEHICLE,PARKED VEHICLE,NON INTERSECTION,N/A,STRAIGHT,NO DEFECTS,"TWO-WAY, NOT DIVIDED",39.018215,-76.983405,"(39.018215, -76.983405)"
MCP26670058,180050660,Montgomery County Police,Property Damage Crash,10/11/2018 10:13:00 AM,Yes,County,South,,2,South,30,FEET,LEVEL,MONTGOMERY VILLAGE AVE,STEDWICK RD,,N/A,,DRIVER,SAME DIR REAR END,CLEAR,DRY,DAYLIGHT,N/A,"NONE DETECTED, UNKNOWN",,OTHER VEHICLE,N/A,NON INTERSECTION,N/A,STRAIGHT,NO DEFECTS,"TWO-WAY, DIVIDED, POSITIVE MEDIAN BARRIER",39.1695947,-77.20448935,"(39.1695947, -77.20448935)"
DD5601004G,180058429,Rockville Police Departme,Property Damage Crash,11/21/2018 02:40:00 PM,Yes,,,,,,,,,,,PARKING LOT OF 101 HALPINE RD,,,DRIVER,OTHER,CLEAR,,DAYLIGHT,NO CONTROLS,N/A,,PARKED VEHICLE,N/A,,,,,,39.06209383,-77.12491267,"(39.06209383, -77.12491267)"
MCP25640011,16021855,Montgomery County Police,Property Damage Crash,04/29/2016 08:02:00 PM,Yes,,,,,,0,,,,,PARKING LOT OF 19227 MONTGOMERY VILLAGE AVE,,,DRIVER,SAME DIR REAR END,CLEAR,,DARK LIGHTS ON,NO CONTROLS,UNKNOWN,,PARKED VEHICLE,N/A,,,,,,39.17192673,-77.20669985,"(39.17192673, -77.20669985)"
MCP3309001G,220045453,Montgomery County Police,Property Damage Crash,10/17/2022 05:36:00 AM,No,Maryland (State),North,,3,North,100,FEET,GRADE DOWNHILL,NEW HAMPSHIRE AVE,E RANDOLPH RD,,N/A,,DRIVER,SAME DIRECTION SIDESWIPE,CLEAR,DRY,DAWN,NO CONTROLS,NONE DETECTED,,OTHER VEHICLE,N/A,NON INTERSECTION,N/A,STRAIGHT,NO DEFECTS,"TWO-WAY, DIVIDED, POSITIVE MEDIAN BARRIER",39.07635643,-77.00171357,"(39.07635643, -77.00171357)"
MCP3102000B,180012083,Montgomery County Police,Property Damage Crash,03/10/2018 02:57:00 AM,Yes,County,West,,2,West,25,FEET,LEVEL,ARMISTEAD RD,PARHAM RD,,N/A,,DRIVER,SAME DIR REAR END,CLEAR,DRY,DARK LIGHTS ON,NO CONTROLS,ILLEGAL DRUG PRESENT,,PARKED VEHICLE,N/A,NON INTERSECTION,N/A,STRAIGHT,NO DEFECTS,"TWO-WAY, NOT DIVIDED",39.01478965,-76.98075727,"(39.01478965, -76.98075727)"
MCP25980017,170510259,Montgomery County Police,Property Damage Crash,05/27/2017 05:05:00 PM,Yes,Maryland (State),North,,1,North,0,FEET,HILL UPHILL,GEORGIA AVE,RAMP 3 FR IS 495 EB TO MD 97 NB,,N/A,,DRIVER,SAME DIR REAR END,CLEAR,DRY,DAYLIGHT,YIELD SIGN,NONE DETECTED,,OTHER VEHICLE,N/A,INTERSECTION,OTHER,CURVE RIGHT,NO DEFECTS,"TWO-WAY, DIVIDED, POSITIVE MEDIAN BARRIER",39.01435617,-77.04209402,"(39.01435617, -77.04209402)"
MCP2665001V,16065121,Montgomery County Police,Property Damage Crash,12/16/2016 05:57:00 PM,Yes,,,,,,0,,,,,DRIVEWAY OF 5605 GROSVENOR LANE,,,DRIVER,SAME DIR REAR END,UNKNOWN,,DUSK,NO CONTROLS,UNKNOWN,,PARKED VEHICLE,N/A,,,,,,39.02261333,-77.11236667,"(39.02261333, -77.11236667)"
MCP2892005F,180055202,Montgomery County Police,Property Damage Crash,11/03/2018 02:30:00 PM,No,County,East,,2,West,50,FEET,LEVEL,DARNESTOWN RD,GLEN MILL RD,,N/A,,DRIVER,SAME DIRECTION SIDESWIPE,N/A,N/A,DAYLIGHT,N/A,NONE DETECTED,,OTHER VEHICLE,N/A,N/A,N/A,STRAIGHT,NO DEFECTS,"TWO-WAY, NOT DIVIDED",39.09256591,-77.19456676,"(39.09256591, -77.19456676)"
MCP22120015,15021745,Montgomery County Police,Property Damage Crash,05/07/2015 02:12:00 PM,No,,,,,,0,,,,,parking lot of 11468 Cherry Hill Road,,,DRIVER,OTHER,CLEAR,,DAYLIGHT,NO CONTROLS,NONE DETECTED,,OTHER VEHICLE,N/A,,,,,,39.044975,-76.952875,"(39.044975, -76.952875)"
MCP12050023,16030180,Montgomery County Police,Property Damage Crash,06/15/2016 07:42:00 AM,Yes,,,,,,0,,,,,PARKING LOT OF 8508 16TH STREET.,,,DRIVER,SAME DIRECTION SIDESWIPE,N/A,,UNKNOWN,NO CONTROLS,UNKNOWN,,PARKED VEHICLE,N/A,,,,,,38.99794136,-77.0402205,"(38.99794136, -77.0402205)"
DM8386000R,170507911,Takoma Park Police Depart,Property Damage Crash,05/15/2017 04:06:00 PM,No,Municipality,South,,1,South,50,FEET,GRADE DOWNHILL,FLOWER AVE,CHERRY AVE,,TAKOMA PARK,,DRIVER,SAME DIRECTION SIDESWIPE,CLEAR,DRY,DAYLIGHT,NO CONTROLS,"N/A, NONE DETECTED",,PARKED VEHICLE,N/A,NON INTERSECTION,N/A,CURVE LEFT,NO DEFECTS,"TWO-WAY, NOT DIVIDED",38.98150667,-76.99572667,"(38.98150667, -76.99572667)"
MCP3090002D,190021460,Montgomery County Police,Property Damage Crash,05/07/2019 07:30:00 AM,Yes,,,,,,,,,,,PARKING GARAGE OF 15251 SIESTA KEY WAY ROCKVILLE MD,,,DRIVER,UNKNOWN,CLEAR,,UNKNOWN,NO CONTROLS,N/A,,OTHER VEHICLE,N/A,,,,,,39.10561979,-77.19342981,"(39.10561979, -77.19342981)"
MCP10220021,15003397,Montgomery County Police,Injury Crash,01/21/2015 01:48:00 PM,No,Maryland (State),South,,1,North,200,FEET,HILL UPHILL,RIDGE RD,WINDSOR FOREST RD,,N/A,,DRIVER,SINGLE VEHICLE,SNOW,SNOW,DAYLIGHT,NO CONTROLS,NONE DETECTED,,FIXED OBJECT,N/A,NON INTERSECTION,N/A,STRAIGHT,NO DEFECTS,"TWO-WAY, NOT DIVIDED",39.33635539,-77.18567133,"(39.33635539, -77.18567133)"
MCP1235000X,17015608,Montgomery County Police,Property Damage Crash,03/27/2017 03:00:00 PM,Yes,,,,,,,,,,,CIRCLE AT 4920 STRATHMORE AVENUE,,,DRIVER,SAME DIRECTION LEFT TURN,CLEAR,,DAYLIGHT,NO CONTROLS,"N/A, NONE DETECTED",,OTHER VEHICLE,N/A,,,,,,39.03391951,-77.09728718,"(39.03391951, -77.09728718)"
MCP3158001S,190054971,Montgomery County Police,Property Damage Crash,11/14/2019 07:03:00 PM,No,County,North,,3,South,200,FEET,LEVEL,SHADY GROVE RD,MIDCOUNTY HWY,,N/A,,DRIVER,SAME DIR REAR END,CLEAR,DRY,DARK LIGHTS ON,NO CONTROLS,NONE DETECTED,,OTHER VEHICLE,OTHER VEHICLE,N/A,N/A,STRAIGHT,NO DEFECTS,"TWO-WAY, DIVIDED, POSITIVE MEDIAN BARRIER",39.13915167,-77.15273167,"(39.13915167, -77.15273167)"
MCP3114002Y,230017895,Montgomery County Police,Property Damage Crash,04/14/2023 07:45:00 PM,Yes,,,,,,,,,,,PARKING LOT OF 10729 COLUMBIA PIKE,,,DRIVER,SAME DIRECTION SIDESWIPE,CLEAR,,DARK LIGHTS ON,N/A,N/A,,OTHER VEHICLE,N/A,,,,,,39.03116518,-77.00404348,"(39.03116518, -77.00404348)"
MCP137800NK,180057488,Montgomery County Police,Property Damage Crash,11/16/2018 12:31:00 PM,No,Maryland (State),South,OFF ROAD,2,South,600,FEET,HILL UPHILL,WOODFIELD RD,SUNNYACRES RD,,N/A,,DRIVER,SINGLE VEHICLE,CLEAR,WET,DAYLIGHT,NO CONTROLS,NONE DETECTED,,FIXED OBJECT,N/A,NON INTERSECTION,N/A,STRAIGHT,NO DEFECTS,"TWO-WAY, NOT DIVIDED",39.19909333,-77.15643,"(39.19909333, -77.15643)"
MCP0113000X,16041907,Montgomery County Police,Property Damage Crash,08/18/2016 11:19:00 AM,No,Maryland (State),East,,3,West,30,FEET,LEVEL,MONTGOMERY AVE,PEARL ST,,N/A,,DRIVER,SAME DIRECTION RIGHT TURN,CLEAR,DRY,DAYLIGHT,NO CONTROLS,NONE DETECTED,,OTHER VEHICLE,N/A,NON INTERSECTION,N/A,STRAIGHT,NO DEFECTS,ONE-WAY TRAFFICWAY,38.98361667,-77.09299167,"(38.98361667, -77.09299167)"
MCP3045001Q,180035324,Montgomery County Police,Property Damage Crash,07/17/2018 11:17:00 AM,No,,,,,,,,,,,BACKYARD OF 3210 EDGEWOOD RD,,,DRIVER,SINGLE VEHICLE,CLEAR,,DAYLIGHT,N/A,NONE DETECTED,,FIXED OBJECT,FIXED OBJECT,,,,,,39.0254893,-77.06220925,"(39.0254893, -77.06220925)"
MCP30740059,220034054,Montgomery County Police,Property Damage Crash,08/08/2022 05:08:00 PM,No,County,East,,2,East,0,FEET,LEVEL,WAYNE AVE,DARTMOUTH AVE,,N/A,,DRIVER,STRAIGHT MOVEMENT ANGLE,CLEAR,DRY,DAYLIGHT,NO CONTROLS,N/A,,OTHER VEHICLE,N/A,INTERSECTION,FOUR-WAY INTERSECTION,STRAIGHT,NO DEFECTS,"TWO-WAY, NOT DIVIDED",39.04547925,-76.99071452,"(39.04547925, -76.99071452)"
DD5595009K,210013263,Rockville Police Departme,Injury Crash,04/09/2021 02:45:00 PM,No,Municipality,West,OTHER,1,East,0,FEET,GRADE DOWNHILL,MCAULIFFE DR,MEADOW HALL DR,,ROCKVILLE,,DRIVER,HEAD ON,CLOUDY,DRY,DAYLIGHT,OTHER,NONE DETECTED,,PARKED VEHICLE,N/A,INTERSECTION,OTHER,STRAIGHT,NO DEFECTS,"TWO-WAY, NOT DIVIDED",39.07565512,-77.11371243,"(39.07565512, -77.11371243)"
MCP25640037,230019607,Montgomery County Police,Injury Crash,04/24/2023 05:49:00 PM,No,County,East,,2,East,475,FEET,HILL UPHILL,EAST VILLAGE AVE,DOUBLELAND RD,,N/A,,DRIVER,SINGLE VEHICLE,CLEAR,DRY,DAYLIGHT,NO CONTROLS,NONE DETECTED,,OFF ROAD,FIXED OBJECT,N/A,N/A,CURVE RIGHT,NO DEFECTS,"TWO-WAY, DIVIDED, POSITIVE MEDIAN BARRIER",39.18796867,-77.16809067,"(39.18796867, -77.16809067)"
MCP24560046,190056201,Montgomery County Police,Property Damage Crash,11/21/2019 08:07:00 AM,No,County,North,,2,North,200,FEET,LEVEL,E NOLCREST DR,SCHINDLER DR,,N/A,,DRIVER,STRAIGHT MOVEMENT ANGLE,CLEAR,DRY,DAYLIGHT,NO CONTROLS,NONE DETECTED,,OTHER VEHICLE,OTHER VEHICLE,RESIDENTIAL DRIVEWAY,OTHER,STRAIGHT,NO DEFECTS,"TWO-WAY, NOT DIVIDED",39.033545,-76.98777833,"(39.033545, -76.98777833)"
MCP2863002N,230012863,Montgomery County Police,Injury Crash,03/16/2023 07:15:00 PM,No,County,East,,2,North,300,FEET,LEVEL,WASHINGTON GROVE LA,AMITY DR,,N/A,,DRIVER,SAME DIRECTION LEFT TURN,CLEAR,DRY,N/A,OTHER,NONE DETECTED,,OTHER VEHICLE,OFF ROAD,N/A,N/A,STRAIGHT,NO DEFECTS,"TWO-WAY, NOT DIVIDED",39.1468,-77.16976,"(39.1468, -77.16976)"
MCP3368001W,230070295,Montgomery County Police,Property Damage Crash,12/06/2023 08:27:00 PM,No,County,East,OTHER,0,East,0,FEET,LEVEL,MILLS AVE,STONER DR,,N/A,,DRIVER,SINGLE VEHICLE,CLEAR,DRY,DARK NO LIGHTS,STOP SIGN,ALCOHOL CONTRIBUTED,,FIXED OBJECT,N/A,INTERSECTION,FOUR-WAY INTERSECTION,STRAIGHT,NO DEFECTS,"TWO-WAY, NOT DIVIDED",39.07935121,-77.0168046,"(39.07935121, -77.0168046)"
MCP2080000H,190024590,Montgomery County Police,Property Damage Crash,05/23/2019 06:23:00 PM,No,County,East,,3,East,0,FEET,HILL UPHILL,RANDOLPH RD,DEWEY RD,,N/A,,DRIVER,HEAD ON LEFT TURN,CLEAR,DRY,DAYLIGHT,TRAFFIC SIGNAL,NONE DETECTED,,OTHER VEHICLE,OTHER VEHICLE,INTERSECTION,FOUR-WAY INTERSECTION,STRAIGHT,NO DEFECTS,"TWO-WAY, DIVIDED, POSITIVE MEDIAN BARRIER",39.05339167,-77.08958167,"(39.05339167, -77.08958167)"
MCP26560015,16003193,Montgomery County Police,Property Damage Crash,01/17/2016 05:07:00 PM,No,County,West,,1,North,200,FEET,LEVEL,FAIRLAND RD,BEETHOVEN BLVD,,N/A,,DRIVER,SINGLE VEHICLE,RAINING,WET,DARK LIGHTS ON,N/A,NONE DETECTED,,OFF ROAD,FIXED OBJECT,NON INTERSECTION,N/A,CURVE LEFT,NO DEFECTS,"TWO-WAY, DIVIDED, POSITIVE MEDIAN BARRIER",39.06707333,-76.94888167,"(39.06707333, -76.94888167)"
MCP2849003X,210025469,Montgomery County Police,Property Damage Crash,07/01/2021 07:00:00 PM,Yes,,,,,,,,,,,"RESIDENTIAL PARKING LOT IN THE CUL DE SAC AT THE END OF CANNES LN IN OLNEY, MD",,,DRIVER,UNKNOWN,UNKNOWN,,UNKNOWN,NO CONTROLS,UNKNOWN,,PARKED VEHICLE,N/A,,,,,,39.14296689,-77.08828065,"(39.14296689, -77.08828065)"
MCP3085000W,180002745,Montgomery County Police,Property Damage Crash,01/17/2018 02:00:00 PM,Yes,Maryland (State),East,,2,West,300,FEET,LEVEL,RIVER RD,RIVER OAKS LA,,N/A,,DRIVER,SINGLE VEHICLE,CLOUDY,WET,DAYLIGHT,N/A,UNKNOWN,,FIXED OBJECT,N/A,NON INTERSECTION,N/A,N/A,NO DEFECTS,N/A,39.028246,-77.22130716,"(39.028246, -77.22130716)"
MCP20080025,16019480,Montgomery County Police,Injury Crash,04/20/2016 05:19:00 PM,No,Interstate (State),South,,3,South,300,FEET,LEVEL,EISENHOWER MEMORIAL HWY,OLD GEORGETOWN RD,,N/A,,DRIVER,SAME DIR REAR END,CLEAR,DRY,DAYLIGHT,N/A,"ALCOHOL CONTRIBUTED, NONE DETECTED",,OTHER VEHICLE,OTHER VEHICLE,NON INTERSECTION,N/A,STRAIGHT,NO DEFECTS,"TWO-WAY, DIVIDED, POSITIVE MEDIAN BARRIER",39.03035,-77.1251,"(39.03035, -77.1251)"
MCP2867001J,15045104,MONTGOMERY,Injury Crash,09/07/2015 12:51:00 PM,No,US (State),North,,4,North,0,FEET,HILL UPHILL,COLUMBIA PIKE,PRELUDE DR,,N/A,,DRIVER,SAME DIR REAR END,CLEAR,DRY,DAYLIGHT,TRAFFIC SIGNAL,NONE DETECTED,,OTHER VEHICLE,N/A,INTERSECTION,T-INTERSECTION,STRAIGHT,NO DEFECTS,"TWO-WAY, DIVIDED, POSITIVE MEDIAN BARRIER",39.03964833,-76.998095,"(39.03964833, -76.998095)"
MCP3337000Z,220055825,Montgomery County Police,Property Damage Crash,12/16/2022 08:46:00 PM,No,County,East,,1,West,0,FEET,LEVEL,LONGMEAD CROSSING DR,WINTERGATE DR,,N/A,,DRIVER,SINGLE VEHICLE,CLEAR,DRY,DARK LIGHTS ON,NO CONTROLS,NONE DETECTED,,FIXED OBJECT,FIXED OBJECT,INTERSECTION,ROUNDABOUT,OTHER,NO DEFECTS,"TWO-WAY, NOT DIVIDED",39.107391,-77.05332917,"(39.107391, -77.05332917)"
MCP2934001T,16038697,Montgomery County Police,Injury Crash,07/31/2016 09:58:00 AM,No,County,South,,1,North,500,FEET,LEVEL,FRIENDSHIP BLVD,WILLARD AVE,,N/A,,DRIVER,SAME DIRECTION SIDESWIPE,CLEAR,DRY,DAYLIGHT,NO CONTROLS,NONE DETECTED,,OTHER VEHICLE,N/A,NON INTERSECTION,N/A,STRAIGHT,NO DEFECTS,"TWO-WAY, NOT DIVIDED",38.96045833,-77.088345,"(38.96045833, -77.088345)"
MCP2470000W,15062149,MONTGOMERY,Injury Crash,12/05/2015 01:11:00 PM,No,Maryland (State),West,,2,West,15,FEET,LEVEL,W DIAMOND AVE,KING JAMES WAY,,N/A,,DRIVER,SINGLE VEHICLE,CLEAR,DRY,DAYLIGHT,NO CONTROLS,N/A,,FIXED OBJECT,OTHER OBJECT,NON INTERSECTION,N/A,STRAIGHT,NO DEFECTS,"TWO-WAY, DIVIDED, POSITIVE MEDIAN BARRIER",39.13989333,-77.206145,"(39.13989333, -77.206145)"
MCP29750030,190042967,Montgomery County Police,Property Damage Crash,09/07/2019 10:20:00 PM,Yes,Maryland (State),North,,3,North,0,FEET,LEVEL,GEORGIA AVE,FOREST GLEN RD,,N/A,,DRIVER,SAME DIR REAR END,CLEAR,DRY,DARK LIGHTS ON,TRAFFIC SIGNAL,"ALCOHOL PRESENT, NONE DETECTED",,OTHER VEHICLE,N/A,INTERSECTION,FOUR-WAY INTERSECTION,STRAIGHT,NO DEFECTS,"TWO-WAY, DIVIDED, POSITIVE MEDIAN BARRIER",39.01548333,-77.04270833,"(39.01548333, -77.04270833)"
MCP3245004R,23069359,Montgomery County Police,Injury Crash,12/01/2023 05:14:00 PM,No,,,,,,,,,,,THURGOOD MARSHALL ELEMENTARY 12260 MC DONALD CHAPEL DR,,PEDESTRIAN,DRIVER,OTHER,RAINING,,DARK LIGHTS ON,NO CONTROLS,ALCOHOL CONTRIBUTED,NONE DETECTED,PEDESTRIAN,N/A,,,,,,39.1269323,-77.2595165,"(39.1269323, -77.2595165)"
MCP1378019Y,240054668,MONTGOMERY,Property Damage Crash,11/14/2024 12:37:00 PM,,Ramp,Westbound,Left Turn Lane,8,West,0,FEET,Level,RAMP 2 FR WATKINS MILL RD TO IS 270 NB,W WATKINS MILL RD (SB/L),,,,DRIVER,Front to Rear,Cloudy,Dry,Daylight,Traffic Control Signal,"Not Suspect of Alcohol Use, Not Suspect of Drug Use, Unknown, Unknown",,Motor Vehicle In Transport,Not Applicable,Intersection or Related,Perpendicular,Straight,No Defects,"Divided, Raised Median (curbed)",39.15683742,-77.22466339,"(39.15683742, -77.22466339)"
MCP32990019,220000878,Montgomery County Police,Property Damage Crash,01/08/2022 09:05:00 AM,No,,,,,,,,,,,PARKING LOT  LOCATED AT 13311 NEW HAMPSHIRE AVENUE,,,DRIVER,OTHER,SNOW,,DAYLIGHT,NO CONTROLS,"N/A, NONE DETECTED",,OTHER VEHICLE,N/A,,,,,,39.07445083,-77.001898,"(39.07445083, -77.001898)"
EJ78660024,170532662,Gaithersburg Police Depar,Injury Crash,09/23/2017 01:24:00 PM,No,County,West,CROSSOVER AREA,2,West,0,FEET,LEVEL,ODENDHAL AVE,LOST KNIFE RD,,N/A,,UNKNOWN,HEAD ON LEFT TURN,CLEAR,DRY,DAYLIGHT,TRAFFIC SIGNAL,NONE DETECTED,,OTHER VEHICLE,N/A,INTERSECTION,FOUR-WAY INTERSECTION,STRAIGHT,NO DEFECTS,"TWO-WAY, DIVIDED, POSITIVE MEDIAN BARRIER",39.15241,-77.19843833,"(39.15241, -77.19843833)"
MCP20720063,220049472,Montgomery County Police,Injury Crash,11/09/2022 11:38:00 AM,No,Maryland (State),North,LEFT TURN LANE,4,North,10,FEET,LEVEL,FREDERICK RD,HENDERSON CORNER RD,,N/A,,DRIVER,SAME DIR REAR END,CLEAR,DRY,DAYLIGHT,TRAFFIC SIGNAL,NONE DETECTED,,OTHER VEHICLE,N/A,N/A,N/A,STRAIGHT,NO DEFECTS,N/A,39.20202333,-77.24551833,"(39.20202333, -77.24551833)"
MCP3084004V,210023001,Montgomery County Police,Injury Crash,06/16/2021 11:25:00 AM,No,Maryland (State),North,,3,North,0,FEET,LEVEL,ROCKVILLE PIKE,TUCKERMAN LA,,N/A,,DRIVER,HEAD ON LEFT TURN,CLEAR,DRY,DAYLIGHT,TRAFFIC SIGNAL,NONE DETECTED,,OTHER VEHICLE,N/A,INTERSECTION,T-INTERSECTION,STRAIGHT,NO DEFECTS,"TWO-WAY, DIVIDED, POSITIVE MEDIAN BARRIER",39.02430333,-77.10323833,"(39.02430333, -77.10323833)"