Report Number,Local Case Number,Agency Name,ACRS Report Type,Crash Date/Time,Hit/Run,Route Type,Lane Direction,Lane Type,Number of Lanes,Direction,Distance,Distance Unit,Road Grade,Road Name,Cross-Street Name,Off-Road Description,Municipality,Related Non-Motorist,At Fault,Collision Type,Weather,Surface Condition,Light,Traffic Control,Driver Substance Abuse,Non-Motorist Substance Abuse,First Harmful Event,Second Harmful Event,Junction,Intersection Type,Road Alignment,Road Condition,Road Division,Latitude,Longitude,Location
EJ7885003W,230067866,Gaithersburg Police Depar,Property Damage Crash,11/22/2023 06:00:00 PM,No,Municipality,North,,2,East,0,FEET,LEVEL,GIRARD ST,VICTORY FARM DR,,GAITHERSBURG,,DRIVER,SAME DIR REAR END,CLEAR,DRY,DARK LIGHTS ON,YIELD SIGN,"ALCOHOL PRESENT, NONE DETECTED",,OTHER VEHICLE,OTHER VEHICLE,INTERSECTION RELATED,ROUNDABOUT,STRAIGHT,NO DEFECTS,"TWO-WAY, NOT DIVIDED",39.14683583,-77.18504917,"(39.14683583, -77.18504917)"
MCP09420022,190014362,Montgomery County Police,Injury Crash,03/27/2019 03:30:00 PM,Yes,Maryland (State),South,,3,North,0,FEET,LEVEL,WISCONSIN AVE,BRADLEY LA,,N/A,PEDESTRIAN,DRIVER,OTHER,CLEAR,DRY,DAYLIGHT,TRAFFIC SIGNAL,UNKNOWN,UNKNOWN,PEDESTRIAN,N/A,INTERSECTION,FOUR-WAY INTERSECTION,STRAIGHT,NO DEFECTS,"TWO-WAY, DIVIDED, POSITIVE MEDIAN BARRIER",38.97714563,-77.09067901,"(38.97714563, -77.09067901)"
MCP30450038,200030499,Montgomery County Police,Injury Crash,08/06/2020 12:01:00 PM,No,Maryland (State),South,,2,East,0,FEET,LEVEL,RIVER RD,SPRINGFIELD DR,,N/A,,DRIVER,HEAD ON LEFT TURN,CLOUDY,DRY,DAYLIGHT,TRAFFIC SIGNAL,NONE DETECTED,,OTHER VEHICLE,FIXED OBJECT,INTERSECTION RELATED,FOUR-WAY INTERSECTION,STRAIGHT,NO DEFECTS,"TWO-WAY, DIVIDED, POSITIVE MEDIAN BARRIER",38.96970167,-77.1122,"(38.96970167, -77.1122)"
MCP27630016,170507415,Montgomery County Police,Property Damage Crash,05/12/2017 03:47:00 PM,No,County,West,,1,West,0,FEET,LEVEL,BOWIE MILL RD,OCTOBER CT,,N/A,,DRIVER,SAME DIR REAR END,CLOUDY,WET,DAYLIGHT,N/A,"N/A, NONE DETECTED",,OTHER VEHICLE,N/A,INTERSECTION,T-INTERSECTION,STRAIGHT,NO DEFECTS,"TWO-WAY, NOT DIVIDED",39.150025,-77.10752667,"(39.150025, -77.10752667)"
DD5657000X,230030063,Rockville Police Departme,Property Damage Crash,06/23/2023 12:00:00 PM,No,Maryland (State),South,,3,North,100,FEET,LEVEL,HUNGERFORD DR,PARK RD,,ROCKVILLE,,DRIVER,OPPOSITE DIRECTION SIDESWIPE,RAINING,WET,DAYLIGHT,TRAFFIC SIGNAL,NONE DETECTED,,OTHER VEHICLE,N/A,INTERSECTION RELATED,FOUR-WAY INTERSECTION,STRAIGHT,NO DEFECTS,"TWO-WAY, DIVIDED, UNPROTECTED PAINTED MIN 4 FEET",39.08564783,-77.14877517,"(39.08564783, -77.14877517)"
MCP3401000Z,240022619,MONTGOMERY,Property Damage Crash,05/13/2024 05:29:00 PM,No,US (State),Northbound,Lane 3,3,South,13.96,FEET,Level,COLESVILLE RD,,,,,DRIVER,Front to Rear,Clear,Dry,Daylight,No Controls,"Not Suspect of Alcohol Use, Not Suspect of Drug Use, Not Suspect of Alcohol Use, Not Suspect of Drug Use",,Motor Vehicle In Transport,,Non-Junction,,Straight,No Defects,"Divided, Raised Median (curbed)",39.0111693,-77.01715224,"(39.0111693, -77.01715224)"
MCP2445002L,210026520,Montgomery County Police,Property Damage Crash,07/10/2021 10:02:00 AM,No,County,West,,3,East,0,FEET,LEVEL,MIDDLEBROOK RD,OBSERVATION DR,,N/A,,DRIVER,STRAIGHT MOVEMENT ANGLE,CLEAR,DRY,DAYLIGHT,TRAFFIC SIGNAL,NONE DETECTED,,OTHER VEHICLE,N/A,INTERSECTION,T-INTERSECTION,STRAIGHT,NO DEFECTS,"TWO-WAY, DIVIDED, POSITIVE MEDIAN BARRIER",39.17816117,-77.24245717,"(39.17816117, -77.24245717)"
EJ7855001C,16046052,Gaithersburg Police Depar,Property Damage Crash,09/08/2016 06:45:00 PM,Yes,,,,,,0,,,,,PARKING LOT OF 10003 FIELDS RD SHELL GAS STATION,,,DRIVER,HEAD ON LEFT TURN,CLEAR,,DAYLIGHT,NO CONTROLS,"NONE DETECTED, UNKNOWN",,PARKED VEHICLE,N/A,,,,,,39.11668833,-77.20626833,"(39.11668833, -77.20626833)"
EJ78700060,230004278,Gaithersburg Police Depar,Property Damage Crash,01/26/2023 01:10:00 PM,No,Maryland (State),South,,3,North,100,FEET,LEVEL,FREDERICK RD,CHESTNUT ST,,GAITHERSBURG,,DRIVER,STRAIGHT MOVEMENT ANGLE,CLOUDY,DRY,DAYLIGHT,NO CONTROLS,NONE DETECTED,,OTHER VEHICLE,N/A,NON INTERSECTION,N/A,STRAIGHT,NO DEFECTS,"TWO-WAY, DIVIDED, UNPROTECTED PAINTED MIN 4 FEET",39.14449462,-77.20238225,"(39.14449462, -77.20238225)"
MCP30530052,220006131,Montgomery County Police,Property Damage Crash,02/12/2022 03:43:00 AM,Yes,,,,,,,,,,,11406 GEORGIA AVE PARKING LOT,,,DRIVER,SAME DIR REAR END,CLEAR,,DARK LIGHTS ON,NO CONTROLS,N/A,,OTHER VEHICLE,N/A,,,,,,39.0417,-77.05252167,"(39.0417, -77.05252167)"
MCP2286002K,190040844,Montgomery County Police,Property Damage Crash,08/26/2019 03:20:00 PM,No,Maryland (State),South,,3,North,10,FEET,LEVEL,FREDERICK RD,RIDGEMONT AVE,,ROCKVILLE,,DRIVER,SAME DIRECTION SIDESWIPE,CLEAR,DRY,DAYLIGHT,TRAFFIC SIGNAL,NONE DETECTED,,OTHER VEHICLE,N/A,INTERSECTION RELATED,FOUR-WAY INTERSECTION,STRAIGHT,NO DEFECTS,"TWO-WAY, DIVIDED, POSITIVE MEDIAN BARRIER",39.11934167,-77.1715,"(39.11934167, -77.1715)"
MCP2539001B,200001001,Montgomery County Police,Property Damage Crash,01/07/2020 03:00:00 AM,No,County,South,,1,North,20,FEET,LEVEL,MARYLAND AVE,WINDSOR LA,,N/A,,DRIVER,SINGLE VEHICLE,CLEAR,DRY,DARK LIGHTS ON,NO CONTROLS,UNKNOWN,,FIXED OBJECT,N/A,INTERSECTION RELATED,FOUR-WAY INTERSECTION,STRAIGHT,NO DEFECTS,"TWO-WAY, NOT DIVIDED",38.99202667,-77.09797833,"(38.99202667, -77.09797833)"
MCP22600020,180009993,Montgomery County Police,Injury Crash,02/26/2018 07:34:00 AM,No,Municipality,East,,2,South,0,FEET,LEVEL,W EDMONSTON DR,WOOTTON PKWY,,ROCKVILLE,PEDESTRIAN,DRIVER,OTHER,N/A,DRY,DARK LIGHTS ON,OTHER,N/A,N/A,PEDESTRIAN,N/A,INTERSECTION,T-INTERSECTION,STRAIGHT,NO DEFECTS,"TWO-WAY, DIVIDED, UNPROTECTED PAINTED MIN 4 FEET",39.0736,-77.13734167,"(39.0736, -77.13734167)"
MCP3074004C,200042254,Montgomery County Police,Injury Crash,10/26/2020 04:46:00 PM,No,Maryland (State),North,,3,North,0,FEET,LEVEL,GEORGIA AVE,RAMP 6 FR IS 495 EB TO MD 97 SB,,N/A,,DRIVER,STRAIGHT MOVEMENT ANGLE,CLEAR,DRY,DAYLIGHT,TRAFFIC SIGNAL,"N/A, NONE DETECTED",,OTHER VEHICLE,N/A,INTERSECTION,T-INTERSECTION,STRAIGHT,NO DEFECTS,"TWO-WAY, DIVIDED, POSITIVE MEDIAN BARRIER",39.013905,-77.04209667,"(39.013905, -77.04209667)"
MCP3232000T,200019799,Montgomery County Police,Property Damage Crash,05/18/2020 06:32:00 PM,Yes,,,,,,,,,,,"PARKING LOT OF 11503 AMHERST AVE, SILVER SPRING, MD, 20902",,,DRIVER,SAME DIRECTION SIDESWIPE,CLEAR,,DAYLIGHT,NO CONTROLS,N/A,,OTHER VEHICLE,N/A,,,,,,39.04351821,-77.04919094,"(39.04351821, -77.04919094)"
MCP1099003V,210026530,Montgomery County Police,Property Damage Crash,07/10/2021 11:58:00 AM,No,Maryland (State),West,,1,West,10,FEET,LEVEL,MUNCASTER MILL RD,IVY OAK DR,,N/A,,DRIVER,SAME DIR REAR END,CLEAR,DRY,DAYLIGHT,N/A,NONE DETECTED,,OTHER VEHICLE,N/A,N/A,N/A,STRAIGHT,NO DEFECTS,"TWO-WAY, DIVIDED, UNPROTECTED PAINTED MIN 4 FEET",39.15709833,-77.15816,"(39.15709833, -77.15816)"
MCP271700DN,170537184,Montgomery County Police,Property Damage Crash,10/17/2017 02:45:00 PM,No,Maryland (State),South,,3,North,0,FEET,LEVEL,ROCKVILLE PIKE,TUCKERMAN LA,,N/A,,DRIVER,SAME DIR REAR END,CLEAR,DRY,DAYLIGHT,TRAFFIC SIGNAL,NONE DETECTED,,OTHER VEHICLE,OTHER VEHICLE,INTERSECTION RELATED,FOUR-WAY INTERSECTION,STRAIGHT,NO DEFECTS,"TWO-WAY, DIVIDED, POSITIVE MEDIAN BARRIER",39.025113,-77.10333317,"(39.025113, -77.10333317)"
MCP2455005C,220045411,Montgomery County Police,Property Damage Crash,10/16/2022 06:22:00 PM,No,County,South,,2,South,20,FEET,LEVEL,TWINBROOK PKWY,HALPINE RD,,N/A,,DRIVER,SAME DIR REAR END,CLEAR,DRY,DARK LIGHTS ON,OTHER,NONE DETECTED,,OTHER VEHICLE,OTHER VEHICLE,INTERSECTION RELATED,OTHER,STRAIGHT,NO DEFECTS,"TWO-WAY, DIVIDED, UNPROTECTED PAINTED MIN 4 FEET",39.06667696,-77.11458341,"(39.06667696, -77.11458341)"
DD55950027,16005371,Rockville Police Departme,Property Damage Crash,02/02/2016 07:43:00 AM,No,Maryland (State),East,,2,West,100,FEET,HILL UPHILL,W MONTGOMERY AVE,NELSON ST,,ROCKVILLE,,DRIVER,SAME DIRECTION LEFT TURN,CLEAR,ICE,DAYLIGHT,TRAFFIC SIGNAL,NONE DETECTED,,OTHER VEHICLE,N/A,NON INTERSECTION,N/A,STRAIGHT,NO DEFECTS,"TWO-WAY, DIVIDED, POSITIVE MEDIAN BARRIER",39.08565483,-77.171414,"(39.08565483, -77.171414)"
MCP2892006N,190029566,Montgomery County Police,Property Damage Crash,06/20/2019 07:24:00 PM,No,County,West,,1,West,300,FEET,HILL UPHILL,HOMESTEAD DR,GARDINER AVE,,N/A,,DRIVER,HEAD ON,CLEAR,DRY,DAYLIGHT,NO CONTROLS,ALCOHOL PRESENT,,OTHER VEHICLE,OTHER VEHICLE,N/A,N/A,STRAIGHT,NO DEFECTS,"TWO-WAY, NOT DIVIDED",39.025225,-77.05113,"(39.025225, -77.05113)"
MCP3113000M,180023914,Montgomery County Police,Property Damage Crash,05/15/2018 05:30:00 PM,Yes,US (State),South,,3,South,20,FEET,LEVEL,GEORGIA AVE,SILVER SPRING AVE,,N/A,,DRIVER,SAME DIRECTION SIDESWIPE,CLEAR,DRY,DAYLIGHT,NO CONTROLS,N/A,,OTHER VEHICLE,FIXED OBJECT,NON INTERSECTION,N/A,STRAIGHT,NO DEFECTS,"TWO-WAY, DIVIDED, POSITIVE MEDIAN BARRIER",38.99156867,-77.02671558,"(38.99156867, -77.02671558)"
MCP2563000Y,190042830,Montgomery County Police,Fatal Crash,09/06/2019 08:56:00 PM,No,Maryland (State),North,,3,North,0,FEET,LEVEL,GEORGIA AVE,RAMP 4 FR MD 97 NB TO MD 200 EB,,N/A,,DRIVER,HEAD ON LEFT TURN,CLEAR,DRY,DARK LIGHTS ON,TRAFFIC SIGNAL,"NONE DETECTED, UNKNOWN",,OTHER VEHICLE,OTHER VEHICLE,INTERSECTION,FOUR-WAY INTERSECTION,STRAIGHT,NO DEFECTS,"TWO-WAY, DIVIDED, POSITIVE MEDIAN BARRIER",39.116225,-77.07532,"(39.116225, -77.07532)"
MCP2894004W,180027876,Montgomery County Police,Property Damage Crash,06/06/2018 02:15:00 PM,No,County,East,,2,South,0.25,MILE,LEVEL,EXECUTIVE BLVD,OLD GEORGETOWN RD,,N/A,,DRIVER,STRAIGHT MOVEMENT ANGLE,CLEAR,DRY,DAYLIGHT,NO CONTROLS,NONE DETECTED,,OTHER VEHICLE,N/A,OTHER DRIVEWAY,N/A,STRAIGHT,NO DEFECTS,"TWO-WAY, NOT DIVIDED",39.048615,-77.12263667,"(39.048615, -77.12263667)"
MCP2930000L,15028965,Montgomery County Police,Property Damage Crash,06/14/2015 03:04:00 PM,No,,West,,1,,470,FEET,LEVEL,1637 HICKORY KNOLL RD,SLADE SCHOOL RD,,N/A,,DRIVER,OTHER,CLEAR,DRY,DAYLIGHT,N/A,NONE DETECTED,,PARKED VEHICLE,N/A,NON INTERSECTION,N/A,CURVE LEFT,NO DEFECTS,ONE-WAY TRAFFICWAY,39.15641,-77.03893667,"(39.15641, -77.03893667)"
MCP3012006C,200008692,Montgomery County Police,Injury Crash,02/21/2020 01:12:00 PM,No,Maryland (State),North,,3,North,374,FEET,LEVEL,NEW HAMPSHIRE AVE,E RANDOLPH RD,,N/A,,DRIVER,SAME DIR REAR END,CLEAR,DRY,DAYLIGHT,NO CONTROLS,NONE DETECTED,,OTHER VEHICLE,N/A,N/A,N/A,STRAIGHT,NO DEFECTS,"TWO-WAY, DIVIDED, POSITIVE MEDIAN BARRIER",39.07651,-77.00176,"(39.07651, -77.00176)"
HA24480006,18001790,Maryland-National Capital,Injury Crash,12/29/2018 11:36:00 PM,No,US (State),North,,3,North,0.25,MILE,GRADE DOWNHILL,COLESVILLE RD,CRESTMOOR DR,,N/A,,DRIVER,SINGLE VEHICLE,CLEAR,DRY,DARK LIGHTS ON,N/A,N/A,,N/A,N/A,N/A,N/A,STRAIGHT,HOLES RUTS ETC,"TWO-WAY, DIVIDED, UNPROTECTED PAINTED MIN 4 FEET",39.02961388,-77.0067742,"(39.02961388, -77.0067742)"
EJ7781002Q,200023074,Gaithersburg Police Depar,Property Damage Crash,06/12/2020 10:40:00 AM,No,,,,,,,,,,,P/L 203 GIRARD ST,,,DRIVER,OTHER,CLEAR,,DAYLIGHT,NO CONTROLS,NONE DETECTED,,PARKED VEHICLE,N/A,,,,,,39.14197153,-77.1853195,"(39.14197153, -77.1853195)"
DM8447002H,220037983,Takoma Park Police Depart,Injury Crash,09/02/2022 12:05:00 AM,No,Maryland (State),North,UNKNOWN,3,North,0,FEET,LEVEL,NEW HAMPSHIRE AVE,HOLTON LA,,TAKOMA PARK,,DRIVER,HEAD ON LEFT TURN,CLEAR,DRY,DARK LIGHTS ON,TRAFFIC SIGNAL,"ALCOHOL CONTRIBUTED, NONE DETECTED",,OTHER VEHICLE,FIXED OBJECT,INTERSECTION,FOUR-WAY INTERSECTION,STRAIGHT,NO DEFECTS,"TWO-WAY, DIVIDED, UNPROTECTED PAINTED MIN 4 FEET",38.98589,-76.98827,"(38.98589, -76.98827)"
MCP3213001X,240009989,MONTGOMERY,Injury Crash,03/01/2024 01:29:00 AM,Yes,County Route,Northbound,Lane 1,3,South,0,FEET,Level,BONIFANT ST,BONIFANT ST FENTON ST,,,Pedestrian,UNKNOWN,Single Vehicle,Clear,Dry,Dark - Lighted,Flashing Traffic Control Signal,"Unknown, Unknown","Unknown, Unknown",Pedestrian,,Intersection or Related,Perpendicular,Straight,,Not Divided,38.9944221,-77.02414245,"(38.9944221, -77.02414245)"
MCP3112001Y,190013804,Montgomery County Police,Injury Crash,03/25/2019 07:30:00 PM,No,Maryland (State),South,,3,North,2,FEET,LEVEL,WISCONSIN AVE,MONTGOMERY LA,,N/A,,DRIVER,SAME DIR REAR END,CLEAR,DRY,DARK -- UNKNOWN LIGHTING,TRAFFIC SIGNAL,NONE DETECTED,,OTHER VEHICLE,N/A,INTERSECTION RELATED,FOUR-WAY INTERSECTION,STRAIGHT,NO DEFECTS,"TWO-WAY, DIVIDED, POSITIVE MEDIAN BARRIER",38.98342183,-77.09375183,"(38.98342183, -77.09375183)"
DD559500F9,230066509,Rockville Police Departme,Property Damage Crash,11/15/2023 02:55:00 PM,No,Maryland (State),East,,2,East,0,FEET,LEVEL,FIRST ST,MAPLE AVE,,ROCKVILLE,,DRIVER,HEAD ON LEFT TURN,CLEAR,DRY,DAYLIGHT,NO CONTROLS,NONE DETECTED,,OTHER VEHICLE,N/A,INTERSECTION,FOUR-WAY INTERSECTION,STRAIGHT,NO DEFECTS,"TWO-WAY, DIVIDED, POSITIVE MEDIAN BARRIER",39.08217717,-77.13702417,"(39.08217717, -77.13702417)"
MCP9110000T,16065712,Montgomery County Police,Property Damage Crash,12/22/2016 01:12:00 PM,Yes,,,,,,0,,,,,PARKING LOT OF 12820 WISTERIA DRIVE - MID ATLANTIC CREDIT UNION,,,DRIVER,SAME DIR REAR END,CLEAR,,DAYLIGHT,N/A,"NONE DETECTED, UNKNOWN",,OTHER VEHICLE,N/A,,,,,,39.176105,-77.27002,"(39.176105, -77.27002)"
MCP24870019,190028411,Montgomery County Police,Property Damage Crash,06/14/2019 11:30:00 AM,No,County,East,,1,West,10,FEET,LEVEL,GLEN RD,ROBERTS GLEN CT,,N/A,,DRIVER,SAME DIR REAR END,CLEAR,DRY,DAYLIGHT,NO CONTROLS,NONE DETECTED,,OTHER VEHICLE,N/A,NON INTERSECTION,N/A,STRAIGHT,NO DEFECTS,"TWO-WAY, NOT DIVIDED",39.04698,-77.20090333,"(39.04698, -77.20090333)"
MCP2798005X,230018516,Montgomery County Police,Property Damage Crash,04/20/2023 04:07:00 PM,No,County,East,,1,North,15,FEET,LEVEL,CLUB HILL DR,COUNTRY RIDGE DR,,N/A,,DRIVER,SAME DIR REAR END,CLEAR,DRY,DAYLIGHT,NO CONTROLS,NONE DETECTED,,OTHER VEHICLE,N/A,INTERSECTION RELATED,FOUR-WAY INTERSECTION,STRAIGHT,NO DEFECTS,"TWO-WAY, NOT DIVIDED",39.18416844,-77.26979336,"(39.18416844, -77.26979336)"
MCP28370026,180037111,Montgomery County Police,Injury Crash,07/26/2018 09:08:00 PM,No,,,,,,,,,,,IFO 10616 TUPPENCE CT,,,DRIVER,SINGLE VEHICLE,N/A,,DARK NO LIGHTS,NO CONTROLS,NONE DETECTED,,OFF ROAD,N/A,,,,,,39.10107,-77.21865667,"(39.10107, -77.21865667)"
MCP2411005N,200030396,Montgomery County Police,Property Damage Crash,08/05/2020 03:37:00 PM,No,County,North,,3,North,0,FEET,GRADE DOWNHILL,SHADY GROVE RD,RAMP 1 FR IS 270 NB TO SHADY GROVE RD WB,,N/A,,DRIVER,STRAIGHT MOVEMENT ANGLE,CLEAR,DRY,DAYLIGHT,TRAFFIC SIGNAL,NONE DETECTED,,OTHER VEHICLE,N/A,INTERSECTION,T-INTERSECTION,STRAIGHT,NO DEFECTS,"TWO-WAY, DIVIDED, POSITIVE MEDIAN BARRIER",39.11183793,-77.18704013,"(39.11183793, -77.18704013)"
DD56110061,190023794,Rockville Police Departme,Property Damage Crash,05/20/2019 08:06:00 AM,No,Municipality,East,,2,West,0,FEET,LEVEL,WOOTTON PKWY,ROCKVILLE PIKE,,N/A,,DRIVER,STRAIGHT MOVEMENT ANGLE,CLEAR,DRY,DAYLIGHT,TRAFFIC SIGNAL,NONE DETECTED,,OTHER VEHICLE,OTHER VEHICLE,INTERSECTION,FOUR-WAY INTERSECTION,STRAIGHT,NO DEFECTS,"TWO-WAY, DIVIDED, POSITIVE MEDIAN BARRIER",39.07717167,-77.13929333,"(39.07717167, -77.13929333)"
MCP32570010,200041348,Montgomery County Police,Property Damage Crash,10/20/2020 09:24:00 AM,No,County,West,,2,West,25,FEET,HILL UPHILL,JONES BRIDGE RD,MONTGOMERY AVE,,NORTH CHEVY CHASE,,UNKNOWN,SAME DIRECTION SIDESWIPE,CLOUDY,DRY,DAYLIGHT,NO CONTROLS,NONE DETECTED,,OTHER VEHICLE,N/A,NON INTERSECTION,N/A,STRAIGHT,NO DEFECTS,"TWO-WAY, NOT DIVIDED",38.9992,-77.072205,"(38.9992, -77.072205)"
MCP2726006D,210044657,Montgomery County Police,Injury Crash,11/04/2021 12:15:00 PM,No,Municipality,South,,1,North,0,FEET,LEVEL,MANNAKEE ST,NELSON ST,,ROCKVILLE,,DRIVER,HEAD ON LEFT TURN,CLEAR,DRY,DAYLIGHT,TRAFFIC SIGNAL,NONE DETECTED,,OTHER VEHICLE,OTHER VEHICLE,INTERSECTION,FOUR-WAY INTERSECTION,CURVE LEFT,NO DEFECTS,"TWO-WAY, DIVIDED, UNPROTECTED PAINTED MIN 4 FEET",39.093434,-77.16148967,"(39.093434, -77.16148967)"
MCP2947000T,15042771,MONTGOMERY,Property Damage Crash,08/26/2015 09:14:00 AM,No,County,East,,1,West,0,FEET,HILL UPHILL,LONGMEAD CROSSING DR,LADY MEADE DR,,N/A,,DRIVER,SAME DIR REAR END,CLEAR,DRY,DAYLIGHT,N/A,NONE DETECTED,,OTHER VEHICLE,N/A,INTERSECTION,FOUR-WAY INTERSECTION,STRAIGHT,NO DEFECTS,"TWO-WAY, NOT DIVIDED",39.09932167,-77.048,"(39.09932167, -77.048)"
MCP102200DG,190059304,Montgomery County Police,Injury Crash,12/09/2019 12:16:00 PM,No,Maryland (State),South,RIGHT TURN LANE,3,North,200,FEET,LEVEL,GERMANTOWN RD,DAWSON FARM RD,,N/A,,DRIVER,SINGLE VEHICLE,RAINING,WET,DAYLIGHT,NO CONTROLS,NONE DETECTED,,FIXED OBJECT,FIXED OBJECT,NON INTERSECTION,N/A,N/A,NO DEFECTS,"TWO-WAY, DIVIDED, POSITIVE MEDIAN BARRIER",39.17190086,-77.27702089,"(39.17190086, -77.27702089)"
MCP31180048,230066458,Montgomery County Police,Property Damage Crash,11/15/2023 11:52:00 AM,No,County,West,UNKNOWN,2,North,0,FEET,LEVEL,CONNECTICUT AVE,GEORGIA AVE,,N/A,,DRIVER,HEAD ON LEFT TURN,N/A,DRY,DAYLIGHT,NO CONTROLS,NONE DETECTED,,OTHER VEHICLE,N/A,INTERSECTION,T-INTERSECTION,CURVE LEFT,NO DEFECTS,"TWO-WAY, DIVIDED, UNPROTECTED PAINTED MIN 4 FEET",39.08496328,-77.07518276,"(39.08496328, -77.07518276)"
MCP203900BJ,240036572,MONTGOMERY,Injury Crash,08/03/2024 11:27:00 AM,No,Maryland (State) Route,Southbound,Lane 1,3,West,29.13,FEET,Downhill,GEORGIA AVE (SB/L),,,,,DRIVER,Front to Rear,Clear,Dry,Daylight,No Controls,"Not Suspect of Alcohol Use, Not Suspect of Drug Use, Not Suspect of Alcohol Use, Not Suspect of Drug Use",,Motor Vehicle In Transport,,Non-Junction,,Straight,No Defects,"Divided, Flush Median (greater than 4ft wide)",39.08789118,-77.07964401,"(39.08789118, -77.07964401)"
MCP11190062,180052327,Montgomery County Police,Property Damage Crash,10/19/2018 08:21:00 AM,No,County,South,,1,North,200,FEET,HILL UPHILL,CASHELL RD,EMORY LA,,N/A,,DRIVER,SAME DIR REAR END,CLEAR,DRY,DAYLIGHT,N/A,NONE DETECTED,,OTHER VEHICLE,N/A,NON INTERSECTION,N/A,STRAIGHT,NO DEFECTS,"TWO-WAY, NOT DIVIDED",39.12801333,-77.08072,"(39.12801333, -77.08072)"
MCP1366004R,16035916,Montgomery County Police,Injury Crash,07/15/2016 04:44:00 PM,No,Maryland (State),West,,3,East,0,FEET,LEVEL,MUNCASTER MILL RD,NEEDWOOD RD,,N/A,,DRIVER,SAME DIR REAR END,CLEAR,DRY,DAYLIGHT,TRAFFIC SIGNAL,NONE DETECTED,,OTHER VEHICLE,OTHER VEHICLE,INTERSECTION,FOUR-WAY INTERSECTION,STRAIGHT,NO DEFECTS,"TWO-WAY, NOT DIVIDED",39.13263833,-77.12133,"(39.13263833, -77.12133)"
MCP2110000Y,16032001,Montgomery County Police,Property Damage Crash,06/24/2016 03:54:00 PM,No,Interstate (State),West,,3,West,0,MILE,LEVEL,NO NAME,RAMP 8 FR MD 355 SB TO IS 370 WB,,N/A,,DRIVER,SINGLE VEHICLE,CLEAR,DRY,DAYLIGHT,N/A,NONE DETECTED,,FIXED OBJECT,N/A,N/A,N/A,CURVE RIGHT,NO DEFECTS,"TWO-WAY, DIVIDED, POSITIVE MEDIAN BARRIER",39.120835,-77.18134667,"(39.120835, -77.18134667)"
MCP31090019,180045118,Montgomery County Police,Injury Crash,09/10/2018 11:00:00 AM,Yes,County,North,,1,East,0,FEET,LEVEL,FENTON ST,SLIGO AVE,,N/A,PEDESTRIAN,DRIVER,SINGLE VEHICLE,CLOUDY,N/A,DAYLIGHT,NO CONTROLS,UNKNOWN,NONE DETECTED,PEDESTRIAN,N/A,INTERSECTION,FOUR-WAY INTERSECTION,STRAIGHT,NO DEFECTS,"TWO-WAY, NOT DIVIDED",38.99023242,-77.02373791,"(38.99023242, -77.02373791)"
EJ78600017,170542334,Gaithersburg Police Depar,Injury Crash,11/12/2017 12:52:00 AM,No,Maryland (State),West,SHOULDER AREA,2,East,100,FEET,LEVEL,W DIAMOND AVE,BUREAU DR,,GAITHERSBURG,,DRIVER,SINGLE VEHICLE,CLEAR,DRY,DARK LIGHTS ON,NO CONTROLS,ALCOHOL PRESENT,,FIXED OBJECT,N/A,NON INTERSECTION,N/A,STRAIGHT,NO DEFECTS,"TWO-WAY, DIVIDED, UNPROTECTED PAINTED MIN 4 FEET",39.14144973,-77.21723825,"(39.14144973, -77.21723825)"
MCP1554000Y,15051825,MONTGOMERY,Injury Crash,10/12/2015 08:15:00 PM,Yes,Maryland (State),South,,6,North,0,FEET,LEVEL,FREDERICK RD,ENT TO SHADY GROVE METRO STATION,,N/A,PEDESTRIAN,DRIVER,STRAIGHT MOVEMENT ANGLE,CLEAR,DRY,DARK LIGHTS ON,TRAFFIC SIGNAL,"NONE DETECTED, UNKNOWN",UNKNOWN,PEDESTRIAN,OTHER VEHICLE,INTERSECTION,FOUR-WAY INTERSECTION,STRAIGHT,NO DEFECTS,"TWO-WAY, DIVIDED, POSITIVE MEDIAN BARRIER",39.11742167,-77.16875167,"(39.11742167, -77.16875167)"
EJ78460010,15041193,GAITHERSBURG,Injury Crash,08/17/2015 09:07:00 PM,No,Municipality,North,,3,North,0,FEET,LEVEL,WATKINS MILL RD,FREDERICK RD,,N/A,,DRIVER,HEAD ON LEFT TURN,CLEAR,DRY,DARK LIGHTS ON,TRAFFIC SIGNAL,NONE DETECTED,,OTHER VEHICLE,N/A,INTERSECTION RELATED,FOUR-WAY INTERSECTION,STRAIGHT,NO DEFECTS,"TWO-WAY, NOT DIVIDED",39.15952167,-77.21879,"(39.15952167, -77.21879)"
MCP28260015,16058422,Montgomery County Police,Injury Crash,11/12/2016 07:51:00 PM,No,Maryland (State),West,,3,East,0,FEET,LEVEL,UNIVERSITY BLVD E,MERRIMAC DR,,TAKOMA PARK,,DRIVER,STRAIGHT MOVEMENT ANGLE,N/A,DRY,DARK LIGHTS ON,NO CONTROLS,NONE DETECTED,,OTHER VEHICLE,N/A,CROSSOVER RELATED,T-INTERSECTION,STRAIGHT,NO DEFECTS,"TWO-WAY, DIVIDED, POSITIVE MEDIAN BARRIER",38.99304167,-76.99134667,"(38.99304167, -76.99134667)"
MCP30260089,220040939,Montgomery County Police,Property Damage Crash,09/20/2022 12:25:00 PM,No,Maryland (State),North,,3,North,0,FEET,LEVEL,WISCONSIN AVE,MORGAN DR,,N/A,,DRIVER,ANGLE MEETS LEFT TURN,CLEAR,DRY,DAYLIGHT,STOP SIGN,NONE DETECTED,,OTHER VEHICLE,N/A,INTERSECTION,OTHER,STRAIGHT,NO DEFECTS,"TWO-WAY, DIVIDED, POSITIVE MEDIAN BARRIER",38.97306667,-77.08951333,"(38.97306667, -77.08951333)"