Report Number,Local Case Number,Agency Name,ACRS Report Type,Crash Date/Time,Hit/Run,Route Type,Lane Direction,Lane Type,Number of Lanes,Direction,Distance,Distance Unit,Road Grade,Road Name,Cross-Street Name,Off-Road Description,Municipality,Related Non-Motorist,At Fault,Collision Type,Weather,Surface Condition,Light,Traffic Control,Driver Substance Abuse,Non-Motorist Substance Abuse,First Harmful Event,Second Harmful Event,Junction,Intersection Type,Road Alignment,Road Condition,Road Division,Latitude,Longitude,Location
MCP2973002W,170501570,Montgomery County Police,Injury Crash,03/27/2017 04:00:00 PM,No,,,,,,,,,,,"HOME DEPOT PARKING LOT - 14000 GEORGIA AVE SILVER SPRING, MD 20906",,PEDESTRIAN,DRIVER,OTHER,CLEAR,,DAYLIGHT,NO CONTROLS,NONE DETECTED,NONE DETECTED,PEDESTRIAN,N/A,,,,,,39.0836115,-77.08112955,"(39.0836115, -77.08112955)"
MCP3036001L,190034621,Montgomery County Police,Injury Crash,07/21/2019 04:46:00 AM,No,County,West,,1,North,25,FEET,LEVEL,STRAWBERRY KNOLL RD,CROSS COUNTRY LA,,N/A,,DRIVER,SINGLE VEHICLE,CLEAR,N/A,DARK LIGHTS ON,NO CONTROLS,ALCOHOL PRESENT,,FIXED OBJECT,N/A,NON INTERSECTION,N/A,STRAIGHT,NO DEFECTS,"TWO-WAY, DIVIDED, UNPROTECTED PAINTED MIN 4 FEET",39.16228667,-77.183965,"(39.16228667, -77.183965)"
DD5664000D,230022336,Rockville Police Departme,Property Damage Crash,05/10/2023 07:41:00 AM,No,Maryland (State),West,,3,North,0,FEET,LEVEL,FIRST ST,ROCKVILLE PIKE,,N/A,,DRIVER,SAME DIR REAR END,CLEAR,DRY,DAYLIGHT,TRAFFIC SIGNAL,NONE DETECTED,,OTHER VEHICLE,N/A,INTERSECTION,FOUR-WAY INTERSECTION,STRAIGHT,NO DEFECTS,"TWO-WAY, DIVIDED, POSITIVE MEDIAN BARRIER",39.07741168,-77.13929435,"(39.07741168, -77.13929435)"
MCP2215001M,210051941,Montgomery County Police,Property Damage Crash,12/20/2021 08:00:00 PM,Yes,Maryland (State),South,,2,South,500,FEET,LEVEL,WOODFIELD RD,BETHESDA CHURCH RD,,N/A,,DRIVER,SINGLE VEHICLE,CLOUDY,DRY,DARK LIGHTS ON,NO CONTROLS,OTHER,,FIXED OBJECT,FIXED OBJECT,NON INTERSECTION,N/A,STRAIGHT,NO DEFECTS,"TWO-WAY, NOT DIVIDED",39.28216701,-77.20193958,"(39.28216701, -77.20193958)"
MCP3178000B,190012800,Montgomery County Police,Property Damage Crash,03/20/2019 08:00:00 AM,Yes,County,East,,1,West,1,MILE,HILL UPHILL,BRIGHTON DAM RD,GOLDEN VALLEY LA,,N/A,,DRIVER,SINGLE VEHICLE,N/A,ICE,DAWN,N/A,NONE DETECTED,,FIXED OBJECT,OVERTURN,NON INTERSECTION,N/A,CURVE LEFT,HOLES RUTS ETC,"TWO-WAY, NOT DIVIDED",39.18161,-77.052795,"(39.18161, -77.052795)"
MCP2052002V,230003551,Montgomery County Police,Injury Crash,01/22/2023 12:25:00 PM,No,County,South,,3,North,0,FEET,GRADE DOWNHILL,SHADY GROVE RD,RAMP 1 FR IS 270 NB TO SHADY GROVE RD WB,,N/A,,DRIVER,ANGLE MEETS LEFT HEAD ON,RAINING,WET,DAYLIGHT,TRAFFIC SIGNAL,NONE DETECTED,,OTHER VEHICLE,N/A,INTERSECTION,T-INTERSECTION,STRAIGHT,NO DEFECTS,"TWO-WAY, DIVIDED, POSITIVE MEDIAN BARRIER",39.11221167,-77.18698833,"(39.11221167, -77.18698833)"
MCP2059008X,250027187,MONTGOMERY,Property Damage Crash,06/18/2025 12:53:00 PM,,County Route,Northbound,Lane 1,2,North,32.06,FEET,Level,GRAND PARK AVE,,,,,DRIVER,"Sideswipe, Same Direction",Rain,Wet,Daylight,No Controls,"Not Suspect of Alcohol Use, Not Suspect of Drug Use, Unknown, Unknown",,Motor Vehicle In Transport,,Non-Junction,,Straight,No Defects,"Divided, Flush Median (greater than 4ft wide)",39.04913462,-77.11697368,"(39.04913462, -77.11697368)"
MCP2464001H,180044804,Montgomery County Police,Injury Crash,09/07/2018 09:29:00 PM,No,Maryland (State),East,,3,West,0,FEET,LEVEL,UNIVERSITY BLVD E,PINEY BRANCH RD,,N/A,,DRIVER,SAME DIR REAR END,RAINING,WET,DARK LIGHTS ON,TRAFFIC SIGNAL,N/A,,OTHER VEHICLE,N/A,INTERSECTION RELATED,FOUR-WAY INTERSECTION,STRAIGHT,NO DEFECTS,"TWO-WAY, DIVIDED, POSITIVE MEDIAN BARRIER",39.00029667,-76.99518833,"(39.00029667, -76.99518833)"
MCP29480049,210028835,Montgomery County Police,Injury Crash,07/25/2021 06:00:00 PM,No,County,East,,1,East,50,FEET,LEVEL,ELMONT ST,GRANDVIEW AVE,,N/A,,DRIVER,SAME DIRECTION SIDESWIPE,CLEAR,DRY,DAYLIGHT,NO CONTROLS,"N/A, NONE DETECTED",,OTHER VEHICLE,N/A,N/A,N/A,STRAIGHT,NO DEFECTS,"TWO-WAY, NOT DIVIDED",39.044135,-77.05447333,"(39.044135, -77.05447333)"
MCP26230043,190045891,Montgomery County Police,Property Damage Crash,09/25/2019 12:24:00 AM,No,Maryland (State),West,,1,East,0.1,MILE,HILL CREST,SPENCERVILLE RD,LIONS DEN RD,,N/A,,DRIVER,SINGLE VEHICLE,CLEAR,DRY,DARK LIGHTS ON,NO CONTROLS,ALCOHOL PRESENT,,FIXED OBJECT,OVERTURN,NON INTERSECTION,N/A,CURVE LEFT,NO DEFECTS,"TWO-WAY, NOT DIVIDED",39.111085,-76.949995,"(39.111085, -76.949995)"
MCP2039007J,220021938,Montgomery County Police,Property Damage Crash,05/23/2022 12:20:00 PM,No,County,East,,3,East,5,FEET,HILL UPHILL,RANDOLPH RD,VEIRS MILL RD,,N/A,,DRIVER,SAME DIR REAR END,CLOUDY,OTHER,DAYLIGHT,TRAFFIC SIGNAL,N/A,,OTHER VEHICLE,N/A,INTERSECTION RELATED,FOUR-WAY INTERSECTION,STRAIGHT,NO DEFECTS,"TWO-WAY, NOT DIVIDED",39.05571833,-77.08207833,"(39.05571833, -77.08207833)"
MCP3222000S,200019654,Montgomery County Police,Property Damage Crash,05/16/2020 08:05:00 AM,No,Maryland (State),East,,2,East,0,FEET,LEVEL,UNIVERSITY BLVD W,CONNECTICUT AVE,,N/A,,DRIVER,SAME DIRECTION RIGHT TURN,CLEAR,DRY,DAYLIGHT,NO CONTROLS,NONE DETECTED,,OTHER VEHICLE,N/A,INTERSECTION,FOUR-WAY INTERSECTION,STRAIGHT,NO DEFECTS,"TWO-WAY, NOT DIVIDED",39.03150992,-77.07482002,"(39.03150992, -77.07482002)"
MCP3192001X,210018628,Montgomery County Police,Property Damage Crash,05/17/2021 07:11:00 PM,Yes,County,South,,1,South,0,FEET,LEVEL,DEWEY RD,DAHILL RD,,N/A,,DRIVER,STRAIGHT MOVEMENT ANGLE,CLEAR,DRY,DUSK,STOP SIGN,"NONE DETECTED, UNKNOWN",,OTHER VEHICLE,N/A,INTERSECTION,T-INTERSECTION,STRAIGHT,NO DEFECTS,"TWO-WAY, NOT DIVIDED",39.04838583,-77.088461,"(39.04838583, -77.088461)"
MCP9366000N,16055445,Montgomery County Police,Injury Crash,10/28/2016 02:35:00 AM,No,Maryland (State),North,,2,North,200,FEET,HILL UPHILL,GEORGIA AVE,EMORY CHURCH RD,,N/A,PEDESTRIAN,DRIVER,SAME DIR REAR END,CLEAR,WET,DARK LIGHTS ON,N/A,ALCOHOL PRESENT,NONE DETECTED,PARKED VEHICLE,PEDESTRIAN,NON INTERSECTION,N/A,STRAIGHT,NO DEFECTS,"TWO-WAY, DIVIDED, UNPROTECTED PAINTED MIN 4 FEET",39.13212667,-77.07039667,"(39.13212667, -77.07039667)"
MCP1213004V,190048915,Montgomery County Police,Property Damage Crash,10/11/2019 05:25:00 PM,No,Maryland (State),North,,3,North,50,FEET,LEVEL,NEW HAMPSHIRE AVE,E RANDOLPH RD,,N/A,,DRIVER,SAME DIR REAR END,CLEAR,DRY,DAYLIGHT,NO CONTROLS,NONE DETECTED,,OTHER VEHICLE,N/A,NON INTERSECTION,N/A,STRAIGHT,NO DEFECTS,"TWO-WAY, DIVIDED, POSITIVE MEDIAN BARRIER",39.076495,-77.00142167,"(39.076495, -77.00142167)"
MCP3353001H,230048877,Montgomery County Police,Property Damage Crash,08/11/2023 09:55:00 AM,No,County,South,,2,South,200,FEET,LEVEL,CRABBS BRANCH WAY,INDIANOLA DR,,N/A,,DRIVER,SAME DIRECTION RIGHT TURN,CLEAR,N/A,DAYLIGHT,N/A,N/A,,OTHER VEHICLE,N/A,NON INTERSECTION,N/A,STRAIGHT,N/A,"TWO-WAY, NOT DIVIDED",39.11359367,-77.15692267,"(39.11359367, -77.15692267)"
DD5636000D,190045563,Rockville Police Departme,Property Damage Crash,09/23/2019 10:06:00 AM,No,Municipality,North,,1,West,0,FEET,LEVEL,REDLAND BLVD,ELMCROFT BLVD,,ROCKVILLE,,DRIVER,SAME DIRECTION SIDESWIPE,CLEAR,DRY,DAYLIGHT,STOP SIGN,NONE DETECTED,,OTHER VEHICLE,N/A,INTERSECTION,FOUR-WAY INTERSECTION,STRAIGHT,NO DEFECTS,"TWO-WAY, DIVIDED, POSITIVE MEDIAN BARRIER",39.11472698,-77.16723266,"(39.11472698, -77.16723266)"
MCP3000000F,16004370,Montgomery County Police,Injury Crash,01/27/2016 12:13:00 PM,No,Other Public Roadway,South,,4,West,200,FEET,HILL UPHILL,SHAWNEE LA,GATEWAY CENTER DR,,N/A,,DRIVER,SAME DIRECTION LEFT TURN,CLEAR,SNOW,DAYLIGHT,NO CONTROLS,NONE DETECTED,,OTHER VEHICLE,OTHER VEHICLE,NON INTERSECTION,N/A,STRAIGHT,OTHER,"TWO-WAY, DIVIDED, UNPROTECTED PAINTED MIN 4 FEET",39.22804667,-77.271585,"(39.22804667, -77.271585)"
MCP30950029,200049031,Montgomery County Police,Injury Crash,12/12/2020 07:23:00 PM,No,County,East,,2,North,20,FEET,LEVEL,CHERRY HILL RD,GRACEFIELD RD,,N/A,,DRIVER,SAME DIR REAR END,CLEAR,DRY,DARK LIGHTS ON,N/A,"N/A, NONE DETECTED",,OTHER VEHICLE,OTHER VEHICLE,N/A,N/A,STRAIGHT,NO DEFECTS,"TWO-WAY, DIVIDED, UNPROTECTED PAINTED MIN 4 FEET",39.050165,-76.95266833,"(39.050165, -76.95266833)"
MCP3240001L,200046325,Montgomery County Police,Property Damage Crash,11/23/2020 06:17:00 PM,No,Maryland (State),South,RIGHT TURN LANE,2,North,0,FEET,LEVEL,FREDERICK RD,GERMANTOWN RD,,N/A,,DRIVER,SAME DIR REAR END,CLEAR,DRY,DARK LIGHTS ON,NO CONTROLS,N/A,,OTHER VEHICLE,N/A,INTERSECTION RELATED,FOUR-WAY INTERSECTION,STRAIGHT,NO DEFECTS,"TWO-WAY, DIVIDED, POSITIVE MEDIAN BARRIER",39.19253819,-77.24272456,"(39.19253819, -77.24272456)"
MCP3112000R,18004163,Montgomery County Police,Property Damage Crash,08/21/2018 04:20:00 PM,No,,,,,,,,,,,8710 BROOKVILLE RD: COUNTY MAINTENANCE DEPOT PARKING LOT,,,DRIVER,OTHER,CLOUDY,,DAYLIGHT,N/A,NONE DETECTED,,PARKED VEHICLE,N/A,,,,,,38.99858333,-77.05572833,"(38.99858333, -77.05572833)"
DD5605003G,170502975,Rockville Police Departme,Property Damage Crash,04/19/2017 02:45:00 PM,No,Maryland (State),East,,3,East,0,FEET,LEVEL,W MONTGOMERY AVE,HURLEY AVE,,ROCKVILLE,,DRIVER,SAME DIRECTION RIGHT TURN,CLEAR,DRY,DAYLIGHT,TRAFFIC SIGNAL,NONE DETECTED,,OTHER VEHICLE,N/A,INTERSECTION,FOUR-WAY INTERSECTION,STRAIGHT,NO DEFECTS,"TWO-WAY, DIVIDED, POSITIVE MEDIAN BARRIER",39.08867567,-77.178129,"(39.08867567, -77.178129)"
MCP3076003G,21000722,Montgomery County Police,Injury Crash,02/25/2021 11:18:00 AM,No,US (State),South,,2,North,0,FEET,LEVEL,GEORGIA AVE,13TH ST,,N/A,,DRIVER,HEAD ON LEFT TURN,CLEAR,DRY,DAYLIGHT,TRAFFIC SIGNAL,NONE DETECTED,,OTHER VEHICLE,N/A,INTERSECTION,FOUR-WAY INTERSECTION,STRAIGHT,NO DEFECTS,"TWO-WAY, NOT DIVIDED",38.98739942,-77.02669438,"(38.98739942, -77.02669438)"
MCP2937004C,220027344,Montgomery County Police,Injury Crash,06/26/2022 04:45:00 AM,No,Maryland (State),West,,2,West,20,FEET,HILL CREST,SPENCERVILLE RD,KRUHM RD,,N/A,,DRIVER,SINGLE VEHICLE,CLEAR,DRY,DARK LIGHTS ON,NO CONTROLS,ALCOHOL PRESENT,,OFF ROAD,FIXED OBJECT,NON INTERSECTION,N/A,CURVE LEFT,NO DEFECTS,"TWO-WAY, DIVIDED, UNPROTECTED PAINTED MIN 4 FEET",39.11050382,-76.94892181,"(39.11050382, -76.94892181)"
MCP2785000T,15053179,MONTGOMERY,Property Damage Crash,10/20/2015 11:00:00 AM,No,,,,,,,,,,,Parking lot of Target located at 12000 Cherry Hill Rd,,,DRIVER,ANGLE MEETS LEFT TURN,CLEAR,,DAYLIGHT,NO CONTROLS,N/A,,OTHER VEHICLE,N/A,,,,,,39.109775,-76.91044,"(39.109775, -76.91044)"
MCP3151000R,18055031,Montgomery County Police,Injury Crash,11/02/2018 04:30:00 PM,No,County,West,,2,East,0,FEET,LEVEL,RANDOLPH RD,BUSHEY DR,,N/A,,DRIVER,ANGLE MEETS LEFT TURN,RAINING,WET,DAYLIGHT,STOP SIGN,NONE DETECTED,,OTHER VEHICLE,OTHER VEHICLE,INTERSECTION,FOUR-WAY INTERSECTION,STRAIGHT,NO DEFECTS,"TWO-WAY, DIVIDED, POSITIVE MEDIAN BARRIER",39.05749861,-77.07786507,"(39.05749861, -77.07786507)"
MCP3109003N,190056268,Montgomery County Police,Injury Crash,11/21/2019 02:40:00 PM,No,County,North,,1,East,50,FEET,LEVEL,BONIFANT ST,FENTON ST,,N/A,PEDESTRIAN,DRIVER,SINGLE VEHICLE,CLEAR,DRY,DAYLIGHT,NO CONTROLS,NONE DETECTED,NONE DETECTED,PEDESTRIAN,N/A,COMMERCIAL DRIVEWAY,N/A,STRAIGHT,NO DEFECTS,N/A,38.9944485,-77.02392217,"(38.9944485, -77.02392217)"
MCP30760035,200016172,Montgomery County Police,Property Damage Crash,04/16/2020 11:42:00 AM,No,County,North,,1,North,0,FEET,LEVEL,LYTTONSVILLE RD,LYTTONSVILLE PL,,N/A,,DRIVER,HEAD ON LEFT TURN,CLEAR,DRY,DAYLIGHT,NO CONTROLS,NONE DETECTED,,OTHER VEHICLE,N/A,INTERSECTION,T-INTERSECTION,STRAIGHT,NO DEFECTS,"TWO-WAY, NOT DIVIDED",38.99886195,-77.0523589,"(38.99886195, -77.0523589)"
MCP1366002W,15014136,Montgomery County Police,Injury Crash,03/27/2015 02:08:00 PM,No,County,North,,2,North,0,FEET,HILL UPHILL,MARTINSBURG RD,WASCHE RD,,N/A,,UNKNOWN,SINGLE VEHICLE,CLEAR,DRY,DAYLIGHT,STOP SIGN,NONE DETECTED,,FIXED OBJECT,FIXED OBJECT,INTERSECTION,T-INTERSECTION,STRAIGHT,NO DEFECTS,"TWO-WAY, NOT DIVIDED",39.19663,-77.46125333,"(39.19663, -77.46125333)"
MCP3004001R,170531792,Montgomery County Police,Property Damage Crash,09/19/2017 06:00:00 PM,Yes,County,West,LEFT TURN LANE,3,North,0,FEET,LEVEL,BOU AVE,ROCKVILLE PIKE,,N/A,,DRIVER,SAME DIRECTION SIDESWIPE,CLEAR,UNKNOWN,DAYLIGHT,UNKNOWN,"N/A, UNKNOWN",,OTHER VEHICLE,N/A,INTERSECTION,T-INTERSECTION,STRAIGHT,UNKNOWN,UNKNOWN,39.05622056,-77.11906202,"(39.05622056, -77.11906202)"
MCP2291006C,220044690,Montgomery County Police,Injury Crash,10/12/2022 04:02:00 PM,No,County,East,,2,West,0,FEET,LEVEL,GREENTREE RD,BRADMOOR DR,,N/A,,DRIVER,STRAIGHT MOVEMENT ANGLE,CLEAR,DRY,DAYLIGHT,STOP SIGN,NONE DETECTED,,OTHER VEHICLE,N/A,INTERSECTION,FOUR-WAY INTERSECTION,STRAIGHT,NO DEFECTS,"TWO-WAY, DIVIDED, UNPROTECTED PAINTED MIN 4 FEET",39.00085,-77.12156,"(39.00085, -77.12156)"
DD5616001J,16065702,Rockville Police Departme,Property Damage Crash,12/22/2016 01:36:00 PM,No,Maryland (State),East,,2,East,100,FEET,LEVEL,FIRST ST,VEIRS MILL RD,,N/A,,DRIVER,SAME DIR REAR END,CLEAR,DRY,DAYLIGHT,TRAFFIC SIGNAL,NONE DETECTED,,OTHER VEHICLE,OTHER VEHICLE,NON INTERSECTION,N/A,STRAIGHT,NO DEFECTS,"TWO-WAY, DIVIDED, UNPROTECTED PAINTED MIN 4 FEET",39.08099967,-77.13718767,"(39.08099967, -77.13718767)"
MCP1305002Z,190008710,Montgomery County Police,Property Damage Crash,02/23/2019 03:31:00 PM,No,County,West,,2,East,0,FEET,GRADE DOWNHILL,EAST VILLAGE AVE,DRY RIDGE RD,,N/A,,DRIVER,STRAIGHT MOVEMENT ANGLE,RAINING,WET,DAYLIGHT,STOP SIGN,NONE DETECTED,,OTHER VEHICLE,FIXED OBJECT,INTERSECTION,T-INTERSECTION,STRAIGHT,NO DEFECTS,"TWO-WAY, DIVIDED, POSITIVE MEDIAN BARRIER",39.18561024,-77.17064681,"(39.18561024, -77.17064681)"
MCP91180029,200036799,Montgomery County Police,Injury Crash,09/19/2020 09:28:00 PM,Yes,County,East,,3,East,0,FEET,LEVEL,RANDOLPH RD,GLENMONT CIR #1,,N/A,,DRIVER,STRAIGHT MOVEMENT ANGLE,CLEAR,DRY,DARK LIGHTS ON,TRAFFIC SIGNAL,"NONE DETECTED, UNKNOWN",,OTHER VEHICLE,FIXED OBJECT,N/A,FOUR-WAY INTERSECTION,STRAIGHT,NO DEFECTS,"TWO-WAY, DIVIDED, POSITIVE MEDIAN BARRIER",39.05818833,-77.04824167,"(39.05818833, -77.04824167)"
MCP24960016,200015511,Montgomery County Police,Property Damage Crash,04/09/2020 11:35:00 AM,No,County,East,,3,East,0,FEET,LEVEL,INDIAN SPRING DR,UNIVERSITY BLVD E,,N/A,,DRIVER,SAME DIR REAR END,CLOUDY,WET,DAYLIGHT,YIELD SIGN,NONE DETECTED,,OTHER VEHICLE,N/A,INTERSECTION RELATED,OTHER,STRAIGHT,NO DEFECTS,"TWO-WAY, DIVIDED, POSITIVE MEDIAN BARRIER",39.01331667,-77.00388667,"(39.01331667, -77.00388667)"
MCP32740016,220012768,Montgomery County Police,Property Damage Crash,03/24/2022 09:34:00 PM,No,Maryland (State),North,,3,North,10,FEET,LEVEL,OLD GEORGETOWN RD,MCKINLEY ST,,N/A,,UNKNOWN,SINGLE VEHICLE,RAINING,WET,DARK LIGHTS ON,TRAFFIC SIGNAL,NONE DETECTED,,FIXED OBJECT,N/A,INTERSECTION RELATED,T-INTERSECTION,STRAIGHT,NO DEFECTS,"TWO-WAY, DIVIDED, POSITIVE MEDIAN BARRIER",38.99703167,-77.109255,"(38.99703167, -77.109255)"
MCP2001001Y,230005934,Montgomery County Police,Fatal Crash,02/05/2023 07:37:00 PM,No,Maryland (State),North,,3,North,280,FEET,HILL UPHILL,GEORGIA AVE,RALPH RD,,N/A,PEDESTRIAN,NONMOTORIST,SINGLE VEHICLE,CLEAR,DRY,DARK LIGHTS ON,N/A,NONE DETECTED,ALCOHOL PRESENT,PEDESTRIAN,N/A,NON INTERSECTION,N/A,STRAIGHT,NO DEFECTS,"TWO-WAY, DIVIDED, POSITIVE MEDIAN BARRIER",39.078885,-77.07246167,"(39.078885, -77.07246167)"
MCP1174002R,170549103,Montgomery County Police,Property Damage Crash,12/17/2017 12:59:00 PM,No,,,,,,,,,,,"4528 NORTH CHELSEA LANE  BETHESDA, MD. 20814",,,DRIVER,SINGLE VEHICLE,CLEAR,,DAYLIGHT,NO CONTROLS,NONE DETECTED,,OFF ROAD,N/A,,,,,,38.99480833,-77.09037833,"(38.99480833, -77.09037833)"
MCP3207003J,230053463,Montgomery County Police,Property Damage Crash,09/06/2023 03:52:00 PM,No,County,East,,1,East,0,FEET,GRADE DOWNHILL,BRIGGS CHANEY RD,GENTRY RIDGE CT,,N/A,,DRIVER,STRAIGHT MOVEMENT ANGLE,CLEAR,DRY,DAYLIGHT,N/A,NONE DETECTED,,OTHER VEHICLE,N/A,INTERSECTION,T-INTERSECTION,STRAIGHT,NO DEFECTS,"TWO-WAY, NOT DIVIDED",39.070686,-76.93774567,"(39.070686, -76.93774567)"
MCP3016002G,190043166,Montgomery County Police,Property Damage Crash,09/09/2019 12:30:00 PM,Yes,County,North,,3,East,100,FEET,HILL CREST,MIDDLEBROOK RD,EISENHOWER MEMORIAL HWY,,N/A,,DRIVER,SAME DIR REAR END,CLOUDY,DRY,DAYLIGHT,NO CONTROLS,"NONE DETECTED, UNKNOWN",,OTHER VEHICLE,N/A,N/A,N/A,STRAIGHT,NO DEFECTS,"TWO-WAY, DIVIDED, POSITIVE MEDIAN BARRIER",39.17402167,-77.2495,"(39.17402167, -77.2495)"
MCP32200047,230057753,Montgomery County Police,Property Damage Crash,09/30/2023 07:45:00 PM,Yes,County,South,,2,North,0,FEET,LEVEL,WASHINGTON GROVE LA,EMORY GROVE RD,,N/A,,DRIVER,STRAIGHT MOVEMENT ANGLE,CLEAR,DRY,DUSK,TRAFFIC SIGNAL,"NONE DETECTED, UNKNOWN",,OTHER VEHICLE,FIXED OBJECT,INTERSECTION,FOUR-WAY INTERSECTION,STRAIGHT,NO DEFECTS,"TWO-WAY, NOT DIVIDED",39.14874067,-77.16754233,"(39.14874067, -77.16754233)"
MCP3428000K,250021892,MONTGOMERY,Property Damage Crash,05/18/2025 01:56:00 AM,Yes,County Route,Eastbound,Lane 1,2,West,0,FEET,Level,GERMANTOWN RD,WATKINS MILL RD (SB/L),,,,UNKNOWN,Single Vehicle,Clear,Dry,Dark - Lighted,No Controls,"Unknown, Unknown",,Curb,,Intersection or Related,Perpendicular,Straight,No Defects,Not Divided,39.19046516,-77.22493571,"(39.19046516, -77.22493571)"
MCP2964005M,220018978,Montgomery County Police,Injury Crash,05/04/2022 04:37:00 PM,No,County,South,,1,North,0,FEET,LEVEL,BOLAND FARM RD,OBSERVATION DR,,N/A,,DRIVER,STRAIGHT MOVEMENT ANGLE,CLEAR,DRY,DAYLIGHT,STOP SIGN,NONE DETECTED,,OTHER VEHICLE,N/A,INTERSECTION,FOUR-WAY INTERSECTION,STRAIGHT,NO DEFECTS,"TWO-WAY, NOT DIVIDED",39.19357833,-77.24847833,"(39.19357833, -77.24847833)"
MCP2987001C,16062370,Montgomery County Police,Property Damage Crash,12/05/2016 08:21:00 AM,No,,,,,,0,,,,,"PARKING LOT OF SHELL GAS STATION LOCATED AT 11150 NEW HAMPSHIRE AVE, SILVER SPRING, MD 20904",,,DRIVER,STRAIGHT MOVEMENT ANGLE,CLEAR,,DAYLIGHT,NO CONTROLS,NONE DETECTED,,OTHER VEHICLE,OTHER VEHICLE,,,,,,39.03899,-76.990745,"(39.03899, -76.990745)"
MCP31500022,220009585,Montgomery County Police,Property Damage Crash,03/05/2022 07:41:00 PM,No,County,West,,2,North,200,FEET,LEVEL,OLD COLUMBIA PIKE,OLD COLUMBIA PIKE,,N/A,,DRIVER,STRAIGHT MOVEMENT ANGLE,CLEAR,DRY,DARK LIGHTS ON,NO CONTROLS,NONE DETECTED,,OTHER VEHICLE,N/A,NON INTERSECTION,N/A,STRAIGHT,NO DEFECTS,"TWO-WAY, DIVIDED, UNPROTECTED PAINTED MIN 4 FEET",39.109702,-76.93489162,"(39.109702, -76.93489162)"
MCP2970003C,170539645,Montgomery County Police,Injury Crash,10/29/2017 01:47:00 PM,No,Maryland (State),South,,4,South,0,FEET,LEVEL,GEORGIA AVE,UNIVERSITY BLVD W,,N/A,,DRIVER,SAME DIRECTION RIGHT TURN,RAINING,WET,DAYLIGHT,TRAFFIC SIGNAL,N/A,,OTHER VEHICLE,N/A,N/A,FOUR-WAY INTERSECTION,STRAIGHT,NO DEFECTS,"TWO-WAY, DIVIDED, UNPROTECTED PAINTED MIN 4 FEET",39.04159167,-77.05190167,"(39.04159167, -77.05190167)"
MCP2830001B,15010828,Montgomery County Police,Injury Crash,03/09/2015 08:20:00 AM,No,Maryland (State),South,,2,North,200,FEET,HILL CREST,LAYHILL RD,GAYFIELDS DR,,N/A,,DRIVER,SINGLE VEHICLE,CLEAR,ICE,DAYLIGHT,NO CONTROLS,NONE DETECTED,,FIXED OBJECT,OVERTURN,NON INTERSECTION,N/A,STRAIGHT,NO DEFECTS,"TWO-WAY, NOT DIVIDED",38.66493,-77.03251333,"(38.66493, -77.03251333)"
MCP2298006D,15051268,MONTGOMERY,Property Damage Crash,10/09/2015 03:40:00 PM,No,County,South,,2,South,200,FEET,GRADE DOWNHILL,VALLEY BEND DR,CROSS LAUREL DR,,N/A,,DRIVER,SAME DIRECTION SIDESWIPE,CLOUDY,DRY,DAYLIGHT,NO CONTROLS,NONE DETECTED,,OTHER VEHICLE,N/A,NON INTERSECTION,N/A,STRAIGHT,NO DEFECTS,"TWO-WAY, NOT DIVIDED",39.18896333,-77.230275,"(39.18896333, -77.230275)"
MCP2504003D,180037799,Montgomery County Police,Property Damage Crash,07/30/2018 06:48:00 PM,Yes,Maryland (State),East,RIGHT TURN LANE,5,West,30,FEET,GRADE DOWNHILL,DARNESTOWN RD,QUINCE ORCHARD RD,,N/A,,DRIVER,SAME DIR REAR END,CLOUDY,WET,DAYLIGHT,YIELD SIGN,NONE DETECTED,,OTHER VEHICLE,N/A,INTERSECTION RELATED,FOUR-WAY INTERSECTION,STRAIGHT,NO DEFECTS,"TWO-WAY, DIVIDED, POSITIVE MEDIAN BARRIER",39.11767524,-77.25306988,"(39.11767524, -77.25306988)"
MCP9392000J,16051866,Montgomery County Police,Property Damage Crash,10/09/2016 02:48:00 AM,No,Maryland (State),North,,2,South,500,FEET,LEVEL,RIDGE RD,SKYLARK RD,,N/A,,DRIVER,SINGLE VEHICLE,CLEAR,DRY,DARK LIGHTS ON,N/A,ALCOHOL PRESENT,,OTHER OBJECT,N/A,N/A,N/A,CURVE LEFT,NO DEFECTS,"TWO-WAY, NOT DIVIDED",39.23138833,-77.236965,"(39.23138833, -77.236965)"
MCP33390024,230030226,Montgomery County Police,Injury Crash,06/24/2023 01:23:00 PM,No,County,East,,3,East,200,FEET,LEVEL,RANDOLPH RD,VEIRS MILL RD,,N/A,,DRIVER,SAME DIRECTION SIDESWIPE,CLEAR,DRY,DAYLIGHT,N/A,NONE DETECTED,,OTHER VEHICLE,N/A,NON INTERSECTION,N/A,STRAIGHT,NO DEFECTS,"TWO-WAY, DIVIDED, POSITIVE MEDIAN BARRIER",39.05651517,-77.08155517,"(39.05651517, -77.08155517)"
MCP1566000V,170542290,Montgomery County Police,Injury Crash,11/11/2017 08:13:00 PM,No,Maryland (State),North,,3,South,30,FEET,LEVEL,GREAT SENECA HWY,MUDDY BRANCH RD,,N/A,,DRIVER,SAME DIR REAR END,CLEAR,DRY,DARK LIGHTS ON,TRAFFIC SIGNAL,NONE DETECTED,,OTHER VEHICLE,N/A,INTERSECTION RELATED,FOUR-WAY INTERSECTION,STRAIGHT,NO DEFECTS,"TWO-WAY, DIVIDED, UNPROTECTED PAINTED MIN 4 FEET",39.1101,-77.217145,"(39.1101, -77.217145)"