Report Number,Local Case Number,Agency Name,ACRS Report Type,Crash Date/Time,Hit/Run,Route Type,Lane Direction,Lane Type,Number of Lanes,Direction,Distance,Distance Unit,Road Grade,Road Name,Cross-Street Name,Off-Road Description,Municipality,Related Non-Motorist,At Fault,Collision Type,Weather,Surface Condition,Light,Traffic Control,Driver Substance Abuse,Non-Motorist Substance Abuse,First Harmful Event,Second Harmful Event,Junction,Intersection Type,Road Alignment,Road Condition,Road Division,Latitude,Longitude,Location
MCP25700010,210047631,Montgomery County Police,Property Damage Crash,11/23/2021 07:00:00 AM,Yes,Maryland (State),West,,2,East,100,FEET,LEVEL,UNIVERSITY BLVD W,WESTCHESTER DR,,N/A,,DRIVER,SAME DIRECTION SIDESWIPE,CLEAR,DRY,DAWN,N/A,UNKNOWN,,OTHER VEHICLE,N/A,NON INTERSECTION,N/A,STRAIGHT,NO DEFECTS,"TWO-WAY, DIVIDED, POSITIVE MEDIAN BARRIER",39.04055,-77.04406333,"(39.04055, -77.04406333)"
MCP3121004P,220007039,Montgomery County Police,Injury Crash,02/17/2022 06:50:00 PM,No,County,South,,2,North,100,FEET,LEVEL,SNOUFFERS SCHOOL RD,WOODFIELD RD,,N/A,PEDESTRIAN,DRIVER,SINGLE VEHICLE,CLEAR,DRY,DARK LIGHTS ON,N/A,NONE DETECTED,NONE DETECTED,PEDESTRIAN,N/A,NON INTERSECTION,N/A,STRAIGHT,NO DEFECTS,"TWO-WAY, DIVIDED, POSITIVE MEDIAN BARRIER",39.16073083,-77.1630515,"(39.16073083, -77.1630515)"
MCP3231000H,200019808,Montgomery County Police,Injury Crash,05/18/2020 04:17:00 PM,No,County,West,,2,East,200,FEET,HILL UPHILL,GLEN RD,GREENBRIAR RD,,N/A,,DRIVER,OPPOSITE DIRECTION SIDESWIPE,CLOUDY,DRY,DAYLIGHT,NO CONTROLS,"ILLEGAL DRUG CONTRIBUTED, NONE DETECTED",,OTHER VEHICLE,N/A,NON INTERSECTION,N/A,STRAIGHT,NO DEFECTS,"TWO-WAY, NOT DIVIDED",39.06010721,-77.24519596,"(39.06010721, -77.24519596)"
EJ7863000Z,170508172,Gaithersburg Police Depar,Property Damage Crash,05/16/2017 08:03:00 PM,No,Municipality,East,,2,South,5,FEET,LEVEL,KENTLANDS BLVD,ROUNDABOUT,,N/A,,DRIVER,SAME DIR REAR END,N/A,DRY,DAYLIGHT,YIELD SIGN,NONE DETECTED,,OTHER VEHICLE,N/A,OTHER,TRAFFIC CIRCLE,STRAIGHT,NO DEFECTS,"TWO-WAY, DIVIDED, POSITIVE MEDIAN BARRIER",39.12335197,-77.23905802,"(39.12335197, -77.23905802)"
MCP158000B5,190013865,Montgomery County Police,Property Damage Crash,03/26/2019 06:44:00 AM,No,County,North,,1,North,0,FEET,LEVEL,WATKINS MILL RD,APPLE RIDGE RD,,N/A,,DRIVER,HEAD ON LEFT TURN,N/A,DRY,DAWN,TRAFFIC SIGNAL,NONE DETECTED,,OTHER VEHICLE,N/A,INTERSECTION,FOUR-WAY INTERSECTION,STRAIGHT,NO DEFECTS,"TWO-WAY, NOT DIVIDED",39.18440667,-77.21098833,"(39.18440667, -77.21098833)"
MCP2107000X,16057427,Montgomery County Police,Property Damage Crash,11/07/2016 02:44:00 PM,No,County,East,,2,West,0,FEET,LEVEL,RICHTER FARM RD,SMOKEWOOD DR,,N/A,,DRIVER,STRAIGHT MOVEMENT ANGLE,CLEAR,DRY,DAYLIGHT,STOP SIGN,NONE DETECTED,,OTHER VEHICLE,N/A,INTERSECTION,T-INTERSECTION,CURVE LEFT,NO DEFECTS,"TWO-WAY, DIVIDED, POSITIVE MEDIAN BARRIER",39.14837167,-77.27890167,"(39.14837167, -77.27890167)"
EJ7891000J,210036773,Gaithersburg Police Depar,Property Damage Crash,09/18/2021 01:18:00 AM,No,Maryland (State),North,,2,North,0,FEET,LEVEL,FREDERICK RD,WATKINS MILL RD,,GAITHERSBURG,,DRIVER,STRAIGHT MOVEMENT ANGLE,CLEAR,DRY,DARK LIGHTS ON,TRAFFIC SIGNAL,NONE DETECTED,,OTHER VEHICLE,N/A,INTERSECTION,FOUR-WAY INTERSECTION,STRAIGHT,NO DEFECTS,"TWO-WAY, DIVIDED, POSITIVE MEDIAN BARRIER",39.15960102,-77.21919198,"(39.15960102, -77.21919198)"
MCP1438006L,180036407,Montgomery County Police,Injury Crash,07/23/2018 10:30:00 AM,No,Maryland (State),North,,2,North,0,FEET,HILL CREST,QUINCE ORCHARD RD,PURCHASE ST,,GAITHERSBURG,,DRIVER,SAME DIRECTION SIDESWIPE,CLOUDY,DRY,DAYLIGHT,NO CONTROLS,NONE DETECTED,,OTHER VEHICLE,N/A,INTERSECTION,T-INTERSECTION,CURVE RIGHT,NO DEFECTS,"TWO-WAY, NOT DIVIDED",39.13202167,-77.22521,"(39.13202167, -77.22521)"
MCP3311001Q,230021028,Montgomery County Police,Injury Crash,05/02/2023 06:36:00 PM,No,,,,,,,,,,,PARKING LOT OF 1500 FOREST GLEN RD,,,DRIVER,OTHER,N/A,,DAYLIGHT,NO CONTROLS,N/A,,FIXED OBJECT,N/A,,,,,,39.01531337,-77.03533267,"(39.01531337, -77.03533267)"
MCP26750015,16043542,Montgomery County Police,Property Damage Crash,08/26/2016 11:02:00 PM,Yes,,,,,,0,,,,,PARKING LOT OF 11323 GEORGIA AVE SILVER SPRING MD 20902,,,DRIVER,OTHER,CLEAR,,DARK LIGHTS ON,NO CONTROLS,N/A,,PARKED VEHICLE,N/A,,,,,,39.04094045,-77.05073744,"(39.04094045, -77.05073744)"
MCP3099001M,190026871,Montgomery County Police,Property Damage Crash,06/05/2019 01:46:00 PM,Yes,,,,,,,,,,,PARKING LOT OF 19735 GERMANTOWN ROAD - GERMANTOWN ADVENTIST EMERGENCY CENTER,,,DRIVER,OTHER,CLEAR,,DAYLIGHT,NO CONTROLS,NONE DETECTED,,PARKED VEHICLE,N/A,,,,,,39.17914667,-77.26374833,"(39.17914667, -77.26374833)"
MCP27080058,190034143,Montgomery County Police,Property Damage Crash,07/18/2019 03:20:00 PM,Yes,,,,,,,,,,,"PARKING LOT FOR
12281 TECH ROAD 
SILVER SPRING MD 20904",,,DRIVER,SAME DIR REND LEFT TURN,N/A,,DAYLIGHT,NO CONTROLS,"N/A, NONE DETECTED",,PARKED VEHICLE,N/A,,,,,,39.05691116,-76.96632932,"(39.05691116, -76.96632932)"
DD5665000L,230012731,Rockville Police Departme,Property Damage Crash,03/16/2023 07:00:00 AM,No,Municipality,East,,2,East,500,FEET,LEVEL,POTOMAC VALLEY RD,NEW MARK ESPLANADE,,ROCKVILLE,,DRIVER,SINGLE VEHICLE,N/A,N/A,DUSK,N/A,NONE DETECTED,,FIXED OBJECT,OVERTURN,N/A,N/A,CURVE LEFT,NO DEFECTS,"TWO-WAY, DIVIDED, POSITIVE MEDIAN BARRIER",39.07412202,-77.15933885,"(39.07412202, -77.15933885)"
DD55950037,16055734,Rockville Police Departme,Injury Crash,10/29/2016 12:02:00 PM,No,Municipality,East,,3,West,80,FEET,LEVEL,FALLSGROVE BLVD,SHADY GROVE RD,,N/A,,DRIVER,OTHER,CLEAR,DRY,DAYLIGHT,TRAFFIC SIGNAL,NONE DETECTED,,OTHER VEHICLE,N/A,INTERSECTION RELATED,FIVE-POINT OR MORE,STRAIGHT,NO DEFECTS,"TWO-WAY, DIVIDED, POSITIVE MEDIAN BARRIER",39.09675417,-77.1941205,"(39.09675417, -77.1941205)"
MCP3296002N,240049153,MONTGOMERY,Injury Crash,10/14/2024 06:33:00 PM,No,County Route,"Northbound, Southbound","Crossover Area, Lane 2",2,North,0,FEET,"Level, Uphill",BROADBIRCH DR,PLUM ORCHARD DR,,,,DRIVER,Angle,Clear,Dry,Dark - Lighted,Traffic Control Signal,"Not Suspect of Alcohol Use, Not Suspect of Drug Use, Not Suspect of Alcohol Use, Not Suspect of Drug Use",,Motor Vehicle In Transport,,Intersection or Related,Angled/Skewed,Straight,No Defects,"Divided, Raised Median (curbed)",39.05547183,-76.95738233,"(39.05547183, -76.95738233)"
MCP2720001J,15049643,MONTGOMERY,Property Damage Crash,09/30/2015 09:41:00 PM,No,Maryland (State),North,,3,North,0,FEET,LEVEL,GEORGIA AVE,NORBECK RD,,N/A,,UNKNOWN,SINGLE VEHICLE,CLEAR,DRY,DARK -- UNKNOWN LIGHTING,TRAFFIC SIGNAL,NONE DETECTED,,OVERTURN,N/A,INTERSECTION,FOUR-WAY INTERSECTION,STRAIGHT,NO DEFECTS,"TWO-WAY, DIVIDED, POSITIVE MEDIAN BARRIER",39.10997667,-77.07565667,"(39.10997667, -77.07565667)"
MCP3063003T,230002173,Montgomery County Police,Property Damage Crash,01/13/2023 08:20:00 PM,No,Maryland (State),East,,3,East,0,FEET,LEVEL,UNIVERSITY BLVD E,LANGLEY DR,,N/A,,DRIVER,SAME DIR REAR END,CLEAR,DRY,DARK LIGHTS ON,NO CONTROLS,"ALCOHOL PRESENT, NONE DETECTED",,OTHER VEHICLE,N/A,INTERSECTION,FOUR-WAY INTERSECTION,STRAIGHT,NO DEFECTS,"TWO-WAY, DIVIDED, POSITIVE MEDIAN BARRIER",39.00222833,-76.99563333,"(39.00222833, -76.99563333)"
MCP2181005K,250027100,MONTGOMERY,Fatal Crash,06/18/2025 12:54:00 AM,Yes,Maryland (State) Route,Northbound,Lane 2,3,North,14.23,FEET,Uphill,FREDERICK RD,,,,Pedestrian,UNKNOWN,Single Vehicle,"Fog, Smog, Smoke",Dry,Dark - Lighted,Flashing Traffic Control Signal,"Suspect of Alcohol Use, Unknown","Suspect of Alcohol Use, Unknown",Pedestrian,,Through Roadway,,Straight,No Defects,"Divided, Raised Median (curbed)",39.1127206,-77.16205086,"(39.1127206, -77.16205086)"
MCP2866007X,220035664,Montgomery County Police,Injury Crash,08/18/2022 03:28:00 PM,No,County,East,,4,North,0,FEET,LEVEL,MUDDY BRANCH RD,STONEBRIDGE VIEW DR,,N/A,,DRIVER,ANGLE MEETS RIGHT TURN,CLEAR,DRY,DAYLIGHT,STOP SIGN,NONE DETECTED,,OTHER VEHICLE,N/A,INTERSECTION,T-INTERSECTION,STRAIGHT,NO DEFECTS,"TWO-WAY, NOT DIVIDED",39.1008246,-77.22332162,"(39.1008246, -77.22332162)"
DD5595005L,180005365,Rockville Police Departme,Property Damage Crash,01/31/2018 03:45:00 PM,No,Municipality,East,,1,East,15,FEET,LEVEL,TULANE PL,AUBURN AVE,,ROCKVILLE,,DRIVER,SAME DIRECTION SIDESWIPE,CLEAR,DRY,DAYLIGHT,UNKNOWN,"NONE DETECTED, UNKNOWN",,PARKED VEHICLE,N/A,INTERSECTION RELATED,T-INTERSECTION,STRAIGHT,NO DEFECTS,"TWO-WAY, NOT DIVIDED",39.10252864,-77.16445573,"(39.10252864, -77.16445573)"
MCP29050013,15030009,Montgomery County Police,Property Damage Crash,06/19/2015 05:25:00 PM,No,County,South,,1,South,0,FEET,LEVEL,ROCKING HORSE RD,BOILING BROOK PKWY,,N/A,BICYCLIST,UNKNOWN,STRAIGHT MOVEMENT ANGLE,CLOUDY,DRY,DAYLIGHT,STOP SIGN,NONE DETECTED,ALCOHOL PRESENT,PEDESTRIAN,N/A,INTERSECTION,FOUR-WAY INTERSECTION,STRAIGHT,NO DEFECTS,"TWO-WAY, DIVIDED, UNPROTECTED PAINTED MIN 4 FEET",39.04771698,-77.09821656,"(39.04771698, -77.09821656)"
MCP04870024,180000989,Montgomery County Police,Property Damage Crash,01/07/2018 02:00:00 PM,No,Maryland (State),South,,3,North,0,FEET,LEVEL,WOODFIELD RD,BRENISH DR,,N/A,,DRIVER,SINGLE VEHICLE,CLEAR,DRY,DAYLIGHT,NO CONTROLS,NONE DETECTED,,FIXED OBJECT,FIXED OBJECT,INTERSECTION RELATED,FOUR-WAY INTERSECTION,STRAIGHT,NO DEFECTS,"TWO-WAY, DIVIDED, POSITIVE MEDIAN BARRIER",39.178005,-77.15092833,"(39.178005, -77.15092833)"
MCP31220041,210016239,Montgomery County Police,Property Damage Crash,05/01/2021 10:00:00 AM,Yes,County,East,,2,East,20,FEET,HILL UPHILL,BEL PRE RD,NORTH GATE DR,,N/A,,DRIVER,SAME DIR REAR END,CLEAR,DRY,DAYLIGHT,OTHER,"NONE DETECTED, UNKNOWN",,OTHER VEHICLE,N/A,N/A,N/A,STRAIGHT,NO DEFECTS,"TWO-WAY, NOT DIVIDED WITH A CONTINUOUS LEFT TURN",39.090423,-77.051239,"(39.090423, -77.051239)"
MCP1580006P,16061884,Montgomery County Police,Property Damage Crash,12/02/2016 12:57:00 PM,No,County,South,,3,North,0,FEET,LEVEL,SHADY GROVE RD,BLACKWELL RD,,ROCKVILLE,,DRIVER,STRAIGHT MOVEMENT ANGLE,CLEAR,DRY,DAYLIGHT,STOP SIGN,NONE DETECTED,,OTHER VEHICLE,N/A,INTERSECTION,FOUR-WAY INTERSECTION,STRAIGHT,NO DEFECTS,"TWO-WAY, DIVIDED, POSITIVE MEDIAN BARRIER",39.10103833,-77.19193,"(39.10103833, -77.19193)"
MCP241100DG,240039302,MONTGOMERY,Property Damage Crash,08/20/2024 08:43:00 AM,No,County Route,Westbound,Lane 3,4,West,49.17,FEET,Level,RANDOLPH RD (WB/L),,,,,DRIVER,Front to Rear,Clear,Dry,Daylight,No Controls,"Not Suspect of Alcohol Use, Not Suspect of Drug Use, Not Suspect of Alcohol Use, Not Suspect of Drug Use",,Motor Vehicle In Transport,,Non-Junction,,Straight,No Defects,"Divided, Flush Median (greater than 4ft wide)",39.05396821,-77.09415825,"(39.05396821, -77.09415825)"
MCP9130008M,190054314,Montgomery County Police,Injury Crash,10/26/2019 12:20:00 PM,No,Maryland (State),East,,1,West,35,FEET,HILL UPHILL,CAPITOL VIEW AVE,POST OFFICE RD,,N/A,,DRIVER,SAME DIR REAR END,CLEAR,DRY,DAYLIGHT,NO CONTROLS,"NONE DETECTED, UNKNOWN",,OTHER VEHICLE,N/A,NON INTERSECTION,N/A,CURVE RIGHT,NO DEFECTS,"TWO-WAY, NOT DIVIDED",39.01527916,-77.05541501,"(39.01527916, -77.05541501)"
MCP2931002Z,180057149,Montgomery County Police,Injury Crash,11/14/2018 03:49:00 PM,Yes,Maryland (State),East,,1,North,0,FEET,LEVEL,ROCKVILLE PIKE,ENT TO TOWNE PLAZA,,N/A,PEDESTRIAN,DRIVER,N/A,CLEAR,DRY,DAYLIGHT,TRAFFIC SIGNAL,UNKNOWN,N/A,PEDESTRIAN,PEDESTRIAN,INTERSECTION RELATED,FOUR-WAY INTERSECTION,STRAIGHT,NO DEFECTS,"TWO-WAY, DIVIDED, POSITIVE MEDIAN BARRIER",39.05614739,-77.11919663,"(39.05614739, -77.11919663)"
MCP209400NZ,250003960,MONTGOMERY,Property Damage Crash,01/28/2025 08:57:00 AM,No,Ramp,"Northbound, Not On Roadway","Lane 1, On Ramp",1,East,26.73,FEET,Downhill,RAMP 2 FR IS 495 WB TO MD 185 NB,,,,,DRIVER,Front to Rear,Clear,Dry,Daylight,Yield Sign,"Not Suspect of Alcohol Use, Not Suspect of Drug Use, Not Suspect of Alcohol Use, Not Suspect of Drug Use",,Motor Vehicle In Transport,,Entrance/Exit Ramp or Related,,Curve Right,No Defects,Not Divided,39.006735,-77.07891667,"(39.006735, -77.07891667)"
MCP33860015,240029160,MONTGOMERY,Property Damage Crash,06/19/2024 04:33:00 PM,No,Municipality Route,Westbound,Lane 1,1,North,24.89,FEET,Uphill,PLYERS MILL RD,,,,,DRIVER,"Sideswipe, Same Direction",Clear,Dry,Daylight,No Controls,"Not Suspect of Alcohol Use, Not Suspect of Drug Use",,Parked Vehicle,,Non-Junction,,Straight,,Not Divided,39.02962669,-77.07001381,"(39.02962669, -77.07001381)"
MCP3251001B,230067894,Montgomery County Police,Property Damage Crash,11/22/2023 10:37:00 PM,No,Maryland (State),North,,2,North,150,FEET,HILL UPHILL,GERMANTOWN RD,RIFFLE FORD RD,,N/A,,DRIVER,SINGLE VEHICLE,CLEAR,DRY,DARK NO LIGHTS,NO CONTROLS,ALCOHOL CONTRIBUTED,,FIXED OBJECT,N/A,NON INTERSECTION,N/A,STRAIGHT,NO DEFECTS,"TWO-WAY, NOT DIVIDED",39.148475,-77.29012,"(39.148475, -77.29012)"
MCP26670077,200047322,Montgomery County Police,Property Damage Crash,12/01/2020 11:30:00 AM,No,,,,,,,,,,,PROPERTY OF  8401 TURKEY THICKET (MCPS FOOD FACILITY),,,DRIVER,OPPOSITE DIRECTION SIDESWIPE,N/A,,DAYLIGHT,N/A,NONE DETECTED,,OTHER VEHICLE,N/A,,,,,,39.17647167,-77.16913167,"(39.17647167, -77.16913167)"
HA23100007,20001830,Maryland-National Capital,Property Damage Crash,08/03/2020 09:45:00 PM,No,,,,,,,,,,,VEHICLE FAILED TO CONTROL SPEED AROUND A SHARP CURVE LEFT ROADWAY AND STRUCK GUARDRAIL AND LIGHTPOLE,,,DRIVER,SINGLE VEHICLE,RAINING,,DARK LIGHTS ON,WARNING SIGN,NONE DETECTED,,FIXED OBJECT,FIXED OBJECT,,,,,,39.14957183,-77.311646,"(39.14957183, -77.311646)"
MCP2385001X,190045367,Montgomery County Police,Injury Crash,09/22/2019 01:56:00 AM,No,Maryland (State),South,,3,North,0,FEET,LEVEL,WOODFIELD RD,BRINK RD,,N/A,,DRIVER,ANGLE MEETS LEFT HEAD ON,CLEAR,DRY,DARK LIGHTS ON,TRAFFIC SIGNAL,"ALCOHOL CONTRIBUTED, NONE DETECTED",,OTHER VEHICLE,N/A,INTERSECTION,FOUR-WAY INTERSECTION,STRAIGHT,NO DEFECTS,"TWO-WAY, NOT DIVIDED",39.20843679,-77.16930824,"(39.20843679, -77.16930824)"
MCP93810021,18057796,Montgomery County Police,Injury Crash,11/17/2018 11:55:00 PM,No,County,North,,3,North,5,FEET,OTHER,FALLS RD,RIVER RD,,N/A,,DRIVER,SAME DIR REAR END,CLEAR,DRY,DARK LIGHTS ON,TRAFFIC SIGNAL,NONE DETECTED,,OTHER VEHICLE,N/A,NON INTERSECTION,N/A,STRAIGHT,NO DEFECTS,"TWO-WAY, DIVIDED, POSITIVE MEDIAN BARRIER",39.01799207,-77.20896074,"(39.01799207, -77.20896074)"
MCP2641001Y,210008000,Montgomery County Police,Property Damage Crash,03/03/2021 04:12:00 AM,No,Maryland (State),South,,1,North,0.25,MILE,LEVEL,GREEN VALLEY RD,WINDSOR RD,,N/A,,UNKNOWN,SINGLE VEHICLE,CLEAR,DRY,DARK LIGHTS ON,N/A,N/A,,ANIMAL,N/A,NON INTERSECTION,N/A,STRAIGHT,NO DEFECTS,"TWO-WAY, DIVIDED, UNPROTECTED PAINTED MIN 4 FEET",39.32564664,-77.27997787,"(39.32564664, -77.27997787)"
MCP3021003F,180046941,Montgomery County Police,Property Damage Crash,09/20/2018 08:25:00 AM,No,County,West,,3,South,0,FEET,LEVEL,TECH RD,COLUMBIA PIKE,,N/A,,DRIVER,SAME DIRECTION RIGHT TURN,CLEAR,DRY,DAYLIGHT,TRAFFIC SIGNAL,NONE DETECTED,,OTHER VEHICLE,N/A,INTERSECTION,FOUR-WAY INTERSECTION,STRAIGHT,NO DEFECTS,"TWO-WAY, DIVIDED, POSITIVE MEDIAN BARRIER",39.05845,-76.96883667,"(39.05845, -76.96883667)"
MCP1378017B,240006193,MONTGOMERY,Injury Crash,02/07/2024 05:09:00 PM,No,Maryland (State) Route,Northbound,Lane 2,6,North,0,FEET,Level,GEORGIA AVE,WEISMAN RD,,,,DRIVER,Front to Rear,Clear,Dry,Daylight,Traffic Control Signal,"Not Suspect of Alcohol Use, Not Suspect of Drug Use, Not Suspect of Alcohol Use, Not Suspect of Drug Use",,Motor Vehicle In Transport,,Intersection or Related,Perpendicular,Straight,No Defects,"Divided, Raised Median (curbed)",39.0525455,-77.05100383,"(39.0525455, -77.05100383)"
EJ78290045,180023870,Gaithersburg Police Depar,Property Damage Crash,05/15/2018 03:00:00 PM,Yes,,,,,,,,,,,PARKING LOT OF 16 S. SUMMIT AVE,,,DRIVER,SAME DIR REAR END,N/A,,DAYLIGHT,NO CONTROLS,"NONE DETECTED, UNKNOWN",,OTHER VEHICLE,OTHER VEHICLE,,,,,,39.14007667,-77.19523,"(39.14007667, -77.19523)"
MCP2231001K,15061067,MONTGOMERY,Injury Crash,11/30/2015 09:06:00 AM,No,,,,,,,,,,,PARKING LOT OF 5520 RANDOLPH RD,,,DRIVER,SINGLE VEHICLE,CLOUDY,,DAYLIGHT,N/A,NONE DETECTED,,FIXED OBJECT,N/A,,,,,,39.05237333,-77.11157,"(39.05237333, -77.11157)"
MCP34570016,250030925,MONTGOMERY,Injury Crash,07/11/2025 04:20:00 PM,Yes,Maryland (State) Route,Westbound,Lane 1,1,South,7.67,FEET,Level,,,,,Pedestrian,UNKNOWN,Single Vehicle,Clear,Dry,Daylight,Traffic Control Signal,"Unknown, Unknown","Not Suspect of Alcohol Use, Not Suspect of Drug Use",Pedestrian,,Non-Junction,,Curve Right,No Defects,"Divided, Raised Median (curbed)",38.98759107,-77.02679645,"(38.98759107, -77.02679645)"
MCP1015001Y,180045296,Montgomery County Police,Property Damage Crash,09/11/2018 08:20:00 AM,No,Ramp,South,ON RAMP,1,South,200,FEET,GRADE DOWNHILL,RAMP 8 FR IS270 SB TO FATHER HURLEY BLVD,EISENHOWER MEMORIAL HWY,,N/A,,DRIVER,SINGLE VEHICLE,CLOUDY,WET,DAYLIGHT,N/A,NONE DETECTED,,FIXED OBJECT,N/A,INTERCHANGE RELATED,N/A,CURVE RIGHT,NO DEFECTS,"TWO-WAY, DIVIDED, POSITIVE MEDIAN BARRIER",39.197785,-77.26626,"(39.197785, -77.26626)"
DD5502002B,16021160,Rockville Police Departme,Injury Crash,04/29/2016 06:29:00 PM,No,Municipality,North,,2,North,0,FEET,LEVEL,RESEARCH BLVD,W GUDE DR,,ROCKVILLE,,DRIVER,HEAD ON LEFT TURN,CLOUDY,DRY,DAYLIGHT,TRAFFIC SIGNAL,NONE DETECTED,,OTHER VEHICLE,N/A,INTERSECTION,FOUR-WAY INTERSECTION,STRAIGHT,NO DEFECTS,"TWO-WAY, DIVIDED, UNPROTECTED PAINTED MIN 4 FEET",39.10021667,-77.18178667,"(39.10021667, -77.18178667)"
MCP12480004,220034545,Montgomery County Police,Property Damage Crash,08/11/2022 03:40:00 PM,No,Maryland (State),South,,6,North,0,FEET,LEVEL,WISCONSIN AVE,HIGHLAND AVE,,N/A,,DRIVER,STRAIGHT MOVEMENT ANGLE,CLEAR,DRY,DAYLIGHT,STOP SIGN,NONE DETECTED,,OTHER VEHICLE,N/A,INTERSECTION,T-INTERSECTION,STRAIGHT,NO DEFECTS,"TWO-WAY, NOT DIVIDED",38.991202,-77.0957348,"(38.991202, -77.0957348)"
MCP32550016,200051356,Montgomery County Police,Property Damage Crash,12/30/2020 01:30:00 PM,Yes,,,,,,,,,,,PARKING AREA BEHIND 12130 DARNESTOWN RD,,,DRIVER,UNKNOWN,N/A,,DAYLIGHT,NO CONTROLS,UNKNOWN,,OTHER VEHICLE,N/A,,,,,,39.11690934,-77.25198634,"(39.11690934, -77.25198634)"
MCP1233005G,230073906,Montgomery County Police,Injury Crash,12/27/2023 07:42:00 PM,No,County,North,,1,East,0,FEET,LEVEL,HAMPDEN LA,ARLINGTON RD,,N/A,PEDESTRIAN,DRIVER,N/A,RAINING,WET,DARK NO LIGHTS,STOP SIGN,NONE DETECTED,NONE DETECTED,PEDESTRIAN,N/A,INTERSECTION,T-INTERSECTION,STRAIGHT,NO DEFECTS,"TWO-WAY, NOT DIVIDED",38.98285333,-77.09823333,"(38.98285333, -77.09823333)"
DD56530040,240054937,ROCKVILLE,Property Damage Crash,11/15/2024 10:29:00 PM,No,Municipality Route,"Northbound, Not On Roadway","Lane 1, Shoulder Area",1,East,131.13,FEET,"Downhill, Uphill",WADE AVE,,,,,UNKNOWN,Front to Rear,Clear,Dry,Dark - Lighted,No Controls,"Suspect of Alcohol Use, Suspect of Drug Use",,Parked Vehicle,,Non-Junction,,Straight,No Defects,Not Divided,39.07617856,-77.13306007,"(39.07617856, -77.13306007)"
MCP31340048,230018164,Montgomery County Police,Property Damage Crash,04/16/2023 05:00:00 PM,Yes,,,,,,,,,,,PARKING LOT OF 13814 OUTLET DRIVE SILVER SPRING MD,,,DRIVER,OTHER,CLEAR,,DAYLIGHT,NO CONTROLS,N/A,,OTHER VEHICLE,N/A,,,,,,39.08384994,-76.94640867,"(39.08384994, -76.94640867)"
DD55220033,170506190,Rockville Police Departme,Property Damage Crash,05/06/2017 12:10:00 AM,Yes,,,,,,,,,,,PARKING LOT OF 225 NORTH WASHINGTON STREET,,,DRIVER,OTHER,CLOUDY,,DARK LIGHTS ON,NO CONTROLS,UNKNOWN,,PARKED VEHICLE,N/A,,,,,,39.087975,-77.15188,"(39.087975, -77.15188)"
MCP1151009R,190034259,Montgomery County Police,Injury Crash,07/19/2019 07:13:00 AM,No,County,West,,2,East,0,FEET,GRADE DOWNHILL,MIDDLEBROOK RD,LOCBURY DR,,N/A,,DRIVER,STRAIGHT MOVEMENT ANGLE,CLEAR,DRY,DAYLIGHT,NO CONTROLS,NONE DETECTED,,OTHER VEHICLE,FIXED OBJECT,INTERSECTION,FOUR-WAY INTERSECTION,STRAIGHT,NO DEFECTS,"TWO-WAY, DIVIDED, POSITIVE MEDIAN BARRIER",39.18266717,-77.27108733,"(39.18266717, -77.27108733)"
MCP27300038,230023404,Montgomery County Police,Property Damage Crash,05/16/2023 07:55:00 AM,No,County,North,LEFT TURN LANE,4,East,100,FEET,HILL UPHILL,MIDDLEBROOK RD,WARING STATION RD,,N/A,,DRIVER,SAME DIRECTION LEFT TURN,CLEAR,DRY,DAYLIGHT,TRAFFIC SIGNAL,N/A,,OTHER VEHICLE,FIXED OBJECT,NON INTERSECTION,N/A,CURVE LEFT,NO DEFECTS,"TWO-WAY, DIVIDED, POSITIVE MEDIAN BARRIER",39.17514524,-77.25340157,"(39.17514524, -77.25340157)"
MCP3038006X,240013432,MONTGOMERY,Property Damage Crash,03/20/2024 04:00:00 PM,,County Route,Eastbound,Lane 1,4,North,41.28,FEET,Downhill,SLIGO AVE,,,,,UNKNOWN,Front to Rear,Clear,Dry,Daylight,Traffic Control Signal,"Not Suspect of Alcohol Use, Not Suspect of Drug Use, Unknown, Unknown",,Motor Vehicle In Transport,Not Applicable,Through Roadway,,Straight,No Defects,"Divided, Raised Median (curbed)",38.99113488,-77.01041711,"(38.99113488, -77.01041711)"
MCP2786002Q,190033389,Montgomery County Police,Property Damage Crash,07/13/2019 11:43:00 PM,Yes,,,,,,,,,,,PARKING LOT OF 8204 PINEY BRANCH ROAD,,,DRIVER,SAME DIR REAR END,N/A,,DARK LIGHTS ON,N/A,UNKNOWN,,PARKED VEHICLE,N/A,,,,,,38.99311333,-77.009515,"(38.99311333, -77.009515)"
MCP2799004B,180032120,Montgomery County Police,Injury Crash,06/29/2018 05:30:00 PM,No,County,East,RIGHT TURN LANE,2,East,0,FEET,LEVEL,NOTLEY RD,NEW HAMPSHIRE AVE,,N/A,,DRIVER,SAME DIR REAR END,CLEAR,DRY,DAYLIGHT,STOP SIGN,NONE DETECTED,,OTHER VEHICLE,N/A,INTERSECTION,FOUR-WAY INTERSECTION,STRAIGHT,NO DEFECTS,"TWO-WAY, NOT DIVIDED",39.08060167,-77.00138333,"(39.08060167, -77.00138333)"