Report Number,Local Case Number,Agency Name,ACRS Report Type,Crash Date/Time,Hit/Run,Route Type,Lane Direction,Lane Type,Number of Lanes,Direction,Distance,Distance Unit,Road Grade,Road Name,Cross-Street Name,Off-Road Description,Municipality,Related Non-Motorist,At Fault,Collision Type,Weather,Surface Condition,Light,Traffic Control,Driver Substance Abuse,Non-Motorist Substance Abuse,First Harmful Event,Second Harmful Event,Junction,Intersection Type,Road Alignment,Road Condition,Road Division,Latitude,Longitude,Location
MCP158000DS,210014559,Montgomery County Police,Property Damage Crash,04/19/2021 12:31:00 PM,No,Maryland (State),North,,3,North,100,FEET,LEVEL,S FREDERICK RD,N WESTLAND DR,,N/A,,DRIVER,ANGLE MEETS RIGHT TURN,CLOUDY,DRY,DAYLIGHT,NO CONTROLS,NONE DETECTED,,OTHER VEHICLE,N/A,COMMERCIAL DRIVEWAY,OTHER,STRAIGHT,NO DEFECTS,"TWO-WAY, DIVIDED, POSITIVE MEDIAN BARRIER",39.12916333,-77.18584,"(39.12916333, -77.18584)"
MCP3123002N,210032623,Montgomery County Police,Injury Crash,08/21/2021 03:25:00 PM,No,Maryland (State),East,,3,East,0,FEET,GRADE DOWNHILL,DARNESTOWN RD,ENT TO POTOMAC VALLEY SHOPPING CTR,,N/A,,DRIVER,HEAD ON LEFT TURN,CLOUDY,DRY,DAYLIGHT,TRAFFIC SIGNAL,N/A,,OTHER VEHICLE,OTHER VEHICLE,INTERSECTION,FOUR-WAY INTERSECTION,STRAIGHT,NO DEFECTS,"TWO-WAY, DIVIDED, POSITIVE MEDIAN BARRIER",39.11729382,-77.25115594,"(39.11729382, -77.25115594)"
MCP29650072,230015274,Montgomery County Police,Property Damage Crash,03/30/2023 07:30:00 AM,No,Maryland (State),North,,2,North,0,FEET,LEVEL,GEORGIA AVE,PRINCE PHILIP DR,,N/A,,UNKNOWN,SAME DIRECTION SIDESWIPE,CLEAR,DRY,DAYLIGHT,TRAFFIC SIGNAL,NONE DETECTED,,OTHER VEHICLE,N/A,INTERSECTION,FOUR-WAY INTERSECTION,STRAIGHT,NO DEFECTS,"TWO-WAY, DIVIDED, POSITIVE MEDIAN BARRIER",39.14287833,-77.06727833,"(39.14287833, -77.06727833)"
MCP3012000B,16001306,Montgomery County Police,Injury Crash,01/08/2016 05:53:00 AM,No,County,East,,3,East,0,FEET,LEVEL,RANDOLPH RD,GLENMONT CIR #1,,N/A,,DRIVER,STRAIGHT MOVEMENT ANGLE,FOGGY,WET,DARK LIGHTS ON,TRAFFIC SIGNAL,NONE DETECTED,,OTHER VEHICLE,N/A,INTERSECTION,FOUR-WAY INTERSECTION,STRAIGHT,NO DEFECTS,"TWO-WAY, DIVIDED, UNPROTECTED PAINTED MIN 4 FEET",39.05906042,-77.04771727,"(39.05906042, -77.04771727)"
MCP30240018,180033903,Montgomery County Police,Property Damage Crash,07/09/2018 06:12:00 PM,No,,,,,,,,,,,19945 CENTURY BLVD PARKING LOT,,,DRIVER,STRAIGHT MOVEMENT ANGLE,CLEAR,,DAYLIGHT,NO CONTROLS,N/A,,OTHER VEHICLE,N/A,,,,,,39.182235,-77.26195167,"(39.182235, -77.26195167)"
DD55830015,16004197,Rockville Police Departme,Property Damage Crash,01/26/2016 07:00:00 AM,No,Municipality,West,,1,East,100,FEET,LEVEL,E MONTGOMERY AVE AT COURTHOUSE SQ,N WASHINGTON ST,,ROCKVILLE,,DRIVER,OTHER,N/A,SLUSH,DAWN,N/A,NONE DETECTED,,PARKED VEHICLE,N/A,NON INTERSECTION,N/A,STRAIGHT,N/A,"TWO-WAY, NOT DIVIDED",39.08417259,-77.15247095,"(39.08417259, -77.15247095)"
DD5527003P,210048073,Rockville Police Departme,Property Damage Crash,11/26/2021 05:15:00 PM,Yes,,,,,,,,,,,SHELL GAS STATION OF 1911 ROCKVILLE PIKE,,BICYCLIST,DRIVER,OTHER,CLEAR,,DARK LIGHTS ON,NO CONTROLS,UNKNOWN,NONE DETECTED,BICYCLE,N/A,,,,,,39.05842351,-77.1214181,"(39.05842351, -77.1214181)"
MCP2330004L,230072120,Montgomery County Police,Property Damage Crash,12/16/2023 11:08:00 PM,No,County,North,,1,West,0,FEET,LEVEL,DALEWOOD DR,RANDOLPH RD,,N/A,,DRIVER,STRAIGHT MOVEMENT ANGLE,CLEAR,DRY,DARK LIGHTS ON,TRAFFIC SIGNAL,NONE DETECTED,,OTHER VEHICLE,N/A,INTERSECTION,FOUR-WAY INTERSECTION,STRAIGHT,NO DEFECTS,"TWO-WAY, DIVIDED, POSITIVE MEDIAN BARRIER",39.059055,-77.068795,"(39.059055, -77.068795)"
MCP2348001M,16024522,Montgomery County Police,Property Damage Crash,05/17/2016 04:27:00 PM,No,Maryland (State),East,,3,East,0,FEET,LEVEL,UNIVERSITY BLVD W,DRUMM AVE,,N/A,,DRIVER,STRAIGHT MOVEMENT ANGLE,RAINING,WET,DAYLIGHT,NO CONTROLS,NONE DETECTED,,OTHER VEHICLE,N/A,INTERSECTION,FOUR-WAY INTERSECTION,STRAIGHT,NO DEFECTS,"TWO-WAY, DIVIDED, UNPROTECTED PAINTED MIN 4 FEET",39.03672333,-77.06129,"(39.03672333, -77.06129)"
MCP2445004S,230018892,Montgomery County Police,Property Damage Crash,04/20/2023 02:09:00 PM,No,Maryland (State),North,,3,North,50,FEET,LEVEL,RIDGE RD,HENDERSON CORNER RD,,N/A,,DRIVER,SAME DIRECTION SIDESWIPE,CLEAR,DRY,DAYLIGHT,NO CONTROLS,NONE DETECTED,,OTHER VEHICLE,N/A,INTERSECTION RELATED,T-INTERSECTION,STRAIGHT,NO DEFECTS,"TWO-WAY, DIVIDED, POSITIVE MEDIAN BARRIER",39.20618067,-77.24219083,"(39.20618067, -77.24219083)"
MCP2770000N,15028961,Montgomery County Police,Property Damage Crash,06/14/2015 03:45:00 PM,Yes,County,West,LEFT TURN LANE,2,South,10,FEET,N/A,MIDCOUNTY HWY,WOODFIELD RD,,N/A,,DRIVER,SAME DIR REAR END,CLEAR,DRY,DAYLIGHT,TRAFFIC SIGNAL,"NONE DETECTED, UNKNOWN",,OTHER VEHICLE,N/A,INTERSECTION RELATED,FOUR-WAY INTERSECTION,STRAIGHT,NO DEFECTS,"TWO-WAY, NOT DIVIDED",39.15059167,-77.1749,"(39.15059167, -77.1749)"
MCP26940021,16006398,Montgomery County Police,Injury Crash,02/07/2016 04:45:00 PM,No,Maryland (State),North,,3,North,0,FEET,LEVEL,OLD GEORGETOWN RD,ENT TO BUSINESS,,N/A,,DRIVER,SINGLE VEHICLE,CLEAR,DRY,DAYLIGHT,TRAFFIC SIGNAL,NONE DETECTED,,FIXED OBJECT,N/A,INTERSECTION,FOUR-WAY INTERSECTION,STRAIGHT,NO DEFECTS,"TWO-WAY, DIVIDED, POSITIVE MEDIAN BARRIER",39.04905,-77.11717,"(39.04905, -77.11717)"
MCP9432004C,240050576,MONTGOMERY,Property Damage Crash,10/22/2024 03:40:00 PM,No,County Route,Southbound,Lane 1,2,South,38.9,FEET,Hillcrest,BROOKEVILLE RD,,,,,DRIVER,Single Vehicle,Clear,Dry,Daylight,No Controls,"Not Suspect of Alcohol Use, Not Suspect of Drug Use",,Embankment,,Non-Junction,,Curve Left,No Defects,Not Divided,39.18220358,-77.0665743,"(39.18220358, -77.0665743)"
MCP9113000L,15007633,Montgomery County Police,Property Damage Crash,02/15/2015 04:00:00 PM,No,Maryland (State),West,,2,East,50,FEET,HILL UPHILL,OLNEY SANDY SPRING RD,VILLAGE CENTER DR,,N/A,,DRIVER,SAME DIR REAR END,CLEAR,WET,DAYLIGHT,TRAFFIC SIGNAL,NONE DETECTED,,OTHER VEHICLE,N/A,INTERSECTION RELATED,FOUR-WAY INTERSECTION,STRAIGHT,NO DEFECTS,"TWO-WAY, DIVIDED, POSITIVE MEDIAN BARRIER",39.152135,-77.06439167,"(39.152135, -77.06439167)"
MCP2871005P,180061299,Montgomery County Police,Injury Crash,12/07/2018 08:51:00 PM,No,Maryland (State),South,,3,South,713,FEET,LEVEL,OLD GEORGETOWN RD,ROCK SPRING DR,,N/A,,DRIVER,SINGLE VEHICLE,CLEAR,DRY,DARK LIGHTS ON,NO CONTROLS,NONE DETECTED,,FIXED OBJECT,FIXED OBJECT,NON INTERSECTION,N/A,STRAIGHT,NO DEFECTS,"TWO-WAY, DIVIDED, POSITIVE MEDIAN BARRIER",39.02832,-77.12618167,"(39.02832, -77.12618167)"
DD56040043,220000709,Rockville Police Departme,Property Damage Crash,01/06/2022 06:20:00 PM,No,,,,,,,,,,,PARKING LOT OF 18115 GEORGIA AVE.,,,DRIVER,SINGLE VEHICLE,CLEAR,,DARK LIGHTS ON,NO CONTROLS,NONE DETECTED,,FIXED OBJECT,N/A,,,,,,39.15390183,-77.066441,"(39.15390183, -77.066441)"
EJ77810027,190043856,Gaithersburg Police Depar,Property Damage Crash,09/13/2019 12:25:00 PM,No,Municipality,South,,1,North,300,FEET,LEVEL,MAIN ST,MIDTOWN RD,,GAITHERSBURG,,DRIVER,OPPOSITE DIRECTION SIDESWIPE,CLOUDY,DRY,DAYLIGHT,NO CONTROLS,NONE DETECTED,,OTHER VEHICLE,N/A,NON INTERSECTION,N/A,STRAIGHT,FOREIGN MATERIAL,"TWO-WAY, NOT DIVIDED",39.12243446,-77.23864667,"(39.12243446, -77.23864667)"
MCP2872000Y,15014546,Montgomery County Police,Property Damage Crash,03/29/2015 07:00:00 PM,Yes,County,West,,1,West,50,FEET,GRADE DOWNHILL,ALLISTON HOLLOW WAY,RIDGE HEIGHTS DR,,N/A,,DRIVER,SAME DIR REAR END,CLEAR,DRY,DARK LIGHTS ON,N/A,NONE DETECTED,,PARKED VEHICLE,N/A,NON INTERSECTION,N/A,STRAIGHT,NO DEFECTS,"TWO-WAY, NOT DIVIDED",39.17464167,-77.18195167,"(39.17464167, -77.18195167)"
EJ7818001Y,22004891,Gaithersburg Police Depar,Property Damage Crash,11/06/2022 04:15:00 AM,No,County,West,,3,North,0,FEET,LEVEL,SHADY GROVE RD,MEDICAL CENTER WAY,,N/A,,DRIVER,STRAIGHT MOVEMENT ANGLE,RAINING,WET,DARK LIGHTS ON,TRAFFIC SIGNAL,NONE DETECTED,,OTHER VEHICLE,N/A,INTERSECTION,FOUR-WAY INTERSECTION,STRAIGHT,NO DEFECTS,"TWO-WAY, DIVIDED, POSITIVE MEDIAN BARRIER",39.09689606,-77.19470214,"(39.09689606, -77.19470214)"
MCP3427000C,240041511,MONTGOMERY,Injury Crash,09/02/2024 08:11:00 AM,No,,,,0,,,FEET,,,,Parking Stall        9846 BROOKRIDGE CT,,"Other Pedestrian (person in a building, skater, personal conveyance, etc.)",DRIVER,Single Vehicle,Clear,,Daylight,,"Not Suspect of Alcohol Use, Not Suspect of Drug Use","Not Suspect of Alcohol Use, Not Suspect of Drug Use",Fence,"Other Fixed Object (wall, building, tunnel, etc.)",,,,,,39.18837347,-77.20186459,"(39.18837347, -77.20186459)"
MCP1210004W,210035471,Montgomery County Police,Injury Crash,09/09/2021 03:32:00 PM,No,Municipality,South,,2,North,0,FEET,LEVEL,SKIDMORE BLVD,SWATHMORE AVE,,GAITHERSBURG,,DRIVER,HEAD ON,CLEAR,DRY,DAYLIGHT,N/A,NONE DETECTED,,PARKED VEHICLE,N/A,INTERSECTION,T-INTERSECTION,STRAIGHT,NO DEFECTS,"TWO-WAY, NOT DIVIDED",39.12703167,-77.18013833,"(39.12703167, -77.18013833)"
MCP211600DF,210035301,Montgomery County Police,Property Damage Crash,09/08/2021 03:16:00 PM,No,Maryland (State),East,,3,East,100,FEET,LEVEL,UNIVERSITY BLVD E,LANGLEY DR,,N/A,,DRIVER,SAME DIRECTION SIDESWIPE,CLEAR,DRY,DAYLIGHT,NO CONTROLS,NONE DETECTED,,OTHER VEHICLE,FIXED OBJECT,NON INTERSECTION,N/A,STRAIGHT,NO DEFECTS,"TWO-WAY, DIVIDED, POSITIVE MEDIAN BARRIER",39.00151,-76.99552667,"(39.00151, -76.99552667)"
MCP2291003C,180063034,Montgomery County Police,Property Damage Crash,12/17/2018 06:01:00 PM,No,County,North,,1,South,0,FEET,LEVEL,JONES MILL RD,COQUELIN TERR,,N/A,,DRIVER,SAME DIR REAR END,CLEAR,DRY,DARK LIGHTS ON,NO CONTROLS,NONE DETECTED,,OTHER VEHICLE,N/A,INTERSECTION,T-INTERSECTION,STRAIGHT,NO DEFECTS,"TWO-WAY, DIVIDED, UNPROTECTED PAINTED MIN 4 FEET",38.99741533,-77.06573833,"(38.99741533, -77.06573833)"
DD5610001S,16041315,Rockville Police Departme,Injury Crash,08/15/2016 08:43:00 AM,No,Maryland (State),West,,2,West,200,FEET,HILL UPHILL,VEIRS MILL RD,BROADWOOD DR,,ROCKVILLE,,DRIVER,SAME DIR REAR END,CLEAR,DRY,DAYLIGHT,TRAFFIC SIGNAL,N/A,,OTHER VEHICLE,OTHER VEHICLE,NON INTERSECTION,N/A,STRAIGHT,NO DEFECTS,"TWO-WAY, NOT DIVIDED",39.07648417,-77.12095217,"(39.07648417, -77.12095217)"
MCP2975003D,200046888,Montgomery County Police,Property Damage Crash,11/27/2020 11:10:00 PM,No,Maryland (State),East,,2,East,0,FEET,LEVEL,OLNEY LAYTONSVILLE RD,VOLUNTEER DR,,N/A,,UNKNOWN,SINGLE VEHICLE,CLEAR,DRY,DARK LIGHTS ON,TRAFFIC SIGNAL,NONE DETECTED,,ANIMAL,N/A,INTERSECTION,T-INTERSECTION,STRAIGHT,NO DEFECTS,"TWO-WAY, NOT DIVIDED",39.169495,-77.09146833,"(39.169495, -77.09146833)"
MCP1342001Z,180014176,Montgomery County Police,Injury Crash,03/22/2018 01:58:00 PM,No,Maryland (State),East,,2,West,900,FEET,LEVEL,DARNESTOWN RD,GERMANTOWN RD,,N/A,,DRIVER,SAME DIR REAR END,CLEAR,DRY,DAYLIGHT,NO CONTROLS,NONE DETECTED,,OTHER VEHICLE,N/A,NON INTERSECTION,N/A,STRAIGHT,NO DEFECTS,"TWO-WAY, DIVIDED, UNPROTECTED PAINTED MIN 4 FEET",39.11188333,-77.30567667,"(39.11188333, -77.30567667)"
MCP27890034,16062846,Montgomery County Police,Property Damage Crash,12/07/2016 04:11:00 PM,Yes,County,East,,1,East,100,FEET,LEVEL,FENTON ST,ELLSWORTH DR,,N/A,,DRIVER,OTHER,CLEAR,N/A,DAYLIGHT,NO CONTROLS,N/A,,OTHER VEHICLE,N/A,N/A,N/A,STRAIGHT,NO DEFECTS,"TWO-WAY, DIVIDED, UNPROTECTED PAINTED MIN 4 FEET",39.01561833,-77.04507667,"(39.01561833, -77.04507667)"
MCP2740003Q,170533826,Montgomery County Police,Property Damage Crash,09/29/2017 12:58:00 PM,No,Maryland (State),North,,4,North,20,FEET,HILL UPHILL,GEORGIA AVE,CAPITAL BELTWAY,,N/A,,DRIVER,SAME DIRECTION SIDESWIPE,CLEAR,DRY,DAYLIGHT,NO CONTROLS,NONE DETECTED,,OTHER VEHICLE,OTHER VEHICLE,NON INTERSECTION,N/A,STRAIGHT,NO DEFECTS,"TWO-WAY, DIVIDED, POSITIVE MEDIAN BARRIER",39.01483833,-77.04240167,"(39.01483833, -77.04240167)"
DM8501001K,230053527,Takoma Park Police Depart,Property Damage Crash,09/06/2023 07:50:00 PM,No,Municipality,Unknown,OTHER,1,West,0,UNKNOWN,N/A,KINGWOOD DR,NEW HAMPSHIRE AVE,,N/A,,DRIVER,OTHER,CLEAR,N/A,DUSK,TRAFFIC SIGNAL,N/A,,OTHER VEHICLE,PARKED VEHICLE,NON INTERSECTION,N/A,OTHER,NO DEFECTS,OTHER,38.9846,-76.99079,"(38.9846, -76.99079)"
MCP27720013,16034502,Montgomery County Police,Property Damage Crash,07/07/2016 11:00:00 PM,No,,,,,,0,,,,,IN PARKING LOT OF RITE AID AT 10134 RIVER RD POTOMAC MD.,,,DRIVER,SINGLE VEHICLE,CLEAR,,DARK LIGHTS ON,N/A,N/A,,FIXED OBJECT,N/A,,,,,,39.01726167,-77.20933333,"(39.01726167, -77.20933333)"
MCP32320059,240036475,MONTGOMERY,Injury Crash,08/02/2024 05:30:00 PM,No,,,,0,,,FEET,,,,Parking Aisle        18131 SLADE SCHOOL RD,,Wheelchair (electric),BOTH,Single Vehicle,Clear,,Daylight,,"Not Suspect of Alcohol Use, Not Suspect of Drug Use","Not Suspect of Alcohol Use, Not Suspect of Drug Use",Other Non-Collision,,,,,,,39.15485431,-77.04042973,"(39.15485431, -77.04042973)"
MCP2966002P,17013124,Montgomery County Police,Property Damage Crash,03/13/2017 03:54:00 PM,No,Maryland (State),West,,1,West,100,FEET,LEVEL,VEIRS MILL RD,FERRARA AVE,,N/A,,DRIVER,SAME DIRECTION SIDESWIPE,CLEAR,DRY,DAYLIGHT,NO CONTROLS,NONE DETECTED,,OTHER VEHICLE,N/A,NON INTERSECTION,N/A,CURVE RIGHT,NO DEFECTS,ONE-WAY TRAFFICWAY,39.05335167,-77.07691667,"(39.05335167, -77.07691667)"
MCP3407000K,240053728,MONTGOMERY,Injury Crash,11/08/2024 05:41:00 PM,No,Private Route,Southbound,Lane 1,1,South,16.53,FEET,Level,,FOREST BROOK RD,,,Pedestrian,DRIVER,Single Vehicle,Clear,Dry,Dark - Not Lighted,No Controls,"Not Suspect of Alcohol Use, Not Suspect of Drug Use","Not Suspect of Alcohol Use, Not Suspect of Drug Use",Pedestrian,,Non-Junction,,Straight,No Defects,Not Divided,39.16772933,-77.25144205,"(39.16772933, -77.25144205)"
MCP3350003P,240058361,MONTGOMERY,Property Damage Crash,12/06/2024 12:55:00 PM,No,Maryland (State) Route,Southbound,"Lane 1, Lane 2",3,North,6.09,FEET,Level,WISCONSIN AVE (SB/L),,,,,DRIVER,Angle,Clear,Dry,Daylight,No Controls,"Not Suspect of Alcohol Use, Not Suspect of Drug Use, Not Suspect of Alcohol Use, Not Suspect of Drug Use",,Motor Vehicle In Transport,,Non-Junction,,Straight,No Defects,"Divided, Raised Median (curbed)",38.98096368,-77.09265915,"(38.98096368, -77.09265915)"
MCP31630045,220005159,Montgomery County Police,Property Damage Crash,02/06/2022 03:53:00 PM,No,Maryland (State),West,,2,North,0,FEET,LEVEL,BRADLEY BLVD,LELAND ST,,N/A,,DRIVER,SAME DIR REAR END,CLEAR,DRY,DAYLIGHT,TRAFFIC SIGNAL,N/A,,OTHER VEHICLE,N/A,INTERSECTION,FOUR-WAY INTERSECTION,STRAIGHT,NO DEFECTS,"TWO-WAY, DIVIDED, POSITIVE MEDIAN BARRIER",38.97838308,-77.09678352,"(38.97838308, -77.09678352)"
MCP3388001T,250004113,MONTGOMERY,Property Damage Crash,01/28/2025 09:41:00 PM,No,Maryland (State) Route,"Eastbound, Northbound",Lane 1,"1, 2",West,0,FEET,"Level, Uphill",,RITCHIE AVE,,,,DRIVER,Other,Clear,Dry,Dark - Lighted,Stop Sign,"Not Suspect of Alcohol Use, Not Suspect of Drug Use, Not Suspect of Alcohol Use, Not Suspect of Drug Use",,Motor Vehicle In Transport,Traffic Sign Support,Intersection or Related,Perpendicular,Straight,No Defects,Not Divided,38.98806717,-77.01216517,"(38.98806717, -77.01216517)"
MCP3086009F,230052474,Montgomery County Police,Injury Crash,08/31/2023 04:50:00 PM,No,County,North,,2,East,0,FEET,LEVEL,CLUB HOUSE RD,WATKINS MILL RD,,N/A,,DRIVER,ANGLE MEETS LEFT TURN,CLEAR,DRY,DAYLIGHT,TRAFFIC SIGNAL,NONE DETECTED,,OTHER VEHICLE,N/A,INTERSECTION,T-INTERSECTION,STRAIGHT,NO DEFECTS,"TWO-WAY, NOT DIVIDED",39.17405,-77.20803333,"(39.17405, -77.20803333)"
MCP3044002B,170550570,Montgomery County Police,Property Damage Crash,12/24/2017 05:43:00 PM,No,Maryland (State),North,,4,North,0,FEET,LEVEL,NEW HAMPSHIRE AVE,RAMP 4 FR MD 650 NB TO US 29 EB,,N/A,,DRIVER,SAME DIR REAR END,CLEAR,DRY,DARK LIGHTS ON,NO CONTROLS,NONE DETECTED,,FIXED OBJECT,OTHER VEHICLE,INTERSECTION,OTHER,STRAIGHT,NO DEFECTS,"TWO-WAY, DIVIDED, POSITIVE MEDIAN BARRIER",39.04128,-76.99121167,"(39.04128, -76.99121167)"
MCP2939004R,200013432,Montgomery County Police,Property Damage Crash,03/20/2020 05:20:00 PM,No,County,North,,1,North,50,FEET,LEVEL,DAVIS MILL RD,WATKINS RD,,N/A,,UNKNOWN,SINGLE VEHICLE,CLEAR,DRY,DAYLIGHT,NO CONTROLS,N/A,,ANIMAL,N/A,N/A,N/A,STRAIGHT,NO DEFECTS,"TWO-WAY, NOT DIVIDED",39.23621815,-77.23077756,"(39.23621815, -77.23077756)"
MCP3163003H,210027215,Montgomery County Police,Property Damage Crash,07/14/2021 01:30:00 PM,Yes,,,,,,,,,,,PARKING LOT OF 5233 RIVER RD,,,DRIVER,OTHER,CLEAR,,DAYLIGHT,N/A,N/A,,PARKED VEHICLE,N/A,,,,,,38.96589322,-77.10407243,"(38.96589322, -77.10407243)"
MCP3114002J,220039537,Montgomery County Police,Property Damage Crash,09/11/2022 07:31:00 PM,No,Maryland (State),North,,1,East,25,FEET,LEVEL,UNIVERSITY BLVD W,GEORGIA AVE,,N/A,,DRIVER,SAME DIRECTION SIDESWIPE,CLEAR,WET,DARK LIGHTS ON,N/A,N/A,,OTHER VEHICLE,N/A,N/A,N/A,N/A,NO DEFECTS,N/A,39.0408717,-77.0511844,"(39.0408717, -77.0511844)"
MCP2977002F,170507852,Montgomery County Police,Injury Crash,05/15/2017 10:22:00 AM,No,County,South,,1,North,0,FEET,LEVEL,MANCHESTER RD,BRADFORD RD,,N/A,PEDESTRIAN,NONMOTORIST,OTHER,CLEAR,DRY,DAYLIGHT,NO CONTROLS,N/A,N/A,PEDESTRIAN,N/A,INTERSECTION,FOUR-WAY INTERSECTION,STRAIGHT,NO DEFECTS,"TWO-WAY, DIVIDED, UNPROTECTED PAINTED MIN 4 FEET",38.99829833,-77.00686,"(38.99829833, -77.00686)"
MCP2800006H,240059542,MONTGOMERY,Injury Crash,12/12/2024 11:45:00 PM,,Local Route,"Northbound, Southbound",Lane 1,1,East,21.92,FEET,Level,GROSVENOR PL,,,,,UNKNOWN,"Sideswipe, Opposite Direction",Clear,Dry,Dark - Lighted,"No Controls, Stop Sign","Not Suspect of Alcohol Use, Not Suspect of Drug Use, Unknown, Unknown",,Motor Vehicle In Transport,,Non-Junction,,Straight,No Defects,Not Divided,39.02598477,-77.10381707,"(39.02598477, -77.10381707)"
MCP1151002Y,15024390,Montgomery County Police,Property Damage Crash,05/21/2015 11:27:00 AM,No,County,South,LEFT TURN LANE,2,North,35,FEET,GRADE DOWNHILL,CRYSTAL ROCK DR,MIDDLEBROOK RD,,N/A,,DRIVER,SAME DIR REAR END,RAINING,WET,DAYLIGHT,TRAFFIC SIGNAL,NONE DETECTED,,OTHER VEHICLE,N/A,NON INTERSECTION,N/A,STRAIGHT,NO DEFECTS,"TWO-WAY, NOT DIVIDED",39.177105,-77.26399,"(39.177105, -77.26399)"
MCP2635002B,15041750,MONTGOMERY,Property Damage Crash,08/20/2015 07:48:00 PM,No,County,East,,2,West,15,FEET,GRADE DOWNHILL,BORDLY DR,LUBAR WAY,,N/A,,DRIVER,SINGLE VEHICLE,CLEAR,WET,DUSK,NO CONTROLS,N/A,,FIXED OBJECT,N/A,NON INTERSECTION,N/A,CURVE LEFT,NO DEFECTS,"TWO-WAY, NOT DIVIDED",39.18868167,-77.05574333,"(39.18868167, -77.05574333)"
MCP12330018,16061943,Montgomery County Police,Property Damage Crash,12/02/2016 05:58:00 AM,No,Maryland (State),North,,4,South,0,FEET,LEVEL,CONNECTICUT AVE,RAMP 4 FR MD 185 NB TO IS 495 EB,,N/A,,DRIVER,SAME DIR REAR END,CLEAR,DRY,DARK NO LIGHTS,NO CONTROLS,NONE DETECTED,,OTHER VEHICLE,N/A,INTERCHANGE RELATED,N/A,STRAIGHT,NO DEFECTS,"TWO-WAY, DIVIDED, POSITIVE MEDIAN BARRIER",39.00302667,-77.07728667,"(39.00302667, -77.07728667)"
MCP28590028,16031969,Montgomery County Police,Property Damage Crash,06/24/2016 01:17:00 PM,No,Municipality,West,,1,East,0,FEET,LEVEL,GIRARD ST,FALLBROOK ST,,GAITHERSBURG,,DRIVER,SINGLE VEHICLE,N/A,DRY,DAYLIGHT,NO CONTROLS,NONE DETECTED,,OTHER OBJECT,N/A,INTERSECTION,FOUR-WAY INTERSECTION,STRAIGHT,NO DEFECTS,"TWO-WAY, DIVIDED, POSITIVE MEDIAN BARRIER",39.14441167,-77.18379833,"(39.14441167, -77.18379833)"
MCP26740057,240027061,MONTGOMERY,Property Damage Crash,06/07/2024 07:28:00 AM,No,County Route,Southbound,Lane 1,5,South,0,FEET,Level,OXBRIDGE DR,FREDERICK RD (SB/L),,,,UNKNOWN,Angle,Clear,Dry,Daylight,No Controls,"Not Suspect of Alcohol Use, Not Suspect of Drug Use, Not Suspect of Alcohol Use, Not Suspect of Drug Use",,Motor Vehicle In Transport,,Intersection or Related,Perpendicular,Straight,No Defects,"Divided, Raised Median (curbed)",39.19002266,-77.24153085,"(39.19002266, -77.24153085)"
MCP3259000V,200047302,Montgomery County Police,Injury Crash,12/01/2020 10:33:00 AM,No,Maryland (State),North,,3,North,0,FEET,LEVEL,ROCKVILLE PIKE,EDMONSTON DR,,ROCKVILLE,,DRIVER,STRAIGHT MOVEMENT ANGLE,CLEAR,DRY,DAYLIGHT,TRAFFIC SIGNAL,NONE DETECTED,,OTHER VEHICLE,N/A,INTERSECTION,FOUR-WAY INTERSECTION,STRAIGHT,NO DEFECTS,N/A,39.07447125,-77.13569179,"(39.07447125, -77.13569179)"
DD56040054,240034795,ROCKVILLE,Property Damage Crash,07/23/2024 03:34:00 PM,No,Maryland (State) Route,"Eastbound, Southbound","Lane 1, Left Turn Lane",3,South,0,FEET,Level,FIRST ST,BALTIMORE RD,,,,DRIVER,Angle,Clear,Dry,Daylight,Traffic Control Signal,"Not Suspect of Alcohol Use, Not Suspect of Drug Use, Not Suspect of Alcohol Use, Not Suspect of Drug Use",,Motor Vehicle In Transport,,Intersection or Related,Angled/Skewed,Straight,No Defects,"Divided, Raised Median (curbed)",39.08458766,-77.13614251,"(39.08458766, -77.13614251)"
MCP2909000R,15045972,MONTGOMERY,Injury Crash,09/11/2015 04:09:00 PM,No,County,South,,2,North,200,MILE,LEVEL,WAVERLY ST,MONTGOMERY AVE,,N/A,PEDESTRIAN,NONMOTORIST,SINGLE VEHICLE,CLEAR,DRY,DAYLIGHT,NO CONTROLS,NONE DETECTED,NONE DETECTED,PEDESTRIAN,N/A,NON INTERSECTION,N/A,STRAIGHT,NO DEFECTS,"TWO-WAY, NOT DIVIDED",38.983595,-77.09276667,"(38.983595, -77.09276667)"
MCP2902005G,220015643,Montgomery County Police,Injury Crash,04/13/2022 08:43:00 AM,No,County,West,,4,South,0,FEET,LEVEL,MATENY RD,BARLEYCORN WAY,,N/A,,DRIVER,STRAIGHT MOVEMENT ANGLE,N/A,DRY,DAYLIGHT,STOP SIGN,N/A,,OTHER VEHICLE,N/A,INTERSECTION,FOUR-WAY INTERSECTION,STRAIGHT,NO DEFECTS,"TWO-WAY, NOT DIVIDED",39.147745,-77.27068167,"(39.147745, -77.27068167)"