Report Number,Local Case Number,Agency Name,ACRS Report Type,Crash Date/Time,Hit/Run,Route Type,Lane Direction,Lane Type,Number of Lanes,Direction,Distance,Distance Unit,Road Grade,Road Name,Cross-Street Name,Off-Road Description,Municipality,Related Non-Motorist,At Fault,Collision Type,Weather,Surface Condition,Light,Traffic Control,Driver Substance Abuse,Non-Motorist Substance Abuse,First Harmful Event,Second Harmful Event,Junction,Intersection Type,Road Alignment,Road Condition,Road Division,Latitude,Longitude,Location
MCP3021006R,230049777,Montgomery County Police,Injury Crash,08/16/2023 02:20:00 PM,Yes,US (State),South,,3,North,100,MILE,LEVEL,COLUMBIA PIKE,STEWART LA,,N/A,,DRIVER,SAME DIR REAR END,CLEAR,DRY,DAYLIGHT,NO CONTROLS,"NONE DETECTED, UNKNOWN",,OTHER VEHICLE,N/A,NON INTERSECTION,N/A,STRAIGHT,NO DEFECTS,"TWO-WAY, DIVIDED, POSITIVE MEDIAN BARRIER",39.04822639,-76.98444849,"(39.04822639, -76.98444849)"
MCP1550004R,230055697,Montgomery County Police,Property Damage Crash,09/19/2023 09:01:00 AM,No,Maryland (State),East,,2,West,25,FEET,HILL UPHILL,EAST WEST HWY,DONNYBROOK DR,,N/A,,DRIVER,SAME DIR REAR END,CLEAR,DRY,DAYLIGHT,NO CONTROLS,NONE DETECTED,,OTHER VEHICLE,N/A,NON INTERSECTION,N/A,STRAIGHT,NO DEFECTS,"TWO-WAY, DIVIDED, POSITIVE MEDIAN BARRIER",38.99226983,-77.05879883,"(38.99226983, -77.05879883)"
MCP32630045,230073300,Montgomery County Police,Property Damage Crash,12/23/2023 11:47:00 AM,Yes,Maryland (State),South,,3,North,0,FEET,LEVEL,CONNECTICUT AVE,KNOWLES AVE,,N/A,,DRIVER,SAME DIR REAR END,CLOUDY,DRY,DAYLIGHT,TRAFFIC SIGNAL,"NONE DETECTED, UNKNOWN",,OTHER VEHICLE,OTHER VEHICLE,INTERSECTION,FOUR-WAY INTERSECTION,STRAIGHT,NO DEFECTS,"TWO-WAY, DIVIDED, POSITIVE MEDIAN BARRIER",39.02795167,-77.07707167,"(39.02795167, -77.07707167)"
MCP20460079,170539114,Montgomery County Police,Property Damage Crash,10/27/2017 08:35:00 AM,No,County,West,,2,East,100,FEET,LEVEL,BRIGGS CHANEY RD,RAMP 6 FR BRIGGS CHANEY RD TO US 29 SB,,N/A,,DRIVER,SAME DIRECTION LEFT TURN,CLEAR,DRY,DAYLIGHT,NO CONTROLS,NONE DETECTED,,OTHER VEHICLE,N/A,NON INTERSECTION,N/A,STRAIGHT,NO DEFECTS,"TWO-WAY, DIVIDED, POSITIVE MEDIAN BARRIER",39.08357,-76.94900833,"(39.08357, -76.94900833)"
MCP2667001V,15066679,MONTGOMERY,Property Damage Crash,12/29/2015 08:49:00 AM,No,County,South,LEFT TURN LANE,5,North,0,FEET,LEVEL,SHADY GROVE RD,FREDERICK RD,,N/A,,DRIVER,SAME DIR BOTH LEFT TURN,CLOUDY,WET,DAYLIGHT,TRAFFIC SIGNAL,NONE DETECTED,,OTHER VEHICLE,N/A,INTERSECTION,FOUR-WAY INTERSECTION,STRAIGHT,NO DEFECTS,"TWO-WAY, DIVIDED, POSITIVE MEDIAN BARRIER",39.122225,-77.1773,"(39.122225, -77.1773)"
MCP1438005B,170545300,Montgomery County Police,Property Damage Crash,11/28/2017 08:10:00 AM,No,,,,,,,,,,,GOSHEN OAKS SHOPPING CENTER 20211 GOSHEN RD.,,,DRIVER,STRAIGHT MOVEMENT ANGLE,CLEAR,,DAYLIGHT,N/A,NONE DETECTED,,OTHER VEHICLE,N/A,,,,,,39.18855167,-77.18570667,"(39.18855167, -77.18570667)"
MCP1020000Q,15006886,Montgomery County Police,Property Damage Crash,02/11/2015 09:18:00 AM,No,Maryland (State),South,RIGHT TURN LANE,2,North,0,FEET,LEVEL,RIDGE RD,SKYLARK RD,,N/A,,DRIVER,HEAD ON LEFT TURN,CLEAR,DRY,DAYLIGHT,TRAFFIC SIGNAL,NONE DETECTED,,OTHER VEHICLE,N/A,INTERSECTION,T-INTERSECTION,STRAIGHT,NO DEFECTS,"TWO-WAY, NOT DIVIDED",39.23346167,-77.23777333,"(39.23346167, -77.23777333)"
MCP3168000W,190026494,Montgomery County Police,Injury Crash,06/03/2019 05:46:00 PM,No,Maryland (State),East,,3,East,0,FEET,LEVEL,UNIVERSITY BLVD W,PERRY AVE,,KENSINGTON,,DRIVER,SAME DIR REAR END,CLEAR,DRY,DAYLIGHT,NO CONTROLS,NONE DETECTED,,OTHER VEHICLE,OTHER VEHICLE,INTERSECTION,T-INTERSECTION,STRAIGHT,NO DEFECTS,"TWO-WAY, DIVIDED, POSITIVE MEDIAN BARRIER",39.03293138,-77.07331992,"(39.03293138, -77.07331992)"
DD5621002S,180063696,Rockville Police Departme,Property Damage Crash,12/20/2018 11:44:00 PM,Yes,Municipality,East,,1,West,100,FEET,LEVEL,BALTIMORE RD,GRANDIN AVE,,ROCKVILLE,,DRIVER,SAME DIR REAR END,RAINING,WET,DARK -- UNKNOWN LIGHTING,NO CONTROLS,NONE DETECTED,,PARKED VEHICLE,OTHER VEHICLE,NON INTERSECTION,N/A,STRAIGHT,NO DEFECTS,"TWO-WAY, NOT DIVIDED",39.08323204,-77.14256488,"(39.08323204, -77.14256488)"
MCP30110011,16041989,Montgomery County Police,Injury Crash,08/18/2016 07:23:00 PM,No,County,West,,2,West,0,FEET,LEVEL,DEMOCRACY BLVD,DEMOCRACY LA,,N/A,,DRIVER,STRAIGHT MOVEMENT ANGLE,CLEAR,DRY,DAYLIGHT,STOP SIGN,NONE DETECTED,,OTHER VEHICLE,N/A,INTERSECTION RELATED,T-INTERSECTION,STRAIGHT,NO DEFECTS,"TWO-WAY, DIVIDED, POSITIVE MEDIAN BARRIER",39.0231107,-77.16447115,"(39.0231107, -77.16447115)"
MCP26820031,210038178,Montgomery County Police,Property Damage Crash,09/27/2021 08:00:00 AM,No,County,South,,3,North,0,FEET,LEVEL,SHADY GROVE RD,MILL RUN DR,,N/A,,DRIVER,ANGLE MEETS RIGHT TURN,CLEAR,DRY,DAYLIGHT,TRAFFIC SIGNAL,NONE DETECTED,,OTHER VEHICLE,N/A,INTERSECTION,FOUR-WAY INTERSECTION,STRAIGHT,NO DEFECTS,"TWO-WAY, DIVIDED, POSITIVE MEDIAN BARRIER",39.14300442,-77.14434685,"(39.14300442, -77.14434685)"
MCP2971001S,16051256,Montgomery County Police,Property Damage Crash,10/05/2016 07:02:00 PM,No,County,South,,2,North,0,MILE,LEVEL,CHERRY HILL RD,CALVERTON BLVD,,N/A,,DRIVER,SAME DIR REAR END,CLEAR,DRY,DARK LIGHTS ON,NO CONTROLS,NONE DETECTED,,OTHER VEHICLE,N/A,NON INTERSECTION,N/A,STRAIGHT,NO DEFECTS,"TWO-WAY, DIVIDED, UNPROTECTED PAINTED MIN 4 FEET",39.0570339,-76.95480824,"(39.0570339, -76.95480824)"
DM8403000V,230000746,Takoma Park Police Depart,Property Damage Crash,01/05/2023 03:15:00 PM,No,,,,,,,,,,,SERVICE LANE TO THE REAR OF THE WALGREENS.,,,DRIVER,OTHER,CLEAR,,DAYLIGHT,NO CONTROLS,"N/A, NONE DETECTED",,OTHER VEHICLE,N/A,,,,,,38.98731366,-76.98656637,"(38.98731366, -76.98656637)"
MCP2733000Q,16019345,Montgomery County Police,Property Damage Crash,04/20/2016 02:30:00 AM,No,County,East,,1,East,100,FEET,LEVEL,JOHNSON AVE,JOHNSON CT,,N/A,,DRIVER,HEAD ON,N/A,DRY,DARK NO LIGHTS,NO CONTROLS,NONE DETECTED,,PARKED VEHICLE,N/A,NON INTERSECTION,N/A,STRAIGHT,NO DEFECTS,"TWO-WAY, NOT DIVIDED",39.005565,-77.11653833,"(39.005565, -77.11653833)"
EJ78780030,210030308,Gaithersburg Police Depar,Injury Crash,08/04/2021 07:30:00 PM,No,Maryland (State),West,OTHER,0,North,0,FEET,LEVEL,GREAT SENECA HWY,MUDDY BRANCH RD,,N/A,,DRIVER,STRAIGHT MOVEMENT ANGLE,CLEAR,DRY,DAYLIGHT,TRAFFIC SIGNAL,"ALCOHOL PRESENT, N/A",,OTHER VEHICLE,OTHER VEHICLE,N/A,FOUR-WAY INTERSECTION,STRAIGHT,NO DEFECTS,"TWO-WAY, DIVIDED, POSITIVE MEDIAN BARRIER",39.11042523,-77.21760712,"(39.11042523, -77.21760712)"
MCP2953000V,16000718,Montgomery County Police,Property Damage Crash,01/05/2016 08:55:00 AM,No,County,South,LEFT TURN LANE,4,East,10,FEET,LEVEL,RANDOLPH RD,TIVOLI LAKE BLVD,,N/A,,DRIVER,SAME DIR REAR END,CLEAR,DRY,DAYLIGHT,TRAFFIC SIGNAL,NONE DETECTED,,OTHER VEHICLE,OTHER VEHICLE,INTERSECTION RELATED,FOUR-WAY INTERSECTION,STRAIGHT,NO DEFECTS,"TWO-WAY, DIVIDED, POSITIVE MEDIAN BARRIER",39.05897167,-77.04767833,"(39.05897167, -77.04767833)"
MCP3374001G,230061918,Montgomery County Police,Property Damage Crash,10/22/2023 04:45:00 AM,No,Maryland (State),North,,2,East,0,FEET,GRADE DOWNHILL,RIVER RD,WHITTIER BLVD,,N/A,,UNKNOWN,SINGLE VEHICLE,CLEAR,DRY,DARK NO LIGHTS,UNKNOWN,,,UNKNOWN,N/A,INTERSECTION,FOUR-WAY INTERSECTION,STRAIGHT,NO DEFECTS,"TWO-WAY, DIVIDED, POSITIVE MEDIAN BARRIER",38.9739195,-77.12292553,"(38.9739195, -77.12292553)"
MCP1170000M,15009242,Montgomery County Police,Property Damage Crash,02/26/2015 12:15:00 PM,Yes,County,East,,2,South,50,FEET,LEVEL,CEDAR TREE DR,CEDAR TREE DR (AHEAD),,N/A,,DRIVER,SAME DIR REAR END,CLEAR,DRY,DAYLIGHT,NO CONTROLS,"NONE DETECTED, UNKNOWN",,OTHER VEHICLE,N/A,NON INTERSECTION,N/A,STRAIGHT,NO DEFECTS,"TWO-WAY, NOT DIVIDED",39.04621333,-76.97684333,"(39.04621333, -76.97684333)"
MCP2874001D,16023884,Montgomery County Police,Property Damage Crash,05/13/2016 08:09:00 PM,No,County,East,,1,West,20,FEET,LEVEL,CAMDEN ST,CENTERHILL ST,,N/A,,DRIVER,OTHER,CLEAR,DRY,DAYLIGHT,NO CONTROLS,"ALCOHOL PRESENT, NONE DETECTED",,OTHER VEHICLE,N/A,N/A,N/A,STRAIGHT,NO DEFECTS,"TWO-WAY, NOT DIVIDED",39.05815859,-77.06810474,"(39.05815859, -77.06810474)"
MCP3076001G,180014777,Montgomery County Police,Injury Crash,03/26/2018 06:35:00 AM,No,Maryland (State),West,,3,East,0,FEET,LEVEL,COLESVILLE RD,EAST WEST HWY,,N/A,PEDESTRIAN,NONMOTORIST,HEAD ON LEFT TURN,CLEAR,DRY,DUSK,TRAFFIC SIGNAL,NONE DETECTED,NONE DETECTED,PEDESTRIAN,OTHER VEHICLE,INTERSECTION,FOUR-WAY INTERSECTION,STRAIGHT,NO DEFECTS,"TWO-WAY, NOT DIVIDED",38.9932395,-77.03198333,"(38.9932395, -77.03198333)"
EJ78460051,200008657,Gaithersburg Police Depar,Property Damage Crash,02/21/2020 10:00:00 AM,No,Municipality,North,,2,East,0,FEET,LEVEL,SIOUX LA,GREAT SENECA HWY,,N/A,,DRIVER,STRAIGHT MOVEMENT ANGLE,CLEAR,DRY,DAYLIGHT,STOP SIGN,NONE DETECTED,,OTHER VEHICLE,N/A,INTERSECTION RELATED,FOUR-WAY INTERSECTION,STRAIGHT,NO DEFECTS,"TWO-WAY, NOT DIVIDED",39.13080167,-77.23982833,"(39.13080167, -77.23982833)"
HA23770007,15000977,MCPARK,Property Damage Crash,09/04/2015 08:43:00 AM,Yes,Government,West,,1,West,0,FEET,LEVEL,SLIGO CREEK PKWY,PINEY BRANCH RD,,N/A,,DRIVER,OPPOSITE DIRECTION SIDESWIPE,CLEAR,DRY,DAYLIGHT,NO CONTROLS,"NONE DETECTED, UNKNOWN",,OTHER VEHICLE,N/A,NON INTERSECTION,N/A,CURVE LEFT,NO DEFECTS,"TWO-WAY, DIVIDED, UNPROTECTED PAINTED MIN 4 FEET",38.99624037,-77.00867772,"(38.99624037, -77.00867772)"
MCP27200058,200042155,Montgomery County Police,Injury Crash,10/26/2020 05:25:00 AM,No,County,East,,1,North,0,FEET,LEVEL,ASPEN HILL RD,PARKLAND DR,,N/A,,DRIVER,STRAIGHT MOVEMENT ANGLE,RAINING,WET,DARK LIGHTS ON,FLASHING TRAFFIC SIGNAL,NONE DETECTED,,OTHER VEHICLE,FIXED OBJECT,INTERSECTION,FOUR-WAY INTERSECTION,STRAIGHT,NO DEFECTS,"TWO-WAY, NOT DIVIDED",39.07927333,-77.086735,"(39.07927333, -77.086735)"
MCP2782000V,15020909,Montgomery County Police,Property Damage Crash,05/03/2015 11:29:00 AM,No,,,,,,0,,,,,"Northgate Plaza parking lot entrance by Boston Market, 3825 Aspen Hill Road, Silver Spring, MD 20906",,,DRIVER,SINGLE VEHICLE,CLEAR,,DAYLIGHT,NO CONTROLS,NONE DETECTED,,FIXED OBJECT,N/A,,,,,,39.08070667,-77.07764,"(39.08070667, -77.07764)"
MCP29360057,220013735,Montgomery County Police,Property Damage Crash,03/25/2022 07:00:00 PM,Yes,Maryland (State),South,,2,East,0,FEET,LEVEL,RIVER RD,WILSON LA,,N/A,,DRIVER,SAME DIR REAR END,CLEAR,DRY,DAYLIGHT,TRAFFIC SIGNAL,"MEDICATION PRESENT, NONE DETECTED",,OTHER VEHICLE,N/A,INTERSECTION,FOUR-WAY INTERSECTION,STRAIGHT,NO DEFECTS,"TWO-WAY, DIVIDED, POSITIVE MEDIAN BARRIER",38.98327802,-77.13746897,"(38.98327802, -77.13746897)"
MCP2736004X,170517846,Montgomery County Police,Property Damage Crash,07/07/2017 05:30:00 PM,No,Maryland (State),West,,2,East,0,FEET,HILL UPHILL,EAST WEST HWY,BROOKVILLE RD,,N/A,,DRIVER,STRAIGHT MOVEMENT ANGLE,N/A,N/A,DAYLIGHT,NO CONTROLS,NONE DETECTED,,OTHER VEHICLE,N/A,INTERSECTION,T-INTERSECTION,STRAIGHT,NO DEFECTS,"TWO-WAY, NOT DIVIDED",38.98900667,-77.07056567,"(38.98900667, -77.07056567)"
MCP26170026,16035257,Montgomery County Police,Injury Crash,07/12/2016 12:55:00 PM,No,County,East,,2,West,0,FEET,HILL UPHILL,MARINELLI RD,CITADEL AVE,,N/A,,DRIVER,STRAIGHT MOVEMENT ANGLE,CLEAR,DRY,DAYLIGHT,STOP SIGN,NONE DETECTED,,OTHER VEHICLE,N/A,INTERSECTION,FOUR-WAY INTERSECTION,STRAIGHT,NO DEFECTS,"TWO-WAY, NOT DIVIDED",39.047545,-77.10956667,"(39.047545, -77.10956667)"
MCP2082001Y,190062824,Montgomery County Police,Injury Crash,12/30/2019 11:29:00 PM,Yes,Maryland (State),East,,3,West,10,FEET,LEVEL,VEIRS MILL RD,CONNECTICUT AVE,,N/A,,DRIVER,SAME DIR REAR END,CLEAR,DRY,DARK -- UNKNOWN LIGHTING,TRAFFIC SIGNAL,NONE DETECTED,,OTHER VEHICLE,N/A,INTERSECTION RELATED,FOUR-WAY INTERSECTION,STRAIGHT,NO DEFECTS,"TWO-WAY, DIVIDED, POSITIVE MEDIAN BARRIER",39.05173937,-77.07512599,"(39.05173937, -77.07512599)"
MCP26570010,15064609,MONTGOMERY,Injury Crash,12/17/2015 11:40:00 PM,Yes,Maryland (State),East,LEFT TURN LANE,2,East,0,FEET,LEVEL,SANDY SPRING RD,CROSSOVER,,N/A,,DRIVER,SAME DIR REAR END,CLEAR,WET,DARK NO LIGHTS,NO CONTROLS,"N/A, UNKNOWN",,OTHER VEHICLE,N/A,CROSSOVER RELATED,FOUR-WAY INTERSECTION,STRAIGHT,NO DEFECTS,"TWO-WAY, DIVIDED, POSITIVE MEDIAN BARRIER",39.10646833,-76.91398,"(39.10646833, -76.91398)"
MCP2686005D,220015033,Montgomery County Police,Property Damage Crash,04/08/2022 07:52:00 PM,Yes,,,,,,,,,,,PARKING LOT OF 19508 CRYSTAL ROCK DR.,,,DRIVER,OPPOSITE DIRECTION SIDESWIPE,RAINING,,DARK LIGHTS ON,NO CONTROLS,UNKNOWN,,PARKED VEHICLE,N/A,,,,,,39.17760167,-77.26422,"(39.17760167, -77.26422)"
MCP2703000Y,16050501,Montgomery County Police,Property Damage Crash,10/01/2016 07:29:00 PM,No,County,West,,3,East,100,FEET,LEVEL,BRIGGS CHANEY RD,ASTON MANOR DR,,N/A,,DRIVER,SAME DIR REAR END,RAINING,WET,DUSK,NO CONTROLS,NONE DETECTED,,OTHER VEHICLE,N/A,NON INTERSECTION,N/A,STRAIGHT,NO DEFECTS,"TWO-WAY, DIVIDED, POSITIVE MEDIAN BARRIER",39.07549667,-76.94077833,"(39.07549667, -76.94077833)"
MCP2881000T,15000904,Montgomery County Police,Property Damage Crash,01/06/2015 12:00:00 PM,No,County,South,,1,North,1,FEET,GRADE DOWNHILL,WHEATFIELD DR,FREDERICK RD,,N/A,,UNKNOWN,SAME DIR REAR END,SNOW,ICE,DAYLIGHT,NO CONTROLS,NONE DETECTED,,OTHER VEHICLE,N/A,NON INTERSECTION,N/A,CURVE RIGHT,OTHER,"TWO-WAY, NOT DIVIDED",39.18451167,-77.26285167,"(39.18451167, -77.26285167)"
MCP3229002K,250017578,MONTGOMERY,Property Damage Crash,04/23/2025 09:25:00 AM,No,Maryland (State) Route,Westbound,Lane 2,2,South,16.27,FEET,Downhill,RIVER RD (WB/L),,,,,UNKNOWN,Front to Rear,Clear,Dry,Daylight,Traffic Control Signal,"Not Suspect of Alcohol Use, Not Suspect of Drug Use, Not Suspect of Alcohol Use, Not Suspect of Drug Use",,Motor Vehicle In Transport,,Non-Junction,,Straight,No Defects,"Divided, Raised Median (curbed)",38.99087583,-77.155123,"(38.99087583, -77.155123)"
MCP2899005M,220020290,Montgomery County Police,Property Damage Crash,05/12/2022 11:18:00 PM,Yes,Maryland (State),North,,3,North,30,FEET,LEVEL,GEORGIA AVE,16TH ST,,N/A,,DRIVER,OTHER,CLEAR,DRY,DARK LIGHTS ON,TRAFFIC SIGNAL,"NONE DETECTED, UNKNOWN",,OTHER VEHICLE,OTHER VEHICLE,INTERSECTION RELATED,T-INTERSECTION,STRAIGHT,NO DEFECTS,"TWO-WAY, DIVIDED, POSITIVE MEDIAN BARRIER",39.00586333,-77.03859333,"(39.00586333, -77.03859333)"
MCP2946006V,240031668,MONTGOMERY,Property Damage Crash,07/05/2024 10:52:00 AM,No,County Route,"Eastbound, Southbound","Crossover Area, Lane 1",2,South,0,FEET,Level,HAWKINS CREAMERY RD,WOODFIELD SCHOOL RD,,,,DRIVER,Angle,Clear,Dry,Daylight,Stop Sign,"Not Suspect of Alcohol Use, Not Suspect of Drug Use, Not Suspect of Alcohol Use, Not Suspect of Drug Use",,Motor Vehicle In Transport,,Intersection or Related,Perpendicular,Straight,No Defects,Not Divided,39.26699546,-77.17886605,"(39.26699546, -77.17886605)"
MCP1305000P,16028503,Montgomery County Police,Injury Crash,06/07/2016 07:31:00 AM,No,County,North,,2,South,0,FEET,LEVEL,SNOUFFERS SCHOOL RD,LEWISBERRY DR,,N/A,,DRIVER,STRAIGHT MOVEMENT ANGLE,CLEAR,DRY,DAYLIGHT,TRAFFIC SIGNAL,N/A,,OTHER VEHICLE,N/A,INTERSECTION,FOUR-WAY INTERSECTION,CURVE RIGHT,NO DEFECTS,"TWO-WAY, DIVIDED, UNPROTECTED PAINTED MIN 4 FEET",39.18298303,-77.18226627,"(39.18298303, -77.18226627)"
MCP26120036,180058435,Montgomery County Police,Property Damage Crash,11/21/2018 03:45:00 PM,No,County,East,,4,West,10,FEET,LEVEL,BEL PRE RD,LAYHILL RD,,N/A,,DRIVER,OTHER,CLEAR,DRY,DAYLIGHT,TRAFFIC SIGNAL,N/A,,OTHER VEHICLE,N/A,INTERSECTION RELATED,FOUR-WAY INTERSECTION,STRAIGHT,NO DEFECTS,"TWO-WAY, DIVIDED, POSITIVE MEDIAN BARRIER",39.09237667,-77.04574333,"(39.09237667, -77.04574333)"
MCP2791003K,170551480,Montgomery County Police,Property Damage Crash,12/31/2017 04:05:00 PM,Yes,,,,,,,,,,,"PARKING LOT IN FRONT OF KOREAN CORNER LOCATED AT 12207 VEIRS MILL ROAD, SILVER SPRING MD 20906",,,DRIVER,OTHER,CLOUDY,,DAYLIGHT,N/A,NONE DETECTED,,PARKED VEHICLE,PARKED VEHICLE,,,,,,39.05723697,-77.0822078,"(39.05723697, -77.0822078)"
MCP20470018,170502549,Montgomery County Police,Injury Crash,04/19/2017 11:50:00 AM,No,County,Unknown,OTHER,1,West,0,FEET,HILL CREST,SOUTHLAWN LA,AVERY RD,,N/A,,DRIVER,STRAIGHT MOVEMENT ANGLE,CLOUDY,DRY,DAYLIGHT,NO CONTROLS,NONE DETECTED,,OTHER VEHICLE,N/A,INTERSECTION,T-INTERSECTION,STRAIGHT,NO DEFECTS,N/A,39.10488667,-77.12161333,"(39.10488667, -77.12161333)"
MCP2651004N,210028878,Montgomery County Police,Injury Crash,07/26/2021 08:00:00 AM,No,Maryland (State),North,,3,South,10,FEET,LEVEL,NEW HAMPSHIRE AVE,RAMP 4 FR MD 650 NB TO IS 495 EB,,N/A,,DRIVER,SAME DIR REAR END,CLEAR,DRY,DAYLIGHT,N/A,N/A,,OTHER VEHICLE,N/A,N/A,N/A,STRAIGHT,NO DEFECTS,"TWO-WAY, DIVIDED, POSITIVE MEDIAN BARRIER",39.0160095,-76.9774945,"(39.0160095, -76.9774945)"
MCP23940043,200042095,Montgomery County Police,Property Damage Crash,10/25/2020 02:23:00 PM,Yes,County,East,,5,North,100,FEET,LEVEL,SHADY GROVE RD,FREDERICK RD,,N/A,,DRIVER,SAME DIR REAR END,RAINING,WET,DAYLIGHT,TRAFFIC SIGNAL,"NONE DETECTED, UNKNOWN",,OTHER VEHICLE,OTHER VEHICLE,INTERSECTION RELATED,FOUR-WAY INTERSECTION,STRAIGHT,NO DEFECTS,"TWO-WAY, DIVIDED, POSITIVE MEDIAN BARRIER",39.11880833,-77.16848,"(39.11880833, -77.16848)"
MCP23510009,15032977,MONTGOMERY,Property Damage Crash,07/06/2015 08:26:00 AM,No,County,West,,4,East,0,FEET,HILL UPHILL,RANDOLPH RD,NEBEL ST,,N/A,,DRIVER,STRAIGHT MOVEMENT ANGLE,CLEAR,DRY,DAYLIGHT,TRAFFIC SIGNAL,NONE DETECTED,,OTHER VEHICLE,N/A,INTERSECTION,FOUR-WAY INTERSECTION,STRAIGHT,NO DEFECTS,"TWO-WAY, DIVIDED, UNPROTECTED PAINTED MIN 4 FEET",39.05325833,-77.11094833,"(39.05325833, -77.11094833)"
MCP2969004Z,180042330,Montgomery County Police,Property Damage Crash,08/25/2018 03:00:00 AM,Yes,County,North,,1,South,0.1,MILE,GRADE DOWNHILL,CAVENDISH DR,TWIG RD,,N/A,,DRIVER,SAME DIR REAR END,CLEAR,DRY,DARK -- UNKNOWN LIGHTING,NO CONTROLS,UNKNOWN,,PARKED VEHICLE,N/A,NON INTERSECTION,N/A,CURVE LEFT,NO DEFECTS,"TWO-WAY, NOT DIVIDED",39.09044833,-76.98232,"(39.09044833, -76.98232)"
MCP27030040,240023675,MONTGOMERY,Fatal Crash,05/19/2024 08:14:00 PM,No,Maryland (State) Route,"Eastbound, Westbound",Lane 1,"1, 4",West,0,FEET,Level,UNIVERSITY BLVD E (WB/L),BUCKINGHAM DR,,,,UNKNOWN,Angle,Cloudy,Dry,Dusk,Traffic Control Signal,"Not Suspect of Alcohol Use, Not Suspect of Drug Use, Not Suspect of Alcohol Use, Not Suspect of Drug Use",,Motor Vehicle In Transport,Motor Vehicle In Transport,Intersection or Related,Perpendicular,Straight,No Defects,"Divided, Raised Median (curbed), Not Divided",39.00623052,-76.99749008,"(39.00623052, -76.99749008)"
MCP2853002L,16058269,Montgomery County Police,Property Damage Crash,11/11/2016 09:30:00 PM,No,Maryland (State),North,,3,North,0,FEET,LEVEL,NEW HAMPSHIRE AVE,NORTHAMPTON DR,,N/A,,DRIVER,SAME DIR REAR END,CLEAR,DRY,DARK LIGHTS ON,N/A,N/A,,OTHER VEHICLE,N/A,N/A,N/A,STRAIGHT,NO DEFECTS,"TWO-WAY, DIVIDED, POSITIVE MEDIAN BARRIER",39.00695167,-76.98083667,"(39.00695167, -76.98083667)"
MCP13660074,180007892,Montgomery County Police,Property Damage Crash,02/15/2018 09:09:00 AM,No,County,East,,2,East,0,FEET,LEVEL,DARNESTOWN RD,TRAVILLE  GATEWAY DR,,N/A,,DRIVER,SAME DIR REAR END,CLOUDY,WET,DAYLIGHT,TRAFFIC SIGNAL,NONE DETECTED,,OTHER VEHICLE,N/A,INTERSECTION RELATED,T-INTERSECTION,STRAIGHT,NO DEFECTS,"TWO-WAY, NOT DIVIDED",39.09610865,-77.20155805,"(39.09610865, -77.20155805)"
MCP30260079,220000504,Montgomery County Police,Property Damage Crash,01/05/2022 11:16:00 AM,No,Municipality,East,LEFT TURN LANE,2,East,50,FEET,LEVEL,S PARK AVE,WISCONSIN AVE,,N/A,,DRIVER,SAME DIRECTION LEFT TURN,SNOW,WET,DAYLIGHT,TRAFFIC SIGNAL,NONE DETECTED,,OTHER VEHICLE,N/A,INTERSECTION RELATED,FOUR-WAY INTERSECTION,STRAIGHT,NO DEFECTS,"TWO-WAY, DIVIDED, UNPROTECTED PAINTED MIN 4 FEET",38.963835,-77.087755,"(38.963835, -77.087755)"
MCP3201005K,240002745,MONTGOMERY,Property Damage Crash,01/18/2024 07:54:00 AM,No,Interstate (State),Southbound,Lane 1,2,North,60.97,FEET,Downhill,EISENHOWER MEMORIAL HWY,,,,,DRIVER,Front to Rear,Clear,Dry,Daylight,No Controls,"Not Suspect of Alcohol Use, Not Suspect of Drug Use, Not Suspect of Alcohol Use, Not Suspect of Drug Use, Not Suspect of Alcohol Use, Not Suspect of Drug Use",,Motor Vehicle In Transport,Motor Vehicle In Transport,Non-Junction,,Straight,,"Divided, Depressed Median",39.28149417,-77.32530983,"(39.28149417, -77.32530983)"
EJ78510094,230000799,Gaithersburg Police Depar,Injury Crash,01/05/2023 07:30:00 PM,No,Municipality,South,,2,North,50,FEET,LEVEL,CEDAR AVE,W DEER PARK RD,,GAITHERSBURG,,DRIVER,HEAD ON,CLOUDY,DRY,DARK LIGHTS ON,NO CONTROLS,NONE DETECTED,,OTHER VEHICLE,N/A,NON INTERSECTION,N/A,STRAIGHT,NO DEFECTS,"TWO-WAY, NOT DIVIDED",39.13411692,-77.20264391,"(39.13411692, -77.20264391)"
DD562000BS,240048916,ROCKVILLE,Property Damage Crash,10/13/2024 12:55:00 PM,No,,,,0,,,FEET,,,,Parking Stall        14929 SHADY GROVE RD,,,DRIVER,Unknown,Clear,,Daylight,,"Not Suspect of Alcohol Use, Not Suspect of Drug Use",,Parked Vehicle,,,,,,,39.219,-76.665,"(39.219, -76.665)"
MCP2534000S,15031529,Montgomery County Police,Property Damage Crash,06/28/2015 04:20:00 AM,No,County,South,OFF ROAD,1,North,15,FEET,LEVEL,SERPENTINE WAY,HIDDEN VALLEY LA,,N/A,,DRIVER,SINGLE VEHICLE,CLOUDY,WET,DARK LIGHTS ON,NO CONTROLS,NONE DETECTED,,FIXED OBJECT,FIXED OBJECT,NON INTERSECTION,N/A,CURVE RIGHT,NO DEFECTS,"TWO-WAY, DIVIDED, UNPROTECTED PAINTED MIN 4 FEET",39.07176833,-76.97027,"(39.07176833, -76.97027)"