Report Number,Local Case Number,Agency Name,ACRS Report Type,Crash Date/Time,Hit/Run,Route Type,Lane Direction,Lane Type,Number of Lanes,Direction,Distance,Distance Unit,Road Grade,Road Name,Cross-Street Name,Off-Road Description,Municipality,Related Non-Motorist,At Fault,Collision Type,Weather,Surface Condition,Light,Traffic Control,Driver Substance Abuse,Non-Motorist Substance Abuse,First Harmful Event,Second Harmful Event,Junction,Intersection Type,Road Alignment,Road Condition,Road Division,Latitude,Longitude,Location
MCP3246001D,220013483,Montgomery County Police,Property Damage Crash,03/29/2022 11:31:00 PM,No,County,South,,1,West,50,FEET,LEVEL,PARK VISTA DR,HUNTER MOUNTAIN LA (PROP),,N/A,,DRIVER,OTHER,CLEAR,DRY,DARK LIGHTS ON,N/A,NONE DETECTED,,PARKED VEHICLE,N/A,NON INTERSECTION,N/A,STRAIGHT,NO DEFECTS,"TWO-WAY, DIVIDED, UNPROTECTED PAINTED MIN 4 FEET",39.10503217,-77.04986233,"(39.10503217, -77.04986233)"
DM8360000G,15035032,TAKOMA,Property Damage Crash,07/16/2015 07:50:00 PM,No,,,,,,,,,,,emergency entrance to hospital,,,DRIVER,OTHER,CLEAR,,DAYLIGHT,NO CONTROLS,NONE DETECTED,,OTHER VEHICLE,N/A,,,,,,38.98669333,-77.00208333,"(38.98669333, -77.00208333)"
MCP2723000L,15024783,Montgomery County Police,Injury Crash,05/23/2015 09:34:00 AM,No,County,South,N/A,2,South,5,FEET,LEVEL,OLD BALTIMORE RD,CARTER MILL WAY,,N/A,BICYCLIST,DRIVER,STRAIGHT MOVEMENT ANGLE,CLEAR,DRY,DAYLIGHT,STOP SIGN,NONE DETECTED,NONE DETECTED,BICYCLE,N/A,N/A,FOUR-WAY INTERSECTION,STRAIGHT,NO DEFECTS,"TWO-WAY, NOT DIVIDED",39.17075167,-77.05024,"(39.17075167, -77.05024)"
MCP32000082,230019770,Montgomery County Police,Property Damage Crash,04/25/2023 02:15:00 PM,No,,,,,,,,,,,PARKING LOT OF 6400 ROCK SPRING DR (WALTER JOHNSON HIGH SCHOOL),,,DRIVER,OTHER,CLOUDY,,DAYLIGHT,NO CONTROLS,NONE DETECTED,,PARKED VEHICLE,N/A,,,,,,39.0263805,-77.13086233,"(39.0263805, -77.13086233)"
MCP2898001P,16050348,Montgomery County Police,Property Damage Crash,09/30/2016 07:06:00 PM,Yes,County,South,,2,North,0,MILE,LEVEL,WILDCAT RD,BRINK RD,,N/A,,DRIVER,OPPOSITE DIRECTION SIDESWIPE,RAINING,WET,DARK LIGHTS ON,NO CONTROLS,"N/A, UNKNOWN",,OTHER VEHICLE,N/A,NON INTERSECTION,N/A,STRAIGHT,NO DEFECTS,"TWO-WAY, NOT DIVIDED",39.21145216,-77.23019063,"(39.21145216, -77.23019063)"
EJ7888007T,250024522,GAITHERSBURG,Property Damage Crash,06/02/2025 03:30:00 PM,No,Maryland (State) Route,Northbound,"Lane 1, Right Turn Lane",3,North,0,FEET,Level,CLOPPER RD,FIRSTFIELD RD,,,,DRIVER,"Sideswipe, Same Direction",Clear,Dry,Daylight,Traffic Control Signal,"Not Suspect of Alcohol Use, Not Suspect of Drug Use, Not Suspect of Alcohol Use, Not Suspect of Drug Use",,Motor Vehicle In Transport,,Intersection or Related,Angled/Skewed,Straight,No Defects,"Divided, Raised Median (curbed)",39.14359045,-77.22373793,"(39.14359045, -77.22373793)"
MCP30220030,190046025,Montgomery County Police,Injury Crash,09/25/2019 05:02:00 PM,No,Maryland (State),West,,2,East,0,FEET,LEVEL,OLNEY LAYTONSVILLE RD,FAIRWAY VIEW DRIVE,,N/A,,DRIVER,SAME DIR REND LEFT TURN,CLEAR,DRY,DAYLIGHT,OTHER,N/A,,OTHER VEHICLE,N/A,INTERSECTION,FOUR-WAY INTERSECTION,STRAIGHT,NO DEFECTS,"TWO-WAY, NOT DIVIDED",39.19626333,-77.12976167,"(39.19626333, -77.12976167)"
MCP2798005Q,230012806,Montgomery County Police,Injury Crash,03/16/2023 03:00:00 PM,No,Interstate (State),North,,4,North,0,FEET,GRADE DOWNHILL,EISENHOWER MEMORIAL HWY,EXIT #13,,N/A,,DRIVER,SAME DIR REAR END,CLEAR,DRY,DAYLIGHT,NO CONTROLS,"MEDICATION PRESENT, NONE DETECTED",,OTHER VEHICLE,OTHER VEHICLE,N/A,N/A,STRAIGHT,NO DEFECTS,"TWO-WAY, DIVIDED, POSITIVE MEDIAN BARRIER",39.161245,-77.2331,"(39.161245, -77.2331)"
MCP3184002G,220009726,Montgomery County Police,Property Damage Crash,03/06/2022 10:55:00 PM,No,County,North,,2,North,100,FEET,LEVEL,CARROLL AVE,11TH AVE,,N/A,,DRIVER,OTHER,CLOUDY,DRY,DARK LIGHTS ON,N/A,NONE DETECTED,,PARKED VEHICLE,PARKED VEHICLE,NON INTERSECTION,N/A,STRAIGHT,NO DEFECTS,"TWO-WAY, NOT DIVIDED",38.997275,-76.99187333,"(38.997275, -76.99187333)"
MCP3078003N,210004550,Montgomery County Police,Property Damage Crash,02/04/2021 09:03:00 PM,Yes,Maryland (State),North,CROSSOVER AREA,2,North,0,FEET,LEVEL,LAYHILL RD,BEL PRE RD,,N/A,,DRIVER,HEAD ON LEFT TURN,CLEAR,DRY,DARK LIGHTS ON,FLASHING TRAFFIC SIGNAL,"ILLEGAL DRUG PRESENT, NONE DETECTED",,OTHER VEHICLE,FIXED OBJECT,INTERSECTION,FOUR-WAY INTERSECTION,STRAIGHT,NO DEFECTS,"TWO-WAY, DIVIDED, POSITIVE MEDIAN BARRIER",39.09050167,-77.04479333,"(39.09050167, -77.04479333)"
MCP27230073,230006714,Montgomery County Police,Injury Crash,02/09/2023 07:58:00 PM,No,Maryland (State),South,,3,North,0,FEET,HILL UPHILL,CONNECTICUT AVE,DEAN RD,,N/A,,DRIVER,SAME DIR REAR END,N/A,DRY,DARK LIGHTS ON,NO CONTROLS,NONE DETECTED,,OTHER VEHICLE,N/A,INTERSECTION,T-INTERSECTION,STRAIGHT,NO DEFECTS,"TWO-WAY, DIVIDED, UNPROTECTED PAINTED MIN 4 FEET",39.06864667,-77.07553167,"(39.06864667, -77.07553167)"
MCP2765004T,180046592,Montgomery County Police,Property Damage Crash,09/23/2018 07:35:00 PM,No,County,West,OFF ROAD,1,East,0.25,MILE,GRADE DOWNHILL,GLEN RD,GLEN MILL RD,,N/A,,DRIVER,SINGLE VEHICLE,RAINING,WET,DARK NO LIGHTS,NO CONTROLS,NONE DETECTED,,OFF ROAD,FIXED OBJECT,NON INTERSECTION,N/A,CURVE RIGHT,NO DEFECTS,"TWO-WAY, NOT DIVIDED",39.04499167,-77.218815,"(39.04499167, -77.218815)"
EJ7849000T,15019155,Gaithersburg Police Depar,Property Damage Crash,04/23/2015 06:59:00 PM,No,Maryland (State),East,,4,East,500,FEET,LEVEL,W DIAMOND AVE,RAMP 7 FR MD 117 WB TO RAMP 6 (TO IS270),,N/A,,DRIVER,SAME DIRECTION SIDESWIPE,CLEAR,DRY,DAYLIGHT,NO CONTROLS,N/A,,OTHER VEHICLE,N/A,NON INTERSECTION,N/A,STRAIGHT,NO DEFECTS,"TWO-WAY, NOT DIVIDED",39.14245333,-77.217095,"(39.14245333, -77.217095)"
MCP3372001M,230061088,Montgomery County Police,Injury Crash,10/17/2023 03:21:00 PM,No,County,North,N/A,2,South,0,FEET,LEVEL,VEIRS MILL RD,GAYNOR RD,,N/A,PEDESTRIAN,DRIVER,N/A,CLEAR,DRY,DAYLIGHT,WARNING SIGN,NONE DETECTED,NONE DETECTED,PEDESTRIAN,N/A,INTERSECTION,FOUR-WAY INTERSECTION,STRAIGHT,NO DEFECTS,"TWO-WAY, DIVIDED, POSITIVE MEDIAN BARRIER",39.06165063,-77.09202394,"(39.06165063, -77.09202394)"
MCP2850000Z,170543133,Montgomery County Police,Property Damage Crash,11/16/2017 08:17:00 AM,Yes,Municipality,West,,2,East,500,FEET,LEVEL,GRANDIN AVE,FIRST ST,,N/A,,DRIVER,SAME DIRECTION SIDESWIPE,CLEAR,DRY,DAYLIGHT,NO CONTROLS,"N/A, NONE DETECTED",,OTHER VEHICLE,N/A,NON INTERSECTION,N/A,STRAIGHT,NO DEFECTS,"TWO-WAY, NOT DIVIDED",39.08074869,-77.13609874,"(39.08074869, -77.13609874)"
MCP137800WX,210010979,Montgomery County Police,Property Damage Crash,03/23/2021 05:32:00 PM,No,Municipality,North,CROSSOVER AREA,4,North,0,FEET,HILL UPHILL,RUSSELL AVE,CHRISTOPHER AVE,,GAITHERSBURG,,DRIVER,OPPOSITE DIR BOTH LEFT TURN,CLOUDY,DRY,DAYLIGHT,STOP SIGN,NONE DETECTED,,OTHER VEHICLE,N/A,INTERSECTION,OTHER,STRAIGHT,NO DEFECTS,"TWO-WAY, DIVIDED, POSITIVE MEDIAN BARRIER",39.15675167,-77.21233333,"(39.15675167, -77.21233333)"
MCP9118000Y,170517217,Montgomery County Police,Property Damage Crash,07/04/2017 03:25:00 AM,No,County,East,,2,West,0.1,MILE,LEVEL,ARCOLA AVE,AMHERST AVE,,N/A,,DRIVER,SINGLE VEHICLE,CLEAR,DRY,DARK LIGHTS ON,OTHER,ALCOHOL CONTRIBUTED,,OTHER OBJECT,N/A,N/A,N/A,STRAIGHT,NO DEFECTS,"TWO-WAY, NOT DIVIDED",39.05821833,-77.048525,"(39.05821833, -77.048525)"
MCP2939007R,250023878,MONTGOMERY,Injury Crash,05/29/2025 03:18:00 PM,No,Maryland (State) Route,Northbound,Lane 1,1,South,41.45,FEET,Uphill,FREDERICK RD,,,,,DRIVER,Front to Rear,Clear,Dry,Daylight,No Controls,"Not Suspect of Alcohol Use, Not Suspect of Drug Use, Not Suspect of Alcohol Use, Not Suspect of Drug Use",,Motor Vehicle In Transport,,Through Roadway,,Straight,No Defects,Not Divided,39.22674833,-77.26439167,"(39.22674833, -77.26439167)"
MCP9130002V,16062743,Montgomery County Police,Property Damage Crash,12/07/2016 08:17:00 AM,No,Maryland (State),East,LEFT TURN LANE,3,East,0,FEET,LEVEL,UNIVERSITY BLVD E,SEEK LA,,N/A,,DRIVER,SAME DIR BOTH LEFT TURN,CLOUDY,WET,DAYLIGHT,NO CONTROLS,NONE DETECTED,,OTHER VEHICLE,N/A,INTERSECTION,FOUR-WAY INTERSECTION,STRAIGHT,NO DEFECTS,"TWO-WAY, DIVIDED, POSITIVE MEDIAN BARRIER",38.99726167,-76.99412,"(38.99726167, -76.99412)"
MCP9422000Z,170550741,Montgomery County Police,Injury Crash,12/26/2017 01:20:00 PM,No,US (State),South,LEFT TURN LANE,3,North,50,FEET,LEVEL,COLUMBIA PIKE,GREENCASTLE RD,,N/A,,DRIVER,SAME DIR REAR END,CLEAR,DRY,DAYLIGHT,TRAFFIC SIGNAL,NONE DETECTED,,OTHER VEHICLE,OTHER VEHICLE,INTERSECTION RELATED,FOUR-WAY INTERSECTION,STRAIGHT,NO DEFECTS,"TWO-WAY, DIVIDED, POSITIVE MEDIAN BARRIER",39.09591167,-76.93795167,"(39.09591167, -76.93795167)"
MCP24360023,16050763,Montgomery County Police,Property Damage Crash,10/03/2016 02:23:00 PM,No,Maryland (State),North,,2,North,0,FEET,GRADE DOWNHILL,PINEY BRANCH RD,ARLISS ST,,N/A,,DRIVER,HEAD ON LEFT TURN,CLEAR,DRY,DAYLIGHT,NO CONTROLS,NONE DETECTED,,OTHER VEHICLE,FIXED OBJECT,INTERSECTION,T-INTERSECTION,STRAIGHT,NO DEFECTS,"TWO-WAY, NOT DIVIDED WITH A CONTINUOUS LEFT TURN",38.999025,-76.99747833,"(38.999025, -76.99747833)"
EJ786600FK,240043833,GAITHERSBURG,Injury Crash,09/14/2024 06:00:00 PM,No,Municipality Route,Northbound,Lane 1,1,West,39.89,FEET,Downhill,N SUMMIT AVE,,,,,DRIVER,Front to Rear,Clear,Dry,Daylight,No Controls,"Not Suspect of Alcohol Use, Not Suspect of Drug Use, Not Suspect of Alcohol Use, Not Suspect of Drug Use",,Motor Vehicle In Transport,,Non-Junction,,Straight,No Defects,Not Divided,39.143657,-77.1928475,"(39.143657, -77.1928475)"
MCP31060025,190053302,Montgomery County Police,Injury Crash,11/05/2019 03:47:00 PM,No,County,North,LEFT TURN LANE,2,East,50,FEET,LEVEL,JONES BRIDGE RD,CONNECTICUT AVE,,N/A,,DRIVER,SAME DIR REAR END,N/A,DRY,DAYLIGHT,TRAFFIC SIGNAL,N/A,,OTHER VEHICLE,N/A,INTERSECTION RELATED,FOUR-WAY INTERSECTION,STRAIGHT,N/A,"TWO-WAY, DIVIDED, POSITIVE MEDIAN BARRIER",39.00004162,-77.07796288,"(39.00004162, -77.07796288)"
MCP2349000Y,16061233,Montgomery County Police,Property Damage Crash,11/29/2016 01:55:00 PM,No,County,East,,2,North,40,FEET,GRADE DOWNHILL,WATKINS MILL RD,GREENRIVER TERR,,N/A,,DRIVER,SINGLE VEHICLE,CLOUDY,WET,DAYLIGHT,NO CONTROLS,NONE DETECTED,,OTHER,N/A,NON INTERSECTION,N/A,CURVE LEFT,NO DEFECTS,"TWO-WAY, NOT DIVIDED",39.18981167,-77.22076667,"(39.18981167, -77.22076667)"
EJ7895003L,230004252,Gaithersburg Police Depar,Property Damage Crash,01/26/2023 11:00:00 AM,No,Municipality,South,,1,North,0,FEET,LEVEL,RUSSELL AVE,BROOKS AVE,,GAITHERSBURG,,DRIVER,STRAIGHT MOVEMENT ANGLE,CLEAR,DRY,DAYLIGHT,STOP SIGN,NONE DETECTED,,OTHER VEHICLE,N/A,INTERSECTION,FOUR-WAY INTERSECTION,STRAIGHT,NO DEFECTS,"TWO-WAY, NOT DIVIDED",39.14394335,-77.19686322,"(39.14394335, -77.19686322)"
MCP2962000F,15032934,MONTGOMERY,Property Damage Crash,07/06/2015 03:52:00 AM,No,Maryland (State),South,RIGHT TURN LANE,2,North,0,FEET,LEVEL,GERMANTOWN RD,CLOPPER RD,,N/A,,UNKNOWN,SINGLE VEHICLE,RAINING,WET,DARK LIGHTS ON,TRAFFIC SIGNAL,,,FIXED OBJECT,FIXED OBJECT,INTERSECTION,FOUR-WAY INTERSECTION,STRAIGHT,NO DEFECTS,"TWO-WAY, DIVIDED, POSITIVE MEDIAN BARRIER",39.163043,-77.28323936,"(39.163043, -77.28323936)"
MCP2970001M,16018649,Montgomery County Police,Property Damage Crash,04/16/2016 11:23:00 AM,No,County,South,,3,East,0,FEET,LEVEL,ARCOLA AVE,KEMP MILL RD,,N/A,BICYCLIST,NONMOTORIST,SAME DIR REND LEFT TURN,CLEAR,DRY,DAYLIGHT,TRAFFIC SIGNAL,N/A,N/A,BICYCLE,N/A,INTERSECTION,T-INTERSECTION,STRAIGHT,NO DEFECTS,"TWO-WAY, DIVIDED, UNPROTECTED PAINTED MIN 4 FEET",39.04602,-77.03212667,"(39.04602, -77.03212667)"
MCP12200048,16048697,Montgomery County Police,Property Damage Crash,09/22/2016 09:50:00 AM,No,Interstate (State),West,,5,East,0,FEET,LEVEL,CAPITAL BELTWAY,COLESVILLE RD,,N/A,,DRIVER,SAME DIR REAR END,CLEAR,DRY,DAYLIGHT,NO CONTROLS,NONE DETECTED,,OTHER VEHICLE,OTHER VEHICLE,INTERCHANGE RELATED,OTHER,STRAIGHT,NO DEFECTS,"TWO-WAY, DIVIDED, POSITIVE MEDIAN BARRIER",39.01605333,-77.01733,"(39.01605333, -77.01733)"
MCP0036005T,17011234,Montgomery County Police,Property Damage Crash,03/03/2017 06:00:00 AM,No,Maryland (State),South,RIGHT TURN LANE,3,South,0,FEET,LEVEL,CLARKSBURG RD,STRUC #15038,,N/A,,DRIVER,SAME DIR REAR END,WINTRY MIX,ICE,DAWN,N/A,NONE DETECTED,,OTHER VEHICLE,N/A,NON INTERSECTION,N/A,STRAIGHT,NO DEFECTS,"TWO-WAY, NOT DIVIDED",39.208455,-77.24179667,"(39.208455, -77.24179667)"
MCP23720044,220010825,Montgomery County Police,Property Damage Crash,03/13/2022 01:11:00 PM,No,Maryland (State),West,,3,South,25,FEET,GRADE DOWNHILL,BRADLEY BLVD,GLENBROOK RD,,N/A,,DRIVER,SAME DIR REAR END,CLEAR,DRY,DAYLIGHT,TRAFFIC SIGNAL,NONE DETECTED,,OTHER VEHICLE,N/A,INTERSECTION RELATED,FOUR-WAY INTERSECTION,STRAIGHT,NO DEFECTS,"TWO-WAY, DIVIDED, POSITIVE MEDIAN BARRIER",38.9773175,-77.104362,"(38.9773175, -77.104362)"
MCP14650010,15001020,Montgomery County Police,Property Damage Crash,01/07/2015 08:54:00 AM,No,County,North,,1,South,0,FEET,GRADE DOWNHILL,REDLAND RD,STRUC #M0056 MILL CREEK,,N/A,,DRIVER,SINGLE VEHICLE,CLEAR,WET,DAYLIGHT,NO CONTROLS,NONE DETECTED,,FIXED OBJECT,FIXED OBJECT,NON INTERSECTION,N/A,STRAIGHT,NO DEFECTS,"TWO-WAY, NOT DIVIDED",39.131435,-77.14779,"(39.131435, -77.14779)"
MCP06130021,200047283,Montgomery County Police,Property Damage Crash,12/01/2020 06:48:00 AM,No,Maryland (State),East,,2,East,500,FEET,LEVEL,SPENCERVILLE RD,NEW HAMPSHIRE AVE,,N/A,,DRIVER,SAME DIRECTION LEFT TURN,RAINING,WET,DARK LIGHTS ON,NO CONTROLS,NONE DETECTED,,OTHER VEHICLE,OTHER VEHICLE,N/A,N/A,STRAIGHT,NO DEFECTS,"TWO-WAY, NOT DIVIDED",39.12034509,-76.98579098,"(39.12034509, -76.98579098)"
MCP31380035,210019373,Montgomery County Police,Property Damage Crash,05/22/2021 04:20:00 PM,No,Maryland (State),North,,2,South,0.5,MILE,HILL UPHILL,NEW HAMPSHIRE AVE,DENIT ESTATES DR,,N/A,,DRIVER,SAME DIR REND LEFT TURN,CLEAR,DRY,DAYLIGHT,N/A,NONE DETECTED,,OTHER VEHICLE,N/A,RESIDENTIAL DRIVEWAY,N/A,STRAIGHT,NO DEFECTS,"TWO-WAY, NOT DIVIDED",39.20737167,-77.03625537,"(39.20737167, -77.03625537)"
MCP3144001R,210032098,Montgomery County Police,Property Damage Crash,08/18/2021 05:41:00 AM,No,Interstate (State),East,,4,East,1,MILE,LEVEL,CAPITAL BELTWAY,CONNECTICUT AVE,,N/A,,UNKNOWN,SINGLE VEHICLE,CLEAR,WET,DARK LIGHTS ON,NO CONTROLS,NONE DETECTED,,FIXED OBJECT,N/A,INTERCHANGE RELATED,N/A,CURVE LEFT,NO DEFECTS,"TWO-WAY, DIVIDED, POSITIVE MEDIAN BARRIER",39.010895,-77.09066833,"(39.010895, -77.09066833)"
MCP2730002L,220003202,Montgomery County Police,Injury Crash,01/25/2022 09:35:00 AM,No,County,South,,4,East,0,FEET,LEVEL,MIDDLEBROOK RD,GERMANTOWN RD,,N/A,,UNKNOWN,SAME DIR REAR END,N/A,DRY,DAYLIGHT,TRAFFIC SIGNAL,N/A,,OTHER VEHICLE,N/A,INTERSECTION,FOUR-WAY INTERSECTION,STRAIGHT,NO DEFECTS,"TWO-WAY, DIVIDED, POSITIVE MEDIAN BARRIER",39.17908167,-77.267775,"(39.17908167, -77.267775)"
MCP30450049,210048688,Montgomery County Police,Property Damage Crash,12/01/2021 08:00:00 AM,No,County,West,,1,East,0,FEET,LEVEL,JULLIARD DR,MARQUETTE DR,,N/A,,DRIVER,SAME DIRECTION SIDESWIPE,CLEAR,DRY,DAYLIGHT,N/A,NONE DETECTED,,PARKED VEHICLE,N/A,N/A,T-INTERSECTION,STRAIGHT,NO DEFECTS,"TWO-WAY, NOT DIVIDED",39.01760833,-77.12312333,"(39.01760833, -77.12312333)"
MCP2487001D,190035796,Montgomery County Police,Property Damage Crash,07/27/2019 02:45:00 PM,No,,,,,,,,,,,PARKING LOT OF 10600 BLOCK OF FOREST LANDING WAY.,,,UNKNOWN,OTHER,CLEAR,,DAYLIGHT,NO CONTROLS,NONE DETECTED,,OTHER VEHICLE,N/A,,,,,,39.10028667,-77.21867333,"(39.10028667, -77.21867333)"
MCP29810045,230055325,Montgomery County Police,Property Damage Crash,09/17/2023 01:25:00 AM,No,County,South,,1,North,30,FEET,GRADE DOWNHILL,DUMBARTON DR,VANDALIA DR,,N/A,,DRIVER,SAME DIR REAR END,CLEAR,DRY,DARK LIGHTS ON,NO CONTROLS,ALCOHOL PRESENT,,PARKED VEHICLE,PARKED VEHICLE,N/A,N/A,CURVE LEFT,NO DEFECTS,"TWO-WAY, NOT DIVIDED",39.0698764,-77.0842362,"(39.0698764, -77.0842362)"
DD5610007D,220035118,Rockville Police Departme,Property Damage Crash,08/15/2022 10:00:00 AM,No,Municipality,West,,1,North,0,FEET,LEVEL,N HORNERS LA,SOUTHLAWN LA,,ROCKVILLE,,DRIVER,OTHER,FOGGY,WET,DAYLIGHT,STOP SIGN,N/A,,OTHER VEHICLE,OTHER VEHICLE,INTERSECTION,T-INTERSECTION,STRAIGHT,N/A,OTHER,39.0932,-77.14363,"(39.0932, -77.14363)"
MCP2231008J,250013234,MONTGOMERY,Property Damage Crash,01/25/2025 12:15:00 PM,No,County Route,Northbound,Lane 1,3,North,0,FEET,Level,BRIGGS RD,LAYHILL RD,,,,DRIVER,Single Vehicle,Clear,Dry,Daylight,Traffic Control Signal,"Not Suspect of Alcohol Use, Not Suspect of Drug Use",,Curb,,Intersection or Related,Perpendicular,Straight,No Defects,"Divided, Raised Median (curbed)",39.06912506,-77.04566333,"(39.06912506, -77.04566333)"
MCP32300039,220039227,Montgomery County Police,Property Damage Crash,09/09/2022 04:20:00 PM,No,Maryland (State),East,,2,East,100,FEET,LEVEL,NORBECK RD,NADINE DR,,N/A,,DRIVER,SAME DIR REAR END,CLEAR,DRY,DAYLIGHT,NO CONTROLS,NONE DETECTED,,OTHER VEHICLE,OTHER VEHICLE,NON INTERSECTION,N/A,STRAIGHT,NO DEFECTS,"TWO-WAY, DIVIDED, UNPROTECTED PAINTED MIN 4 FEET",39.09795283,-77.10428167,"(39.09795283, -77.10428167)"
MCP2941004M,230032171,Montgomery County Police,Injury Crash,07/06/2023 10:33:00 AM,No,County,East,,1,East,0,FEET,LEVEL,LINDBERGH DR,WOODFIELD RD,,N/A,PEDESTRIAN,DRIVER,OTHER,CLEAR,DRY,DAYLIGHT,TRAFFIC SIGNAL,NONE DETECTED,NONE DETECTED,PEDESTRIAN,N/A,INTERSECTION,FOUR-WAY INTERSECTION,STRAIGHT,NO DEFECTS,"TWO-WAY, NOT DIVIDED",39.16419167,-77.15709,"(39.16419167, -77.15709)"
MCP28050029,170505774,Montgomery County Police,Property Damage Crash,05/03/2017 09:49:00 PM,No,Maryland (State),South,,2,South,500,FEET,LEVEL,MIDCOUNTY HWY,GOSHEN RD,,N/A,,DRIVER,SAME DIR REAR END,CLEAR,DRY,DARK LIGHTS ON,NO CONTROLS,NONE DETECTED,,OTHER VEHICLE,N/A,N/A,N/A,STRAIGHT,NO DEFECTS,"TWO-WAY, DIVIDED, UNPROTECTED PAINTED MIN 4 FEET",39.15871167,-77.195245,"(39.15871167, -77.195245)"
MCP2970004B,180025034,Montgomery County Police,Property Damage Crash,05/22/2018 07:12:00 AM,No,Maryland (State),West,,3,West,0,FEET,LEVEL,VEIRS MILL RD,NEWPORT MILL RD,,N/A,,DRIVER,STRAIGHT MOVEMENT ANGLE,RAINING,WET,DAYLIGHT,TRAFFIC SIGNAL,NONE DETECTED,,OTHER VEHICLE,N/A,N/A,FOUR-WAY INTERSECTION,STRAIGHT,NO DEFECTS,"TWO-WAY, DIVIDED, UNPROTECTED PAINTED MIN 4 FEET",39.04505833,-77.06487833,"(39.04505833, -77.06487833)"
MCP2699001D,190046764,Montgomery County Police,Injury Crash,09/30/2019 01:36:00 AM,Yes,Maryland (State),West,UNKNOWN,2,East,6,FEET,LEVEL,VEIRS MILL RD,PARKLAND DR,,N/A,,DRIVER,SAME DIR REAR END,CLEAR,DRY,DARK -- UNKNOWN LIGHTING,TRAFFIC SIGNAL,"ALCOHOL CONTRIBUTED, NONE DETECTED",,OTHER VEHICLE,N/A,INTERSECTION RELATED,FOUR-WAY INTERSECTION,STRAIGHT,NO DEFECTS,"TWO-WAY, DIVIDED, POSITIVE MEDIAN BARRIER",39.06178833,-77.09255167,"(39.06178833, -77.09255167)"
MCP25650054,180004114,Montgomery County Police,Property Damage Crash,01/24/2018 06:15:00 PM,No,Maryland (State),North,,2,North,25,FEET,HILL UPHILL,BRADLEY BLVD,GOLDSBORO RD,,N/A,,DRIVER,SAME DIR REAR END,N/A,DRY,DARK LIGHTS ON,NO CONTROLS,NONE DETECTED,,OTHER VEHICLE,N/A,N/A,N/A,CURVE RIGHT,NO DEFECTS,"TWO-WAY, NOT DIVIDED",38.97726712,-77.10700482,"(38.97726712, -77.10700482)"
MCP3376001B,230073509,Montgomery County Police,Property Damage Crash,12/25/2023 02:26:00 AM,No,Maryland (State),North,,3,North,0,FEET,LEVEL,GEORGIA AVE,BLUERIDGE AVE,,N/A,,DRIVER,STRAIGHT MOVEMENT ANGLE,CLEAR,DRY,DARK LIGHTS ON,TRAFFIC SIGNAL,NONE DETECTED,,OTHER VEHICLE,OTHER VEHICLE,INTERSECTION,FOUR-WAY INTERSECTION,STRAIGHT,NO DEFECTS,"TWO-WAY, DIVIDED, POSITIVE MEDIAN BARRIER",39.043401,-77.051949,"(39.043401, -77.051949)"
MCP3035002B,190048949,Montgomery County Police,Property Damage Crash,10/11/2019 09:13:00 PM,Yes,County,West,,3,North,50,FEET,LEVEL,MIDCOUNTY HWY,WASHINGTON GROVE LA,,N/A,,DRIVER,SAME DIR REAR END,CLEAR,DRY,DARK LIGHTS ON,NO CONTROLS,"N/A, NONE DETECTED",,OTHER VEHICLE,N/A,N/A,N/A,STRAIGHT,NO DEFECTS,"TWO-WAY, DIVIDED, POSITIVE MEDIAN BARRIER",39.14713217,-77.16848517,"(39.14713217, -77.16848517)"
MCP13780057,15013368,Montgomery County Police,Injury Crash,03/23/2015 02:55:00 PM,No,County,North,,3,North,0,FEET,LEVEL,SHADY GROVE RD,MT PLEASANT AVE,,N/A,,DRIVER,STRAIGHT MOVEMENT ANGLE,CLEAR,DRY,DAYLIGHT,TRAFFIC SIGNAL,NONE DETECTED,,OTHER VEHICLE,N/A,INTERSECTION,FOUR-WAY INTERSECTION,STRAIGHT,NO DEFECTS,"TWO-WAY, DIVIDED, UNPROTECTED PAINTED MIN 4 FEET",39.12056,-77.17998167,"(39.12056, -77.17998167)"
MCP2339008K,230048281,Montgomery County Police,Property Damage Crash,08/07/2023 05:45:00 PM,No,County,North,,2,North,0,FEET,LEVEL,TWINBROOK PKWY,PIER DR,,ROCKVILLE,,DRIVER,SAME DIRECTION SIDESWIPE,RAINING,WET,DAYLIGHT,NO CONTROLS,NONE DETECTED,,OTHER VEHICLE,N/A,NON INTERSECTION,N/A,STRAIGHT,NO DEFECTS,"TWO-WAY, DIVIDED, UNPROTECTED PAINTED MIN 4 FEET",39.06758717,-77.11393483,"(39.06758717, -77.11393483)"
MCP28050037,190003990,Montgomery County Police,Injury Crash,01/25/2019 05:05:00 PM,No,Municipality,South,,2,West,0,FEET,HILL UPHILL,ODENDHAL AVE,RUSSELL AVE,,GAITHERSBURG,,DRIVER,STRAIGHT MOVEMENT ANGLE,CLEAR,DRY,DUSK,TRAFFIC SIGNAL,NONE DETECTED,,OTHER VEHICLE,FIXED OBJECT,INTERSECTION,FOUR-WAY INTERSECTION,STRAIGHT,NO DEFECTS,"TWO-WAY, DIVIDED, POSITIVE MEDIAN BARRIER",39.15048333,-77.20410167,"(39.15048333, -77.20410167)"