Report Number,Local Case Number,Agency Name,ACRS Report Type,Crash Date/Time,Hit/Run,Route Type,Lane Direction,Lane Type,Number of Lanes,Direction,Distance,Distance Unit,Road Grade,Road Name,Cross-Street Name,Off-Road Description,Municipality,Related Non-Motorist,At Fault,Collision Type,Weather,Surface Condition,Light,Traffic Control,Driver Substance Abuse,Non-Motorist Substance Abuse,First Harmful Event,Second Harmful Event,Junction,Intersection Type,Road Alignment,Road Condition,Road Division,Latitude,Longitude,Location
MCP32260019,210017442,Montgomery County Police,Property Damage Crash,05/09/2021 03:39:00 PM,No,Maryland (State),North,,4,North,0,FEET,LEVEL,NEW HAMPSHIRE AVE,SPENCERVILLE RD,,N/A,,DRIVER,STRAIGHT MOVEMENT ANGLE,CLEAR,DRY,DAYLIGHT,TRAFFIC SIGNAL,"ILLEGAL DRUG PRESENT, NONE DETECTED",,OTHER VEHICLE,OTHER VEHICLE,INTERSECTION,FOUR-WAY INTERSECTION,STRAIGHT,NO DEFECTS,"TWO-WAY, DIVIDED, POSITIVE MEDIAN BARRIER",39.12137367,-76.9890145,"(39.12137367, -76.9890145)"
MCP28210024,200034417,Montgomery County Police,Property Damage Crash,09/02/2020 10:23:00 PM,No,County,South,,1,North,500,FEET,LEVEL,MUNCASTER RD,WILD FLOWER CT,,N/A,,DRIVER,SINGLE VEHICLE,CLEAR,WET,DARK LIGHTS ON,N/A,NONE DETECTED,,FIXED OBJECT,OVERTURN,NON INTERSECTION,N/A,CURVE LEFT,NO DEFECTS,"TWO-WAY, NOT DIVIDED",39.17581167,-77.11821333,"(39.17581167, -77.11821333)"
MCP3161001X,190052668,Montgomery County Police,Property Damage Crash,11/01/2019 04:25:00 PM,No,Maryland (State),North,,2,North,0,FEET,LEVEL,BRADLEY BLVD,ABERDEEN RD,,N/A,,DRIVER,STRAIGHT MOVEMENT ANGLE,CLEAR,DRY,DAYLIGHT,STOP SIGN,NONE DETECTED,,OTHER VEHICLE,N/A,INTERSECTION RELATED,FOUR-WAY INTERSECTION,STRAIGHT,NO DEFECTS,"TWO-WAY, NOT DIVIDED",38.99124667,-77.11770167,"(38.99124667, -77.11770167)"
MCP3163004R,220033182,Montgomery County Police,Property Damage Crash,08/02/2022 05:15:00 PM,No,County,North,,1,North,100,FEET,LEVEL,NEBEL ST,MARINELLI RD,,N/A,,DRIVER,SINGLE VEHICLE,CLEAR,DRY,DAYLIGHT,NO CONTROLS,NONE DETECTED,,OTHER OBJECT,N/A,N/A,N/A,STRAIGHT,NO DEFECTS,"TWO-WAY, DIVIDED, UNPROTECTED PAINTED MIN 4 FEET",39.04916833,-77.10681667,"(39.04916833, -77.10681667)"
MCP120500B8,230071634,Montgomery County Police,Property Damage Crash,12/14/2023 08:13:00 AM,No,Maryland (State),West,,2,East,10,FEET,LEVEL,EAST WEST HWY,MEADOWBROOK LA,,N/A,,DRIVER,SAME DIR REAR END,CLEAR,ICE,DAYLIGHT,TRAFFIC SIGNAL,NONE DETECTED,,OTHER VEHICLE,N/A,N/A,FOUR-WAY INTERSECTION,STRAIGHT,NO DEFECTS,"TWO-WAY, DIVIDED, POSITIVE MEDIAN BARRIER",38.99283667,-77.06042,"(38.99283667, -77.06042)"
DD5527001V,180058006,Rockville Police Departme,Property Damage Crash,11/19/2018 12:15:00 PM,Yes,Municipality,East,,2,North,0,FEET,LEVEL,EDMONSTON DR,ROCKVILLE PIKE,,N/A,,DRIVER,SAME DIRECTION SIDESWIPE,CLEAR,DRY,DAYLIGHT,NO CONTROLS,"NONE DETECTED, UNKNOWN",,OTHER VEHICLE,N/A,NON INTERSECTION,N/A,STRAIGHT,NO DEFECTS,"TWO-WAY, NOT DIVIDED",39.07369058,-77.13675528,"(39.07369058, -77.13675528)"
MCP3121000L,180015307,Montgomery County Police,Property Damage Crash,03/29/2018 12:36:00 PM,No,County,East,,2,East,0,FEET,LEVEL,CLUB HOUSE RD,RIDGELINE DR,,N/A,,DRIVER,HEAD ON LEFT TURN,CLEAR,DRY,DAYLIGHT,NO CONTROLS,NONE DETECTED,,OTHER VEHICLE,OTHER VEHICLE,INTERSECTION,FOUR-WAY INTERSECTION,STRAIGHT,NO DEFECTS,"TWO-WAY, DIVIDED, UNPROTECTED PAINTED MIN 4 FEET",39.17454833,-77.20482833,"(39.17454833, -77.20482833)"
MCP3164001C,190015795,Montgomery County Police,Property Damage Crash,04/05/2019 08:20:00 AM,No,Maryland (State),South,,2,East,200,FEET,LEVEL,VEIRS MILL RD,ENNALLS AVE,,N/A,,DRIVER,SAME DIRECTION SIDESWIPE,RAINING,WET,DAYLIGHT,NO CONTROLS,N/A,,OTHER VEHICLE,N/A,N/A,N/A,STRAIGHT,NO DEFECTS,"TWO-WAY, DIVIDED, POSITIVE MEDIAN BARRIER",39.03871833,-77.05347,"(39.03871833, -77.05347)"
MCP32370017,230003622,Montgomery County Police,Property Damage Crash,01/22/2023 09:32:00 PM,No,Interstate (State),North,,4,North,0,FEET,LEVEL,EISENHOWER MEMORIAL HWY,W DIAMOND AVE,,N/A,,DRIVER,SINGLE VEHICLE,RAINING,WET,DARK LIGHTS ON,NO CONTROLS,NONE DETECTED,,FIXED OBJECT,N/A,NON INTERSECTION,N/A,STRAIGHT,NO DEFECTS,"TWO-WAY, DIVIDED, POSITIVE MEDIAN BARRIER",39.13830022,-77.21140712,"(39.13830022, -77.21140712)"
MCP289200G1,240013209,MONTGOMERY,Property Damage Crash,03/19/2024 05:53:00 PM,No,County Route,Northbound,"Lane 2, Lane 3",4,North,11.85,FEET,Level,WOODSIDE PKWY,COLESVILLE RD,,,,DRIVER,"Sideswipe, Same Direction",Clear,Dry,Daylight,No Controls,"Not Suspect of Alcohol Use, Not Suspect of Drug Use, Not Suspect of Alcohol Use, Not Suspect of Drug Use",,Motor Vehicle In Transport,,Non-Junction,,Straight,,Not Divided,39.00282348,-77.02439922,"(39.00282348, -77.02439922)"
MCP25860054,190054769,Montgomery County Police,Injury Crash,11/13/2019 04:22:00 PM,No,Maryland (State),South,,1,South,0.25,MILE,GRADE DOWNHILL,OLD HUNDRED RD,THURSTON RD,,N/A,,DRIVER,HEAD ON,CLEAR,DRY,DAYLIGHT,NO CONTROLS,NONE DETECTED,,OTHER VEHICLE,N/A,NON INTERSECTION,N/A,CURVE RIGHT,NO DEFECTS,"TWO-WAY, NOT DIVIDED",39.25534833,-77.34602833,"(39.25534833, -77.34602833)"
EJ78580016,170530283,Gaithersburg Police Depar,Injury Crash,09/13/2017 07:58:00 AM,No,Maryland (State),South,,3,South,75,FEET,LEVEL,FREDERICK RD,MONTGOMERY AVE,,GAITHERSBURG,PEDESTRIAN,NONMOTORIST,OTHER,RAINING,WET,DAYLIGHT,NO CONTROLS,NONE DETECTED,NONE DETECTED,PEDESTRIAN,N/A,NON INTERSECTION,N/A,STRAIGHT,NO DEFECTS,"TWO-WAY, NOT DIVIDED",39.14555667,-77.20349667,"(39.14555667, -77.20349667)"
MCP28630023,180012320,Montgomery County Police,Injury Crash,03/11/2018 07:40:00 PM,No,Maryland (State),South,,1,West,50,FEET,GRADE DOWNHILL,MUNCASTER MILL RD,BOWIE MILL RD,,N/A,,DRIVER,SAME DIR REAR END,CLEAR,DRY,DUSK,TRAFFIC SIGNAL,NONE DETECTED,,OTHER VEHICLE,N/A,INTERSECTION RELATED,FOUR-WAY INTERSECTION,STRAIGHT,NO DEFECTS,"TWO-WAY, NOT DIVIDED",39.13343833,-77.12198167,"(39.13343833, -77.12198167)"
MCP3019000D,17008003,Montgomery County Police,Property Damage Crash,02/14/2017 08:48:00 AM,No,County,West,,2,West,100,FEET,LEVEL,MONTROSE RD,SPUR TO HOYA ST,,N/A,,DRIVER,SAME DIR REAR END,CLEAR,DRY,DAYLIGHT,NO CONTROLS,"N/A, NONE DETECTED",,OTHER VEHICLE,N/A,NON INTERSECTION,N/A,STRAIGHT,NO DEFECTS,"TWO-WAY, NOT DIVIDED",39.05273,-77.12053167,"(39.05273, -77.12053167)"
MCP3079005D,230052209,Montgomery County Police,Property Damage Crash,08/30/2023 12:57:00 PM,No,Maryland (State),South,,2,North,0,FEET,LEVEL,GERMANTOWN RD,RAMP 2 FR MD 118 WB TO IS 270 NB,,N/A,,DRIVER,HEAD ON LEFT TURN,CLEAR,DRY,DAYLIGHT,TRAFFIC SIGNAL,NONE DETECTED,,OTHER VEHICLE,OTHER VEHICLE,INTERSECTION,T-INTERSECTION,STRAIGHT,NO DEFECTS,"TWO-WAY, DIVIDED, POSITIVE MEDIAN BARRIER",39.1864575,-77.25337467,"(39.1864575, -77.25337467)"
MCP2786001G,16049434,Montgomery County Police,Property Damage Crash,09/26/2016 03:02:00 AM,No,County,East,,1,West,200,FEET,LEVEL,SLIGO AVE,SCHRIDER ST,,N/A,,DRIVER,SINGLE VEHICLE,CLEAR,DRY,DARK LIGHTS ON,N/A,ALCOHOL PRESENT,,FIXED OBJECT,FIXED OBJECT,N/A,N/A,STRAIGHT,NO DEFECTS,"TWO-WAY, NOT DIVIDED",38.99114,-77.014625,"(38.99114, -77.014625)"
MCP30400024,180021573,Montgomery County Police,Injury Crash,05/02/2018 06:30:00 PM,No,Maryland (State),North,,3,North,0,FEET,LEVEL,GEORGIA AVE,RAMP 1 FR MD 97 NB TO RP 8 (TO MD200 WB),,N/A,,DRIVER,SAME DIR REAR END,CLEAR,DRY,DAYLIGHT,N/A,N/A,,OTHER VEHICLE,N/A,NON INTERSECTION,N/A,STRAIGHT,NO DEFECTS,"TWO-WAY, DIVIDED, POSITIVE MEDIAN BARRIER",39.12130833,-77.07377833,"(39.12130833, -77.07377833)"
MCP2564001Q,180043656,Montgomery County Police,Property Damage Crash,09/01/2018 03:23:00 PM,No,Municipality,North,,2,North,0,FEET,LEVEL,WATKINS MILL RD,RUSSELL AVE,,GAITHERSBURG,,DRIVER,ANGLE MEETS LEFT TURN,CLEAR,DRY,DAYLIGHT,STOP SIGN,NONE DETECTED,,OTHER VEHICLE,N/A,INTERSECTION,T-INTERSECTION,STRAIGHT,NO DEFECTS,"TWO-WAY, DIVIDED, POSITIVE MEDIAN BARRIER",39.15999833,-77.216215,"(39.15999833, -77.216215)"
MCP27860042,230050014,Montgomery County Police,Injury Crash,08/17/2023 10:56:00 PM,No,Maryland (State),South,,4,North,0,FEET,HILL UPHILL,FREDERICK RD,GERMANTOWN RD,,N/A,,DRIVER,HEAD ON LEFT TURN,CLEAR,DRY,DARK LIGHTS ON,TRAFFIC SIGNAL,NONE DETECTED,,OTHER VEHICLE,N/A,INTERSECTION,FOUR-WAY INTERSECTION,STRAIGHT,NO DEFECTS,"TWO-WAY, DIVIDED, POSITIVE MEDIAN BARRIER",39.19223333,-77.242665,"(39.19223333, -77.242665)"
MCP1119000T,15010811,Montgomery County Police,Injury Crash,03/09/2015 07:03:00 AM,No,Maryland (State),South,,3,North,1,MILE,LEVEL,GEORGIA AVE,BEL PRE RD,,N/A,,DRIVER,SAME DIR REAR END,CLEAR,DRY,DAWN,NO CONTROLS,NONE DETECTED,,OTHER VEHICLE,N/A,NON INTERSECTION,N/A,STRAIGHT,NO DEFECTS,"TWO-WAY, DIVIDED, UNPROTECTED PAINTED MIN 4 FEET",39.09665333,-77.07880167,"(39.09665333, -77.07880167)"
MCP3181000N,190029174,Montgomery County Police,Property Damage Crash,06/18/2019 06:30:00 PM,No,Maryland (State),North,,3,North,500,FEET,LEVEL,GEORGIA AVE,RANDOLPH RD,,N/A,,DRIVER,SAME DIRECTION SIDESWIPE,CLOUDY,DRY,DAYLIGHT,NO CONTROLS,N/A,,OTHER VEHICLE,N/A,NON INTERSECTION,N/A,STRAIGHT,NO DEFECTS,"TWO-WAY, DIVIDED, POSITIVE MEDIAN BARRIER",39.05988167,-77.05033333,"(39.05988167, -77.05033333)"
MCP20820019,180035663,Montgomery County Police,Property Damage Crash,07/18/2018 11:10:00 PM,No,,,,,,,,,,,PARKING LOT OF 11504 BUCKNELL DR,,,DRIVER,OTHER,CLEAR,,DARK LIGHTS ON,NO CONTROLS,NONE DETECTED,,OTHER VEHICLE,OTHER OBJECT,,,,,,39.04085667,-77.05234333,"(39.04085667, -77.05234333)"
MCP3208005L,240026690,MONTGOMERY,Injury Crash,06/05/2024 05:13:00 AM,Yes,Maryland (State) Route,Westbound,Lane 2,2,West,13.69,FEET,Level,,,,,Pedestrian,UNKNOWN,Single Vehicle,Clear,Dry,Dark - Lighted,Pedestrian Crossing,"Unknown, Unknown","Not Suspect of Alcohol Use, Not Suspect of Drug Use",Pedestrian,,Through Roadway,,Straight,No Defects,Not Divided,38.99282056,-77.03154602,"(38.99282056, -77.03154602)"
MCP1202002W,180000183,Montgomery County Police,Property Damage Crash,01/02/2018 10:45:00 AM,No,County,South,,2,North,0,FEET,LEVEL,MACARTHUR BLVD,HARVARD AVE,,GLEN ECHO,,DRIVER,SAME DIR REAR END,CLEAR,DRY,DAYLIGHT,N/A,NONE DETECTED,,OTHER VEHICLE,N/A,INTERSECTION RELATED,T-INTERSECTION,STRAIGHT,NO DEFECTS,"TWO-WAY, NOT DIVIDED",38.96995333,-77.141605,"(38.96995333, -77.141605)"
MCP24360063,180046387,Montgomery County Police,Property Damage Crash,09/17/2018 08:00:00 AM,Yes,Maryland (State),West,,3,West,10,FEET,LEVEL,UNIVERSITY BLVD E,LANGLEY DR,,N/A,,DRIVER,SAME DIR REAR END,CLOUDY,DRY,DAYLIGHT,NO CONTROLS,"NONE DETECTED, UNKNOWN",,OTHER VEHICLE,N/A,N/A,N/A,STRAIGHT,NO DEFECTS,"TWO-WAY, DIVIDED, POSITIVE MEDIAN BARRIER",39.00263417,-76.99588567,"(39.00263417, -76.99588567)"
MCP0036004Y,16046690,Montgomery County Police,Property Damage Crash,09/12/2016 08:39:00 AM,No,Maryland (State),East,LEFT TURN LANE,2,East,0,FEET,LEVEL,CLOPPER RD,STEEPLE RD,,N/A,,DRIVER,STRAIGHT MOVEMENT ANGLE,CLEAR,DRY,DAYLIGHT,STOP SIGN,NONE DETECTED,,OTHER VEHICLE,N/A,INTERSECTION,FOUR-WAY INTERSECTION,STRAIGHT,NO DEFECTS,"TWO-WAY, NOT DIVIDED",39.17161667,-77.29806833,"(39.17161667, -77.29806833)"
DM83520009,190054078,Takoma Park Police Depart,Property Damage Crash,11/09/2019 06:54:00 PM,No,Maryland (State),North,,3,North,50,FEET,GRADE DOWNHILL,NEW HAMPSHIRE AVE,UNIVERSITY BLVD,,N/A,,DRIVER,OTHER,N/A,DRY,DARK LIGHTS ON,TRAFFIC SIGNAL,N/A,,OTHER VEHICLE,N/A,NON INTERSECTION,N/A,STRAIGHT,NO DEFECTS,"TWO-WAY, DIVIDED, POSITIVE MEDIAN BARRIER",38.98822283,-76.98777283,"(38.98822283, -76.98777283)"
MCP2678002H,200042472,Montgomery County Police,Property Damage Crash,10/28/2020 01:10:00 AM,No,County,East,,2,West,50,FEET,LEVEL,NORBECK RD,NORWOOD RD,,N/A,,DRIVER,SINGLE VEHICLE,CLEAR,DRY,DARK LIGHTS ON,NO CONTROLS,UNKNOWN,,FIXED OBJECT,FIXED OBJECT,NON INTERSECTION,N/A,CURVE LEFT,NO DEFECTS,"TWO-WAY, NOT DIVIDED",39.11886549,-77.02147501,"(39.11886549, -77.02147501)"
MCP25030028,250026034,MONTGOMERY,Injury Crash,06/11/2025 12:18:00 PM,No,Maryland (State) Route,Westbound,Lane 1,3,South,0,FEET,Level,,TURKEY FOOT RD,,,,DRIVER,Front to Rear,Clear,Dry,Daylight,No Controls,"Not Suspect of Alcohol Use, Not Suspect of Drug Use, Not Suspect of Alcohol Use, Not Suspect of Drug Use, Not Suspect of Alcohol Use, Not Suspect of Drug Use",,Motor Vehicle In Transport,,Intersection or Related,Perpendicular,Straight,No Defects,"Divided, Flush Median (greater than 4ft wide), Not Divided",39.10424167,-77.28614333,"(39.10424167, -77.28614333)"
MCP3124000J,180021794,Montgomery County Police,Injury Crash,05/03/2018 08:33:00 PM,No,Maryland (State),West,,3,East,0,FEET,LEVEL,UNIVERSITY BLVD W,GRANDVIEW AVE,,N/A,,DRIVER,ANGLE MEETS LEFT HEAD ON,CLEAR,DRY,DARK LIGHTS ON,TRAFFIC SIGNAL,NONE DETECTED,,OTHER VEHICLE,N/A,INTERSECTION,FOUR-WAY INTERSECTION,STRAIGHT,NO DEFECTS,"TWO-WAY, DIVIDED, POSITIVE MEDIAN BARRIER",39.0412,-77.05335333,"(39.0412, -77.05335333)"
MCP32370010,210040432,Montgomery County Police,Property Damage Crash,10/10/2021 01:16:00 AM,No,Maryland (State),South,,3,North,0,FEET,LEVEL,FREDERICK RD,WATKINS MILL RD,,GAITHERSBURG,,DRIVER,ANGLE MEETS LEFT TURN,CLEAR,DRY,DARK LIGHTS ON,FLASHING TRAFFIC SIGNAL,NONE DETECTED,,OTHER VEHICLE,FIXED OBJECT,INTERSECTION,FOUR-WAY INTERSECTION,STRAIGHT,NO DEFECTS,"TWO-WAY, DIVIDED, POSITIVE MEDIAN BARRIER",39.159099,-77.21938317,"(39.159099, -77.21938317)"
MCP2886000V,15051118,MONTGOMERY,Property Damage Crash,10/08/2015 09:17:00 PM,No,County,East,,2,West,,MILE,LEVEL,TURKEY BRANCH PKWY,FALCON ST,,N/A,,DRIVER,HEAD ON LEFT TURN,CLEAR,DRY,DARK LIGHTS ON,N/A,NONE DETECTED,,OTHER VEHICLE,N/A,N/A,N/A,STRAIGHT,NO DEFECTS,"TWO-WAY, NOT DIVIDED",39.065335,-77.08771167,"(39.065335, -77.08771167)"
MCP3354000H,230022012,Montgomery County Police,Property Damage Crash,05/08/2023 02:11:00 PM,Yes,County,West,,3,West,0.2,MILE,LEVEL,MIDDLEBROOK RD,GERMANTOWN RD,,N/A,,DRIVER,SAME DIR REAR END,CLEAR,DRY,DAYLIGHT,TRAFFIC SIGNAL,"NONE DETECTED, UNKNOWN",,OTHER VEHICLE,OTHER VEHICLE,INTERSECTION RELATED,FOUR-WAY INTERSECTION,STRAIGHT,NO DEFECTS,"TWO-WAY, DIVIDED, POSITIVE MEDIAN BARRIER",39.17926,-77.266815,"(39.17926, -77.266815)"
MCP3396000Q,240010149,MONTGOMERY,Property Damage Crash,03/01/2024 09:17:00 PM,,Maryland (State) Route,Southbound,Lane 2,3,West,41.43,FEET,Level,GEORGIA AVE,,,,,UNKNOWN,Front to Rear,Clear,Dry,Dark - Lighted,No Controls,"Not Suspect of Alcohol Use, Not Suspect of Drug Use, Unknown, Unknown",,Motor Vehicle In Transport,,Non-Junction,,Straight,No Defects,"Divided, Flush Median (greater than 4ft wide)",39.07273908,-77.06491986,"(39.07273908, -77.06491986)"
MCP1378008T,15059921,MONTGOMERY,Injury Crash,11/23/2015 06:06:00 PM,No,County,South,,3,South,300,FEET,LEVEL,SAM EIG HWY,DIAMONDBACK DR,,N/A,,DRIVER,SAME DIR REAR END,CLEAR,DRY,DARK LIGHTS ON,NO CONTROLS,NONE DETECTED,,OTHER VEHICLE,N/A,NON INTERSECTION,N/A,STRAIGHT,NO DEFECTS,"TWO-WAY, DIVIDED, POSITIVE MEDIAN BARRIER",39.11155333,-77.21108667,"(39.11155333, -77.21108667)"
MCP02450002,16058239,Montgomery County Police,Property Damage Crash,11/11/2016 06:00:00 PM,Yes,,,,,,0,,,,,"PARKING LOT OF CHICK FIL A  19945 CENTURY BLVD, GERMANTOWN MD, 20874",,,DRIVER,OTHER,CLEAR,,DARK LIGHTS ON,NO CONTROLS,UNKNOWN,,PARKED VEHICLE,N/A,,,,,,39.182485,-77.26150667,"(39.182485, -77.26150667)"
MCP1064005F,17009798,Montgomery County Police,Property Damage Crash,02/23/2017 02:42:00 PM,No,,,,,,,,,,,"EASTERN MIDDLE SCHOOL PARKING LOT
300 UNIVERSITY BLVD E
SILVER SPRING, MD 20901",,,DRIVER,OTHER,CLEAR,,DAYLIGHT,N/A,N/A,,PARKED VEHICLE,N/A,,,,,,39.01246333,-77.00213333,"(39.01246333, -77.00213333)"
MCP29700024,16063233,Montgomery County Police,Property Damage Crash,12/09/2016 02:46:00 PM,Yes,,,,,,0,,,,,11445 AMHERST AVE,,,DRIVER,OTHER,CLEAR,,DAYLIGHT,NO CONTROLS,N/A,,PARKED VEHICLE,N/A,,,,,,39.042755,-77.04777667,"(39.042755, -77.04777667)"
DD5575000M,15050227,ROCKVILLE,Property Damage Crash,10/04/2015 03:08:00 AM,No,Municipality,West,,1,North,200,FEET,LEVEL,AGNEW DR,WADE AVE,,ROCKVILLE,,DRIVER,OTHER,RAINING,WET,DARK LIGHTS ON,N/A,ALCOHOL CONTRIBUTED,,PARKED VEHICLE,PARKED VEHICLE,NON INTERSECTION,N/A,STRAIGHT,NO DEFECTS,"TWO-WAY, NOT DIVIDED",39.07641333,-77.13275167,"(39.07641333, -77.13275167)"
MCP94380011,170539654,Montgomery County Police,Property Damage Crash,10/29/2017 02:30:00 PM,No,Maryland (State),North,,1,North,0,FEET,LEVEL,FREDERICK RD,WEST OLD BALTIMORE RD,,N/A,,DRIVER,SAME DIR REAR END,RAINING,WET,DAYLIGHT,TRAFFIC SIGNAL,N/A,,OTHER VEHICLE,N/A,INTERSECTION,T-INTERSECTION,CURVE RIGHT,NO DEFECTS,"TWO-WAY, NOT DIVIDED",39.21537167,-77.253155,"(39.21537167, -77.253155)"
MCP3026000P,170504925,Montgomery County Police,Property Damage Crash,04/29/2017 11:10:00 AM,Yes,,,,,,,,,,,PARKING LOT OF 6801 GREENTREE RD,,,DRIVER,OTHER,CLEAR,,DAYLIGHT,NO CONTROLS,NONE DETECTED,,PARKED VEHICLE,N/A,,,,,,39.00835178,-77.13768929,"(39.00835178, -77.13768929)"
MCP2353006P,190010271,Montgomery County Police,Injury Crash,03/05/2019 02:19:00 PM,No,Maryland (State),North,,2,South,700,FEET,LEVEL,WISCONSIN AVE,S PARK AVE,,FRIENDSHIP HEIGHTS,,DRIVER,SAME DIR REAR END,CLOUDY,DRY,DAYLIGHT,NO CONTROLS,NONE DETECTED,,OTHER VEHICLE,FIXED OBJECT,NON INTERSECTION,N/A,STRAIGHT,NO DEFECTS,"TWO-WAY, DIVIDED, POSITIVE MEDIAN BARRIER",38.96312333,-77.08691,"(38.96312333, -77.08691)"
MCP32700013,210034618,Montgomery County Police,Property Damage Crash,09/04/2021 04:55:00 PM,Yes,Maryland (State),East,,3,North,0,FEET,LEVEL,16TH ST,EAST WEST HWY,,N/A,,DRIVER,SAME DIRECTION SIDESWIPE,CLEAR,DRY,DAYLIGHT,NO CONTROLS,"NONE DETECTED, UNKNOWN",,OTHER VEHICLE,N/A,NON INTERSECTION,N/A,STRAIGHT,NO DEFECTS,"TWO-WAY, DIVIDED, POSITIVE MEDIAN BARRIER",39.00110833,-77.01529333,"(39.00110833, -77.01529333)"
MCP3272000L,200040300,Montgomery County Police,Property Damage Crash,10/13/2020 11:50:00 AM,Yes,US (State),North,,3,North,0,FEET,LEVEL,COLESVILLE RD,FRANKLIN AVE,,N/A,,DRIVER,SAME DIRECTION LEFT TURN,CLEAR,DRY,DAYLIGHT,NO CONTROLS,NONE DETECTED,,OTHER VEHICLE,N/A,INTERSECTION,T-INTERSECTION,STRAIGHT,NO DEFECTS,"TWO-WAY, NOT DIVIDED",39.00866014,-77.01793867,"(39.00866014, -77.01793867)"
MCP25070029,240022120,MONTGOMERY,Property Damage Crash,05/10/2024 01:15:00 PM,,,,,0,,,FEET,,,,Parking Stall        9719 TRAVILLE GATEWAY DR,,,UNKNOWN,"Sideswipe, Opposite Direction",Rain,,Daylight,,"Unknown, Unknown",,Parked Vehicle,,,,,No Defects,,39.09139455,-77.20315795,"(39.09139455, -77.20315795)"
MCP3259004R,240029185,MONTGOMERY,Property Damage Crash,06/19/2024 04:30:00 PM,,County Route,Southbound,Lane 1,2,North,26.5,FEET,Level,,,,,,UNKNOWN,"Sideswipe, Same Direction",Clear,Dry,Daylight,Traffic Control Signal,"Not Suspect of Alcohol Use, Not Suspect of Drug Use",,Motor Vehicle In Transport,,Non-Junction,,Straight,,Not Divided,38.97911383,-77.09863691,"(38.97911383, -77.09863691)"
HA24930005,P232860024,Maryland-National Capital,Property Damage Crash,10/13/2023 12:30:00 AM,No,Government,East,,1,West,0,FEET,LEVEL,SLIGO CREEK PKWY,FLOWER AVE,,TAKOMA PARK,,DRIVER,SINGLE VEHICLE,CLEAR,DRY,DARK NO LIGHTS,STOP SIGN,UNKNOWN,,OVERTURN,N/A,INTERSECTION,T-INTERSECTION,CURVE RIGHT,NO DEFECTS,"TWO-WAY, NOT DIVIDED",38.98102458,-76.99454864,"(38.98102458, -76.99454864)"
MCP01130016,17009761,Montgomery County Police,Property Damage Crash,02/23/2017 12:01:00 PM,No,Municipality,South,,1,North,40,FEET,LEVEL,DETRICK AVE,WARNER ST,,KENSINGTON,,DRIVER,OTHER,CLEAR,DRY,DAYLIGHT,NO CONTROLS,NONE DETECTED,,PARKED VEHICLE,OTHER VEHICLE,NON INTERSECTION,N/A,STRAIGHT,NO DEFECTS,"TWO-WAY, NOT DIVIDED",39.02660833,-77.07861,"(39.02660833, -77.07861)"
MCP2394001D,15048083,MONTGOMERY,Property Damage Crash,09/22/2015 06:24:00 PM,No,Maryland (State),East,,4,East,0,FEET,LEVEL,NORBECK RD,E GUDE DR,,ROCKVILLE,,DRIVER,SAME DIR REAR END,CLEAR,DRY,DAYLIGHT,NO CONTROLS,NONE DETECTED,,OTHER VEHICLE,OTHER VEHICLE,INTERSECTION RELATED,T-INTERSECTION,STRAIGHT,NO DEFECTS,"TWO-WAY, DIVIDED, POSITIVE MEDIAN BARRIER",39.08948458,-77.13054657,"(39.08948458, -77.13054657)"
MCP24200057,23006601,Montgomery County Police,Property Damage Crash,11/13/2023 08:25:00 AM,No,Maryland (State),West,,1,West,50,FEET,LEVEL,ASHTON RD,TUCKER LA,,N/A,,UNKNOWN,SINGLE VEHICLE,CLEAR,DRY,DAYLIGHT,NO CONTROLS,NONE DETECTED,,OTHER OBJECT,N/A,NON INTERSECTION,N/A,STRAIGHT,NO DEFECTS,"TWO-WAY, NOT DIVIDED",39.16140617,-76.98339067,"(39.16140617, -76.98339067)"
DM8490001M,220003632,Takoma Park Police Depart,Property Damage Crash,01/27/2022 04:38:00 PM,Yes,Maryland (State),North,,4,North,0,FEET,LEVEL,NEW HAMPSHIRE AVE,HOLTON LA,,TAKOMA PARK,,DRIVER,OTHER,CLEAR,DRY,DAYLIGHT,TRAFFIC SIGNAL,N/A,,OTHER VEHICLE,OTHER VEHICLE,INTERSECTION,FOUR-WAY INTERSECTION,STRAIGHT,NO DEFECTS,"TWO-WAY, DIVIDED, POSITIVE MEDIAN BARRIER",38.9859838,-76.9891857,"(38.9859838, -76.9891857)"
MCP2203006L,220051822,Montgomery County Police,Property Damage Crash,11/23/2022 01:05:00 PM,No,County,North,,1,South,3,FEET,LEVEL,CAVALIER DR,LOMBARDY RD,,N/A,,DRIVER,ANGLE MEETS RIGHT TURN,CLEAR,DRY,DAYLIGHT,NO CONTROLS,NONE DETECTED,,OTHER VEHICLE,N/A,INTERSECTION RELATED,T-INTERSECTION,STRAIGHT,NO DEFECTS,"TWO-WAY, NOT DIVIDED",39.03280967,-77.01604167,"(39.03280967, -77.01604167)"
MCP27360041,16059081,Montgomery County Police,Property Damage Crash,11/16/2016 05:46:00 PM,No,Other Public Roadway,East,,3,West,150,FEET,LEVEL,MONTROSE PKWY,SPUR TO E JEFFERSON ST,,N/A,,DRIVER,SINGLE VEHICLE,RAINING,WET,DARK LIGHTS ON,NO CONTROLS,NONE DETECTED,,OTHER VEHICLE,N/A,NON INTERSECTION,N/A,STRAIGHT,NO DEFECTS,"TWO-WAY, DIVIDED, POSITIVE MEDIAN BARRIER",39.05045833,-77.12797,"(39.05045833, -77.12797)"