Report Number,Local Case Number,Agency Name,ACRS Report Type,Crash Date/Time,Hit/Run,Route Type,Lane Direction,Lane Type,Number of Lanes,Direction,Distance,Distance Unit,Road Grade,Road Name,Cross-Street Name,Off-Road Description,Municipality,Related Non-Motorist,At Fault,Collision Type,Weather,Surface Condition,Light,Traffic Control,Driver Substance Abuse,Non-Motorist Substance Abuse,First Harmful Event,Second Harmful Event,Junction,Intersection Type,Road Alignment,Road Condition,Road Division,Latitude,Longitude,Location
MCP137801D9,250029604,MONTGOMERY,Injury Crash,07/03/2025 12:40:00 PM,No,Maryland (State) Route,Westbound,Lane 1,6,South,0,FEET,Level,GREAT SENECA HWY (SB/L),CLOPPER RD CLOPPER RD (WB/L),,,,DRIVER,Angle,Clear,Dry,Daylight,Traffic Control Signal,"Not Suspect of Alcohol Use, Not Suspect of Drug Use, Not Suspect of Alcohol Use, Not Suspect of Drug Use",,Motor Vehicle In Transport,,Intersection or Related,Angled/Skewed,Straight,No Defects,Not Divided,39.15912205,-77.27545807,"(39.15912205, -77.27545807)"
MCP2848001B,15038405,MONTGOMERY,Injury Crash,08/03/2015 08:57:00 AM,No,County,West,,3,South,0,FEET,LEVEL,ST ELMO AVE,OLD GEORGETOWN RD,,N/A,,DRIVER,SAME DIRECTION LEFT TURN,CLEAR,DRY,DAYLIGHT,TRAFFIC SIGNAL,NONE DETECTED,,OTHER VEHICLE,N/A,N/A,FIVE-POINT OR MORE,STRAIGHT,NO DEFECTS,"TWO-WAY, DIVIDED, UNPROTECTED PAINTED MIN 4 FEET",38.98721833,-77.097665,"(38.98721833, -77.097665)"
MCP1491000G,170501751,Montgomery County Police,Property Damage Crash,04/12/2017 10:51:00 AM,No,County,East,OTHER,4,East,0.25,MILE,LEVEL,E GUDE DR,CALHOUN DR,,N/A,,DRIVER,SAME DIR REAR END,RAINING,WET,DAYLIGHT,FLASHING TRAFFIC SIGNAL,NONE DETECTED,,OTHER VEHICLE,OTHER VEHICLE,COMMERCIAL DRIVEWAY,OTHER,CURVE RIGHT,NO DEFECTS,"TWO-WAY, NOT DIVIDED",39.10581667,-77.14513667,"(39.10581667, -77.14513667)"
MCP32870013,210019100,Montgomery County Police,Injury Crash,05/20/2021 07:00:00 PM,No,,,,,,,,,,,PARKING LOT OF 7919 TUCKERMAN LN,,PEDESTRIAN,DRIVER,SINGLE VEHICLE,CLEAR,,DUSK,NO CONTROLS,N/A,N/A,PEDESTRIAN,N/A,,,,,,39.04071029,-77.15659808,"(39.04071029, -77.15659808)"
MCP1119008R,200044618,Montgomery County Police,Property Damage Crash,11/12/2020 08:34:00 AM,No,Maryland (State),North,,1,South,200,FEET,LEVEL,GEORGIA AVE,PRINCE PHILIP DR,,N/A,,UNKNOWN,SINGLE VEHICLE,RAINING,WET,DAYLIGHT,NO CONTROLS,NONE DETECTED,,ANIMAL,N/A,NON INTERSECTION,N/A,STRAIGHT,NO DEFECTS,"TWO-WAY, NOT DIVIDED",39.15826333,-77.06473667,"(39.15826333, -77.06473667)"
MCP2902002J,180014127,Montgomery County Police,Property Damage Crash,03/22/2018 09:23:00 AM,No,County,South,,4,South,5,FEET,LEVEL,FATHER HURLEY BLVD,RIDGE RD (BACK),,N/A,,DRIVER,SAME DIR REAR END,CLEAR,WET,DAYLIGHT,TRAFFIC SIGNAL,N/A,,OTHER VEHICLE,N/A,NON INTERSECTION,N/A,STRAIGHT,NO DEFECTS,"TWO-WAY, NOT DIVIDED",39.202485,-77.252295,"(39.202485, -77.252295)"
MCP3009007X,240031672,MONTGOMERY,Property Damage Crash,07/05/2024 11:30:00 AM,No,,,,0,,,FEET,,,,Alley        ALLEY CONNECTING APPERSON PLACE AND AND APPLEDOWRE WAY.,,,DRIVER,Single Vehicle,Clear,,Daylight,,"Not Suspect of Alcohol Use, Not Suspect of Drug Use",,Curb,Tree (standing),,,,No Defects,,39.18590209,-77.23895212,"(39.18590209, -77.23895212)"
MCP3124002L,190029704,Montgomery County Police,Property Damage Crash,06/21/2019 04:47:00 PM,No,County,North,,2,West,0,FEET,LEVEL,BRIGHTVIEW ST,CONNECTICUT AVE SERVICE RD,,N/A,,DRIVER,SAME DIRECTION RIGHT TURN,CLOUDY,DRY,DAYLIGHT,STOP SIGN,NONE DETECTED,,OTHER VEHICLE,N/A,INTERSECTION,FOUR-WAY INTERSECTION,STRAIGHT,NO DEFECTS,"TWO-WAY, NOT DIVIDED",39.05358667,-77.073885,"(39.05358667, -77.073885)"
MCP2203002V,180021043,Montgomery County Police,Property Damage Crash,04/30/2018 02:00:00 AM,Yes,County,East,,2,West,60,FEET,GRADE DOWNHILL,STONINGTON RD,AUTH LA,,N/A,,DRIVER,HEAD ON,UNKNOWN,UNKNOWN,DARK -- UNKNOWN LIGHTING,NO CONTROLS,UNKNOWN,,FIXED OBJECT,OTHER OBJECT,N/A,N/A,CURVE LEFT,NO DEFECTS,"TWO-WAY, NOT DIVIDED",39.05224333,-77.02263833,"(39.05224333, -77.02263833)"
DD5527001L,180037270,Rockville Police Departme,Injury Crash,07/27/2018 02:50:00 PM,No,,,,,,,,,,,PARKING LOT OF 50 MARYLAND AVE,,,DRIVER,SAME DIR REAR END,CLEAR,,DAYLIGHT,NO CONTROLS,"MEDICATION CONTRIBUTED, NONE DETECTED",,OTHER VEHICLE,N/A,,,,,,39.09655833,-77.13459,"(39.09655833, -77.13459)"
MCP2785002K,170508432,Montgomery County Police,Injury Crash,05/18/2017 05:36:00 AM,No,County,North,,4,South,0,FEET,LEVEL,CHERRY HILL RD,CALVERTON BLVD,,N/A,,DRIVER,STRAIGHT MOVEMENT ANGLE,CLEAR,DRY,DAWN,FLASHING TRAFFIC SIGNAL,N/A,,OTHER VEHICLE,FIXED OBJECT,INTERSECTION,FOUR-WAY INTERSECTION,STRAIGHT,NO DEFECTS,"TWO-WAY, NOT DIVIDED",39.05647333,-76.95448167,"(39.05647333, -76.95448167)"
MCP29060031,220003957,Montgomery County Police,Property Damage Crash,01/29/2022 08:54:00 PM,No,Ramp,South,ON RAMP,1,North,0,FEET,LEVEL,RAMP 9 FR IS 370 EB TO SHADY GROVE RD SB,SHADY GROVE RD,,N/A,,UNKNOWN,SINGLE VEHICLE,CLEAR,DRY,DARK LIGHTS ON,N/A,N/A,,OTHER OBJECT,N/A,INTERCHANGE RELATED,OTHER,CURVE RIGHT,NO DEFECTS,"TWO-WAY, DIVIDED, POSITIVE MEDIAN BARRIER",39.15008833,-77.234845,"(39.15008833, -77.234845)"
MCP30550031,210030557,Montgomery County Police,Injury Crash,08/06/2021 02:00:00 PM,No,County,South,,1,North,1,MILE,LEVEL,CONNECTICUT AVE,ROAD END - GATE,,N/A,,DRIVER,OTHER,CLEAR,DRY,DAYLIGHT,N/A,N/A,,FIXED OBJECT,N/A,NON INTERSECTION,N/A,CURVE RIGHT,NO DEFECTS,"TWO-WAY, DIVIDED, POSITIVE MEDIAN BARRIER",39.10579333,-77.05999833,"(39.10579333, -77.05999833)"
MCP3093004B,220055171,Montgomery County Police,Property Damage Crash,12/13/2022 03:34:00 PM,No,Maryland (State),East,LEFT TURN LANE,2,East,0,FEET,LEVEL,EAST WEST HWY,16TH ST,,N/A,,DRIVER,OTHER,CLEAR,DRY,DAYLIGHT,TRAFFIC SIGNAL,N/A,,OTHER VEHICLE,N/A,N/A,FOUR-WAY INTERSECTION,STRAIGHT,NO DEFECTS,"TWO-WAY, DIVIDED, POSITIVE MEDIAN BARRIER",38.99481667,-77.03625167,"(38.99481667, -77.03625167)"
MCP2039002T,170528932,Montgomery County Police,Injury Crash,09/06/2017 07:30:00 AM,No,County,East,,1,West,0,FEET,LEVEL,GOODHILL RD,EVERTON ST,,N/A,,DRIVER,SAME DIR REAR END,CLOUDY,DRY,DAYLIGHT,NO CONTROLS,N/A,,OTHER VEHICLE,OTHER VEHICLE,INTERSECTION,FOUR-WAY INTERSECTION,STRAIGHT,NO DEFECTS,"TWO-WAY, NOT DIVIDED",39.05947833,-77.07164333,"(39.05947833, -77.07164333)"
MCP2799003T,180010826,Montgomery County Police,Property Damage Crash,03/02/2018 07:00:00 PM,No,Maryland (State),North,,3,North,0,FEET,LEVEL,NEW HAMPSHIRE AVE,SPENCERVILLE RD,,N/A,,DRIVER,STRAIGHT MOVEMENT ANGLE,CLEAR,DRY,DARK NO LIGHTS,TRAFFIC SIGNAL,NONE DETECTED,,OTHER VEHICLE,N/A,INTERSECTION,FOUR-WAY INTERSECTION,STRAIGHT,NO DEFECTS,"TWO-WAY, DIVIDED, POSITIVE MEDIAN BARRIER",39.121165,-76.98854167,"(39.121165, -76.98854167)"
MCP20990009,230054120,Montgomery County Police,Injury Crash,09/11/2023 03:46:00 PM,No,Maryland (State),South,,4,East,5,FEET,LEVEL,VEIRS MILL RD,UNIVERSITY BLVD W,,N/A,,DRIVER,SAME DIR REAR END,CLEAR,DRY,DAYLIGHT,TRAFFIC SIGNAL,NONE DETECTED,,OTHER VEHICLE,OTHER VEHICLE,INTERSECTION RELATED,FOUR-WAY INTERSECTION,STRAIGHT,NO DEFECTS,"TWO-WAY, DIVIDED, POSITIVE MEDIAN BARRIER",39.0403001,-77.0560787,"(39.0403001, -77.0560787)"
MCP3143003W,220054418,Montgomery County Police,Property Damage Crash,12/09/2022 10:20:00 AM,No,Maryland (State),South,,6,North,75,FEET,LEVEL,CONNECTICUT AVE,PLYERS MILL RD,,N/A,,DRIVER,SAME DIRECTION SIDESWIPE,CLEAR,DRY,DAYLIGHT,NO CONTROLS,NONE DETECTED,,OTHER VEHICLE,N/A,N/A,N/A,STRAIGHT,NO DEFECTS,"TWO-WAY, DIVIDED, POSITIVE MEDIAN BARRIER",39.02977572,-77.0759461,"(39.02977572, -77.0759461)"
MCP2917005F,190045989,Montgomery County Police,Property Damage Crash,09/25/2019 12:50:00 PM,No,County,West,LEFT TURN LANE,2,North,0,FEET,LEVEL,ASPEN HILL RD,CONNECTICUT AVE,,N/A,,DRIVER,STRAIGHT MOVEMENT ANGLE,CLEAR,DRY,DAYLIGHT,TRAFFIC SIGNAL,NONE DETECTED,,OTHER VEHICLE,OTHER VEHICLE,INTERSECTION,FOUR-WAY INTERSECTION,STRAIGHT,NO DEFECTS,"TWO-WAY, NOT DIVIDED",39.08023691,-77.08039678,"(39.08023691, -77.08039678)"
MCP2783006L,250023729,MONTGOMERY,Property Damage Crash,05/28/2025 06:32:00 PM,No,County Route,"Eastbound, Northbound",Lane 1,1,South,0,FEET,Level,NOTLEY RD,NORTHWYN DR,,,,DRIVER,Angle,Rain,Wet,Daylight,"No Controls, Stop Sign","Not Suspect of Alcohol Use, Not Suspect of Drug Use, Not Suspect of Alcohol Use, Not Suspect of Drug Use",,Motor Vehicle In Transport,,Intersection or Related,Angled/Skewed,Straight,No Defects,Not Divided,39.08976,-77.01429383,"(39.08976, -77.01429383)"
MCP2001000B,15052667,MONTGOMERY,Fatal Crash,10/17/2015 12:05:00 AM,No,Maryland (State),South,OFF ROAD,7,North,0,FEET,LEVEL,GEORGIA AVE,NO NAME,,N/A,,DRIVER,SINGLE VEHICLE,CLEAR,DRY,DARK LIGHTS ON,TRAFFIC SIGNAL,UNKNOWN,,FIXED OBJECT,N/A,INTERSECTION,OTHER,STRAIGHT,NO DEFECTS,"TWO-WAY, DIVIDED, UNPROTECTED PAINTED MIN 4 FEET",39.11519881,-77.07537889,"(39.11519881, -77.07537889)"
MCP29670016,16006943,Montgomery County Police,Injury Crash,02/10/2016 03:40:00 PM,No,County,South,,2,East,0,MILE,HILL UPHILL,POOKS HILL RD,LINDEN AVE,,N/A,,DRIVER,SAME DIR REAR END,CLEAR,DRY,DAYLIGHT,STOP SIGN,"N/A, NONE DETECTED",,OTHER VEHICLE,N/A,INTERSECTION RELATED,Y-INTERSECTION,CURVE LEFT,NO DEFECTS,"TWO-WAY, DIVIDED, UNPROTECTED PAINTED MIN 4 FEET",39.01566167,-77.10713833,"(39.01566167, -77.10713833)"
MCP2298016D,240042838,MONTGOMERY,Injury Crash,09/09/2024 04:51:00 PM,Yes,County Route,Northbound,Lane 1,2,South,11.75,FEET,Hillcrest,CLARKSBURG RD,,,,,UNKNOWN,Single Vehicle,Clear,Dry,Daylight,No Controls,"Not Suspect of Alcohol Use, Not Suspect of Drug Use",,Other Non-Fixed Object,,Non-Junction,,Straight,No Defects,Not Divided,39.29056144,-77.2653075,"(39.29056144, -77.2653075)"
MCP21980063,190045823,Montgomery County Police,Property Damage Crash,09/24/2019 05:38:00 PM,No,,,,,,,,,,,PARKING LOT OF 385 MUDDY BRANCH RD.,,,DRIVER,STRAIGHT MOVEMENT ANGLE,CLEAR,,DAYLIGHT,STOP SIGN,N/A,,OTHER VEHICLE,N/A,,,,,,39.12865833,-77.20691667,"(39.12865833, -77.20691667)"
MCP2948001B,170502467,Montgomery County Police,Property Damage Crash,04/16/2017 05:10:00 PM,No,County,West,,1,West,0.24,MILE,LEVEL,SHOREFIELD RD,GEORGIAN WOODS PL,,N/A,,DRIVER,ANGLE MEETS LEFT TURN,CLEAR,DRY,DAYLIGHT,N/A,"N/A, NONE DETECTED",,OTHER VEHICLE,N/A,N/A,T-INTERSECTION,STRAIGHT,NO DEFECTS,"TWO-WAY, NOT DIVIDED",39.05311833,-77.04643333,"(39.05311833, -77.04643333)"
MCP15550010,16037815,Montgomery County Police,Property Damage Crash,07/26/2016 02:50:00 PM,No,County,West,LEFT TURN LANE,3,East,0,FEET,LEVEL,BRIGGS CHANEY RD,OLD COLUMBIA PIKE,,N/A,,DRIVER,HEAD ON LEFT TURN,CLEAR,DRY,DAYLIGHT,TRAFFIC SIGNAL,NONE DETECTED,,OTHER VEHICLE,N/A,INTERSECTION,FOUR-WAY INTERSECTION,STRAIGHT,NO DEFECTS,"TWO-WAY, DIVIDED, POSITIVE MEDIAN BARRIER",39.08427149,-76.95101023,"(39.08427149, -76.95101023)"
MCP2617007J,190023902,Montgomery County Police,Property Damage Crash,05/20/2019 04:00:00 PM,No,County,East,,3,West,50,FEET,LEVEL,E RANDOLPH RD,NEW HAMPSHIRE AVE,,N/A,,DRIVER,SAME DIR REAR END,CLEAR,DRY,DAYLIGHT,NO CONTROLS,NONE DETECTED,,OTHER VEHICLE,N/A,NON INTERSECTION,N/A,STRAIGHT,NO DEFECTS,"TWO-WAY, DIVIDED, POSITIVE MEDIAN BARRIER",39.07510883,-77.00188702,"(39.07510883, -77.00188702)"
MCP137800G7,17013741,Montgomery County Police,Injury Crash,03/17/2017 03:50:00 PM,No,Maryland (State),East,,1,East,0,FEET,HILL UPHILL,CLOPPER RD,GAME PRESERVE RD,,N/A,,DRIVER,SAME DIR REAR END,CLOUDY,DRY,DAYLIGHT,NO CONTROLS,NONE DETECTED,,OTHER VEHICLE,N/A,INTERSECTION,T-INTERSECTION,STRAIGHT,NO DEFECTS,"TWO-WAY, NOT DIVIDED",39.15029,-77.24485167,"(39.15029, -77.24485167)"
MCP2672000W,200030854,Montgomery County Police,Injury Crash,08/08/2020 06:48:00 PM,No,County,South,,1,North,10,FEET,LEVEL,GLOXINIA DR,ANTIGUA DR,,N/A,,DRIVER,SINGLE VEHICLE,CLEAR,DRY,DAYLIGHT,OTHER,NONE DETECTED,,FIXED OBJECT,N/A,NON INTERSECTION,N/A,CURVE LEFT,NO DEFECTS,"TWO-WAY, DIVIDED, POSITIVE MEDIAN BARRIER",39.03444667,-77.11946,"(39.03444667, -77.11946)"
MCP9365001Q,210021774,Montgomery County Police,Injury Crash,06/08/2021 11:21:00 AM,No,,,,,,,,,,,PARKING LOT OF 12215 OAK LEAF DRIVE,,,DRIVER,OTHER,CLEAR,,DAYLIGHT,N/A,NONE DETECTED,,OTHER VEHICLE,N/A,,,,,,39.03915738,-76.99408626,"(39.03915738, -76.99408626)"
DD56420009,190050657,Rockville Police Departme,Property Damage Crash,10/22/2019 11:09:00 AM,No,,,,,,,,,,,"CAPITAL ONE BANK - 387 HUNGERFORD DR, ROCKVILLE, MD",,,DRIVER,OTHER,CLEAR,,DAYLIGHT,NO CONTROLS,NONE DETECTED,,FIXED OBJECT,N/A,,,,,,39.08826851,-77.15020929,"(39.08826851, -77.15020929)"
MCP28920043,180002736,Montgomery County Police,Property Damage Crash,01/17/2018 04:12:00 PM,No,US (State),North,,3,North,1,FEET,LEVEL,COLESVILLE RD,DALE DR,,N/A,,UNKNOWN,SAME DIRECTION SIDESWIPE,CLEAR,N/A,DAYLIGHT,TRAFFIC SIGNAL,NONE DETECTED,,OTHER VEHICLE,N/A,INTERSECTION RELATED,FOUR-WAY INTERSECTION,STRAIGHT,NO DEFECTS,"TWO-WAY, NOT DIVIDED",39.00606,-77.02207,"(39.00606, -77.02207)"
DD5628005C,220001514,Rockville Police Departme,Injury Crash,01/13/2022 09:09:00 AM,No,Municipality,North,,1,South,0,FEET,LEVEL,LEMAY RD,RIDGWAY AVE,,ROCKVILLE,,DRIVER,STRAIGHT MOVEMENT ANGLE,CLEAR,DRY,DAYLIGHT,STOP SIGN,NONE DETECTED,,OTHER VEHICLE,N/A,INTERSECTION,FOUR-WAY INTERSECTION,STRAIGHT,NO DEFECTS,"TWO-WAY, NOT DIVIDED",39.06680152,-77.12137656,"(39.06680152, -77.12137656)"
MCP2882002J,220046426,Montgomery County Police,Injury Crash,10/22/2022 07:53:00 PM,No,County,West,,3,West,30,FEET,HILL UPHILL,MIDDLEBROOK RD,RAMP 1 FR IS 270 NB TO MIDDLEBROOK RD WB,,N/A,,DRIVER,SAME DIR REAR END,CLEAR,DRY,DARK -- UNKNOWN LIGHTING,N/A,NONE DETECTED,,OTHER VEHICLE,OFF ROAD,NON INTERSECTION,N/A,STRAIGHT,NO DEFECTS,"TWO-WAY, DIVIDED, POSITIVE MEDIAN BARRIER",39.17569401,-77.24657786,"(39.17569401, -77.24657786)"
MCP3112005D,210033350,Montgomery County Police,Property Damage Crash,08/26/2021 04:00:00 PM,Yes,,,,,,,,,,,"PARKING GARAGE AT 6831 WISONSIN AVE, CHEVY CHASE MD",,,DRIVER,OPPOSITE DIRECTION SIDESWIPE,CLOUDY,,DAYLIGHT,NO CONTROLS,UNKNOWN,,PARKED VEHICLE,N/A,,,,,,38.97840564,-77.09032968,"(38.97840564, -77.09032968)"
MCP2569000N,170513547,Montgomery County Police,Property Damage Crash,06/13/2017 11:11:00 PM,No,Maryland (State),West,,2,West,50,FEET,LEVEL,METROPOLITAN AVE,EDGEWOOD RD,,N/A,,DRIVER,SINGLE VEHICLE,CLEAR,DRY,DARK LIGHTS ON,N/A,ILLEGAL DRUG PRESENT,,OFF ROAD,FIXED OBJECT,NON INTERSECTION,N/A,STRAIGHT,NO DEFECTS,"TWO-WAY, NOT DIVIDED",39.02651667,-77.06711833,"(39.02651667, -77.06711833)"
DD5603004M,170534394,Rockville Police Departme,Property Damage Crash,10/02/2017 06:15:00 PM,No,County,East,LEFT TURN LANE,2,North,0,FEET,LEVEL,BOU AVE,CHAPMAN AVE,,N/A,,DRIVER,HEAD ON LEFT TURN,CLEAR,DRY,DARK LIGHTS ON,TRAFFIC SIGNAL,NONE DETECTED,,OTHER VEHICLE,N/A,INTERSECTION,FOUR-WAY INTERSECTION,STRAIGHT,NO DEFECTS,"TWO-WAY, DIVIDED, UNPROTECTED PAINTED MIN 4 FEET",39.05704223,-77.11757541,"(39.05704223, -77.11757541)"
MCP21920030,180058416,Montgomery County Police,Injury Crash,11/21/2018 01:59:00 PM,No,County,East,,1,West,0,FEET,LEVEL,NORWOOD RD,NORBECK RD,,N/A,,DRIVER,STRAIGHT MOVEMENT ANGLE,CLEAR,DRY,DAYLIGHT,TRAFFIC SIGNAL,NONE DETECTED,,OTHER VEHICLE,N/A,INTERSECTION,FOUR-WAY INTERSECTION,STRAIGHT,NO DEFECTS,"TWO-WAY, DIVIDED, POSITIVE MEDIAN BARRIER",39.11877667,-77.02139667,"(39.11877667, -77.02139667)"
MCP1354001K,210012765,Montgomery County Police,Property Damage Crash,04/06/2021 06:30:00 AM,No,Maryland (State),East,,1,East,0,FEET,LEVEL,DARNESTOWN RD,ENT TO MORITZ GREENBERG EQUESTRIAN CTR,,N/A,,UNKNOWN,SINGLE VEHICLE,N/A,DRY,DAWN,N/A,NONE DETECTED,,ANIMAL,N/A,INTERSECTION,T-INTERSECTION,STRAIGHT,NO DEFECTS,"TWO-WAY, NOT DIVIDED",39.18983667,-77.42206333,"(39.18983667, -77.42206333)"
DD5508004Q,180019485,Rockville Police Departme,Property Damage Crash,04/21/2018 09:35:00 AM,Yes,Municipality,South,,1,South,100,FEET,LEVEL,N HORNERS LA,CRABB AVE,,ROCKVILLE,,DRIVER,SAME DIRECTION SIDESWIPE,CLEAR,DRY,DAYLIGHT,NO CONTROLS,"NONE DETECTED, UNKNOWN",,OTHER VEHICLE,N/A,NON INTERSECTION,N/A,STRAIGHT,NO DEFECTS,"TWO-WAY, DIVIDED, UNPROTECTED PAINTED MIN 4 FEET",39.087315,-77.14371667,"(39.087315, -77.14371667)"
MCP2689004P,180031818,Montgomery County Police,Injury Crash,06/28/2018 10:21:00 AM,No,County,North,,1,South,100,FEET,GRADE DOWNHILL,SEVEN LOCKS RD,GOYA DR,,N/A,,DRIVER,SAME DIR REAR END,CLEAR,DRY,DAYLIGHT,NO CONTROLS,NONE DETECTED,,OTHER VEHICLE,N/A,NON INTERSECTION,N/A,STRAIGHT,NO DEFECTS,"TWO-WAY, NOT DIVIDED",39.05518667,-77.16234,"(39.05518667, -77.16234)"
MCP27600060,240050945,MONTGOMERY,Property Damage Crash,10/24/2024 12:08:00 AM,No,County Route,Southbound,Lane 2,2,East,26.53,FEET,Level,AIRCRAFT DR,,,,,UNKNOWN,Single Vehicle,Clear,Dry,Dark - Unknown Lighting,No Controls,"Not Suspect of Alcohol Use, Not Suspect of Drug Use",,Curb,,Non-Junction,,Curve Left,No Defects,Not Divided,39.18581881,-77.26321919,"(39.18581881, -77.26321919)"
EJ7851009Q,24009158,GAITHERSBURG,Property Damage Crash,02/25/2024 02:00:00 AM,No,Municipality Route,Northbound,Unknown,4,South,0,FEET,Level,S SUMMIT AVE,S FREDERICK RD,,,,UNKNOWN,Single Vehicle,Clear,Dry,Dark - Lighted,Traffic Control Signal,"Suspect of Alcohol Use, Not Suspect of Drug Use",,Curb,,Intersection or Related,Angled/Skewed,Straight,No Defects,"Divided, Raised Median (curbed)",39.13813914,-77.19412848,"(39.13813914, -77.19412848)"
MCP2678004L,240003850,MONTGOMERY,Injury Crash,01/25/2024 06:21:00 AM,No,County Route,Southbound,Lane 2,3,North,0,FEET,Level,REEDIE DR,GEORGIA AVE (SB/L),,,Pedestrian,DRIVER,Single Vehicle,Rain,Wet,Dark - Lighted,Pedestrian Crossing Sign,"Not Suspect of Alcohol Use, Not Suspect of Drug Use","Not Suspect of Alcohol Use, Not Suspect of Drug Use",Pedestrian,Not Applicable,Intersection or Related,Angled/Skewed,Straight,No Defects,Not Divided,39.03861435,-77.05094,"(39.03861435, -77.05094)"
EJ7887002P,230046774,Gaithersburg Police Depar,Injury Crash,07/29/2023 11:00:00 AM,No,Maryland (State),South,,5,East,0,FEET,LEVEL,W DIAMOND AVE,QUINCE ORCHARD RD,,N/A,,DRIVER,SAME DIR REAR END,CLEAR,DRY,DAYLIGHT,TRAFFIC SIGNAL,NONE DETECTED,,OTHER VEHICLE,N/A,INTERSECTION,FOUR-WAY INTERSECTION,STRAIGHT,NO DEFECTS,"TWO-WAY, DIVIDED, UNPROTECTED PAINTED MIN 4 FEET",39.14274823,-77.22084652,"(39.14274823, -77.22084652)"
EJ7884003R,220004901,Gaithersburg Police Depar,Property Damage Crash,02/04/2022 04:09:00 PM,No,Municipality,East,,2,North,7,FEET,LEVEL,PERRY PKWY,FREDERICK RD,,N/A,,DRIVER,SAME DIRECTION SIDESWIPE,RAINING,WET,DAYLIGHT,NO CONTROLS,N/A,,OTHER VEHICLE,N/A,INTERSECTION RELATED,FOUR-WAY INTERSECTION,STRAIGHT,NO DEFECTS,"TWO-WAY, DIVIDED, POSITIVE MEDIAN BARRIER",39.14986905,-77.2093222,"(39.14986905, -77.2093222)"
MCP1389001R,180032305,Montgomery County Police,Property Damage Crash,06/30/2018 04:05:00 PM,No,,,,,,,,,,,"DRIVEWAY OF 19013 THRESHING PLACE MONTGOMERY VILLAGE, MD 20886",,,DRIVER,SAME DIR REAR END,CLEAR,,DAYLIGHT,N/A,NONE DETECTED,,OTHER VEHICLE,N/A,,,,,,39.16795913,-77.19396472,"(39.16795913, -77.19396472)"
DM84780021,230047418,Takoma Park Police Depart,Property Damage Crash,08/01/2023 12:00:00 PM,Yes,,,,,,,,,,,EXITING THE PARKING LOT OF APARTMENT COMPLEX,,MACHINE OPERATOR/RIDER,DRIVER,SINGLE VEHICLE,CLEAR,,DAYLIGHT,NO CONTROLS,NONE DETECTED,NONE DETECTED,PEDESTRIAN,N/A,,,,,,38.975765,-77.014213,"(38.975765, -77.014213)"
DD5582002D,220016044,Rockville Police Departme,Injury Crash,04/15/2022 06:05:00 PM,No,Municipality,West,LEFT TURN LANE,2,East,0,FEET,LEVEL,MARYLAND AVE,NEW MARK ESPLANADE,,ROCKVILLE,,DRIVER,SAME DIR REND LEFT TURN,CLEAR,DRY,DAYLIGHT,NO CONTROLS,"N/A, NONE DETECTED",,OTHER VEHICLE,FIXED OBJECT,INTERSECTION RELATED,T-INTERSECTION,STRAIGHT,NO DEFECTS,"TWO-WAY, NOT DIVIDED",39.07894233,-77.15605838,"(39.07894233, -77.15605838)"
MCP23390022,17001866,Montgomery County Police,Property Damage Crash,01/11/2017 05:26:00 PM,No,Maryland (State),West,,3,West,0,FEET,LEVEL,NORBECK RD,GEORGIA AVE,,N/A,,DRIVER,SAME DIRECTION SIDESWIPE,CLEAR,DRY,DARK LIGHTS ON,TRAFFIC SIGNAL,NONE DETECTED,,OTHER VEHICLE,N/A,INTERSECTION RELATED,FOUR-WAY INTERSECTION,STRAIGHT,NO DEFECTS,"TWO-WAY, NOT DIVIDED",39.109727,-77.076159,"(39.109727, -77.076159)"
MCP31990031,210035059,Montgomery County Police,Injury Crash,09/07/2021 08:25:00 AM,No,Maryland (State),North,,3,South,50,FEET,LEVEL,GEORGIA AVE,GLENMONT CIR #2,,N/A,,DRIVER,SAME DIR REAR END,CLEAR,DRY,DAYLIGHT,NO CONTROLS,NONE DETECTED,,OTHER VEHICLE,N/A,NON INTERSECTION,N/A,STRAIGHT,NO DEFECTS,"TWO-WAY, DIVIDED, POSITIVE MEDIAN BARRIER",39.05570333,-77.04985,"(39.05570333, -77.04985)"
MCP1453005F,180008189,Montgomery County Police,Property Damage Crash,02/16/2018 01:38:00 PM,No,,,,,,,,,,,PARKING LOT OF 9950 LEWIS DR,,,DRIVER,OTHER,RAINING,,DAYLIGHT,NO CONTROLS,NONE DETECTED,,OTHER VEHICLE,N/A,,,,,,39.28944833,-77.206,"(39.28944833, -77.206)"
MCP1022002C,15010038,Montgomery County Police,Injury Crash,03/03/2015 03:11:00 PM,Yes,County,South,,1,South,30,FEET,GRADE DOWNHILL,WARING STATION RD,CLOPPER RD,,N/A,,DRIVER,SAME DIRECTION RIGHT TURN,RAINING,WET,DAYLIGHT,TRAFFIC SIGNAL,NONE DETECTED,,OTHER VEHICLE,N/A,INTERSECTION RELATED,T-INTERSECTION,CURVE LEFT,NO DEFECTS,"TWO-WAY, NOT DIVIDED",39.15429126,-77.25431442,"(39.15429126, -77.25431442)"