Report Number,Local Case Number,Agency Name,ACRS Report Type,Crash Date/Time,Hit/Run,Route Type,Lane Direction,Lane Type,Number of Lanes,Direction,Distance,Distance Unit,Road Grade,Road Name,Cross-Street Name,Off-Road Description,Municipality,Related Non-Motorist,At Fault,Collision Type,Weather,Surface Condition,Light,Traffic Control,Driver Substance Abuse,Non-Motorist Substance Abuse,First Harmful Event,Second Harmful Event,Junction,Intersection Type,Road Alignment,Road Condition,Road Division,Latitude,Longitude,Location
MCP2723004Y,200010590,Montgomery County Police,Injury Crash,03/03/2020 02:55:00 PM,No,Maryland (State),North,,3,South,150,FEET,LEVEL,GEORGIA AVE,SPARTAN RD,,N/A,,DRIVER,SAME DIR REAR END,CLEAR,WET,DAYLIGHT,TRAFFIC SIGNAL,NONE DETECTED,,OTHER VEHICLE,OTHER VEHICLE,INTERSECTION RELATED,FOUR-WAY INTERSECTION,STRAIGHT,NO DEFECTS,"TWO-WAY, DIVIDED, UNPROTECTED PAINTED MIN 4 FEET",39.149565,-77.06673333,"(39.149565, -77.06673333)"
MCP2948005S,220048918,Montgomery County Police,Property Damage Crash,11/06/2022 05:15:00 AM,No,County,South,,1,North,300,FEET,LEVEL,AMHERST AVE,WINDHAM LA,,N/A,,DRIVER,HEAD ON,RAINING,WET,DARK -- UNKNOWN LIGHTING,NO CONTROLS,ALCOHOL CONTRIBUTED,,OTHER VEHICLE,N/A,N/A,N/A,CURVE RIGHT,NO DEFECTS,"TWO-WAY, NOT DIVIDED",39.033235,-77.04700667,"(39.033235, -77.04700667)"
MCP32270033,210048986,Montgomery County Police,Property Damage Crash,12/02/2021 06:28:00 PM,Yes,County,East,,2,North,0,FEET,LEVEL,FLOWER AVE,ARLISS ST,,N/A,,DRIVER,SAME DIRECTION RIGHT TURN,CLEAR,DRY,DUSK,TRAFFIC SIGNAL,"N/A, NONE DETECTED",,OTHER VEHICLE,N/A,INTERSECTION,T-INTERSECTION,STRAIGHT,NO DEFECTS,"TWO-WAY, DIVIDED, UNPROTECTED PAINTED MIN 4 FEET",38.99861685,-77.0037245,"(38.99861685, -77.0037245)"
DD5648000V,220026511,Rockville Police Departme,Property Damage Crash,06/20/2022 01:14:00 AM,No,Municipality,South,,1,South,500,FEET,LEVEL,FIRST ST,TAFT ST,,ROCKVILLE,,DRIVER,UNKNOWN,N/A,DRY,DARK LIGHTS ON,N/A,ALCOHOL CONTRIBUTED,,UNKNOWN,EXPLOSION OR FIRE,N/A,N/A,STRAIGHT,N/A,"TWO-WAY, NOT DIVIDED",39.09124112,-77.13563593,"(39.09124112, -77.13563593)"
MCP28370057,230023422,Montgomery County Police,Property Damage Crash,05/16/2023 09:00:00 AM,No,,,,,,,,,,,ENTRANCE GATE OF 201 EDISON PARK DR GAITHERSBURG MD 20878,,,DRIVER,OTHER,CLEAR,,DAYLIGHT,NO CONTROLS,NONE DETECTED,,FIXED OBJECT,N/A,,,,,,39.11319667,-77.23308167,"(39.11319667, -77.23308167)"
MCP26250014,210001951,Montgomery County Police,Injury Crash,01/16/2021 09:45:00 AM,No,County,South,,2,South,0,FEET,LEVEL,SANGAMORE RD,NAMAKAGAN RD,,N/A,,DRIVER,STRAIGHT MOVEMENT ANGLE,CLEAR,DRY,DAYLIGHT,STOP SIGN,"N/A, NONE DETECTED",,OTHER VEHICLE,OVERTURN,INTERSECTION,T-INTERSECTION,STRAIGHT,NO DEFECTS,"TWO-WAY, DIVIDED, UNPROTECTED PAINTED MIN 4 FEET",38.96017574,-77.12166414,"(38.96017574, -77.12166414)"
DD5628003L,210003236,Rockville Police Departme,Property Damage Crash,01/26/2021 10:45:00 AM,No,Municipality,North,,3,West,150,FEET,LEVEL,WOOTTON PKWY,W EDMONSTON DR,,ROCKVILLE,,DRIVER,SINGLE VEHICLE,RAINING,WET,DAYLIGHT,TRAFFIC SIGNAL,NONE DETECTED,,FIXED OBJECT,FIXED OBJECT,INTERSECTION RELATED,T-INTERSECTION,STRAIGHT,NO DEFECTS,"TWO-WAY, DIVIDED, POSITIVE MEDIAN BARRIER",39.07244109,-77.13831242,"(39.07244109, -77.13831242)"
MCP3094002N,230002538,Montgomery County Police,Property Damage Crash,01/16/2023 04:15:00 PM,No,County,West,,1,North,0,FEET,LEVEL,WASHINGTON GROVE LA,MIDCOUNTY HWY,,N/A,,DRIVER,SAME DIR REAR END,N/A,DRY,DAYLIGHT,TRAFFIC SIGNAL,"ALCOHOL PRESENT, NONE DETECTED",,OTHER VEHICLE,N/A,INTERSECTION,FOUR-WAY INTERSECTION,STRAIGHT,NO DEFECTS,"TWO-WAY, NOT DIVIDED",39.14702181,-77.16968028,"(39.14702181, -77.16968028)"
MCP2740001F,15059567,MONTGOMERY,Injury Crash,11/21/2015 06:17:00 PM,No,Maryland (State),West,,3,West,20,FEET,LEVEL,UNIVERSITY BLVD E,GILBERT ST,,N/A,,DRIVER,SAME DIR REAR END,CLEAR,DRY,DARK LIGHTS ON,NO CONTROLS,NONE DETECTED,,OTHER VEHICLE,OTHER VEHICLE,NON INTERSECTION,N/A,STRAIGHT,NO DEFECTS,"TWO-WAY, DIVIDED, POSITIVE MEDIAN BARRIER",38.99815816,-76.99431181,"(38.99815816, -76.99431181)"
MCP27890013,15035400,MONTGOMERY,Injury Crash,07/18/2015 04:02:00 PM,No,Maryland (State),South,,3,North,50,FEET,LEVEL,GEORGIA AVE,AUGUST DR,,N/A,,DRIVER,SAME DIR BOTH LEFT TURN,CLEAR,DRY,DAYLIGHT,NO CONTROLS,N/A,,OTHER VEHICLE,N/A,N/A,N/A,STRAIGHT,NO DEFECTS,"TWO-WAY, DIVIDED, POSITIVE MEDIAN BARRIER",38.99696333,-77.02690333,"(38.99696333, -77.02690333)"
DD55940037,180025631,Rockville Police Departme,Property Damage Crash,05/25/2018 06:30:00 AM,No,Maryland (State),West,,2,East,0,FEET,LEVEL,FIRST ST,VEIRS MILL RD,,N/A,,DRIVER,STRAIGHT MOVEMENT ANGLE,CLEAR,DRY,DAYLIGHT,TRAFFIC SIGNAL,NONE DETECTED,,OTHER VEHICLE,N/A,INTERSECTION,FOUR-WAY INTERSECTION,STRAIGHT,NO DEFECTS,"TWO-WAY, NOT DIVIDED",39.07976593,-77.13790655,"(39.07976593, -77.13790655)"
MCP2192002T,180048658,Montgomery County Police,Injury Crash,09/29/2018 06:54:00 AM,No,Maryland (State),North,,2,South,200,FEET,LEVEL,NEW HAMPSHIRE AVE,NORWOOD RD,,N/A,,DRIVER,SINGLE VEHICLE,CLEAR,DRY,DARK LIGHTS ON,N/A,UNKNOWN,,FIXED OBJECT,FIXED OBJECT,NON INTERSECTION,N/A,CURVE RIGHT,NO DEFECTS,"TWO-WAY, DIVIDED, POSITIVE MEDIAN BARRIER",39.10505667,-77.00220333,"(39.10505667, -77.00220333)"
MCP32550027,210032500,Montgomery County Police,Property Damage Crash,08/20/2021 05:00:00 PM,No,,,,,,,,,,,PARKING LOT IN AREA OF 9985 RIDGELINE DRIVE,,,DRIVER,OTHER,CLEAR,,DAYLIGHT,NO CONTROLS,N/A,,OTHER VEHICLE,N/A,,,,,,39.17533667,-77.20484,"(39.17533667, -77.20484)"
MCP34260015,250007456,MONTGOMERY,Property Damage Crash,02/19/2025 07:15:00 PM,No,Interstate (State),Northbound,Lane 2,2,North,5.95,FEET,Level,CABIN JOHN PKWY,,,,,UNKNOWN,Front to Rear,Clear,Dry,Dark - Lighted,No Controls,"Not Suspect of Alcohol Use, Not Suspect of Drug Use, Not Suspect of Alcohol Use, Not Suspect of Drug Use",,Motor Vehicle In Transport,,Through Roadway,,Curve Right,No Defects,Not Divided,38.98471196,-77.15761302,"(38.98471196, -77.15761302)"
MCP2087000R,17007075,Montgomery County Police,Property Damage Crash,02/09/2017 11:18:00 AM,No,County,West,,1,East,0,FEET,LEVEL,FARTHING DR,GOODHILL RD,,N/A,,DRIVER,SAME DIR REAR END,N/A,DRY,DAYLIGHT,N/A,NONE DETECTED,,OTHER VEHICLE,N/A,N/A,N/A,STRAIGHT,NO DEFECTS,"TWO-WAY, NOT DIVIDED",39.06064833,-77.07061833,"(39.06064833, -77.07061833)"
MCP28490022,16030702,Montgomery County Police,Property Damage Crash,06/17/2016 06:55:00 PM,No,County,South,,1,West,50,FEET,LEVEL,THORNHURST DR,BOWIE MILL RD,,N/A,,DRIVER,OPPOSITE DIRECTION SIDESWIPE,CLEAR,DRY,DAYLIGHT,N/A,NONE DETECTED,,PARKED VEHICLE,N/A,NON INTERSECTION,N/A,STRAIGHT,NO DEFECTS,"TWO-WAY, NOT DIVIDED",39.15754833,-77.08902833,"(39.15754833, -77.08902833)"
MCP2637001K,170512031,Montgomery County Police,Property Damage Crash,06/06/2017 06:43:00 AM,No,Maryland (State),North,,2,South,200,FEET,GRADE DOWNHILL,FALLS RD,LIBERTY LA,,N/A,,DRIVER,STRAIGHT MOVEMENT ANGLE,CLEAR,DRY,DAYLIGHT,N/A,NONE DETECTED,,OTHER VEHICLE,N/A,RESIDENTIAL DRIVEWAY,N/A,STRAIGHT,NO DEFECTS,"TWO-WAY, DIVIDED, UNPROTECTED PAINTED MIN 4 FEET",39.05193467,-77.1859015,"(39.05193467, -77.1859015)"
DD56070040,220047926,Rockville Police Departme,Injury Crash,11/01/2022 01:25:00 AM,No,Municipality,North,,1,East,0,FEET,HILL UPHILL,MARYLAND AVE,FLEET ST,,ROCKVILLE,,DRIVER,SINGLE VEHICLE,RAINING,WET,DARK LIGHTS ON,TRAFFIC SIGNAL,NONE DETECTED,,FIXED OBJECT,FIXED OBJECT,INTERSECTION,T-INTERSECTION,STRAIGHT,NO DEFECTS,"TWO-WAY, NOT DIVIDED",39.08115417,-77.15124533,"(39.08115417, -77.15124533)"
MCP241100F0,240050324,MONTGOMERY,Injury Crash,10/21/2024 10:47:00 AM,No,County Route,Westbound,Lane 1,1,East,44.17,FEET,Uphill,RANDOLPH RD (WB/L),,,,,DRIVER,Single Vehicle,Clear,"Water (standing, moving)",Daylight,"Person (including flagger, law enforcement, crossing guard, etc.","Not Suspect of Alcohol Use, Not Suspect of Drug Use",,Fell Jumped from Motor Vehicle,,,,Straight,No Defects,Not Divided,39.05344655,-77.10876359,"(39.05344655, -77.10876359)"
MCP1505000G,15034063,MONTGOMERY,Injury Crash,07/11/2015 04:34:00 PM,No,Other Public Roadway,North,,2,South,0,FEET,LEVEL,MATENY RD,CINNAMON DR,,N/A,,DRIVER,STRAIGHT MOVEMENT ANGLE,CLEAR,DRY,DAYLIGHT,STOP SIGN,N/A,,OTHER VEHICLE,N/A,INTERSECTION,T-INTERSECTION,STRAIGHT,NO DEFECTS,"TWO-WAY, NOT DIVIDED",39.162121,-77.270837,"(39.162121, -77.270837)"
DM8492001C,230005972,Takoma Park Police Depart,Injury Crash,02/06/2023 07:43:00 AM,No,Maryland (State),East,,3,East,0,FEET,LEVEL,UNIVERSITY BLVD E,MERRIMAC DR,,TAKOMA PARK,,DRIVER,STRAIGHT MOVEMENT ANGLE,CLEAR,DRY,DAYLIGHT,NO CONTROLS,N/A,,OTHER VEHICLE,N/A,INTERSECTION,FOUR-WAY INTERSECTION,STRAIGHT,NO DEFECTS,"TWO-WAY, NOT DIVIDED",38.99260717,-76.99158667,"(38.99260717, -76.99158667)"
MCP229800NB,190022575,Montgomery County Police,Injury Crash,05/13/2019 04:19:00 PM,No,County,East,,2,West,600,FEET,GRADE DOWNHILL,BRINK RD,COZY CT,,N/A,,DRIVER,SINGLE VEHICLE,RAINING,WET,DAYLIGHT,NO CONTROLS,NONE DETECTED,,FIXED OBJECT,FIXED OBJECT,NON INTERSECTION,N/A,CURVE LEFT,NO DEFECTS,"TWO-WAY, NOT DIVIDED",39.20035233,-77.19429233,"(39.20035233, -77.19429233)"
MCP31110080,240020112,MONTGOMERY,Injury Crash,04/30/2024 09:01:00 AM,No,County Route,Southbound,"Lane 1, Left Turn Lane",3,East,0,FEET,Level,BATTERY LA,WOODMONT AVE,,,,DRIVER,Angle,Clear,Dry,Daylight,Traffic Control Signal,"Not Suspect of Alcohol Use, Not Suspect of Drug Use, Not Suspect of Alcohol Use, Not Suspect of Drug Use",,Motor Vehicle In Transport,"Other Post, Pole, Or Support",Intersection or Related,Perpendicular,Straight,No Defects,Not Divided,38.99268533,-77.09709133,"(38.99268533, -77.09709133)"
MCP3037005W,240014332,MONTGOMERY,Injury Crash,03/26/2024 04:59:00 PM,No,County Route,"Northbound, Southbound",Lane 1,2,North,0,FEET,"Downhill, Uphill",,SCENERY DR,,,,DRIVER,Front to Front,Clear,Dry,Daylight,Traffic Control Signal,"Not Suspect of Alcohol Use, Not Suspect of Drug Use, Not Suspect of Alcohol Use, Not Suspect of Drug Use",,Motor Vehicle In Transport,Not Applicable,Intersection or Related,Perpendicular,Straight,,"Not Divided, With a Continuous Left-Turn Lane",39.192135,-77.23333833,"(39.192135, -77.23333833)"
MCP2905002J,170503386,Montgomery County Police,Property Damage Crash,04/21/2017 03:55:00 PM,No,Maryland (State),West,,2,West,600,FEET,GRADE DOWNHILL,RIVER RD,BEECH TREE RD,,N/A,,DRIVER,SAME DIR REAR END,CLEAR,DRY,DAYLIGHT,NO CONTROLS,N/A,,OTHER VEHICLE,N/A,NON INTERSECTION,N/A,STRAIGHT,NO DEFECTS,"TWO-WAY, DIVIDED, POSITIVE MEDIAN BARRIER",38.986895,-77.14451833,"(38.986895, -77.14451833)"
MCP3006003R,180064839,Montgomery County Police,Injury Crash,12/28/2018 06:25:00 AM,No,County,East,,3,West,50,FEET,LEVEL,RANDOLPH RD,KEMP MILL RD,,N/A,,DRIVER,SAME DIR REAR END,RAINING,WET,DARK LIGHTS ON,TRAFFIC SIGNAL,NONE DETECTED,,OTHER VEHICLE,N/A,INTERSECTION RELATED,FOUR-WAY INTERSECTION,STRAIGHT,NO DEFECTS,"TWO-WAY, DIVIDED, UNPROTECTED PAINTED MIN 4 FEET",39.06647667,-77.03195167,"(39.06647667, -77.03195167)"
MCP2209002J,210050572,Montgomery County Police,Injury Crash,12/13/2021 04:21:00 AM,No,Interstate (State),North,SHOULDER AREA,2,North,250,FEET,HILL UPHILL,CABIN JOHN PKWY,MACARTHUR BLVD,,N/A,,DRIVER,SINGLE VEHICLE,N/A,DRY,DARK NO LIGHTS,N/A,NONE DETECTED,,FIXED OBJECT,FIXED OBJECT,N/A,N/A,STRAIGHT,NO DEFECTS,"TWO-WAY, DIVIDED, POSITIVE MEDIAN BARRIER",38.97606,-77.14952333,"(38.97606, -77.14952333)"
MCP26740040,230029678,Montgomery County Police,Property Damage Crash,06/20/2023 07:57:00 PM,No,Maryland (State),South,,3,South,25,FEET,LEVEL,FREDERICK RD,SHAKESPEARE BLVD,,N/A,,UNKNOWN,SAME DIR REAR END,CLEAR,DRY,DUSK,N/A,NONE DETECTED,,OTHER VEHICLE,N/A,NON INTERSECTION,N/A,STRAIGHT,NO DEFECTS,"TWO-WAY, DIVIDED, POSITIVE MEDIAN BARRIER",39.197278,-77.24486433,"(39.197278, -77.24486433)"
MCP24380015,170506679,Montgomery County Police,Property Damage Crash,05/04/2017 08:00:00 PM,Yes,,,,,,,,,,,REAR PARKING LOT OF CHAPALA'S RESTAURANT LOCATED AT 15530 OLD COLUMBIA PIKE,,,DRIVER,OTHER,UNKNOWN,,DARK -- UNKNOWN LIGHTING,N/A,N/A,,OTHER VEHICLE,N/A,,,,,,39.11065361,-76.93480432,"(39.11065361, -76.93480432)"
DD56100029,17000269,Rockville Police Departme,Injury Crash,01/02/2017 06:02:00 PM,No,Municipality,East,,2,South,0,FEET,LEVEL,BROADWOOD DR,VEIRS MILL RD,,N/A,PEDESTRIAN,DRIVER,SINGLE VEHICLE,RAINING,WET,DARK LIGHTS ON,TRAFFIC SIGNAL,N/A,N/A,PEDESTRIAN,PEDESTRIAN,INTERSECTION RELATED,FOUR-WAY INTERSECTION,STRAIGHT,NO DEFECTS,"TWO-WAY, DIVIDED, POSITIVE MEDIAN BARRIER",39.077227,-77.1239875,"(39.077227, -77.1239875)"
MCP33620010,230028970,Montgomery County Police,Property Damage Crash,06/16/2023 12:05:00 PM,No,County,East,,2,East,100,FEET,LEVEL,POWDER MILL RD,NEW HAMPSHIRE AVE,,N/A,,DRIVER,STRAIGHT MOVEMENT ANGLE,RAINING,WET,DAYLIGHT,STOP SIGN,NONE DETECTED,,OTHER VEHICLE,N/A,COMMERCIAL DRIVEWAY,N/A,STRAIGHT,NO DEFECTS,"TWO-WAY, NOT DIVIDED",39.02277333,-76.975975,"(39.02277333, -76.975975)"
MCP2800005N,220050566,Montgomery County Police,Property Damage Crash,11/15/2022 10:09:00 PM,No,Maryland (State),South,,3,North,0,FEET,LEVEL,OLD GEORGETOWN RD,ROCK SPRING DR,,N/A,,DRIVER,SINGLE VEHICLE,RAINING,WET,DARK LIGHTS ON,TRAFFIC SIGNAL,ALCOHOL PRESENT,,FIXED OBJECT,N/A,INTERSECTION,FOUR-WAY INTERSECTION,STRAIGHT,NO DEFECTS,"TWO-WAY, DIVIDED, POSITIVE MEDIAN BARRIER",39.02709833,-77.12643333,"(39.02709833, -77.12643333)"
MCP229800C9,17006001,Montgomery County Police,Property Damage Crash,02/03/2017 05:45:00 PM,No,,South,,2,North,0,FEET,LEVEL,RIDGE ROAD,SNOWDEN FARM ROAD,,N/A,,DRIVER,HEAD ON LEFT TURN,N/A,DRY,DARK LIGHTS ON,TRAFFIC SIGNAL,NONE DETECTED,,OTHER VEHICLE,N/A,INTERSECTION,T-INTERSECTION,STRAIGHT,NO DEFECTS,"TWO-WAY, DIVIDED, POSITIVE MEDIAN BARRIER",39.21639833,-77.23895167,"(39.21639833, -77.23895167)"
EJ7889005G,250014427,GAITHERSBURG,Property Damage Crash,04/02/2025 09:20:00 PM,No,County Route,Northbound,Lane 2,2,East,21.87,FEET,Level,,,,,,UNKNOWN,Front to Rear,Clear,Dry,Dark - Lighted,Traffic Control Signal,"Not Suspect of Alcohol Use, Not Suspect of Drug Use, Suspect of Alcohol Use, Suspect of Drug Use",,Motor Vehicle In Transport,,Non-Junction,,Straight,No Defects,Not Divided,39.15249139,-77.19244774,"(39.15249139, -77.19244774)"
MCP2929001Y,16064319,Montgomery County Police,Injury Crash,12/15/2016 08:25:00 AM,No,County,North,,2,North,0,FEET,LEVEL,NORWOOD RD,DR BIRD RD,,N/A,,DRIVER,SAME DIR REAR END,CLEAR,DRY,DAYLIGHT,TRAFFIC SIGNAL,NONE DETECTED,,OTHER VEHICLE,N/A,INTERSECTION,T-INTERSECTION,STRAIGHT,NO DEFECTS,"TWO-WAY, NOT DIVIDED",39.13821584,-77.03331113,"(39.13821584, -77.03331113)"
MCP2603001H,180005078,Montgomery County Police,Injury Crash,01/30/2018 09:07:00 AM,No,Maryland (State),West,CROSSOVER AREA,1,North,0,FEET,LEVEL,FREDERICK RD,ENT TO LOCKHEED MARTIN,,N/A,,DRIVER,STRAIGHT MOVEMENT ANGLE,CLEAR,DRY,DAYLIGHT,TRAFFIC SIGNAL,N/A,,OTHER VEHICLE,N/A,INTERSECTION,FOUR-WAY INTERSECTION,STRAIGHT,NO DEFECTS,"TWO-WAY, DIVIDED, POSITIVE MEDIAN BARRIER",39.15395833,-77.21410167,"(39.15395833, -77.21410167)"
MCP102200G8,220010475,Montgomery County Police,Property Damage Crash,03/11/2022 07:59:00 AM,No,County,West,,2,West,5,FEET,LEVEL,GLEN RD,S GLEN RD,,N/A,,DRIVER,SINGLE VEHICLE,CLEAR,DRY,DAYLIGHT,NO CONTROLS,NONE DETECTED,,FIXED OBJECT,N/A,INTERSECTION RELATED,T-INTERSECTION,CURVE LEFT,NO DEFECTS,"TWO-WAY, NOT DIVIDED",39.04574167,-77.21732,"(39.04574167, -77.21732)"
MCP2552007L,250001500,MONTGOMERY,Injury Crash,01/12/2025 06:36:00 AM,No,Maryland (State) Route,Northbound,Lane 1,1,East,52.14,FEET,Level,,,,,,UNKNOWN,Single Vehicle,Snow,Snow,Dawn,No Controls,"Not Suspect of Alcohol Use, Not Suspect of Drug Use",,Other Non-Fixed Object,,Non-Junction,,Straight,No Defects,Not Divided,39.16834,-77.35987167,"(39.16834, -77.35987167)"
MCP32330024,210047337,Montgomery County Police,Injury Crash,11/21/2021 07:05:00 PM,No,County,East,,1,East,0,FEET,LEVEL,E FRANKLIN AVE,UNIVERSITY BLVD E,,N/A,,DRIVER,SAME DIR REAR END,CLEAR,DRY,DARK LIGHTS ON,TRAFFIC SIGNAL,NONE DETECTED,,OTHER VEHICLE,N/A,INTERSECTION,FOUR-WAY INTERSECTION,STRAIGHT,NO DEFECTS,"TWO-WAY, DIVIDED, UNPROTECTED PAINTED MIN 4 FEET",39.03099317,-77.00557617,"(39.03099317, -77.00557617)"
MCP1099003J,200044514,Montgomery County Police,Property Damage Crash,11/11/2020 09:30:00 AM,No,County,Unknown,,1,North,0.2,MILE,LEVEL,SNOUFFERS SCHOOL RD,CENTERWAY RD,,N/A,,DRIVER,SINGLE VEHICLE,RAINING,WET,DAYLIGHT,N/A,NONE DETECTED,,FIXED OBJECT,N/A,COMMERCIAL DRIVEWAY,N/A,STRAIGHT,NO DEFECTS,OTHER,39.17687167,-77.17783167,"(39.17687167, -77.17783167)"
MCP2813006F,19000992,Montgomery County Police,Property Damage Crash,03/03/2019 05:20:00 PM,No,Maryland (State),South,,3,North,0,FEET,LEVEL,GEORGIA AVE,PARKER AVE,,N/A,,DRIVER,ANGLE MEETS RIGHT TURN,RAINING,WET,DAYLIGHT,NO CONTROLS,"N/A, UNKNOWN",,OTHER VEHICLE,N/A,INTERSECTION,FOUR-WAY INTERSECTION,STRAIGHT,N/A,"TWO-WAY, DIVIDED, POSITIVE MEDIAN BARRIER",39.04882,-77.052015,"(39.04882, -77.052015)"
MCP2710000V,16008018,Montgomery County Police,Property Damage Crash,02/17/2016 05:26:00 PM,No,County,South,,1,South,1,FEET,LEVEL,EMORY GROVE RD,WATERSHED CT,,N/A,,DRIVER,SAME DIRECTION RIGHT TURN,CLEAR,DRY,DAYLIGHT,N/A,NONE DETECTED,,OTHER VEHICLE,N/A,RESIDENTIAL DRIVEWAY,FOUR-WAY INTERSECTION,STRAIGHT,NO DEFECTS,"TWO-WAY, NOT DIVIDED",39.15446333,-77.17479333,"(39.15446333, -77.17479333)"
MCP2102002B,200033188,Montgomery County Police,Injury Crash,08/25/2020 12:30:00 PM,No,Maryland (State),East,,2,East,0,FEET,HILL CREST,MAIN ST,WOODFIELD RD,,N/A,,DRIVER,SINGLE VEHICLE,CLEAR,DRY,DAYLIGHT,TRAFFIC SIGNAL,NONE DETECTED,,FIXED OBJECT,N/A,INTERSECTION,FOUR-WAY INTERSECTION,STRAIGHT,NO DEFECTS,"TWO-WAY, DIVIDED, UNPROTECTED PAINTED MIN 4 FEET",39.28771167,-77.201605,"(39.28771167, -77.201605)"
MCP24320016,240049053,MONTGOMERY,Property Damage Crash,10/14/2024 11:13:00 AM,,Maryland (State) Route,Southbound,Lane 3,3,North,23.87,FEET,Level,GEORGIA AVE (SB/L),,,,,UNKNOWN,Front to Rear,Clear,Dry,Daylight,No Controls,"Not Suspect of Alcohol Use, Not Suspect of Drug Use, Unknown, Unknown",,Motor Vehicle In Transport,Not Applicable,Non-Junction,,Straight,No Defects,"Divided, Raised Median (curbed)",39.04538754,-77.05220294,"(39.04538754, -77.05220294)"
MCP2871005Z,190017147,Montgomery County Police,Injury Crash,04/12/2019 05:58:00 PM,No,Maryland (State),North,,3,South,205,FEET,LEVEL,OLD GEORGETOWN RD,ALTA VISTA RD,,N/A,,DRIVER,SAME DIR REAR END,RAINING,WET,DAYLIGHT,NO CONTROLS,NONE DETECTED,,OTHER VEHICLE,N/A,INTERSECTION RELATED,FOUR-WAY INTERSECTION,STRAIGHT,NO DEFECTS,"TWO-WAY, DIVIDED, POSITIVE MEDIAN BARRIER",39.00610167,-77.11151833,"(39.00610167, -77.11151833)"
MCP9365001X,230049773,Montgomery County Police,Property Damage Crash,08/16/2023 02:38:00 PM,No,US (State),North,,6,North,0,FEET,LEVEL,COLUMBIA PIKE,STEWART LA,,N/A,,DRIVER,STRAIGHT MOVEMENT ANGLE,N/A,DRY,DAYLIGHT,TRAFFIC SIGNAL,NONE DETECTED,,OTHER VEHICLE,N/A,INTERSECTION,FOUR-WAY INTERSECTION,STRAIGHT,NO DEFECTS,"TWO-WAY, DIVIDED, POSITIVE MEDIAN BARRIER",39.04647332,-76.98674956,"(39.04647332, -76.98674956)"
MCP2726008Q,240003870,MONTGOMERY,Injury Crash,01/25/2024 08:45:00 AM,No,County Route,Eastbound,Lane 1,4,West,0,FEET,Downhill,CECIL ST,E GUDE DR,,,,DRIVER,Front to Rear,Rain,Wet,Daylight,Traffic Control Signal,"Not Suspect of Alcohol Use, Not Suspect of Drug Use, Not Suspect of Alcohol Use, Not Suspect of Drug Use",,Motor Vehicle In Transport,,Intersection or Related,Perpendicular,Straight,No Defects,"Divided, Raised Median (curbed)",39.10635219,-77.15228161,"(39.10635219, -77.15228161)"
MCP229800XS,210029438,Montgomery County Police,Property Damage Crash,07/29/2021 03:08:00 PM,No,Maryland (State),South,,3,North,0,FEET,LEVEL,FREDERICK RD,GUNNERS BRANCH RD,,N/A,,DRIVER,HEAD ON LEFT TURN,CLOUDY,DRY,DAYLIGHT,TRAFFIC SIGNAL,NONE DETECTED,,OTHER VEHICLE,N/A,INTERSECTION,FOUR-WAY INTERSECTION,STRAIGHT,NO DEFECTS,"TWO-WAY, DIVIDED, POSITIVE MEDIAN BARRIER",39.17862833,-77.23876167,"(39.17862833, -77.23876167)"
MCP93790026,190010461,Montgomery County Police,Property Damage Crash,03/06/2019 01:50:00 PM,No,County,East,,6,North,0,FEET,LEVEL,SHADY GROVE RD,RAMP 6 FR SHADY GROVE RD EB TO IS 270 SB,,N/A,,DRIVER,STRAIGHT MOVEMENT ANGLE,CLEAR,DRY,DAYLIGHT,TRAFFIC SIGNAL,"N/A, NONE DETECTED",,OTHER VEHICLE,OTHER VEHICLE,INTERSECTION,T-INTERSECTION,STRAIGHT,NO DEFECTS,"TWO-WAY, DIVIDED, POSITIVE MEDIAN BARRIER",39.11195667,-77.18718167,"(39.11195667, -77.18718167)"
MCP2892003Z,180001743,Montgomery County Police,Property Damage Crash,01/11/2018 08:46:00 PM,Yes,Maryland (State),South,,3,North,0,FEET,LEVEL,GEORGIA AVE,FOREST GLEN RD,,N/A,,UNKNOWN,ANGLE MEETS LEFT TURN,RAINING,WET,DARK LIGHTS ON,TRAFFIC SIGNAL,"NONE DETECTED, UNKNOWN",,OTHER VEHICLE,N/A,INTERSECTION,FOUR-WAY INTERSECTION,STRAIGHT,NO DEFECTS,"TWO-WAY, DIVIDED, POSITIVE MEDIAN BARRIER",39.01559167,-77.042285,"(39.01559167, -77.042285)"
MCP2726008W,240005340,MONTGOMERY,Property Damage Crash,02/02/2024 01:13:00 PM,,Maryland (State) Route,Northbound,Lane 3,3,North,47.18,FEET,Level,FREDERICK RD,,,,,UNKNOWN,"Sideswipe, Same Direction",Clear,Dry,Daylight,No Controls,"Not Suspect of Alcohol Use, Not Suspect of Drug Use, Unknown, Unknown",,Motor Vehicle In Transport,,Non-Junction,,Straight,No Defects,"Divided, Raised Median (curbed)",39.11150521,-77.16129495,"(39.11150521, -77.16129495)"