Report Number,Local Case Number,Agency Name,ACRS Report Type,Crash Date/Time,Hit/Run,Route Type,Lane Direction,Lane Type,Number of Lanes,Direction,Distance,Distance Unit,Road Grade,Road Name,Cross-Street Name,Off-Road Description,Municipality,Related Non-Motorist,At Fault,Collision Type,Weather,Surface Condition,Light,Traffic Control,Driver Substance Abuse,Non-Motorist Substance Abuse,First Harmful Event,Second Harmful Event,Junction,Intersection Type,Road Alignment,Road Condition,Road Division,Latitude,Longitude,Location
MCP3020005K,200034651,Montgomery County Police,Property Damage Crash,09/04/2020 12:45:00 PM,No,County,West,,5,West,0,FEET,LEVEL,BEL PRE RD,CONNECTICUT AVE,,N/A,,DRIVER,SINGLE VEHICLE,CLEAR,DRY,DAYLIGHT,NO CONTROLS,NONE DETECTED,,FIXED OBJECT,OTHER,INTERSECTION,T-INTERSECTION,STRAIGHT,NO DEFECTS,"TWO-WAY, NOT DIVIDED",39.09275833,-77.07157,"(39.09275833, -77.07157)"
MCP3058004X,230017544,Montgomery County Police,Injury Crash,04/12/2023 10:27:00 PM,No,Maryland (State),North,,3,North,0,FEET,LEVEL,FREDERICK RD,REDLAND BLVD,,ROCKVILLE,,DRIVER,STRAIGHT MOVEMENT ANGLE,CLEAR,DRY,DARK LIGHTS ON,TRAFFIC SIGNAL,NONE DETECTED,,OTHER VEHICLE,N/A,INTERSECTION,FOUR-WAY INTERSECTION,STRAIGHT,NO DEFECTS,"TWO-WAY, DIVIDED, POSITIVE MEDIAN BARRIER",39.11568333,-77.16617333,"(39.11568333, -77.16617333)"
MCP31270028,230009372,Montgomery County Police,Property Damage Crash,02/24/2023 06:08:00 PM,Yes,,,,,,,,,,,REAR PARKING LOT OF 8325 GRUBB ROAD,,,DRIVER,SAME DIRECTION SIDESWIPE,CLEAR,,DARK LIGHTS ON,N/A,UNKNOWN,,PARKED VEHICLE,OTHER CONVEYANCE,,,,,,38.993041,-77.04892417,"(38.993041, -77.04892417)"
DD5625003M,200012601,Rockville Police Departme,Property Damage Crash,03/14/2020 10:00:00 AM,No,,,,,,,,,,,HIT AN UNKNOWN POLE,,,DRIVER,SINGLE VEHICLE,CLOUDY,,DAYLIGHT,N/A,NONE DETECTED,,N/A,N/A,,,,,,39.08320931,-77.15086796,"(39.08320931, -77.15086796)"
DD5669000P,240037509,ROCKVILLE,Injury Crash,08/08/2024 08:33:00 PM,No,Maryland (State) Route,Westbound,Lane 1,2,East,22.79,FEET,Level,VEIRS MILL RD (WB/L),,,,,UNKNOWN,Front to Rear,Rain,Wet,Dark - Lighted,Traffic Control Signal,"Not Suspect of Alcohol Use, Not Suspect of Drug Use, Not Suspect of Alcohol Use, Not Suspect of Drug Use",,Motor Vehicle In Transport,,Non-Junction,,Straight,No Defects,Not Divided,39.08153852,-77.14550236,"(39.08153852, -77.14550236)"
MCP1619000S,15010435,Montgomery County Police,Property Damage Crash,03/06/2015 12:38:00 PM,No,County,West,,1,East,0,MILE,LEVEL,HOMEWOOD PKWY,DRUMM AVE,,N/A,,DRIVER,OTHER,CLEAR,SNOW,DAYLIGHT,NO CONTROLS,NONE DETECTED,,PARKED VEHICLE,N/A,NON INTERSECTION,N/A,STRAIGHT,NO DEFECTS,"TWO-WAY, DIVIDED, POSITIVE MEDIAN BARRIER",39.0286,-77.062925,"(39.0286, -77.062925)"
MCP30930015,180051459,Montgomery County Police,Injury Crash,10/14/2018 03:30:00 PM,No,Maryland (State),South,,3,North,30,FEET,LEVEL,CONNECTICUT AVE,ROSEMARY ST #2,,CHEVY CHASE #4,,DRIVER,SAME DIR REAR END,N/A,DRY,DAYLIGHT,TRAFFIC SIGNAL,N/A,,OTHER VEHICLE,OTHER VEHICLE,N/A,N/A,STRAIGHT,NO DEFECTS,"TWO-WAY, DIVIDED, POSITIVE MEDIAN BARRIER",38.97830333,-77.07717667,"(38.97830333, -77.07717667)"
MCP31050048,210039287,Montgomery County Police,Property Damage Crash,10/03/2021 12:50:00 PM,No,County,North,RIGHT TURN LANE,1,East,10,FEET,LEVEL,MIDDLEBROOK RD,FATHER HURLEY BLVD,,N/A,,DRIVER,SAME DIR REAR END,CLEAR,DRY,DAYLIGHT,YIELD SIGN,NONE DETECTED,,OTHER VEHICLE,N/A,INTERSECTION RELATED,FOUR-WAY INTERSECTION,STRAIGHT,NO DEFECTS,"TWO-WAY, DIVIDED, POSITIVE MEDIAN BARRIER",39.18432433,-77.27337783,"(39.18432433, -77.27337783)"
MCP271700VY,210038449,Montgomery County Police,Property Damage Crash,09/28/2021 04:05:00 PM,No,County,North,,2,North,50,FEET,LEVEL,BROOKLAWN TERR,PAULINE DR,,N/A,,DRIVER,OTHER,CLEAR,DRY,DAYLIGHT,NO CONTROLS,NONE DETECTED,,PARKED VEHICLE,N/A,NON INTERSECTION,N/A,STRAIGHT,NO DEFECTS,"TWO-WAY, DIVIDED, UNPROTECTED PAINTED MIN 4 FEET",38.99108467,-77.06426483,"(38.99108467, -77.06426483)"
MCP2656000M,15028812,Montgomery County Police,Injury Crash,06/13/2015 03:08:00 PM,No,County,North,,1,West,900,FEET,LEVEL,PLUM ORCHARD DR,CHERRY HILL RD,,N/A,,DRIVER,SINGLE VEHICLE,CLEAR,N/A,DAYLIGHT,N/A,NONE DETECTED,,FIXED OBJECT,N/A,NON INTERSECTION,N/A,STRAIGHT,NO DEFECTS,"TWO-WAY, NOT DIVIDED",39.13045167,-77.12350167,"(39.13045167, -77.12350167)"
MCP2377000P,16010894,MONTGOMERY,Property Damage Crash,03/04/2016 08:20:00 PM,No,County,South,,1,North,25,FEET,LEVEL,AMITY DR,PEPPERWOOD LA,,N/A,,DRIVER,HEAD ON,CLEAR,DRY,DARK LIGHTS ON,NO CONTROLS,NONE DETECTED,,PARKED VEHICLE,N/A,NON INTERSECTION,N/A,STRAIGHT,NO DEFECTS,"TWO-WAY, NOT DIVIDED",39.14467932,-77.16825977,"(39.14467932, -77.16825977)"
MCP22700034,240030855,MONTGOMERY,Property Damage Crash,06/30/2024 08:35:00 AM,No,Interstate (State),Eastbound,Lane 1,1,South,25.85,FEET,Downhill,CABIN JOHN PKWY (SB/L),,,,,DRIVER,Single Vehicle,Cloudy,Wet,Daylight,No Controls,"Not Suspect of Alcohol Use, Not Suspect of Drug Use",,Overturn/Rollover,Curb,Non-Junction,,Curve Left,No Defects,Not Divided,38.970545,-77.14700333,"(38.970545, -77.14700333)"
MCP1366006R,170546499,Montgomery County Police,Injury Crash,12/04/2017 11:26:00 AM,No,Maryland (State),North,,2,North,0,FEET,LEVEL,FIRST ST,ROCKVILLE PIKE,,N/A,,DRIVER,SINGLE VEHICLE,CLOUDY,DRY,DAYLIGHT,TRAFFIC SIGNAL,NONE DETECTED,,FIXED OBJECT,N/A,INTERSECTION,FOUR-WAY INTERSECTION,STRAIGHT,NO DEFECTS,"TWO-WAY, DIVIDED, POSITIVE MEDIAN BARRIER",39.07736833,-77.139105,"(39.07736833, -77.139105)"
MCP23530036,16059188,Montgomery County Police,Injury Crash,11/17/2016 10:05:00 AM,No,Maryland (State),North,,3,North,0,FEET,LEVEL,ROCKVILLE PIKE,EDSON LA,,N/A,PEDESTRIAN,DRIVER,SINGLE VEHICLE,N/A,DRY,DAYLIGHT,PERSON,NONE DETECTED,NONE DETECTED,PEDESTRIAN,N/A,INTERSECTION,FOUR-WAY INTERSECTION,STRAIGHT,NO DEFECTS,"TWO-WAY, DIVIDED, POSITIVE MEDIAN BARRIER",39.04076833,-77.10961167,"(39.04076833, -77.10961167)"
MCP3122003B,200027041,Montgomery County Police,Property Damage Crash,07/12/2020 01:35:00 PM,Yes,County,West,,2,East,20,FEET,HILL CREST,BEL PRE RD,HOMECREST RD,,N/A,,DRIVER,SAME DIRECTION SIDESWIPE,CLEAR,DRY,DAYLIGHT,N/A,"NONE DETECTED, UNKNOWN",,OTHER VEHICLE,N/A,N/A,T-INTERSECTION,STRAIGHT,NO DEFECTS,"TWO-WAY, DIVIDED, POSITIVE MEDIAN BARRIER",39.09134599,-77.0629625,"(39.09134599, -77.0629625)"
MCP2893002L,16064245,Montgomery County Police,Property Damage Crash,12/14/2016 06:32:00 PM,No,,,,,,0,,,,,PARKING LOT ON LOCUSTDALE DR.,,,UNKNOWN,OTHER,N/A,,UNKNOWN,NO CONTROLS,,,OTHER VEHICLE,N/A,,,,,,39.18614,-77.23556,"(39.18614, -77.23556)"
MCP2290000Y,170534727,Montgomery County Police,Injury Crash,10/04/2017 02:27:00 PM,No,Municipality,South,,2,South,150,FEET,LEVEL,N WASHINGTON ST,BEALL AVE #2,,ROCKVILLE,,DRIVER,SAME DIRECTION RIGHT TURN,CLEAR,DRY,DAYLIGHT,NO CONTROLS,NONE DETECTED,,OTHER VEHICLE,N/A,COMMERCIAL DRIVEWAY,N/A,STRAIGHT,NO DEFECTS,"TWO-WAY, DIVIDED, UNPROTECTED PAINTED MIN 4 FEET",39.08764683,-77.15335083,"(39.08764683, -77.15335083)"
MCP3263004W,240054815,MONTGOMERY,Property Damage Crash,11/15/2024 10:46:00 AM,No,County Route,Eastbound,Lane 1,4,South,0,FEET,Level,BURDETTE RD,RIVER RD,,,,UNKNOWN,Front to Rear,Cloudy,Dry,Daylight,Traffic Control Signal,"Not Suspect of Alcohol Use, Not Suspect of Drug Use, Not Suspect of Alcohol Use, Not Suspect of Drug Use",,Motor Vehicle In Transport,Motor Vehicle In Transport,Intersection or Related,Perpendicular,Curve Right,No Defects,"Divided, Depressed Median",38.99016165,-77.15272138,"(38.99016165, -77.15272138)"
MCP3101001D,180059685,Montgomery County Police,Injury Crash,11/29/2018 01:20:00 PM,No,Other Public Roadway,South,,1,South,0.1,MILE,LEVEL,YANKEE HARBOR DR,CINNABAR DR,,N/A,,DRIVER,ANGLE MEETS LEFT TURN,CLEAR,DRY,DAYLIGHT,NO CONTROLS,NONE DETECTED,,OTHER VEHICLE,N/A,NON INTERSECTION,N/A,STRAIGHT,NO DEFECTS,"TWO-WAY, NOT DIVIDED",39.187355,-77.15691167,"(39.187355, -77.15691167)"
MCP3030005G,230030762,Montgomery County Police,Property Damage Crash,06/27/2023 04:05:00 PM,No,Maryland (State),West,LEFT TURN LANE,2,East,0,FEET,LEVEL,RIVER RD,BRAEBURN PKWY,,N/A,,DRIVER,SAME DIR REAR END,RAINING,WET,DAYLIGHT,TRAFFIC SIGNAL,N/A,,OTHER VEHICLE,N/A,INTERSECTION,FOUR-WAY INTERSECTION,STRAIGHT,NO DEFECTS,"TWO-WAY, DIVIDED, UNPROTECTED PAINTED MIN 4 FEET",38.9803,-77.13337167,"(38.9803, -77.13337167)"
MCP3212002H,210013196,Montgomery County Police,Injury Crash,04/08/2021 08:30:00 PM,No,,,,,,,,,,,12506 VILLAGE SQ TER PARKING LOT,,,DRIVER,OTHER,CLEAR,,DARK -- UNKNOWN LIGHTING,NO CONTROLS,NONE DETECTED,,PARKED VEHICLE,N/A,,,,,,39.01471233,-77.03387183,"(39.01471233, -77.03387183)"
MCP2914003R,16056577,Montgomery County Police,Injury Crash,11/02/2016 07:56:00 PM,Yes,Maryland (State),South,,3,South,10,FEET,HILL UPHILL,NEW HAMPSHIRE AVE,RAMP 6 FR IS 495 EB TO MD 650 SB,,N/A,,DRIVER,SAME DIR REAR END,CLEAR,N/A,DARK LIGHTS ON,NO CONTROLS,"ALCOHOL PRESENT, N/A",,OTHER VEHICLE,N/A,N/A,N/A,STRAIGHT,N/A,"TWO-WAY, DIVIDED, POSITIVE MEDIAN BARRIER",39.01702161,-76.97735354,"(39.01702161, -76.97735354)"
MCP29160012,15051420,MONTGOMERY,Injury Crash,10/10/2015 11:18:00 AM,No,County,West,,1,East,0,FEET,N/A,BROADBIRCH DR,BOURNEFIELD WAY,,N/A,,DRIVER,SAME DIR REAR END,CLEAR,DRY,DAYLIGHT,STOP SIGN,NONE DETECTED,,OTHER VEHICLE,OTHER VEHICLE,INTERSECTION,T-INTERSECTION,STRAIGHT,NO DEFECTS,"TWO-WAY, NOT DIVIDED",39.05558843,-76.96166933,"(39.05558843, -76.96166933)"
MCP1512003Z,220055580,Montgomery County Police,Injury Crash,12/15/2022 07:06:00 PM,No,Maryland (State),East,,1,East,0,FEET,LEVEL,W DIAMOND AVE,RAMP 6 FR MD 117 EB TO IS 270 SB,,N/A,,DRIVER,HEAD ON LEFT TURN,RAINING,WET,DARK LIGHTS ON,NO CONTROLS,NONE DETECTED,,OTHER VEHICLE,FIXED OBJECT,INTERSECTION,T-INTERSECTION,STRAIGHT,NO DEFECTS,"TWO-WAY, NOT DIVIDED",39.1405995,-77.21432417,"(39.1405995, -77.21432417)"
EJ78520075,230002074,Gaithersburg Police Depar,Property Damage Crash,01/12/2023 05:37:00 PM,Yes,Municipality,West,OUTSIDE RIGHT OF WAY,2,North,0,FEET,LEVEL,TSCHIFFELY SQUARE RD,TSCHIFFELY SQUARE RD (AHEAD),,GAITHERSBURG,,DRIVER,SAME DIRECTION SIDESWIPE,N/A,DRY,DARK LIGHTS ON,N/A,N/A,,PARKED VEHICLE,PARKED VEHICLE,INTERSECTION,Y-INTERSECTION,CURVE RIGHT,NO DEFECTS,"TWO-WAY, NOT DIVIDED",39.12255007,-77.24418084,"(39.12255007, -77.24418084)"
MCP137800D2,16051269,Montgomery County Police,Property Damage Crash,10/05/2016 08:01:00 PM,No,County,South,,2,North,0,FEET,LEVEL,MONTGOMERY VILLAGE AVE,APPLE RIDGE RD,,N/A,,DRIVER,STRAIGHT MOVEMENT ANGLE,CLEAR,DRY,DARK LIGHTS ON,TRAFFIC SIGNAL,NONE DETECTED,,OTHER VEHICLE,OTHER VEHICLE,INTERSECTION,FOUR-WAY INTERSECTION,STRAIGHT,NO DEFECTS,"TWO-WAY, DIVIDED, POSITIVE MEDIAN BARRIER",39.18671667,-77.19851667,"(39.18671667, -77.19851667)"
MCP2298011J,220042502,Montgomery County Police,Property Damage Crash,09/29/2022 02:21:00 PM,No,County,East,,2,East,0,FEET,LEVEL,MIDDLEBROOK RD,CELEBRATION WAY,,N/A,,DRIVER,STRAIGHT MOVEMENT ANGLE,CLEAR,DRY,DAYLIGHT,STOP SIGN,NONE DETECTED,,OTHER VEHICLE,FIXED OBJECT,INTERSECTION,FOUR-WAY INTERSECTION,STRAIGHT,NO DEFECTS,"TWO-WAY, DIVIDED, POSITIVE MEDIAN BARRIER",39.18121,-77.26951,"(39.18121, -77.26951)"
MCP23110040,180035279,Montgomery County Police,Injury Crash,07/17/2018 06:17:00 AM,No,County,East,,1,North,0,FEET,LEVEL,MONTGOMERY VILLAGE AVE,MIDCOUNTY HWY,,N/A,,DRIVER,SAME DIR REAR END,CLEAR,DRY,DAYLIGHT,NO CONTROLS,N/A,,OTHER VEHICLE,N/A,INTERSECTION RELATED,T-INTERSECTION,CURVE RIGHT,NO DEFECTS,"TWO-WAY, DIVIDED, POSITIVE MEDIAN BARRIER",39.15990667,-77.20183667,"(39.15990667, -77.20183667)"
HA25260005,24002401,MCPARK,Property Damage Crash,11/13/2024 10:57:00 AM,No,Maryland (State) Route,Eastbound,"Lane 1, Lane 2",2,North,0,FEET,Level,NEW HAMPSHIRE AVE,E RANDOLPH RD (WB/L),,,,UNKNOWN,"Sideswipe, Same Direction",Clear,Dry,Daylight,Traffic Control Signal,"Not Suspect of Alcohol Use, Not Suspect of Drug Use, Not Suspect of Alcohol Use, Not Suspect of Drug Use",,Motor Vehicle In Transport,Not Applicable,Intersection or Related,Angled/Skewed,Straight,No Defects,"Divided, Raised Median (curbed)",39.07579369,-77.00186849,"(39.07579369, -77.00186849)"
MCP2975001P,170515270,Montgomery County Police,Property Damage Crash,06/22/2017 10:30:00 PM,No,County,North,,2,East,0,FEET,LEVEL,MIDDLEVALE LA,LAYHILL RD,,N/A,,UNKNOWN,SINGLE VEHICLE,CLEAR,DRY,DARK LIGHTS ON,TRAFFIC SIGNAL,NONE DETECTED,,ANIMAL,N/A,INTERSECTION,FOUR-WAY INTERSECTION,STRAIGHT,NO DEFECTS,"TWO-WAY, DIVIDED, POSITIVE MEDIAN BARRIER",39.08080333,-77.04693167,"(39.08080333, -77.04693167)"
MCP0619001B,180030616,Montgomery County Police,Injury Crash,06/21/2018 10:25:00 AM,No,Maryland (State),North,,3,North,50,FEET,GRADE DOWNHILL,ROCKVILLE PIKE,SPUR FR MD 28,,N/A,,DRIVER,SINGLE VEHICLE,RAINING,WET,DAYLIGHT,YIELD SIGN,N/A,,FIXED OBJECT,FIXED OBJECT,INTERSECTION RELATED,N/A,CURVE RIGHT,NO DEFECTS,"TWO-WAY, DIVIDED, POSITIVE MEDIAN BARRIER",39.08264,-77.14636333,"(39.08264, -77.14636333)"
DM8451001Q,180048693,Takoma Park Police Depart,Injury Crash,09/29/2018 01:34:00 PM,Yes,Municipality,West,,1,West,0,FEET,HILL UPHILL,KIRKLYNN AVE,NEW HAMPSHIRE AVE,,N/A,,DRIVER,OTHER,N/A,DRY,DAYLIGHT,TRAFFIC SIGNAL,"ALCOHOL PRESENT, N/A",,OTHER VEHICLE,N/A,INTERSECTION,FOUR-WAY INTERSECTION,STRAIGHT,NO DEFECTS,"TWO-WAY, DIVIDED, POSITIVE MEDIAN BARRIER",38.98808572,-76.98794754,"(38.98808572, -76.98794754)"
MCP2620001Z,200047374,Montgomery County Police,Property Damage Crash,12/01/2020 04:15:00 PM,No,County,East,LEFT TURN LANE,5,West,20,FEET,LEVEL,RANDOLPH RD,NEW HAMPSHIRE AVE,,N/A,,DRIVER,SAME DIR REAR END,CLOUDY,DRY,DAYLIGHT,N/A,NONE DETECTED,,OTHER VEHICLE,N/A,N/A,FOUR-WAY INTERSECTION,STRAIGHT,NO DEFECTS,"TWO-WAY, DIVIDED, POSITIVE MEDIAN BARRIER",39.07579,-77.00265317,"(39.07579, -77.00265317)"
MCP2072004B,210001614,Montgomery County Police,Property Damage Crash,01/13/2021 02:55:00 PM,No,County,North,,3,North,20,FEET,LEVEL,OBSERVATION DR,SENECA MEADOWS PKWY,,N/A,,DRIVER,STRAIGHT MOVEMENT ANGLE,CLEAR,DRY,DAYLIGHT,TRAFFIC SIGNAL,NONE DETECTED,,OTHER VEHICLE,N/A,N/A,N/A,STRAIGHT,NO DEFECTS,N/A,39.19770667,-77.25412,"(39.19770667, -77.25412)"
MCP2534005K,250020197,MONTGOMERY,Property Damage Crash,05/07/2025 09:33:00 PM,No,County Route,Westbound,Lane 1,1,East,22.28,FEET,Level,EMORY LA,,,,,UNKNOWN,Single Vehicle,Clear,Dry,Dark - Lighted,No Controls,"Not Suspect of Alcohol Use, Not Suspect of Drug Use",,Animal (live),,Through Roadway,,Straight,No Defects,Not Divided,39.1267636,-77.08397656,"(39.1267636, -77.08397656)"
DD56230019,180015883,Rockville Police Departme,Property Damage Crash,04/02/2018 08:58:00 AM,No,Municipality,South,,1,North,500,FEET,LEVEL,MIDWAY AVE,ALEUTIAN AVE,,ROCKVILLE,,DRIVER,SAME DIRECTION SIDESWIPE,RAINING,WET,DAYLIGHT,N/A,NONE DETECTED,,PARKED VEHICLE,N/A,N/A,N/A,STRAIGHT,NO DEFECTS,"TWO-WAY, NOT DIVIDED",39.07363367,-77.11909233,"(39.07363367, -77.11909233)"
MCP9432003M,230033341,Montgomery County Police,Injury Crash,07/13/2023 11:10:00 AM,No,Maryland (State),North,,3,North,0,FEET,GRADE DOWNHILL,16TH ST,EAST WEST HWY,,N/A,,DRIVER,HEAD ON LEFT TURN,CLEAR,DRY,DAYLIGHT,TRAFFIC SIGNAL,NONE DETECTED,,OTHER VEHICLE,N/A,INTERSECTION,FOUR-WAY INTERSECTION,STRAIGHT,NO DEFECTS,"TWO-WAY, DIVIDED, POSITIVE MEDIAN BARRIER",38.9945885,-77.03590067,"(38.9945885, -77.03590067)"
DD5660000D,230030125,Rockville Police Departme,Injury Crash,06/23/2023 06:05:00 PM,Yes,Maryland (State),South,,3,North,0,FEET,LEVEL,FREDERICK RD,KING FARM BLVD,,ROCKVILLE,PEDESTRIAN,DRIVER,N/A,RAINING,WET,DAYLIGHT,TRAFFIC SIGNAL,N/A,N/A,PEDESTRIAN,N/A,INTERSECTION,FOUR-WAY INTERSECTION,STRAIGHT,N/A,"TWO-WAY, DIVIDED, POSITIVE MEDIAN BARRIER",39.11705325,-77.16883654,"(39.11705325, -77.16883654)"
MCP2394002N,170547737,Montgomery County Police,Property Damage Crash,12/10/2017 03:13:00 PM,No,,,,,,,,,,,IN PARKING LOT OF 1776 EAST JEFFERSON STREET...IFO MICRO CENTER,,,DRIVER,STRAIGHT MOVEMENT ANGLE,CLEAR,,DAYLIGHT,NO CONTROLS,NONE DETECTED,,OTHER VEHICLE,PARKED VEHICLE,,,,,,39.17082667,-77.26519,"(39.17082667, -77.26519)"
MCP3328002J,230055096,Montgomery County Police,Property Damage Crash,09/15/2023 04:01:00 PM,No,Maryland (State),South,,3,North,0,FEET,GRADE DOWNHILL,GEORGIA AVE,PRICHARD RD,,N/A,,DRIVER,SAME DIR REAR END,CLEAR,DRY,DAYLIGHT,TRAFFIC SIGNAL,"NONE DETECTED, UNKNOWN",,OTHER VEHICLE,N/A,INTERSECTION,FOUR-WAY INTERSECTION,STRAIGHT,NO DEFECTS,"TWO-WAY, DIVIDED, POSITIVE MEDIAN BARRIER",39.03643667,-77.05008833,"(39.03643667, -77.05008833)"
MCP09360019,15063113,MONTGOMERY,Property Damage Crash,12/10/2015 01:57:00 PM,No,Interstate (State),West,,4,East,,MILE,LEVEL,CAPITAL BELTWAY,COLESVILLE RD,,N/A,,UNKNOWN,SINGLE VEHICLE,CLEAR,DRY,DAYLIGHT,N/A,NONE DETECTED,,OTHER OBJECT,N/A,NON INTERSECTION,N/A,STRAIGHT,NO DEFECTS,"TWO-WAY, DIVIDED, POSITIVE MEDIAN BARRIER",38.99905167,-77.05888667,"(38.99905167, -77.05888667)"
MCP30590045,190051329,Montgomery County Police,Property Damage Crash,10/25/2019 12:00:00 PM,Yes,,,,,,,,,,,PARKING LOT 13800 GEORGIA AV,,,DRIVER,OTHER,CLEAR,,DAYLIGHT,STOP SIGN,NONE DETECTED,,OTHER VEHICLE,N/A,,,,,,39.08092259,-77.07746301,"(39.08092259, -77.07746301)"
MCP3121000Q,180017881,Montgomery County Police,Property Damage Crash,04/12/2018 04:26:00 PM,No,Municipality,North,,2,South,50,FEET,LEVEL,MAIN ST,KENTLANDS BLVD,,GAITHERSBURG,,UNKNOWN,SAME DIRECTION SIDESWIPE,CLEAR,DRY,DAYLIGHT,NO CONTROLS,NONE DETECTED,,PARKED VEHICLE,N/A,NON INTERSECTION,N/A,STRAIGHT,NO DEFECTS,"TWO-WAY, NOT DIVIDED",39.12282,-77.23857,"(39.12282, -77.23857)"
MCP14650041,190002313,Montgomery County Police,Property Damage Crash,01/15/2019 03:29:00 PM,No,County,East,MEDIAN AREA,4,West,300,FEET,LEVEL,RANDOLPH RD,PARKLAWN DR,,N/A,,DRIVER,STRAIGHT MOVEMENT ANGLE,CLEAR,DRY,DAYLIGHT,NO CONTROLS,NONE DETECTED,,OTHER VEHICLE,N/A,COMMERCIAL DRIVEWAY,OTHER,STRAIGHT,NO DEFECTS,"TWO-WAY, NOT DIVIDED",39.05349167,-77.10769333,"(39.05349167, -77.10769333)"
MCP2749002B,18004505,Montgomery County Police,Property Damage Crash,09/09/2018 01:00:00 PM,No,Maryland (State),North,,1,North,0,FEET,LEVEL,LAYHILL RD,SPUR TO NORWOOD RD,,N/A,,DRIVER,SINGLE VEHICLE,RAINING,WET,DAYLIGHT,TRAFFIC SIGNAL,N/A,,FIXED OBJECT,N/A,INTERSECTION,FOUR-WAY INTERSECTION,STRAIGHT,NO DEFECTS,"TWO-WAY, NOT DIVIDED",39.12565667,-77.02757833,"(39.12565667, -77.02757833)"
EJ7885002F,220041983,Gaithersburg Police Depar,Property Damage Crash,09/26/2022 07:49:00 PM,No,Maryland (State),South,LEFT TURN LANE,3,South,1,FEET,LEVEL,FREDERICK RD,WATKINS MILL RD,,N/A,,DRIVER,SAME DIR REAR END,CLEAR,DRY,DARK LIGHTS ON,NO CONTROLS,"ALCOHOL PRESENT, NONE DETECTED",,OTHER VEHICLE,OTHER VEHICLE,NON INTERSECTION,N/A,STRAIGHT,NO DEFECTS,"TWO-WAY, DIVIDED, POSITIVE MEDIAN BARRIER",39.1584885,-77.21511717,"(39.1584885, -77.21511717)"
MCP2665000P,15006609,Montgomery County Police,Property Damage Crash,02/09/2015 06:28:00 PM,No,Maryland (State),North,,2,North,0,FEET,LEVEL,OLD GEORGETOWN RD,LUCAS LA,,N/A,,DRIVER,SAME DIR REAR END,CLOUDY,DRY,DARK LIGHTS ON,NO CONTROLS,N/A,,OTHER VEHICLE,OTHER VEHICLE,INTERSECTION,T-INTERSECTION,STRAIGHT,NO DEFECTS,"TWO-WAY, NOT DIVIDED",39.11689833,-77.203245,"(39.11689833, -77.203245)"
DD5540001C,210034989,Rockville Police Departme,Injury Crash,09/06/2021 03:59:00 PM,No,,,,,,,,,,,1001 ROCKVILLE PIKE,,,DRIVER,STRAIGHT MOVEMENT ANGLE,CLEAR,,DAYLIGHT,NO CONTROLS,NONE DETECTED,,PARKED VEHICLE,PARKED VEHICLE,,,,,,39.08906178,-77.17656312,"(39.08906178, -77.17656312)"
MCP2723000H,15002856,Montgomery County Police,Injury Crash,01/18/2015 07:50:00 AM,No,Maryland (State),East,,1,East,900,FEET,GRADE DOWNHILL,ASHTON RD,ASHLAND DR,,N/A,,DRIVER,SINGLE VEHICLE,SLEET,ICE,DAWN,NO CONTROLS,NONE DETECTED,,FIXED OBJECT,N/A,NON INTERSECTION,N/A,CURVE LEFT,NO DEFECTS,"TWO-WAY, NOT DIVIDED",39.15985,-76.9817,"(39.15985, -76.9817)"
DM8465001V,200010632,Takoma Park Police Depart,Property Damage Crash,03/03/2020 05:35:00 PM,No,,,,,,,,,,,SIDE ACCESS ROAD IN FRONT OF 7676 NEW HAMPSHIRE AVENUE,,,DRIVER,SAME DIR REAR END,N/A,,N/A,NO CONTROLS,"N/A, NONE DETECTED",,OTHER VEHICLE,OTHER VEHICLE,,,,,,38.98771333,-76.98803667,"(38.98771333, -76.98803667)"
DD5651002L,220054222,Rockville Police Departme,Injury Crash,12/08/2022 09:50:00 AM,No,Municipality,West,,1,East,500,FEET,GRADE DOWNHILL,MARYLAND AVE,MONUMENT ST,,ROCKVILLE,,DRIVER,SAME DIR REAR END,CLEAR,DRY,DAYLIGHT,N/A,NONE DETECTED,,OTHER VEHICLE,OTHER VEHICLE,N/A,N/A,STRAIGHT,NO DEFECTS,"TWO-WAY, DIVIDED, UNPROTECTED PAINTED MIN 4 FEET",39.07775587,-77.15852488,"(39.07775587, -77.15852488)"
MCP289200FN,230069361,Montgomery County Police,Injury Crash,12/01/2023 05:54:00 PM,No,Maryland (State),East,,1,East,10,FEET,LEVEL,FOREST GLEN RD,SEMINARY RD,,N/A,,DRIVER,SINGLE VEHICLE,RAINING,WET,DARK LIGHTS ON,NO CONTROLS,NONE DETECTED,,FIXED OBJECT,N/A,N/A,N/A,STRAIGHT,HOLES RUTS ETC,"TWO-WAY, NOT DIVIDED",39.01487833,-77.0545,"(39.01487833, -77.0545)"
MCP003600GS,220042713,Montgomery County Police,Injury Crash,09/30/2022 05:30:00 PM,No,County,South,,3,North,15,FEET,LEVEL,FATHER HURLEY BLVD,RAMP 8 FR IS270 SB TO FATHER HURLEY BLVD,,N/A,,DRIVER,HEAD ON,RAINING,WET,DAYLIGHT,TRAFFIC SIGNAL,NONE DETECTED,,OTHER VEHICLE,OTHER VEHICLE,INTERSECTION RELATED,T-INTERSECTION,STRAIGHT,NO DEFECTS,"TWO-WAY, DIVIDED, UNPROTECTED PAINTED MIN 4 FEET",39.19672767,-77.2652555,"(39.19672767, -77.2652555)"