Report Number,Local Case Number,Agency Name,ACRS Report Type,Crash Date/Time,Hit/Run,Route Type,Lane Direction,Lane Type,Number of Lanes,Direction,Distance,Distance Unit,Road Grade,Road Name,Cross-Street Name,Off-Road Description,Municipality,Related Non-Motorist,At Fault,Collision Type,Weather,Surface Condition,Light,Traffic Control,Driver Substance Abuse,Non-Motorist Substance Abuse,First Harmful Event,Second Harmful Event,Junction,Intersection Type,Road Alignment,Road Condition,Road Division,Latitude,Longitude,Location
MCP24460031,170520636,Montgomery County Police,Property Damage Crash,07/22/2017 11:25:00 AM,No,Maryland (State),East,,1,East,0,FEET,HILL CREST,OLNEY LAYTONSVILLE RD,ZION RD,,N/A,,DRIVER,OTHER,CLOUDY,WET,DARK NO LIGHTS,N/A,"ALCOHOL PRESENT, NONE DETECTED",,OTHER VEHICLE,N/A,INTERSECTION,Y-INTERSECTION,CURVE RIGHT,NO DEFECTS,"TWO-WAY, NOT DIVIDED",39.17691709,-77.10050583,"(39.17691709, -77.10050583)"
MCP1554002V,180005753,Montgomery County Police,Property Damage Crash,02/02/2018 05:00:00 PM,No,County,East,,2,East,0,FEET,GRADE DOWNHILL,NEEDWOOD RD,DEER LAKE RD,,N/A,,DRIVER,HEAD ON LEFT TURN,CLEAR,DRY,DAYLIGHT,STOP SIGN,NONE DETECTED,,OTHER VEHICLE,N/A,INTERSECTION,FOUR-WAY INTERSECTION,STRAIGHT,NO DEFECTS,"TWO-WAY, NOT DIVIDED",39.12251333,-77.14518833,"(39.12251333, -77.14518833)"
MCP2987006Y,220017600,Montgomery County Police,Property Damage Crash,04/25/2022 09:30:00 AM,Yes,US (State),North,,1,North,0,FEET,LEVEL,COLUMBIA PIKE,STEWART LA,,N/A,,DRIVER,OPPOSITE DIRECTION SIDESWIPE,CLEAR,DRY,DAYLIGHT,NO CONTROLS,"NONE DETECTED, UNKNOWN",,OTHER VEHICLE,N/A,INTERSECTION,T-INTERSECTION,STRAIGHT,NO DEFECTS,"TWO-WAY, DIVIDED, UNPROTECTED PAINTED MIN 4 FEET",39.04461759,-76.98904228,"(39.04461759, -76.98904228)"
MCP2892002Z,170530413,Montgomery County Police,Property Damage Crash,09/13/2017 05:55:00 PM,No,Maryland (State),North,,3,South,1,FEET,LEVEL,16TH ST,LYTTONSVILLE RD,,N/A,,DRIVER,SINGLE VEHICLE,CLEAR,DRY,DARK LIGHTS ON,NO CONTROLS,NONE DETECTED,,FIXED OBJECT,N/A,N/A,N/A,STRAIGHT,NO DEFECTS,"TWO-WAY, DIVIDED, POSITIVE MEDIAN BARRIER",39.001565,-77.04005167,"(39.001565, -77.04005167)"
MCP21980031,170530996,Montgomery County Police,Property Damage Crash,09/16/2017 05:00:00 PM,Yes,,,,,,,,,,,552 N. FREDERICK AVE,,,DRIVER,SAME DIRECTION SIDESWIPE,CLEAR,,DAYLIGHT,N/A,"N/A, UNKNOWN",,OTHER VEHICLE,N/A,,,,,,39.14855167,-77.20947833,"(39.14855167, -77.20947833)"
MCP3044002F,180011426,Montgomery County Police,Property Damage Crash,03/06/2018 05:16:00 PM,No,Maryland (State),West,,3,South,5,FEET,LEVEL,CHERRY HILL RD,PROSPERITY DR,,N/A,,DRIVER,SAME DIR REAR END,RAINING,WET,DAYLIGHT,TRAFFIC SIGNAL,NONE DETECTED,,OTHER VEHICLE,N/A,N/A,T-INTERSECTION,STRAIGHT,NO DEFECTS,"TWO-WAY, DIVIDED, POSITIVE MEDIAN BARRIER",39.06206167,-76.96020833,"(39.06206167, -76.96020833)"
MCP2904001N,16000131,Montgomery County Police,Property Damage Crash,01/01/2016 04:58:00 PM,No,Maryland (State),North,,2,South,125,FEET,HILL UPHILL,PINEY BRANCH RD,GREENWOOD AVE,,N/A,,DRIVER,ANGLE MEETS RIGHT TURN,CLEAR,DRY,DARK LIGHTS ON,NO CONTROLS,NONE DETECTED,,OTHER VEHICLE,N/A,N/A,N/A,STRAIGHT,NO DEFECTS,"TWO-WAY, NOT DIVIDED",38.99829333,-77.00281833,"(38.99829333, -77.00281833)"
MCP3428000F,250018370,MONTGOMERY,Property Damage Crash,04/27/2025 10:41:00 PM,,County Route,Westbound,Lane 1,2,South,12.01,FEET,Level,MIDDLEBROOK RD (WB/L),,,,,DRIVER,Front to Rear,Clear,Dry,Dark - Lighted,No Controls,"Not Suspect of Alcohol Use, Not Suspect of Drug Use, Unknown, Unknown",,Motor Vehicle In Transport,,Non-Junction,,Straight,No Defects,"Divided, Raised Median (curbed)",39.17536546,-77.257243,"(39.17536546, -77.257243)"
MCP271700MF,190004985,Montgomery County Police,Injury Crash,01/31/2019 07:30:00 PM,No,,,,,,,,,,,5301 TUCKERMAN LANE (PARKING LOT OF STRATHMORE CONCERT HALL),,PEDESTRIAN,DRIVER,OTHER,N/A,,DARK LIGHTS ON,NO CONTROLS,NONE DETECTED,NONE DETECTED,PEDESTRIAN,N/A,,,,,,39.03139367,-77.10239017,"(39.03139367, -77.10239017)"
MCP2917002P,180032619,Montgomery County Police,Property Damage Crash,06/12/2018 05:00:00 PM,No,,,,,,,,,,,14216 PEAR TREE CT APT#11 SILVER SPRING MARYLAND 20906,,,DRIVER,OTHER,CLEAR,,DAYLIGHT,NO CONTROLS,NONE DETECTED,,PARKED VEHICLE,PARKED VEHICLE,,,,,,39.09092623,-77.0692192,"(39.09092623, -77.0692192)"
MCP2353009K,210048881,Montgomery County Police,Injury Crash,12/02/2021 09:21:00 AM,No,Maryland (State),North,,5,South,400,FEET,LEVEL,ROCKVILLE PIKE,NICHOLSON LA,,N/A,,DRIVER,SAME DIRECTION RIGHT TURN,CLOUDY,DRY,DAYLIGHT,NO CONTROLS,NONE DETECTED,,OTHER VEHICLE,OTHER VEHICLE,NON INTERSECTION,N/A,STRAIGHT,NO DEFECTS,"TWO-WAY, DIVIDED, POSITIVE MEDIAN BARRIER",39.04410833,-77.11128167,"(39.04410833, -77.11128167)"
MCP3206002B,230004836,Montgomery County Police,Property Damage Crash,01/30/2023 11:40:00 AM,No,Maryland (State),North,,3,South,50,FEET,LEVEL,NEW HAMPSHIRE AVE,RODNEY RD,,N/A,,DRIVER,SINGLE VEHICLE,CLOUDY,DRY,DAYLIGHT,NO CONTROLS,NONE DETECTED,,FIXED OBJECT,N/A,NON INTERSECTION,N/A,STRAIGHT,NO DEFECTS,"TWO-WAY, DIVIDED, POSITIVE MEDIAN BARRIER",39.02867889,-76.9831973,"(39.02867889, -76.9831973)"
MCP3108001K,210018122,Montgomery County Police,Injury Crash,05/14/2021 11:22:00 AM,No,Maryland (State),South,,5,North,0,FEET,LEVEL,FREDERICK RD,MONTGOMERY AVE,,GAITHERSBURG,,DRIVER,STRAIGHT MOVEMENT ANGLE,CLEAR,SLUSH,DAYLIGHT,N/A,NONE DETECTED,,OTHER VEHICLE,N/A,INTERSECTION,T-INTERSECTION,STRAIGHT,NO DEFECTS,"TWO-WAY, NOT DIVIDED",39.14555833,-77.20364833,"(39.14555833, -77.20364833)"
MCP137801B0,240054841,MONTGOMERY,Property Damage Crash,11/15/2024 12:50:00 PM,No,County Route,Northbound,Lane 1,1,South,27.33,FEET,Level,PIER POINT PL,,,,,DRIVER,"Sideswipe, Same Direction",Cloudy,Dry,Daylight,No Controls,"Not Suspect of Alcohol Use, Not Suspect of Drug Use",,Parked Vehicle,,Non-Junction,,Straight,No Defects,Not Divided,39.16178743,-77.19829948,"(39.16178743, -77.19829948)"
DM8336002H,190017762,Takoma Park Police Depart,Property Damage Crash,04/16/2019 12:30:00 PM,Yes,Maryland (State),West,,2,South,20,FEET,LEVEL,CARROLL AVE,FLOWER AVE,,TAKOMA PARK,,DRIVER,OTHER,CLEAR,DRY,DAYLIGHT,N/A,"N/A, NONE DETECTED",,OTHER VEHICLE,OTHER VEHICLE,N/A,N/A,STRAIGHT,NO DEFECTS,"TWO-WAY, DIVIDED, UNPROTECTED PAINTED MIN 4 FEET",38.98559,-76.99911667,"(38.98559, -76.99911667)"
MCP25520056,220042980,Montgomery County Police,Property Damage Crash,10/02/2022 05:03:00 PM,No,Ramp,East,ON RAMP,1,North,50,FEET,HILL UPHILL,RAMP 9 FR RAMP 1 TO REDLAND BLVD,RAMP 1 FR IS 270 NB TO SHADY GROVE RD WB,,N/A,,DRIVER,SINGLE VEHICLE,RAINING,WET,DAYLIGHT,NO CONTROLS,N/A,,FIXED OBJECT,N/A,INTERCHANGE RELATED,N/A,CURVE RIGHT,NO DEFECTS,N/A,39.10983167,-77.18506333,"(39.10983167, -77.18506333)"
DD55060006,15012985,Rockville Police Departme,Injury Crash,03/21/2015 02:21:00 AM,No,Maryland (State),Unknown,UNKNOWN,4,North,0,FEET,LEVEL,ROCKVILLE PIKE,DODGE ST,,N/A,,UNKNOWN,UNKNOWN,CLEAR,DRY,DARK LIGHTS ON,TRAFFIC SIGNAL,NONE DETECTED,,OTHER VEHICLE,N/A,INTERSECTION,FOUR-WAY INTERSECTION,STRAIGHT,NO DEFECTS,"TWO-WAY, DIVIDED, POSITIVE MEDIAN BARRIER",39.08025,-77.14374667,"(39.08025, -77.14374667)"
MCP2686001L,16063425,Montgomery County Police,Property Damage Crash,12/10/2016 02:26:00 PM,Yes,County,East,,2,East,150,FEET,LEVEL,WYNNFIELD DR,WALNUTWOOD LA,,N/A,,DRIVER,OPPOSITE DIRECTION SIDESWIPE,CLEAR,DRY,DAYLIGHT,NO CONTROLS,"ALCOHOL CONTRIBUTED, N/A",,OTHER VEHICLE,N/A,N/A,N/A,STRAIGHT,NO DEFECTS,"TWO-WAY, NOT DIVIDED",39.18561716,-77.27873996,"(39.18561716, -77.27873996)"
MCP11510050,16035939,Montgomery County Police,Property Damage Crash,07/15/2016 07:00:00 PM,No,Other Public Roadway,East,,2,South,35,FEET,GRADE DOWNHILL,OBSERVATION DR,GERMANTOWN RD,,N/A,,DRIVER,OTHER,CLEAR,DRY,DAYLIGHT,N/A,NONE DETECTED,,OTHER VEHICLE,N/A,NON INTERSECTION,N/A,STRAIGHT,NO DEFECTS,"TWO-WAY, NOT DIVIDED",39.19086333,-77.24795667,"(39.19086333, -77.24795667)"
MCP31340051,240038267,MONTGOMERY,Injury Crash,08/13/2024 07:58:00 PM,No,Maryland (State) Route,Not On Roadway,Left Turn Lane,2,South,59.61,FEET,Level,,,,,,DRIVER,Single Vehicle,Clear,Dry,Daylight,No Controls,"Not Suspect of Alcohol Use, Not Suspect of Drug Use",,Utility Pole/Light Support,,Non-Junction,,Curve Left,No Defects,Not Divided,39.11086984,-76.93370124,"(39.11086984, -76.93370124)"
MCP2094008G,170508482,Montgomery County Police,Injury Crash,05/18/2017 01:01:00 PM,No,,,,,,,,,,,"PARKING LOT OF
10541 CONNECTICUT AVE",,,DRIVER,SINGLE VEHICLE,CLEAR,,DAYLIGHT,OTHER,NONE DETECTED,,FIXED OBJECT,N/A,,,,,,39.02809,-77.07551667,"(39.02809, -77.07551667)"
EJ7879000W,200030274,Gaithersburg Police Depar,Property Damage Crash,08/04/2020 04:10:00 PM,Yes,Municipality,West,,1,South,100,FEET,GRADE DOWNHILL,PERRY PKWY,FREDERICK RD,,N/A,,DRIVER,SAME DIRECTION SIDESWIPE,CLEAR,DRY,DAYLIGHT,NO CONTROLS,"NONE DETECTED, UNKNOWN",,OTHER VEHICLE,N/A,NON INTERSECTION,N/A,CURVE RIGHT,NO DEFECTS,"TWO-WAY, NOT DIVIDED",39.14862767,-77.21197665,"(39.14862767, -77.21197665)"
MCP22390018,190024011,Montgomery County Police,Property Damage Crash,05/21/2019 08:39:00 AM,No,County,North,,3,North,0,FEET,LEVEL,SHADY GROVE RD,CORPORATE BLVD,,N/A,,DRIVER,HEAD ON LEFT TURN,CLEAR,DRY,DAYLIGHT,TRAFFIC SIGNAL,NONE DETECTED,,OTHER VEHICLE,N/A,INTERSECTION,FOUR-WAY INTERSECTION,STRAIGHT,NO DEFECTS,"TWO-WAY, DIVIDED, POSITIVE MEDIAN BARRIER",39.107555,-77.18934833,"(39.107555, -77.18934833)"
MCP292300CX,240038356,MONTGOMERY,Property Damage Crash,08/14/2024 08:30:00 AM,,County Route,Unknown,"Lane 1, Other",2,West,56.73,FEET,Level,PROCTER ST,,,,,UNKNOWN,"Sideswipe, Same Direction",Clear,Dry,Daylight,No Controls,"Unknown, Unknown",,Parked Vehicle,,Non-Junction,,Straight,No Defects,Not Divided,39.02555835,-77.02369734,"(39.02555835, -77.02369734)"
DD5595003Y,170503904,Rockville Police Departme,Property Damage Crash,04/24/2017 04:42:00 PM,Yes,,,,,,,,,,,THE PARKING LOT LOCATED AT 14929 SHDY GROVE RD.,,,DRIVER,OTHER,RAINING,,DAYLIGHT,NO CONTROLS,UNKNOWN,,PARKED VEHICLE,N/A,,,,,,39.09676748,-77.19197318,"(39.09676748, -77.19197318)"
MCP2914001W,15053271,MONTGOMERY,Injury Crash,10/20/2015 05:45:00 PM,No,US (State),North,,3,North,0,FEET,GRADE DOWNHILL,COLESVILLE RD,TIMBERWOOD AVE,,N/A,,DRIVER,OTHER,CLEAR,N/A,DAYLIGHT,N/A,N/A,,OTHER VEHICLE,N/A,N/A,FOUR-WAY INTERSECTION,STRAIGHT,N/A,"TWO-WAY, DIVIDED, POSITIVE MEDIAN BARRIER",39.02159889,-77.01185346,"(39.02159889, -77.01185346)"
MCP2752003H,190037706,Montgomery County Police,Property Damage Crash,08/07/2019 06:50:00 PM,No,County,South,,3,South,50,FEET,LEVEL,WOODMONT AVE,NORTH LA,,N/A,,DRIVER,OTHER,RAINING,WET,DAYLIGHT,NO CONTROLS,"N/A, NONE DETECTED",,OTHER VEHICLE,N/A,N/A,N/A,CURVE LEFT,NO DEFECTS,ONE-WAY TRAFFICWAY,38.98214167,-77.08993667,"(38.98214167, -77.08993667)"
MCP29170072,200040679,Montgomery County Police,Property Damage Crash,10/15/2020 01:20:00 PM,No,County,West,RIGHT TURN LANE,3,North,0,FEET,GRADE DOWNHILL,ASPEN HILL RD,VEIRS MILL RD,,N/A,,DRIVER,SAME DIRECTION RIGHT TURN,CLEAR,DRY,DAYLIGHT,TRAFFIC SIGNAL,NONE DETECTED,,OTHER VEHICLE,OTHER VEHICLE,INTERSECTION,T-INTERSECTION,STRAIGHT,NO DEFECTS,"TWO-WAY, NOT DIVIDED",39.069505,-77.10463167,"(39.069505, -77.10463167)"
MCP3195002D,210024055,Montgomery County Police,Injury Crash,06/23/2021 04:12:00 PM,No,US (State),South,,3,North,0,FEET,LEVEL,COLUMBIA PIKE,MUSGROVE RD,,N/A,,DRIVER,SAME DIR REAR END,CLEAR,DRY,DAYLIGHT,TRAFFIC SIGNAL,NONE DETECTED,,OTHER VEHICLE,N/A,INTERSECTION,FOUR-WAY INTERSECTION,STRAIGHT,NO DEFECTS,"TWO-WAY, DIVIDED, POSITIVE MEDIAN BARRIER",39.06808833,-76.9593285,"(39.06808833, -76.9593285)"
MCP22150025,230007899,Montgomery County Police,Injury Crash,02/16/2023 03:50:00 PM,No,Maryland (State),North,,4,North,0,FEET,HILL UPHILL,RIDGE RD,VALLEY PARK DR,,N/A,,DRIVER,ANGLE MEETS LEFT HEAD ON,RAINING,WET,DAYLIGHT,STOP SIGN,NONE DETECTED,,OTHER VEHICLE,N/A,INTERSECTION,T-INTERSECTION,STRAIGHT,NO DEFECTS,"TWO-WAY, NOT DIVIDED",39.27414667,-77.21520667,"(39.27414667, -77.21520667)"
MCP2436007C,190022364,Montgomery County Police,Property Damage Crash,05/12/2019 11:50:00 AM,No,US (State),North,,3,North,0,FEET,GRADE DOWNHILL,COLESVILLE RD,TIMBERWOOD AVE,,N/A,,DRIVER,SAME DIR REAR END,RAINING,WET,DAYLIGHT,OTHER,NONE DETECTED,,OTHER VEHICLE,N/A,INTERSECTION RELATED,FOUR-WAY INTERSECTION,STRAIGHT,N/A,"TWO-WAY, DIVIDED, POSITIVE MEDIAN BARRIER",39.021625,-77.01193667,"(39.021625, -77.01193667)"
EJ7858007W,23003339,Gaithersburg Police Depar,Injury Crash,07/13/2023 10:35:00 AM,Yes,Maryland (State),East,,1,North,0,FEET,LEVEL,FREDERICK RD,WATKINS MILL RD,,N/A,BICYCLIST,DRIVER,SINGLE VEHICLE,CLEAR,DRY,DAYLIGHT,STOP SIGN,UNKNOWN,NONE DETECTED,BICYCLE,N/A,INTERSECTION,T-INTERSECTION,STRAIGHT,NO DEFECTS,"TWO-WAY, NOT DIVIDED",39.15697668,-77.22112836,"(39.15697668, -77.22112836)"
MCP23850024,210013215,Montgomery County Police,Property Damage Crash,04/09/2021 04:43:00 AM,No,Maryland (State),South,,2,North,200,FEET,LEVEL,WOODFIELD RD,LOG HOUSE RD,,N/A,,DRIVER,SINGLE VEHICLE,RAINING,WATER(STANDING/MOVING),DARK NO LIGHTS,NO CONTROLS,NONE DETECTED,,FIXED OBJECT,FIXED OBJECT,NON INTERSECTION,N/A,STRAIGHT,NO DEFECTS,"TWO-WAY, NOT DIVIDED",39.25672667,-77.20095833,"(39.25672667, -77.20095833)"
MCP2016004D,190034312,Montgomery County Police,Property Damage Crash,07/19/2019 12:48:00 PM,Yes,,,,,,,,,,,PARKING LOT OF 1776 E JEFFERSON ST (MICRO CENTER),,,DRIVER,OTHER,CLEAR,,DAYLIGHT,N/A,N/A,,PARKED VEHICLE,N/A,,,,,,39.05763167,-77.12387,"(39.05763167, -77.12387)"
MCP29990009,16003723,Montgomery County Police,Injury Crash,01/20/2016 09:56:00 PM,No,County,West,LEFT TURN LANE,2,South,0,FEET,LEVEL,CHERRY HILL RD,PLUM ORCHARD DR,,N/A,,DRIVER,SAME DIR REAR END,SNOW,SNOW,DARK LIGHTS ON,TRAFFIC SIGNAL,NONE DETECTED,,OTHER VEHICLE,OTHER VEHICLE,INTERSECTION,FOUR-WAY INTERSECTION,STRAIGHT,NO DEFECTS,"TWO-WAY, NOT DIVIDED",39.05249744,-76.95309699,"(39.05249744, -76.95309699)"
MCP2198007H,200004009,Montgomery County Police,Property Damage Crash,01/24/2020 03:47:00 PM,No,Maryland (State),North,,3,North,0,FEET,LEVEL,FREDERICK RD,SHADY GROVE RD,,N/A,,DRIVER,SAME DIRECTION SIDESWIPE,CLEAR,DRY,DAYLIGHT,TRAFFIC SIGNAL,N/A,,OTHER VEHICLE,N/A,INTERSECTION RELATED,FOUR-WAY INTERSECTION,CURVE RIGHT,NO DEFECTS,"TWO-WAY, DIVIDED, POSITIVE MEDIAN BARRIER",39.14933833,-77.23318667,"(39.14933833, -77.23318667)"
EJ7851001V,16058640,Gaithersburg Police Depar,Property Damage Crash,11/14/2016 11:56:00 AM,No,Municipality,North,,2,North,0,FEET,LEVEL,RUSSELL AVE,CHRISTOPHER AVE,,GAITHERSBURG,,UNKNOWN,STRAIGHT MOVEMENT ANGLE,CLEAR,DRY,DAYLIGHT,TRAFFIC SIGNAL,NONE DETECTED,,OTHER VEHICLE,N/A,INTERSECTION,FOUR-WAY INTERSECTION,STRAIGHT,NO DEFECTS,"TWO-WAY, DIVIDED, POSITIVE MEDIAN BARRIER",39.15771056,-77.21340537,"(39.15771056, -77.21340537)"
DD5614000H,16014989,Rockville Police Departme,Property Damage Crash,03/27/2016 03:46:00 AM,No,Municipality,North,,1,North,500,FEET,GRADE DOWNHILL,WATTS BRANCH PKWY,INGLESIDE CT,,N/A,,DRIVER,SINGLE VEHICLE,N/A,N/A,DARK LIGHTS ON,NO CONTROLS,NONE DETECTED,,OFF ROAD,FIXED OBJECT,NON INTERSECTION,N/A,CURVE LEFT,NO DEFECTS,"TWO-WAY, NOT DIVIDED",39.0851,-77.17481333,"(39.0851, -77.17481333)"
MCP2921002C,180007257,Montgomery County Police,Property Damage Crash,02/11/2018 06:55:00 PM,Yes,County,East,,1,East,0,FEET,LEVEL,ALDERLEAF DR,BARGENE WAY,,N/A,,DRIVER,OTHER,CLEAR,WET,DARK LIGHTS ON,N/A,ALCOHOL CONTRIBUTED,,PARKED VEHICLE,N/A,INTERSECTION,T-INTERSECTION,STRAIGHT,NO DEFECTS,"TWO-WAY, NOT DIVIDED",39.19127594,-77.2698833,"(39.19127594, -77.2698833)"
MCP33370043,250020487,MONTGOMERY,Property Damage Crash,05/09/2025 03:36:00 PM,,County Route,"Eastbound, Westbound","Lane 1, Shoulder Area",2,West,19.47,FEET,Level,NEWTON ST,,,,,UNKNOWN,Other,Cloudy,Dry,Daylight,Stop Sign,"Unknown, Unknown",,Parked Vehicle,Tree (standing),Non-Junction,,Straight,No Defects,Not Divided,39.057568,-77.0563205,"(39.057568, -77.0563205)"
MCP3269003W,240049945,MONTGOMERY,Property Damage Crash,10/18/2024 10:51:00 PM,,County Route,Westbound,Lane 2,2,South,30.98,FEET,Uphill,POWDER MILL RD,,,,,UNKNOWN,Front to Rear,Clear,Dry,Dark - Not Lighted,No Controls,"Unknown, Unknown",,Motor Vehicle In Transport,,Through Roadway,,Straight,No Defects,"Divided, Flush Median (greater than 4ft wide)",39.02375727,-76.9732747,"(39.02375727, -76.9732747)"
MCP27230025,17011620,Montgomery County Police,Injury Crash,03/05/2017 09:58:00 AM,No,County,Unknown,,1,East,0,FEET,LEVEL,SAINT ALBERT DR,SAINT GEORGE WAY,,N/A,,DRIVER,SINGLE VEHICLE,CLEAR,DRY,DAYLIGHT,NO CONTROLS,N/A,,BACKING,FIXED OBJECT,NON INTERSECTION,N/A,STRAIGHT,NO DEFECTS,"TWO-WAY, NOT DIVIDED",39.07737,-76.98931167,"(39.07737, -76.98931167)"
MCP2732000S,15050633,Montgomery County Police,Property Damage Crash,10/13/2015 02:23:00 PM,Yes,Maryland (State),East,,3,North,0,FEET,LEVEL,GEORGIA AVE,UNIVERSITY BLVD W,,N/A,,DRIVER,SAME DIR REAR END,CLEAR,DRY,DAYLIGHT,TRAFFIC SIGNAL,"N/A, NONE DETECTED",,OTHER VEHICLE,N/A,INTERSECTION,FOUR-WAY INTERSECTION,STRAIGHT,NO DEFECTS,"TWO-WAY, NOT DIVIDED",39.05844,-77.04868333,"(39.05844, -77.04868333)"
MCP3161004P,220056734,Montgomery County Police,Property Damage Crash,12/21/2022 09:00:00 PM,No,Maryland (State),South,,3,East,0,FEET,LEVEL,UNIVERSITY BLVD W,NEWPORT MILL RD,,N/A,,DRIVER,SAME DIRECTION SIDESWIPE,CLEAR,DRY,DARK LIGHTS ON,TRAFFIC SIGNAL,NONE DETECTED,,OTHER VEHICLE,N/A,INTERSECTION RELATED,FOUR-WAY INTERSECTION,STRAIGHT,NO DEFECTS,"TWO-WAY, DIVIDED, POSITIVE MEDIAN BARRIER",39.0337775,-77.07265367,"(39.0337775, -77.07265367)"
MCP2947001D,15065906,MONTGOMERY,Property Damage Crash,12/24/2015 06:20:00 AM,No,Maryland (State),West,,3,East,0,FEET,LEVEL,VEIRS MILL RD,RANDOLPH RD,,N/A,,DRIVER,HEAD ON LEFT TURN,RAINING,WET,DARK LIGHTS ON,TRAFFIC SIGNAL,NONE DETECTED,,OTHER VEHICLE,N/A,INTERSECTION,FOUR-WAY INTERSECTION,STRAIGHT,NO DEFECTS,"TWO-WAY, DIVIDED, UNPROTECTED PAINTED MIN 4 FEET",39.05689667,-77.082725,"(39.05689667, -77.082725)"
DD56030040,170514300,Rockville Police Departme,Injury Crash,06/17/2017 05:15:00 PM,Yes,,,,,,,,,,,"PARKING LOT OF 1471 ROCKVILLE PIKE, ROCKVILLE, MD",,PEDESTRIAN,DRIVER,OTHER,CLEAR,,DAYLIGHT,STOP SIGN,UNKNOWN,NONE DETECTED,PEDESTRIAN,N/A,,,,,,39.06536,-77.12735167,"(39.06536, -77.12735167)"
EJ7871002B,190050069,Gaithersburg Police Depar,Property Damage Crash,10/18/2019 07:39:00 PM,No,Municipality,West,,1,East,0,FEET,LEVEL,TRAVIS AVE,FREDERICK RD,,N/A,,DRIVER,SAME DIRECTION LEFT TURN,CLEAR,DRY,DARK LIGHTS ON,STOP SIGN,NONE DETECTED,,OTHER VEHICLE,N/A,INTERSECTION,T-INTERSECTION,STRAIGHT,NO DEFECTS,"TWO-WAY, NOT DIVIDED",39.16233833,-77.22083,"(39.16233833, -77.22083)"
MCP2388000N,15061213,MONTGOMERY,Property Damage Crash,11/30/2015 08:11:00 PM,No,Maryland (State),North,,6,North,0,FEET,LEVEL,FREDERICK RD,SHADY GROVE RD,,N/A,,DRIVER,OPPOSITE DIRECTION SIDESWIPE,RAINING,WET,DARK LIGHTS ON,TRAFFIC SIGNAL,NONE DETECTED,,OTHER VEHICLE,N/A,INTERSECTION,FOUR-WAY INTERSECTION,STRAIGHT,NO DEFECTS,N/A,39.12273333,-77.17739667,"(39.12273333, -77.17739667)"
MCP2877004N,170545774,Montgomery County Police,Property Damage Crash,11/30/2017 11:00:00 AM,No,County,South,OTHER,1,South,100,FEET,LEVEL,SECOND AVE,NOYES DR,,N/A,,DRIVER,OTHER,CLEAR,DRY,DAYLIGHT,NO CONTROLS,NONE DETECTED,,PARKED VEHICLE,N/A,N/A,N/A,STRAIGHT,NO DEFECTS,"TWO-WAY, NOT DIVIDED",39.00024,-77.03697667,"(39.00024, -77.03697667)"
MCP1491000J,170522510,Montgomery County Police,Property Damage Crash,08/02/2017 12:22:00 PM,No,Maryland (State),South,,3,North,50,FEET,GRADE DOWNHILL,ROCKVILLE PIKE,MT VERNON PL,,ROCKVILLE,,DRIVER,SAME DIRECTION SIDESWIPE,CLEAR,DRY,DAYLIGHT,N/A,NONE DETECTED,,OTHER VEHICLE,N/A,NON INTERSECTION,N/A,STRAIGHT,NO DEFECTS,"TWO-WAY, DIVIDED, POSITIVE MEDIAN BARRIER",39.07619667,-77.13878333,"(39.07619667, -77.13878333)"
MCP2765002W,16048409,Montgomery County Police,Property Damage Crash,09/20/2016 07:00:00 PM,No,Maryland (State),West,,2,East,0,FEET,LEVEL,DARNESTOWN RD,SENECA RD,,N/A,,DRIVER,SAME DIRECTION RIGHT TURN,CLEAR,DRY,DAYLIGHT,TRAFFIC SIGNAL,NONE DETECTED,,OTHER VEHICLE,FIXED OBJECT,INTERSECTION,FOUR-WAY INTERSECTION,STRAIGHT,NO DEFECTS,"TWO-WAY, NOT DIVIDED",39.10344167,-77.29145,"(39.10344167, -77.29145)"
MCP2348006H,230023986,Montgomery County Police,Injury Crash,05/19/2023 07:38:00 AM,No,County,West,,2,East,0,FEET,GRADE DOWNHILL,EAST VILLAGE AVE,PLUM CREEK DR,,N/A,,DRIVER,STRAIGHT MOVEMENT ANGLE,CLEAR,DRY,DAYLIGHT,NO CONTROLS,"N/A, NONE DETECTED",,OTHER VEHICLE,N/A,N/A,T-INTERSECTION,STRAIGHT,NO DEFECTS,"TWO-WAY, DIVIDED, POSITIVE MEDIAN BARRIER",39.18801841,-77.1644895,"(39.18801841, -77.1644895)"
MCP3290000B,210006543,Montgomery County Police,Property Damage Crash,02/19/2021 10:10:00 PM,No,Maryland (State),West,,3,East,0,FEET,N/A,UNIVERSITY BLVD E,CARROLL AVE,,N/A,,DRIVER,SINGLE VEHICLE,N/A,DRY,DARK LIGHTS ON,TRAFFIC SIGNAL,ALCOHOL PRESENT,,N/A,N/A,INTERSECTION,FOUR-WAY INTERSECTION,STRAIGHT,NO DEFECTS,"TWO-WAY, DIVIDED, POSITIVE MEDIAN BARRIER",38.99378419,-76.99231716,"(38.99378419, -76.99231716)"
MCP21980018,15052588,MONTGOMERY,Injury Crash,10/16/2015 05:55:00 PM,No,County,West,,3,North,,FEET,LEVEL,SAM EIG HWY,RAMP 1 FR IS 270 NB TO IS 370 WB,,N/A,,DRIVER,SINGLE VEHICLE,CLEAR,DRY,DAYLIGHT,N/A,N/A,,N/A,N/A,OTHER,Y-INTERSECTION,STRAIGHT,NO DEFECTS,ONE-WAY TRAFFICWAY,39.12210333,-77.19822833,"(39.12210333, -77.19822833)"