Report Number,Local Case Number,Agency Name,ACRS Report Type,Crash Date/Time,Hit/Run,Route Type,Lane Direction,Lane Type,Number of Lanes,Direction,Distance,Distance Unit,Road Grade,Road Name,Cross-Street Name,Off-Road Description,Municipality,Related Non-Motorist,At Fault,Collision Type,Weather,Surface Condition,Light,Traffic Control,Driver Substance Abuse,Non-Motorist Substance Abuse,First Harmful Event,Second Harmful Event,Junction,Intersection Type,Road Alignment,Road Condition,Road Division,Latitude,Longitude,Location
DM8497000T,210031794,Takoma Park Police Depart,Property Damage Crash,08/16/2021 06:25:00 AM,No,,,,,,,,,,,"PARKING LOT OF 711 AT 6900 NEW HAMPSHIRE AVE TAKOMA PARK, MD.",,,DRIVER,SINGLE VEHICLE,CLOUDY,,DAWN,NO CONTROLS,NONE DETECTED,,FIXED OBJECT,N/A,,,,,,38.97579,-76.99388,"(38.97579, -76.99388)"
MCP2765001F,15024458,Montgomery County Police,Injury Crash,05/21/2015 05:12:00 PM,No,Municipality,West,,3,East,10,FEET,HILL UPHILL,W GUDE DR,W MONTGOMERY AVE,,N/A,,DRIVER,SAME DIR REAR END,CLOUDY,WET,DAYLIGHT,TRAFFIC SIGNAL,NONE DETECTED,,OTHER VEHICLE,OTHER VEHICLE,INTERSECTION RELATED,FOUR-WAY INTERSECTION,STRAIGHT,NO DEFECTS,"TWO-WAY, NOT DIVIDED",39.099845,-77.18397167,"(39.099845, -77.18397167)"
MCP32000078,230001646,Montgomery County Police,Injury Crash,01/11/2023 07:38:00 AM,No,County,South,,1,North,0,FEET,LEVEL,FERNWOOD RD,GREYSWOOD RD,,N/A,,DRIVER,SAME DIRECTION RIGHT TURN,CLEAR,DRY,DAWN,TRAFFIC SIGNAL,NONE DETECTED,,OTHER VEHICLE,N/A,INTERSECTION,FOUR-WAY INTERSECTION,STRAIGHT,NO DEFECTS,"TWO-WAY, NOT DIVIDED",39.01826667,-77.13299517,"(39.01826667, -77.13299517)"
MCP2923003S,170544956,Montgomery County Police,Property Damage Crash,11/26/2017 09:18:00 AM,No,County,South,,3,East,0,FEET,LEVEL,DAWSON AVE,GEORGIA AVE,,N/A,,DRIVER,SINGLE VEHICLE,N/A,DRY,DAYLIGHT,NO CONTROLS,NONE DETECTED,,OVERTURN,FIXED OBJECT,INTERSECTION,FOUR-WAY INTERSECTION,STRAIGHT,NO DEFECTS,"TWO-WAY, NOT DIVIDED",39.04552765,-77.05224752,"(39.04552765, -77.05224752)"
MCP2761003C,220021845,Montgomery County Police,Injury Crash,05/24/2022 05:10:00 PM,No,Maryland (State),East,RIGHT TURN LANE,3,East,100,FEET,LEVEL,CLOPPER RD,GREAT SENECA HWY,,N/A,,DRIVER,SAME DIR REAR END,CLEAR,DRY,DAYLIGHT,NO CONTROLS,NONE DETECTED,,OTHER VEHICLE,N/A,NON INTERSECTION,N/A,STRAIGHT,NO DEFECTS,"TWO-WAY, DIVIDED, POSITIVE MEDIAN BARRIER",39.16289546,-77.28351614,"(39.16289546, -77.28351614)"
MCP102200B6,180060836,Montgomery County Police,Property Damage Crash,12/05/2018 02:26:00 PM,No,County,East,,3,West,100,FEET,HILL UPHILL,MIDDLEBROOK RD,RAMP 7 FR MIDDLEBROOK RD TO RAMP 6,,N/A,,DRIVER,SAME DIR REAR END,CLEAR,DRY,DAYLIGHT,FLASHING TRAFFIC SIGNAL,NONE DETECTED,,OTHER VEHICLE,N/A,NON INTERSECTION,N/A,STRAIGHT,NO DEFECTS,"TWO-WAY, DIVIDED, POSITIVE MEDIAN BARRIER",39.17429833,-77.24888167,"(39.17429833, -77.24888167)"
EJ78290049,180025163,Gaithersburg Police Depar,Property Damage Crash,05/22/2018 06:45:00 PM,Yes,,,,,,,,,,,PARKING LOT OF 82 MAIN STREET BONEFISH PARKING LOT,,,DRIVER,OTHER,CLOUDY,,DAYLIGHT,NO CONTROLS,UNKNOWN,,PARKED VEHICLE,N/A,,,,,,39.12406667,-77.23367833,"(39.12406667, -77.23367833)"
MCP29140063,180000464,Montgomery County Police,Injury Crash,01/03/2018 04:24:00 PM,No,US (State),South,,3,South,100,FEET,LEVEL,COLUMBIA PIKE,FAIRLAND RD,,N/A,,DRIVER,SAME DIR REAR END,CLOUDY,N/A,DAYLIGHT,TRAFFIC SIGNAL,N/A,,OTHER VEHICLE,N/A,N/A,N/A,STRAIGHT,NO DEFECTS,"TWO-WAY, DIVIDED, POSITIVE MEDIAN BARRIER",39.074935,-76.954725,"(39.074935, -76.954725)"
MCP2526001B,170534411,Montgomery County Police,Property Damage Crash,10/02/2017 09:04:00 PM,No,County,West,,2,East,200,FEET,LEVEL,WHITES FERRY RD,MARTINSBURG RD,,N/A,,UNKNOWN,SINGLE VEHICLE,CLEAR,DRY,DARK NO LIGHTS,NO CONTROLS,NONE DETECTED,,ANIMAL,N/A,INTERSECTION RELATED,T-INTERSECTION,CURVE LEFT,NO DEFECTS,"TWO-WAY, NOT DIVIDED",39.16379,-77.47444167,"(39.16379, -77.47444167)"
MCP33860020,240054746,MONTGOMERY,Property Damage Crash,11/14/2024 08:00:00 PM,No,County Route,Eastbound,"Lane 1, Shoulder Area",1,North,21.19,FEET,Level,CORDELL AVE,,,,,UNKNOWN,Angle,Rain,Wet,Dark - Lighted,No Controls,"Not Suspect of Alcohol Use, Not Suspect of Drug Use, Not Suspect of Alcohol Use, Not Suspect of Drug Use",,Motor Vehicle In Transport,,Non-Junction,,Straight,No Defects,Not Divided,38.98900483,-77.09843617,"(38.98900483, -77.09843617)"
MCP94240022,190004073,Montgomery County Police,Injury Crash,01/26/2019 12:40:00 AM,No,,,,,,,,,,,PARKING LOT OF 9801 BETHESDA CHURCH ROAD,,PEDESTRIAN,DRIVER,SINGLE VEHICLE,CLEAR,,DARK LIGHTS ON,N/A,NONE DETECTED,NONE DETECTED,PEDESTRIAN,N/A,,,,,,39.28356667,-77.20274667,"(39.28356667, -77.20274667)"
MCP3111000F,180020553,Montgomery County Police,Property Damage Crash,04/27/2018 03:31:00 AM,Yes,Ramp,West,ON RAMP,2,North,0,FEET,HILL UPHILL,RAMP 6 FR RAMP 10 (FR IS270) TO MD 187,OLD GEORGETOWN RD,,N/A,,DRIVER,SAME DIR REAR END,RAINING,WET,DARK LIGHTS ON,TRAFFIC SIGNAL,"NONE DETECTED, UNKNOWN",,OTHER VEHICLE,N/A,INTERCHANGE RELATED,FOUR-WAY INTERSECTION,CURVE LEFT,NO DEFECTS,ONE-WAY TRAFFICWAY,39.030175,-77.12721333,"(39.030175, -77.12721333)"
EJ78580048,190053072,Gaithersburg Police Depar,Injury Crash,11/04/2019 11:15:00 AM,No,Municipality,East,,2,East,0,FEET,HILL UPHILL,GIRARD ST,N SUMMIT AVE,,N/A,PEDESTRIAN,DRIVER,SINGLE VEHICLE,CLEAR,DRY,DAYLIGHT,TRAFFIC SIGNAL,NONE DETECTED,NONE DETECTED,PEDESTRIAN,N/A,INTERSECTION,T-INTERSECTION,STRAIGHT,NO DEFECTS,"TWO-WAY, DIVIDED, POSITIVE MEDIAN BARRIER",39.150745,-77.19236333,"(39.150745, -77.19236333)"
MCP33870014,240024348,MONTGOMERY,Injury Crash,05/23/2024 07:35:00 AM,No,County Route,Southbound,Lane 3,3,West,41.53,FEET,Level,LOCKWOOD DR (SB/L),,,,,DRIVER,Front to Rear,Clear,Dry,Daylight,Traffic Control Signal,"Not Suspect of Alcohol Use, Not Suspect of Drug Use, Not Suspect of Alcohol Use, Not Suspect of Drug Use",,Motor Vehicle In Transport,,Non-Junction,,Straight,No Defects,"Divided, Flush Median (greater than 4ft wide)",39.0400894,-76.98999519,"(39.0400894, -76.98999519)"
MCP2116003V,16009582,MONTGOMERY,Property Damage Crash,02/26/2016 11:46:00 AM,No,Maryland (State),East,,3,East,0,FEET,LEVEL,DARNESTOWN RD,ENT TO QUINCE ORCHARD HIGH SCHOOL,,N/A,,DRIVER,STRAIGHT MOVEMENT ANGLE,CLEAR,DRY,DAYLIGHT,TRAFFIC SIGNAL,NONE DETECTED,,OTHER VEHICLE,N/A,INTERSECTION,FOUR-WAY INTERSECTION,STRAIGHT,NO DEFECTS,"TWO-WAY, DIVIDED, POSITIVE MEDIAN BARRIER",39.11819167,-77.25482833,"(39.11819167, -77.25482833)"
MCP2851001W,16033861,Montgomery County Police,Property Damage Crash,07/04/2016 08:30:00 PM,No,County,South,,1,South,30,FEET,LEVEL,WATKINS MILL RD,GREENRIVER TERR,,N/A,,DRIVER,SINGLE VEHICLE,RAINING,WET,DUSK,NO CONTROLS,NONE DETECTED,,N/A,N/A,NON INTERSECTION,N/A,CURVE LEFT,N/A,"TWO-WAY, NOT DIVIDED",39.18978333,-77.22102,"(39.18978333, -77.22102)"
MCP137800X4,210016126,Montgomery County Police,Injury Crash,04/30/2021 02:28:00 PM,No,County,North,,2,South,500,FEET,LEVEL,MONTGOMERY VILLAGE AVE,WALKERS CHOICE RD,,N/A,,DRIVER,SAME DIR REAR END,CLEAR,DRY,DAYLIGHT,NO CONTROLS,NONE DETECTED,,OTHER VEHICLE,N/A,NON INTERSECTION,N/A,STRAIGHT,NO DEFECTS,"TWO-WAY, DIVIDED, POSITIVE MEDIAN BARRIER",39.16405,-77.20378333,"(39.16405, -77.20378333)"
MCP28480012,15035210,MONTGOMERY,Injury Crash,07/17/2015 03:47:00 PM,No,Interstate (State),South,,3,South,300,FEET,LEVEL,EISENHOWER MEMORIAL HWY,CAPITAL BELTWAY,,N/A,,DRIVER,SAME DIR REAR END,CLOUDY,DRY,DAYLIGHT,NO CONTROLS,NONE DETECTED,,OTHER VEHICLE,OTHER VEHICLE,N/A,N/A,STRAIGHT,NO DEFECTS,"TWO-WAY, DIVIDED, POSITIVE MEDIAN BARRIER",39.02355667,-77.10718,"(39.02355667, -77.10718)"
MCP1550002S,180010598,Montgomery County Police,Property Damage Crash,03/01/2018 12:49:00 PM,Yes,,,,,,,,,,,PARKING LOT OF WALT WHITMAN HIGH SCHOOL,,,DRIVER,UNKNOWN,CLOUDY,,DAYLIGHT,NO CONTROLS,UNKNOWN,,OTHER VEHICLE,N/A,,,,,,38.98137333,-77.12616333,"(38.98137333, -77.12616333)"
MCP2298011Y,220050532,Montgomery County Police,Property Damage Crash,11/15/2022 06:10:00 PM,No,Maryland (State),West,,2,East,250,FEET,LEVEL,SPENCERVILLE RD,BURTONSVILLE DR,,N/A,,DRIVER,SINGLE VEHICLE,RAINING,WET,DARK LIGHTS ON,NO CONTROLS,NONE DETECTED,,FIXED OBJECT,N/A,NON INTERSECTION,N/A,STRAIGHT,NO DEFECTS,"TWO-WAY, NOT DIVIDED",39.10816667,-76.945195,"(39.10816667, -76.945195)"
MCP320000CN,240032451,MONTGOMERY,Injury Crash,07/10/2024 08:38:00 AM,No,County Route,"Eastbound, Southbound","Median Area, Other",1,North,85.53,FEET,"Level, Uphill",SEVEN LOCKS RD,,,,,DRIVER,Other,Clear,Dry,Daylight,"No Controls, Stop Sign","Not Suspect of Alcohol Use, Not Suspect of Drug Use, Not Suspect of Alcohol Use, Not Suspect of Drug Use",,Motor Vehicle In Transport,,Non-Junction,,Straight,No Defects,"Divided, Flush Median (greater than 4ft wide), Not Divided",39.01302056,-77.16027992,"(39.01302056, -77.16027992)"
MCP26660036,190044350,Montgomery County Police,Injury Crash,09/16/2019 03:05:00 PM,No,Maryland (State),West,,3,East,0,FEET,LEVEL,UNIVERSITY BLVD W,LORAIN AVE,,N/A,,DRIVER,STRAIGHT MOVEMENT ANGLE,CLEAR,DRY,DAYLIGHT,STOP SIGN,NONE DETECTED,,OTHER VEHICLE,N/A,INTERSECTION,FOUR-WAY INTERSECTION,STRAIGHT,NO DEFECTS,"TWO-WAY, DIVIDED, POSITIVE MEDIAN BARRIER",39.02191,-77.01500167,"(39.02191, -77.01500167)"
MCP2487001N,190057838,Montgomery County Police,Property Damage Crash,12/01/2019 02:24:00 PM,No,County,West,,1,West,300,FEET,LEVEL,GLEN RD,STRUC #M0015 PINEY BRANCH,,N/A,,DRIVER,OPPOSITE DIRECTION SIDESWIPE,RAINING,WET,DAYLIGHT,NO CONTROLS,NONE DETECTED,,OTHER VEHICLE,N/A,N/A,N/A,CURVE RIGHT,NO DEFECTS,"TWO-WAY, NOT DIVIDED",39.04502521,-77.21911795,"(39.04502521, -77.21911795)"
MCP2969006H,190026380,Montgomery County Police,Property Damage Crash,06/03/2019 08:10:00 AM,No,,North,,1,West,0,FEET,LEVEL,HARDING LN,PAMELA DR,,N/A,,DRIVER,SINGLE VEHICLE,CLEAR,"MUD, DIRT, GRAVEL",DAYLIGHT,N/A,NONE DETECTED,,FIXED OBJECT,N/A,INTERSECTION,T-INTERSECTION,STRAIGHT,OTHER,"TWO-WAY, NOT DIVIDED",39.11525167,-76.98406,"(39.11525167, -76.98406)"
MCP2536001T,180025427,Montgomery County Police,Property Damage Crash,05/24/2018 06:05:00 AM,No,County,East,,3,East,0,FEET,LEVEL,RANDOLPH RD,CONNECTICUT AVE,,N/A,,DRIVER,STRAIGHT MOVEMENT ANGLE,CLEAR,DRY,DAWN,TRAFFIC SIGNAL,NONE DETECTED,,OTHER VEHICLE,N/A,INTERSECTION,FOUR-WAY INTERSECTION,STRAIGHT,NO DEFECTS,"TWO-WAY, DIVIDED, POSITIVE MEDIAN BARRIER",39.05715833,-77.07339333,"(39.05715833, -77.07339333)"
MCP2875009G,240052041,MONTGOMERY,Property Damage Crash,10/30/2024 02:30:00 PM,No,Maryland (State) Route,Northbound,Lane 1,2,East,19.68,FEET,Downhill,FREDERICK RD,,,,,DRIVER,Front to Rear,Clear,Dry,Daylight,No Controls,"Not Suspect of Alcohol Use, Not Suspect of Drug Use, Not Suspect of Alcohol Use, Not Suspect of Drug Use",,Motor Vehicle In Transport,Overturn/Rollover,Through Roadway,,Curve Left,No Defects,Not Divided,39.21416,-77.2497,"(39.21416, -77.2497)"
MCP1598000L,240046973,MONTGOMERY,Property Damage Crash,10/02/2024 08:39:00 AM,No,Interstate (State),Southbound,Acceleration Lane,5,North,45.67,FEET,Level,EISENHOWER MEMORIAL HWY (SB/L),RAMP 6 FR MD 117 EB TO IS 270 SB,,,,DRIVER,"Sideswipe, Same Direction",Rain,Wet,Daylight,No Controls,"Not Suspect of Alcohol Use, Not Suspect of Drug Use, Not Suspect of Alcohol Use, Not Suspect of Drug Use",,Motor Vehicle In Transport,Not Applicable,Acceleration/Deceleration Lane,,Straight,No Defects,"Divided, Flush Median (greater than 4ft wide), Divided, Raised Median (curbed)",39.13729,-77.21133,"(39.13729, -77.21133)"
MCP32000042,210042932,Montgomery County Police,Injury Crash,10/25/2021 12:42:00 PM,No,Maryland (State),West,,2,East,0,FEET,LEVEL,RIVER RD,GREYSTONE ST,,SOMERSET,,DRIVER,OTHER,CLEAR,DRY,DAYLIGHT,STOP SIGN,NONE DETECTED,,OTHER VEHICLE,OTHER VEHICLE,INTERSECTION,T-INTERSECTION,STRAIGHT,NO DEFECTS,"TWO-WAY, DIVIDED, POSITIVE MEDIAN BARRIER",38.96259067,-77.09971367,"(38.96259067, -77.09971367)"
MCP3086004C,200019279,Montgomery County Police,Property Damage Crash,05/12/2020 01:27:00 PM,No,,,,,,,,,,,IN FRONT OF 34 CESSNA CT,,,DRIVER,SINGLE VEHICLE,CLEAR,,DAYLIGHT,NO CONTROLS,UNKNOWN,,OTHER OBJECT,N/A,,,,,,39.17330101,-77.16232589,"(39.17330101, -77.16232589)"
MCP3030005D,230027592,Montgomery County Police,Injury Crash,06/08/2023 03:27:00 PM,No,Maryland (State),West,,2,West,20,FEET,LEVEL,RIVER RD,DORSEY LA,,N/A,,DRIVER,ANGLE MEETS LEFT HEAD ON,CLEAR,DRY,DAYLIGHT,NO CONTROLS,N/A,,OTHER VEHICLE,N/A,COMMERCIAL DRIVEWAY,T-INTERSECTION,STRAIGHT,NO DEFECTS,"TWO-WAY, DIVIDED, UNPROTECTED PAINTED MIN 4 FEET",38.99187,-77.09802333,"(38.99187, -77.09802333)"
MCP2927000W,16020412,Montgomery County Police,Property Damage Crash,04/25/2016 07:08:00 PM,Yes,Maryland (State),South,,3,North,0,FEET,LEVEL,GEORGIA AVE,DENNIS AVE,,N/A,,DRIVER,SAME DIR REAR END,CLEAR,DRY,DAYLIGHT,NO CONTROLS,"ALCOHOL PRESENT, NONE DETECTED",,OTHER VEHICLE,N/A,N/A,N/A,STRAIGHT,NO DEFECTS,"TWO-WAY, DIVIDED, POSITIVE MEDIAN BARRIER",39.02520174,-77.04611063,"(39.02520174, -77.04611063)"
MCP27390049,220022137,Montgomery County Police,Injury Crash,05/24/2022 12:10:00 PM,No,County,West,,3,East,0,FEET,GRADE DOWNHILL,RANDOLPH RD,HAWKESBURY LA,,N/A,,DRIVER,SAME DIR REAR END,RAINING,WET,DAYLIGHT,TRAFFIC SIGNAL,NONE DETECTED,,OTHER VEHICLE,FIXED OBJECT,INTERSECTION RELATED,FOUR-WAY INTERSECTION,STRAIGHT,NO DEFECTS,"TWO-WAY, DIVIDED, POSITIVE MEDIAN BARRIER",39.06622667,-77.02279667,"(39.06622667, -77.02279667)"
DD5567001R,230069975,Rockville Police Departme,Property Damage Crash,12/05/2023 12:27:00 PM,No,,,,,,,,,,,PARKING LOT OF 800 ROCKVILLE PIKE. VEH INTO BUILDING 891.,,,DRIVER,SINGLE VEHICLE,CLEAR,,DAYLIGHT,N/A,NONE DETECTED,,FIXED OBJECT,FIXED OBJECT,,,,,,39.07420637,-77.13746558,"(39.07420637, -77.13746558)"
MCP26830026,16049392,Montgomery County Police,Property Damage Crash,09/25/2016 10:25:00 AM,No,County,North,,2,North,0,FEET,LEVEL,GOSHEN RD,SNOUFFERS SCHOOL RD,,N/A,,DRIVER,HEAD ON LEFT TURN,CLEAR,DRY,DARK LIGHTS ON,TRAFFIC SIGNAL,NONE DETECTED,,OTHER VEHICLE,N/A,INTERSECTION,FOUR-WAY INTERSECTION,STRAIGHT,NO DEFECTS,"TWO-WAY, DIVIDED, POSITIVE MEDIAN BARRIER",39.187795,-77.186585,"(39.187795, -77.186585)"
MCP120500B0,230066626,Montgomery County Police,Injury Crash,11/16/2023 08:06:00 AM,No,,,,,,,,,,,"PARKING LOT OF 4920 STRATHMORE AVE.
KENSINGTON, MD 20895",,PEDESTRIAN,DRIVER,OTHER,CLEAR,,DAYLIGHT,NO CONTROLS,NONE DETECTED,NONE DETECTED,PEDESTRIAN,N/A,,,,,,39.031155,-77.10003167,"(39.031155, -77.10003167)"
MCP1221001F,15051905,MONTGOMERY,Injury Crash,10/13/2015 10:18:00 AM,No,,,,,,,,,,,parking lot of 15920 Shady Grove Rd,,PEDESTRIAN,DRIVER,SINGLE VEHICLE,CLOUDY,,DAYLIGHT,NO CONTROLS,NONE DETECTED,NONE DETECTED,PEDESTRIAN,N/A,,,,,,39.11806833,-77.1836,"(39.11806833, -77.1836)"
MCP3377002T,250014188,MONTGOMERY,Property Damage Crash,04/04/2025 04:00:00 PM,No,County Route,Northbound,"Gore Area, Lane 3","3, 4",South,0,FEET,Level,ELLSWORTH DR,GEORGIA AVE,,,,DRIVER,"Sideswipe, Same Direction",Clear,Dry,Daylight,Traffic Control Signal,"Not Suspect of Alcohol Use, Not Suspect of Drug Use, Not Suspect of Alcohol Use, Not Suspect of Drug Use",,Motor Vehicle In Transport,,Intersection or Related,Perpendicular,Straight,No Defects,"Divided, Flush Median (greater than 4ft wide), Not Divided",38.99531894,-77.02721103,"(38.99531894, -77.02721103)"
MCP27770041,170541525,Montgomery County Police,Injury Crash,11/07/2017 04:56:00 PM,No,Maryland (State),North,,2,North,0,FEET,LEVEL,OLD GEORGETOWN RD,BATTERY LA,,N/A,,DRIVER,HEAD ON LEFT TURN,RAINING,WET,N/A,TRAFFIC SIGNAL,NONE DETECTED,,OTHER VEHICLE,N/A,INTERSECTION,FOUR-WAY INTERSECTION,STRAIGHT,NO DEFECTS,"TWO-WAY, NOT DIVIDED",38.99039333,-77.103515,"(38.99039333, -77.103515)"
MCP3348000Y,230050642,Montgomery County Police,Injury Crash,08/22/2023 06:56:00 AM,Yes,County,East,,3,East,0,FEET,LEVEL,RANDOLPH RD,DALEWOOD DR,,N/A,,DRIVER,SAME DIR REAR END,CLEAR,DRY,DAYLIGHT,NO CONTROLS,NONE DETECTED,,OTHER VEHICLE,N/A,INTERSECTION,FOUR-WAY INTERSECTION,STRAIGHT,NO DEFECTS,"TWO-WAY, DIVIDED, POSITIVE MEDIAN BARRIER",39.05903304,-77.06927074,"(39.05903304, -77.06927074)"
MCP2703001Y,180008042,Montgomery County Police,Property Damage Crash,02/15/2018 06:02:00 PM,No,County,South,,2,North,20,FEET,LEVEL,FAIRLAND RD,COLEFAIR DR,,N/A,,DRIVER,OTHER,CLOUDY,DRY,DUSK,STOP SIGN,N/A,,OTHER VEHICLE,N/A,N/A,T-INTERSECTION,STRAIGHT,NO DEFECTS,"TWO-WAY, NOT DIVIDED",39.07720333,-76.96773167,"(39.07720333, -76.96773167)"
MCP2215000M,180057017,Montgomery County Police,Injury Crash,11/13/2018 08:17:00 PM,No,Maryland (State),North,,2,West,1,MILE,LEVEL,OLNEY LAYTONSVILLE RD,MUNCASTER RD,,N/A,,DRIVER,SAME DIR REAR END,CLOUDY,WET,DARK NO LIGHTS,NO CONTROLS,NONE DETECTED,,OTHER VEHICLE,N/A,NON INTERSECTION,N/A,STRAIGHT,NO DEFECTS,"TWO-WAY, NOT DIVIDED",39.18543333,-77.115585,"(39.18543333, -77.115585)"
MCP3254001N,220009188,Montgomery County Police,Property Damage Crash,03/03/2022 11:56:00 AM,No,County,East,LEFT TURN LANE,2,East,0,FEET,LEVEL,WISTERIA DR,GREAT SENECA HWY,,N/A,,DRIVER,SAME DIR REAR END,CLEAR,DRY,DAYLIGHT,TRAFFIC SIGNAL,NONE DETECTED,,OTHER VEHICLE,N/A,NON INTERSECTION,N/A,STRAIGHT,NO DEFECTS,"TWO-WAY, NOT DIVIDED WITH A CONTINUOUS LEFT TURN",39.171435,-77.26337167,"(39.171435, -77.26337167)"
MCP3021007P,240040548,MONTGOMERY,Property Damage Crash,08/27/2024 02:00:00 PM,No,County Route,"Northbound, Southbound","Lane 1, Lane 3",4,South,44.34,FEET,Level,BROADBIRCH DR,,,,,UNKNOWN,Front to Front,Clear,Dry,Daylight,No Controls,"Not Suspect of Alcohol Use, Not Suspect of Drug Use, Not Suspect of Alcohol Use, Not Suspect of Drug Use",,Motor Vehicle In Transport,,Non-Junction,,Straight,No Defects,Not Divided,39.05567657,-76.95952406,"(39.05567657, -76.95952406)"
MCP2683003H,180058982,Montgomery County Police,Injury Crash,11/25/2018 05:45:00 PM,No,County,North,,2,South,500,FEET,LEVEL,LOST KNIFE RD,CONTOUR RD,,N/A,,DRIVER,STRAIGHT MOVEMENT ANGLE,CLEAR,DRY,DARK LIGHTS ON,N/A,NONE DETECTED,,OTHER VEHICLE,N/A,INTERSECTION RELATED,FOUR-WAY INTERSECTION,STRAIGHT,NO DEFECTS,"TWO-WAY, DIVIDED, POSITIVE MEDIAN BARRIER",39.15366333,-77.19945333,"(39.15366333, -77.19945333)"
MCP10940004,15027498,Montgomery County Police,Injury Crash,06/07/2015 12:34:00 AM,No,Maryland (State),West,,1,East,30,FEET,GRADE DOWNHILL,MUNCASTER MILL RD,LAYTONIA DR,,N/A,,UNKNOWN,SAME DIR REAR END,CLEAR,DRY,DARK LIGHTS ON,NO CONTROLS,,,OTHER VEHICLE,N/A,INTERSECTION RELATED,OTHER,STRAIGHT,NO DEFECTS,"TWO-WAY, NOT DIVIDED",39.15413167,-77.15413833,"(39.15413167, -77.15413833)"
DD5540001Z,220031288,Rockville Police Departme,Injury Crash,07/20/2022 05:10:00 PM,No,Maryland (State),North,,3,North,0,FEET,LEVEL,ROCKVILLE PIKE,HALPINE RD,,ROCKVILLE,,DRIVER,STRAIGHT MOVEMENT ANGLE,CLEAR,DRY,DAYLIGHT,TRAFFIC SIGNAL,NONE DETECTED,,OTHER VEHICLE,N/A,INTERSECTION,FOUR-WAY INTERSECTION,STRAIGHT,NO DEFECTS,"TWO-WAY, DIVIDED, POSITIVE MEDIAN BARRIER",39.07429441,-77.13723376,"(39.07429441, -77.13723376)"
MCP15500026,16038226,Montgomery County Police,Injury Crash,07/28/2016 04:53:00 PM,No,County,East,,2,East,0,FEET,LEVEL,CEDAR LA,ELMHIRST PKWY,,N/A,,DRIVER,SAME DIR REAR END,RAINING,WET,DAYLIGHT,TRAFFIC SIGNAL,NONE DETECTED,,OTHER VEHICLE,N/A,INTERSECTION,FOUR-WAY INTERSECTION,STRAIGHT,NO DEFECTS,"TWO-WAY, NOT DIVIDED",39.007955,-77.09453333,"(39.007955, -77.09453333)"
MCP211600FS,220055958,Montgomery County Police,Property Damage Crash,12/17/2022 05:59:00 PM,No,County,East,LEFT TURN LANE,2,East,0,FEET,LEVEL,RANDOLPH RD,GEORGIA AVE,,N/A,,DRIVER,SAME DIRECTION SIDESWIPE,CLEAR,DRY,DARK LIGHTS ON,TRAFFIC SIGNAL,NONE DETECTED,,OTHER VEHICLE,N/A,INTERSECTION,FOUR-WAY INTERSECTION,STRAIGHT,NO DEFECTS,"TWO-WAY, DIVIDED, POSITIVE MEDIAN BARRIER",39.05917667,-77.05005833,"(39.05917667, -77.05005833)"
MCP3036000P,170503213,Montgomery County Police,Property Damage Crash,04/20/2017 06:51:00 PM,No,Municipality,North,,2,South,0,FEET,LEVEL,ORCHARD RIDGE DR,MILL GREEN AVE,,GAITHERSBURG,,DRIVER,SINGLE VEHICLE,CLOUDY,DRY,DUSK,NO CONTROLS,NONE DETECTED,,FIXED OBJECT,OVERTURN,INTERSECTION,ROUNDABOUT,OTHER,NO DEFECTS,"TWO-WAY, DIVIDED, POSITIVE MEDIAN BARRIER",39.12593667,-77.22635167,"(39.12593667, -77.22635167)"
EJ7906002F,250019141,GAITHERSBURG,Property Damage Crash,05/01/2025 06:30:00 PM,,,,,0,,,FEET,,,,"Parking Stall        PARKING STALL IN FRONT OF FIVE GUYS LOCATED AT 505 QUINCE ORCHARD RD, GAITHERSBURG, MD 20878.",,,DRIVER,"Sideswipe, Same Direction",Clear,,Daylight,,"Not Suspect of Alcohol Use, Not Suspect of Drug Use, Unknown, Unknown",,Motor Vehicle In Transport,,,,,,,39.14419043,-77.21981847,"(39.14419043, -77.21981847)"
MCP2586006B,230030255,Montgomery County Police,Property Damage Crash,06/24/2023 03:30:00 PM,No,Maryland (State),East,,1,North,0,FEET,HILL UPHILL,OLD HUNDRED RD,COMUS RD,,N/A,,DRIVER,STRAIGHT MOVEMENT ANGLE,CLEAR,DRY,DAYLIGHT,STOP SIGN,NONE DETECTED,,OTHER VEHICLE,N/A,INTERSECTION,FOUR-WAY INTERSECTION,STRAIGHT,NO DEFECTS,"TWO-WAY, NOT DIVIDED",39.24698867,-77.34985333,"(39.24698867, -77.34985333)"
MCP2857001C,16040943,Montgomery County Police,Injury Crash,08/12/2016 03:46:00 PM,No,Maryland (State),North,,3,South,0,MILE,LEVEL,GREAT SENECA HWY,SAM EIG HWY,,N/A,,DRIVER,SAME DIR REAR END,CLOUDY,DRY,DAYLIGHT,TRAFFIC SIGNAL,NONE DETECTED,,OTHER VEHICLE,N/A,N/A,T-INTERSECTION,STRAIGHT,NO DEFECTS,"TWO-WAY, DIVIDED, POSITIVE MEDIAN BARRIER",39.10818833,-77.21115167,"(39.10818833, -77.21115167)"