Report Number,Local Case Number,Agency Name,ACRS Report Type,Crash Date/Time,Hit/Run,Route Type,Lane Direction,Lane Type,Number of Lanes,Direction,Distance,Distance Unit,Road Grade,Road Name,Cross-Street Name,Off-Road Description,Municipality,Related Non-Motorist,At Fault,Collision Type,Weather,Surface Condition,Light,Traffic Control,Driver Substance Abuse,Non-Motorist Substance Abuse,First Harmful Event,Second Harmful Event,Junction,Intersection Type,Road Alignment,Road Condition,Road Division,Latitude,Longitude,Location
MCP23480067,220018003,Montgomery County Police,Fatal Crash,04/28/2022 10:01:00 AM,No,County,West,,2,West,50,FEET,LEVEL,TUCKERMAN LA,KINGS RIDING WAY,,N/A,PEDESTRIAN,NONMOTORIST,SINGLE VEHICLE,CLEAR,DRY,DAYLIGHT,TRAFFIC SIGNAL,NONE DETECTED,UNKNOWN,PEDESTRIAN,N/A,N/A,N/A,STRAIGHT,NO DEFECTS,"TWO-WAY, DIVIDED, POSITIVE MEDIAN BARRIER",39.03005928,-77.11307377,"(39.03005928, -77.11307377)"
DD5637001Y,200039944,Rockville Police Departme,Property Damage Crash,10/10/2020 04:50:00 PM,Yes,,,,,,,,,,,PARKING LOT OF 403 REDLAND BLVD,,,DRIVER,OTHER,CLOUDY,,DAYLIGHT,NO CONTROLS,UNKNOWN,,PARKED VEHICLE,N/A,,,,,,39.1127375,-77.1724385,"(39.1127375, -77.1724385)"
MCP30940054,240049701,MONTGOMERY,Property Damage Crash,10/17/2024 04:59:00 PM,No,,,,0,,,FEET,,,,"Parking Stall        PARKING LOT OF 5939 MUNCASTER MILL RD, DERWOOD 20855",,,DRIVER,Single Vehicle,Clear,,Daylight,,"Not Suspect of Alcohol Use, Not Suspect of Drug Use",,"Other Fixed Object (wall, building, tunnel, etc.)",,,,,,,39.13188803,-77.11740029,"(39.13188803, -77.11740029)"
MCP30860033,190050609,Montgomery County Police,Injury Crash,10/22/2019 07:15:00 AM,No,County,North,,4,North,0,FEET,LEVEL,SHADY GROVE RD,MILL RUN DR,,N/A,,DRIVER,ANGLE MEETS LEFT TURN,RAINING,WET,DAWN,TRAFFIC SIGNAL,NONE DETECTED,,OTHER VEHICLE,N/A,INTERSECTION,FOUR-WAY INTERSECTION,STRAIGHT,NO DEFECTS,"TWO-WAY, DIVIDED, UNPROTECTED PAINTED MIN 4 FEET",39.14485067,-77.15000867,"(39.14485067, -77.15000867)"
MCP2048000V,16054441,Montgomery County Police,Property Damage Crash,10/22/2016 04:36:00 PM,No,US (State),North,,3,North,0,FEET,LEVEL,COLUMBIA PIKE,GREENCASTLE RD,,N/A,,DRIVER,SAME DIR REAR END,CLEAR,DRY,DAYLIGHT,TRAFFIC SIGNAL,NONE DETECTED,,OTHER VEHICLE,N/A,INTERSECTION,FOUR-WAY INTERSECTION,STRAIGHT,NO DEFECTS,"TWO-WAY, DIVIDED, POSITIVE MEDIAN BARRIER",39.09507667,-76.9382,"(39.09507667, -76.9382)"
DD5626000W,180050986,Rockville Police Departme,Property Damage Crash,10/11/2018 08:57:00 PM,No,Maryland (State),West,,3,West,525,FEET,LEVEL,W MONTGOMERY AVE,RESEARCH BLVD,,ROCKVILLE,,DRIVER,SINGLE VEHICLE,RAINING,WET,DARK LIGHTS ON,NO CONTROLS,NONE DETECTED,,FIXED OBJECT,N/A,N/A,N/A,STRAIGHT,NO DEFECTS,"TWO-WAY, DIVIDED, POSITIVE MEDIAN BARRIER",39.09190167,-77.18133667,"(39.09190167, -77.18133667)"
MCP30960048,230029991,Montgomery County Police,Injury Crash,06/22/2023 09:21:00 PM,No,Maryland (State),North,LEFT TURN LANE,3,North,0,FEET,LEVEL,FREDERICK RD,SHADY GROVE RD,,N/A,,DRIVER,SINGLE VEHICLE,RAINING,WET,DARK LIGHTS ON,TRAFFIC SIGNAL,NONE DETECTED,,FIXED OBJECT,N/A,INTERSECTION,FOUR-WAY INTERSECTION,STRAIGHT,NO DEFECTS,"TWO-WAY, DIVIDED, UNPROTECTED PAINTED MIN 4 FEET",39.12271517,-77.17797417,"(39.12271517, -77.17797417)"
MCP22910065,220025975,Montgomery County Police,Injury Crash,06/16/2022 06:25:00 PM,No,County,North,,2,South,0,FEET,LEVEL,WOODMONT AVE,RUGBY AVE,,N/A,PEDESTRIAN,NONMOTORIST,OTHER,CLEAR,DRY,DAYLIGHT,NO CONTROLS,NONE DETECTED,NONE DETECTED,PEDESTRIAN,N/A,INTERSECTION,T-INTERSECTION,STRAIGHT,NO DEFECTS,"TWO-WAY, NOT DIVIDED",38.99111846,-77.09678378,"(38.99111846, -77.09678378)"
MCP32330041,230012887,Montgomery County Police,Property Damage Crash,03/16/2023 07:57:00 PM,Yes,Maryland (State),East,,3,South,0,FEET,LEVEL,PINEY BRANCH RD,UNIVERSITY BLVD E,,N/A,,DRIVER,SAME DIR REAR END,CLEAR,DRY,DARK LIGHTS ON,NO CONTROLS,"N/A, UNKNOWN",,OTHER VEHICLE,N/A,NON INTERSECTION,N/A,STRAIGHT,NO DEFECTS,"TWO-WAY, DIVIDED, UNPROTECTED PAINTED MIN 4 FEET",38.99929444,-76.99557369,"(38.99929444, -76.99557369)"
MCP10640064,170513610,Montgomery County Police,Property Damage Crash,06/14/2017 10:39:00 AM,No,County,East,SHOULDER AREA,2,East,30,FEET,LEVEL,WAYNE AVE,DIXON AVE,,N/A,,DRIVER,OTHER,UNKNOWN,DRY,DAYLIGHT,TRAFFIC SIGNAL,N/A,,PARKED VEHICLE,N/A,INTERSECTION RELATED,T-INTERSECTION,STRAIGHT,NO DEFECTS,"TWO-WAY, DIVIDED, POSITIVE MEDIAN BARRIER",38.99443927,-77.02782467,"(38.99443927, -77.02782467)"
EJ7875004Q,240020798,GAITHERSBURG,Injury Crash,05/03/2024 12:07:00 PM,,Local Route,Southbound,"Lane 1, Not Applicable",1,North,14.58,FEET,Level,CROWN PARK AVE,,,,,UNKNOWN,"Sideswipe, Same Direction",Clear,Dry,Daylight,Stop Sign,"Not Suspect of Alcohol Use, Not Suspect of Drug Use",,Parked Vehicle,Not Applicable,Non-Junction,,Straight,No Defects,Not Divided,39.11446245,-77.20580802,"(39.11446245, -77.20580802)"
MCP2260001Z,180001698,Montgomery County Police,Injury Crash,01/11/2018 06:52:00 PM,No,County,East,,2,East,0,FEET,N/A,PARKLAWN DR,WILKINS AVE,,N/A,,DRIVER,SAME DIR REAR END,RAINING,WET,DUSK,TRAFFIC SIGNAL,N/A,,OTHER VEHICLE,N/A,INTERSECTION,T-INTERSECTION,CURVE LEFT,NO DEFECTS,"TWO-WAY, DIVIDED, POSITIVE MEDIAN BARRIER",39.06114333,-77.11201833,"(39.06114333, -77.11201833)"
MCP2728000Z,15010239,Montgomery County Police,Property Damage Crash,03/04/2015 06:52:00 PM,No,US (State),North,,3,North,0,FEET,HILL UPHILL,COLUMBIA PIKE,LOCKWOOD DR,,N/A,,DRIVER,HEAD ON LEFT TURN,RAINING,WET,DARK LIGHTS ON,TRAFFIC SIGNAL,NONE DETECTED,,OTHER VEHICLE,N/A,INTERSECTION,FOUR-WAY INTERSECTION,STRAIGHT,NO DEFECTS,"TWO-WAY, DIVIDED, POSITIVE MEDIAN BARRIER",39.03374167,-77.00238,"(39.03374167, -77.00238)"
MCP2927001N,17010570,Montgomery County Police,Property Damage Crash,02/27/2017 07:05:00 PM,No,US (State),North,,3,North,0,FEET,LEVEL,GEORGIA AVE,BONIFANT ST,,N/A,,DRIVER,OTHER,OTHER,DRY,DARK LIGHTS ON,NO CONTROLS,NONE DETECTED,,OTHER VEHICLE,N/A,INTERSECTION,FOUR-WAY INTERSECTION,STRAIGHT,NO DEFECTS,"TWO-WAY, DIVIDED, UNPROTECTED PAINTED MIN 4 FEET",38.993365,-77.02648167,"(38.993365, -77.02648167)"
DD56060058,190037750,Rockville Police Departme,Injury Crash,08/07/2019 11:22:00 PM,No,Municipality,West,,2,East,150,FEET,GRADE DOWNHILL,SOUTHLAWN CT,SOUTHLAWN LA,,N/A,,DRIVER,SINGLE VEHICLE,CLEAR,N/A,DARK LIGHTS ON,NO CONTROLS,NONE DETECTED,,FIXED OBJECT,N/A,N/A,N/A,STRAIGHT,NO DEFECTS,"TWO-WAY, NOT DIVIDED",39.10347667,-77.13416833,"(39.10347667, -77.13416833)"
MCP29870016,16059170,Montgomery County Police,Property Damage Crash,11/17/2016 08:00:00 AM,No,County,South,,1,East,100,FEET,LEVEL,MILESTONE DR,STEWART LA,,N/A,,DRIVER,STRAIGHT MOVEMENT ANGLE,CLEAR,DRY,DAYLIGHT,STOP SIGN,NONE DETECTED,,OTHER VEHICLE,OTHER VEHICLE,INTERSECTION RELATED,T-INTERSECTION,STRAIGHT,NO DEFECTS,"TWO-WAY, NOT DIVIDED",39.04626833,-76.98827833,"(39.04626833, -76.98827833)"
MCP2765001G,15034593,MONTGOMERY,Property Damage Crash,07/14/2015 03:19:00 PM,No,Maryland (State),North,,2,North,20,FEET,HILL UPHILL,FALLS RD,WOOTTON PKWY,,ROCKVILLE,,DRIVER,SAME DIR REAR END,CLEAR,DRY,DAYLIGHT,NO CONTROLS,NONE DETECTED,,OTHER VEHICLE,OTHER VEHICLE,INTERSECTION RELATED,FOUR-WAY INTERSECTION,STRAIGHT,NO DEFECTS,"TWO-WAY, DIVIDED, POSITIVE MEDIAN BARRIER",39.07003,-77.16959833,"(39.07003, -77.16959833)"
MCP3143000H,180050750,Montgomery County Police,Injury Crash,10/10/2018 04:51:00 PM,No,Maryland (State),South,,6,North,0,FEET,LEVEL,ROCKVILLE PIKE,WILSON DR,,N/A,BICYCLIST,DRIVER,STRAIGHT MOVEMENT ANGLE,CLEAR,N/A,DAYLIGHT,TRAFFIC SIGNAL,NONE DETECTED,NONE DETECTED,OTHER PEDALCYCLE,N/A,INTERSECTION,T-INTERSECTION,STRAIGHT,NO DEFECTS,"TWO-WAY, DIVIDED, POSITIVE MEDIAN BARRIER",39.002625,-77.097675,"(39.002625, -77.097675)"
MCP3350000T,230048407,Montgomery County Police,Property Damage Crash,08/08/2023 08:52:00 AM,No,Maryland (State),East,,1,West,300,FEET,LEVEL,RIVER RD,POTOMAC MANORS DR,,N/A,,DRIVER,SAME DIR REAR END,CLEAR,DRY,DAYLIGHT,NO CONTROLS,NONE DETECTED,,OTHER VEHICLE,N/A,NON INTERSECTION,N/A,STRAIGHT,NO DEFECTS,"TWO-WAY, DIVIDED, UNPROTECTED PAINTED MIN 4 FEET",39.02111755,-77.21352053,"(39.02111755, -77.21352053)"
DD56380008,190032377,Rockville Police Departme,Injury Crash,07/08/2019 07:45:00 AM,No,Municipality,North,,2,West,0,FEET,LEVEL,WOOTTON PKWY,DUNDEE RD,,ROCKVILLE,,DRIVER,STRAIGHT MOVEMENT ANGLE,RAINING,WET,DAYLIGHT,STOP SIGN,NONE DETECTED,,OTHER VEHICLE,N/A,INTERSECTION,T-INTERSECTION,STRAIGHT,NO DEFECTS,"TWO-WAY, NOT DIVIDED",39.08655167,-77.18836833,"(39.08655167, -77.18836833)"
MCP28270037,170525235,Montgomery County Police,Injury Crash,08/16/2017 08:56:00 PM,No,Maryland (State),North,,3,North,0,FEET,LEVEL,GEORGIA AVE,RAMP 4 FR MD 97 NB TO MD 200 EB,,N/A,,DRIVER,HEAD ON LEFT TURN,CLEAR,DRY,DARK LIGHTS ON,TRAFFIC SIGNAL,NONE DETECTED,,OTHER VEHICLE,N/A,INTERSECTION,T-INTERSECTION,STRAIGHT,NO DEFECTS,"TWO-WAY, NOT DIVIDED",39.11502167,-77.07509333,"(39.11502167, -77.07509333)"
MCP2450005G,240054894,MONTGOMERY,Injury Crash,11/15/2024 06:00:00 PM,No,Interstate (State),Northbound,Lane 1,2,South,19.21,FEET,Level,EISENHOWER MEMORIAL HWY,,,,,DRIVER,Front to Rear,Clear,Dry,Dark - Lighted,No Controls,"Not Suspect of Alcohol Use, Not Suspect of Drug Use, Not Suspect of Alcohol Use, Not Suspect of Drug Use",,Motor Vehicle In Transport,,Non-Junction,,Straight,No Defects,Not Divided,39.15391263,-77.22206494,"(39.15391263, -77.22206494)"
MCP2556004X,230034930,Montgomery County Police,Injury Crash,07/22/2023 03:39:00 PM,No,County,South,,4,North,0,FEET,LEVEL,GREAT SENECA HWY,KEY WEST AVE,,N/A,,DRIVER,STRAIGHT MOVEMENT ANGLE,CLEAR,DRY,DAYLIGHT,TRAFFIC SIGNAL,NONE DETECTED,,OTHER VEHICLE,N/A,INTERSECTION,FOUR-WAY INTERSECTION,STRAIGHT,NO DEFECTS,"TWO-WAY, DIVIDED, POSITIVE MEDIAN BARRIER",39.10301167,-77.20669667,"(39.10301167, -77.20669667)"
MCP1128005D,210006367,Montgomery County Police,Injury Crash,02/18/2021 02:47:00 PM,No,Interstate (State),South,ON RAMP,1,West,150,FEET,HILL UPHILL,CAPITAL BELTWAY,RAMP 6 FR IS 495 EB TO MD 355 SB,,N/A,,DRIVER,SAME DIR REAR END,CLOUDY,ICE,DAYLIGHT,N/A,NONE DETECTED,,OTHER VEHICLE,PARKED VEHICLE,INTERCHANGE RELATED,OTHER,STRAIGHT,OTHER,OTHER,39.01843167,-77.104675,"(39.01843167, -77.104675)"
MCP2594002G,170507583,Montgomery County Police,Injury Crash,05/13/2017 02:52:00 PM,No,County,East,,1,East,50,FEET,LEVEL,BEAUMONT RD,LOCKSLEY LA,,N/A,,DRIVER,OTHER,RAINING,WET,DAYLIGHT,NO CONTROLS,NONE DETECTED,,BACKING,PARKED VEHICLE,NON INTERSECTION,N/A,STRAIGHT,NO DEFECTS,"TWO-WAY, NOT DIVIDED",39.07769783,-77.018257,"(39.07769783, -77.018257)"
MCP1366008M,190002900,Montgomery County Police,Property Damage Crash,01/18/2019 03:52:00 PM,No,Municipality,West,,1,East,400,FEET,GRADE DOWNHILL,W EDMONSTON DR,RITCHIE PKWY,,ROCKVILLE,,DRIVER,SAME DIRECTION SIDESWIPE,CLEAR,WET,DAYLIGHT,NO CONTROLS,NONE DETECTED,,PARKED VEHICLE,N/A,N/A,N/A,STRAIGHT,NO DEFECTS,"TWO-WAY, NOT DIVIDED",39.071195,-77.14583667,"(39.071195, -77.14583667)"
MCP21920019,15045106,MONTGOMERY,Property Damage Crash,09/07/2015 12:49:00 PM,No,Maryland (State),North,,3,West,50,FEET,LEVEL,COLESVILLE RD,WAYNE AVE,,N/A,,DRIVER,SAME DIRECTION RIGHT TURN,CLEAR,DRY,DAYLIGHT,TRAFFIC SIGNAL,NONE DETECTED,,OTHER VEHICLE,N/A,N/A,FOUR-WAY INTERSECTION,STRAIGHT,NO DEFECTS,"TWO-WAY, DIVIDED, POSITIVE MEDIAN BARRIER",38.99449667,-77.03053833,"(38.99449667, -77.03053833)"
MCP2635005L,19003006,Montgomery County Police,Injury Crash,06/23/2019 03:05:00 PM,No,Maryland (State),West,,2,East,0,FEET,GRADE DOWNHILL,OLNEY SANDY SPRING RD,VILLAGE CENTER DR,,N/A,,DRIVER,HEAD ON LEFT TURN,CLEAR,DRY,DAYLIGHT,TRAFFIC SIGNAL,N/A,,OTHER VEHICLE,N/A,INTERSECTION,FOUR-WAY INTERSECTION,STRAIGHT,NO DEFECTS,"TWO-WAY, DIVIDED, POSITIVE MEDIAN BARRIER",39.15194833,-77.06420667,"(39.15194833, -77.06420667)"
MCP2894005Q,190024930,Montgomery County Police,Property Damage Crash,05/25/2019 01:30:00 PM,No,Maryland (State),South,,3,North,0,FEET,LEVEL,WISCONSIN AVE,MONTGOMERY AVE,,N/A,,DRIVER,STRAIGHT MOVEMENT ANGLE,CLEAR,DRY,DAYLIGHT,TRAFFIC SIGNAL,"N/A, NONE DETECTED",,OTHER VEHICLE,N/A,INTERSECTION,FOUR-WAY INTERSECTION,STRAIGHT,NO DEFECTS,"TWO-WAY, DIVIDED, POSITIVE MEDIAN BARRIER",38.98332667,-77.09391333,"(38.98332667, -77.09391333)"
MCP0704000N,16007562,Montgomery County Police,Property Damage Crash,02/14/2016 02:25:00 PM,No,Municipality,West,,2,West,0,FEET,LEVEL,STANFORD ST,EAST AVE,,CHEVY CHASE #4,,UNKNOWN,STRAIGHT MOVEMENT ANGLE,CLEAR,DRY,DAYLIGHT,STOP SIGN,NONE DETECTED,,OTHER VEHICLE,N/A,INTERSECTION,FOUR-WAY INTERSECTION,STRAIGHT,NO DEFECTS,"TWO-WAY, NOT DIVIDED",38.978805,-77.08677333,"(38.978805, -77.08677333)"
MCP3312001C,220025381,Montgomery County Police,Injury Crash,06/13/2022 01:05:00 PM,No,County,North,,2,East,150,MILE,LEVEL,BRIGGS CHANEY RD,ASTON MANOR DR,,N/A,,DRIVER,SAME DIR REAR END,N/A,DRY,DAYLIGHT,NO CONTROLS,NONE DETECTED,,OTHER VEHICLE,N/A,NON INTERSECTION,N/A,STRAIGHT,NO DEFECTS,"TWO-WAY, NOT DIVIDED",39.07508667,-76.94046833,"(39.07508667, -76.94046833)"
MCP2907001T,170543645,Montgomery County Police,Property Damage Crash,11/18/2017 10:16:00 PM,Yes,Municipality,East,,2,East,25,FEET,LEVEL,WOOTTON PKWY,SEVEN LOCKS RD,,ROCKVILLE,,DRIVER,SAME DIRECTION SIDESWIPE,CLEAR,DRY,UNKNOWN,N/A,"N/A, NONE DETECTED",,N/A,OTHER VEHICLE,NON INTERSECTION,N/A,STRAIGHT,NO DEFECTS,"TWO-WAY, NOT DIVIDED",39.06688219,-77.1615348,"(39.06688219, -77.1615348)"
MCP3091003G,220006522,Montgomery County Police,Property Damage Crash,02/15/2022 07:32:00 AM,No,Maryland (State),South,,3,East,0,FEET,LEVEL,DARNESTOWN RD,MUDDY BRANCH RD,,N/A,,DRIVER,SAME DIR REAR END,CLEAR,DRY,DAYLIGHT,TRAFFIC SIGNAL,N/A,,OTHER VEHICLE,N/A,INTERSECTION,FOUR-WAY INTERSECTION,STRAIGHT,NO DEFECTS,"TWO-WAY, DIVIDED, POSITIVE MEDIAN BARRIER",39.10275967,-77.22159467,"(39.10275967, -77.22159467)"
MCP1500001P,190050735,Montgomery County Police,Injury Crash,10/22/2019 02:39:00 PM,Yes,County,West,,3,East,200,FEET,HILL CREST,RANDOLPH RD,MIDDLEVALE LA,,N/A,,DRIVER,SAME DIR REAR END,RAINING,WET,DAYLIGHT,TRAFFIC SIGNAL,"NONE DETECTED, UNKNOWN",,OTHER VEHICLE,N/A,NON INTERSECTION,N/A,STRAIGHT,NO DEFECTS,"TWO-WAY, DIVIDED, POSITIVE MEDIAN BARRIER",39.06482623,-77.03817523,"(39.06482623, -77.03817523)"
MCP3339004X,250004091,MONTGOMERY,Injury Crash,01/28/2025 06:52:00 PM,No,Maryland (State) Route,Southbound,Lane 3,3,East,45.93,FEET,Level,CONNECTICUT AVE (SB/L),,,,,DRIVER,Rear To Side,Clear,Dry,Dark - Lighted,No Controls,"Not Suspect of Alcohol Use, Not Suspect of Drug Use, Not Suspect of Alcohol Use, Not Suspect of Drug Use",,Motor Vehicle In Transport,,Non-Junction,,Straight,No Defects,"Divided, Raised Median (curbed)",39.0795785,-77.08094167,"(39.0795785, -77.08094167)"
MCP2372001D,180058203,Montgomery County Police,Property Damage Crash,11/20/2018 12:24:00 PM,No,Maryland (State),West,,2,East,0.2,MILE,LEVEL,RIVER RD,WILSON LA,,N/A,,DRIVER,SAME DIR REAR END,CLEAR,DRY,DAYLIGHT,N/A,NONE DETECTED,,OTHER VEHICLE,N/A,NON INTERSECTION,N/A,STRAIGHT,NO DEFECTS,"TWO-WAY, DIVIDED, POSITIVE MEDIAN BARRIER",38.98533,-77.14120833,"(38.98533, -77.14120833)"
MCP31540018,190041686,Montgomery County Police,Property Damage Crash,08/31/2019 06:02:00 AM,No,County,South,,2,East,50,FEET,HILL UPHILL,BARNESVILLE RD,WEST OLD BALTIMORE RD,,N/A,,DRIVER,SINGLE VEHICLE,CLEAR,DRY,DARK NO LIGHTS,NO CONTROLS,NONE DETECTED,,FIXED OBJECT,N/A,N/A,N/A,CURVE RIGHT,NO DEFECTS,"TWO-WAY, NOT DIVIDED",39.22057,-77.365485,"(39.22057, -77.365485)"
MCP91130024,16062969,Montgomery County Police,Property Damage Crash,12/08/2016 07:50:00 AM,No,County,South,,1,North,0,FEET,LEVEL,EDGEBROOK RD,VEIRS MILL RD,,N/A,,DRIVER,SAME DIR REAR END,CLEAR,DRY,DAYLIGHT,NO CONTROLS,NONE DETECTED,,OTHER VEHICLE,N/A,INTERSECTION,T-INTERSECTION,STRAIGHT,NO DEFECTS,"TWO-WAY, NOT DIVIDED",39.05972,-77.089365,"(39.05972, -77.089365)"
DD56440042,250015724,ROCKVILLE,Injury Crash,04/10/2025 11:50:00 PM,No,Municipality Route,Southbound,Lane 1,3,North,0,FEET,Level,,ROCKVILLE PIKE (SB/L),,,,DRIVER,Front to Rear,Cloudy,Dry,Dark - Lighted,Traffic Control Signal,"Not Suspect of Alcohol Use, Not Suspect of Drug Use, Not Suspect of Alcohol Use, Not Suspect of Drug Use",,Motor Vehicle In Transport,,Intersection or Related,Perpendicular,Straight,No Defects,"Divided, Raised Median (curbed)",39.06421968,-77.12609303,"(39.06421968, -77.12609303)"
DD5595003G,17009757,Rockville Police Departme,Property Damage Crash,02/23/2017 11:46:00 AM,Yes,Municipality,East,,2,East,60,FEET,GRADE DOWNHILL,WOOTTON PKWY,PASTURE BROOK WAY,,ROCKVILLE,,DRIVER,SAME DIRECTION SIDESWIPE,CLEAR,DRY,DAYLIGHT,NO CONTROLS,"NONE DETECTED, UNKNOWN",,OTHER VEHICLE,N/A,INTERSECTION RELATED,T-INTERSECTION,CURVE LEFT,NO DEFECTS,"TWO-WAY, DIVIDED, POSITIVE MEDIAN BARRIER",39.06759433,-77.1671925,"(39.06759433, -77.1671925)"
MCP29520078,180048841,Montgomery County Police,Injury Crash,09/30/2018 12:34:00 PM,No,US (State),South,,3,North,100,FEET,LEVEL,GEORGIA AVE,BONIFANT ST,,N/A,,DRIVER,SAME DIRECTION SIDESWIPE,CLEAR,DRY,DAYLIGHT,NO CONTROLS,"N/A, NONE DETECTED",,OTHER VEHICLE,N/A,NON INTERSECTION,N/A,STRAIGHT,NO DEFECTS,"TWO-WAY, DIVIDED, POSITIVE MEDIAN BARRIER",38.99382667,-77.02670833,"(38.99382667, -77.02670833)"
MCP1438004K,170504332,Montgomery County Police,Property Damage Crash,04/26/2017 02:22:00 PM,No,Municipality,East,,2,North,0,FEET,LEVEL,RIO BLVD,WASHINGTONIAN BLVD,,GAITHERSBURG,,DRIVER,STRAIGHT MOVEMENT ANGLE,CLOUDY,DRY,DAYLIGHT,NO CONTROLS,NONE DETECTED,,OTHER VEHICLE,FIXED OBJECT,OTHER,ROUNDABOUT,CURVE LEFT,NO DEFECTS,"TWO-WAY, DIVIDED, POSITIVE MEDIAN BARRIER",39.11701667,-77.201075,"(39.11701667, -77.201075)"
MCP2977008S,220010492,Montgomery County Police,Property Damage Crash,03/11/2022 08:04:00 AM,Yes,,,,,,,,,,,PARKING LOT OF 8608 CARROLL AVE,,,DRIVER,OTHER,CLEAR,,DAYLIGHT,NO CONTROLS,"NONE DETECTED, UNKNOWN",,PARKED VEHICLE,N/A,,,,,,38.9968525,-76.99195998,"(38.9968525, -76.99195998)"
DD5633000X,180057777,Rockville Police Departme,Injury Crash,11/17/2018 09:20:00 PM,No,Municipality,West,,2,East,0,FEET,LEVEL,E MIDDLE LA,HUNGERFORD DR,,N/A,PEDESTRIAN,DRIVER,SINGLE VEHICLE,CLEAR,DRY,DARK NO LIGHTS,TRAFFIC SIGNAL,NONE DETECTED,NONE DETECTED,PEDESTRIAN,N/A,INTERSECTION,FOUR-WAY INTERSECTION,STRAIGHT,NO DEFECTS,"TWO-WAY, DIVIDED, POSITIVE MEDIAN BARRIER",39.0853325,-77.14850933,"(39.0853325, -77.14850933)"
MCP2898004V,240022153,MONTGOMERY,Property Damage Crash,05/10/2024 06:53:00 PM,,County Route,Eastbound,Lane 1,1,South,5.33,FEET,Level,GERMANTOWN RD,,,,,UNKNOWN,Front to Rear,Rain,Wet,Daylight,Yield Sign,"Not Suspect of Alcohol Use, Not Suspect of Drug Use, Unknown, Unknown",,Motor Vehicle In Transport,,Through Roadway,,Straight,,"Divided, Raised Median (curbed)",39.19049148,-77.22501379,"(39.19049148, -77.22501379)"
MCP2800001S,15010494,Montgomery County Police,Property Damage Crash,03/06/2015 12:00:00 AM,No,,,,,,0,,,,,PROMENADE @ 5225 POOKS HILL RD,,,DRIVER,OTHER,CLEAR,,DARK LIGHTS ON,NO CONTROLS,NONE DETECTED,,FIXED OBJECT,N/A,,,,,,39.01741667,-77.10742833,"(39.01741667, -77.10742833)"
MCP3312003B,230023882,Montgomery County Police,Property Damage Crash,05/18/2023 02:00:00 PM,No,,,,,,,,,,,11920 PARKING LOT OF 11920 BOURNEFIELD WAY,,,DRIVER,STRAIGHT MOVEMENT ANGLE,CLEAR,,DAYLIGHT,NO CONTROLS,NONE DETECTED,,OTHER VEHICLE,N/A,,,,,,39.05430833,-76.96432,"(39.05430833, -76.96432)"
MCP2651004G,210023683,Montgomery County Police,Injury Crash,06/21/2021 08:50:00 AM,No,County,North,,1,South,5,FEET,LEVEL,SCHINDLER DR,NEW HAMPSHIRE AVE SER RD,,N/A,PEDESTRIAN,NONMOTORIST,OTHER,CLEAR,DRY,DAYLIGHT,TRAFFIC SIGNAL,N/A,N/A,PEDESTRIAN,N/A,N/A,FOUR-WAY INTERSECTION,STRAIGHT,NO DEFECTS,"TWO-WAY, NOT DIVIDED",39.0334735,-76.98629133,"(39.0334735, -76.98629133)"
MCP27190031,190013440,Montgomery County Police,Property Damage Crash,03/23/2019 04:00:00 PM,Yes,Maryland (State),South,,2,East,0,FEET,GRADE DOWNHILL,VEIRS MILL RD,REEDIE DR,,N/A,,DRIVER,SAME DIR REAR END,N/A,DRY,DAYLIGHT,TRAFFIC SIGNAL,"ILLEGAL DRUG PRESENT, NONE DETECTED",,OTHER VEHICLE,N/A,INTERSECTION,FOUR-WAY INTERSECTION,STRAIGHT,N/A,"TWO-WAY, DIVIDED, POSITIVE MEDIAN BARRIER",39.03620333,-77.05037667,"(39.03620333, -77.05037667)"
MCP2693002M,180027316,Montgomery County Police,Property Damage Crash,06/03/2018 05:22:00 PM,No,Maryland (State),South,,1,North,0,FEET,LEVEL,GEORGIA AVE,SPUR FR BEL PRE RD,,N/A,,DRIVER,SINGLE VEHICLE,RAINING,WET,DAYLIGHT,N/A,NONE DETECTED,,FIXED OBJECT,OFF ROAD,INTERSECTION RELATED,FOUR-WAY INTERSECTION,CURVE RIGHT,NO DEFECTS,"TWO-WAY, DIVIDED, UNPROTECTED PAINTED MIN 4 FEET",39.0925854,-77.07994536,"(39.0925854, -77.07994536)"
MCP29080011,15034326,MONTGOMERY,Property Damage Crash,07/13/2015 08:26:00 AM,Yes,US (State),North,,3,North,500,FEET,LEVEL,COLESVILLE RD,RAMP 1 FR US 29 NB TO IS 495 WB,,N/A,,DRIVER,OTHER,N/A,DRY,N/A,NO CONTROLS,"N/A, NONE DETECTED",,OTHER VEHICLE,OTHER VEHICLE,NON INTERSECTION,N/A,STRAIGHT,NO DEFECTS,"TWO-WAY, DIVIDED, POSITIVE MEDIAN BARRIER",39.015055,-77.01656,"(39.015055, -77.01656)"
MCP2940007Y,250015450,MONTGOMERY,Property Damage Crash,04/09/2025 02:00:00 PM,,,,,0,,,FEET,,,,Parking Stall        PL OF 4601 LELAND ST,,Pedestrian,UNKNOWN,Angle,Clear,,Daylight,,"Unknown, Unknown","Not Suspect of Alcohol Use, Not Suspect of Drug Use",Motor Vehicle In Transport,,,,,,,38.9814049,-77.09147628,"(38.9814049, -77.09147628)"