Report Number,Local Case Number,Agency Name,ACRS Report Type,Crash Date/Time,Hit/Run,Route Type,Lane Direction,Lane Type,Number of Lanes,Direction,Distance,Distance Unit,Road Grade,Road Name,Cross-Street Name,Off-Road Description,Municipality,Related Non-Motorist,At Fault,Collision Type,Weather,Surface Condition,Light,Traffic Control,Driver Substance Abuse,Non-Motorist Substance Abuse,First Harmful Event,Second Harmful Event,Junction,Intersection Type,Road Alignment,Road Condition,Road Division,Latitude,Longitude,Location
MCP31600034,210031248,Montgomery County Police,Property Damage Crash,08/11/2021 06:00:00 PM,No,Maryland (State),East,,4,North,0,FEET,LEVEL,CONNECTICUT AVE,DENFELD AVE,,N/A,,DRIVER,STRAIGHT MOVEMENT ANGLE,RAINING,WET,DAYLIGHT,TRAFFIC SIGNAL,"N/A, NONE DETECTED",,OTHER VEHICLE,OTHER VEHICLE,INTERSECTION,FOUR-WAY INTERSECTION,STRAIGHT,NO DEFECTS,"TWO-WAY, DIVIDED, POSITIVE MEDIAN BARRIER",39.03849167,-77.07566,"(39.03849167, -77.07566)"
MCP33370045,250023221,MONTGOMERY,Property Damage Crash,05/25/2025 07:32:00 PM,No,Maryland (State) Route,Northbound,Lane 1,3,North,5.29,FEET,Level,GEORGIA AVE,,,,,DRIVER,Rear To Side,Clear,Dry,Daylight,Traffic Control Signal,"Not Suspect of Alcohol Use, Not Suspect of Drug Use, Not Suspect of Alcohol Use, Not Suspect of Drug Use",,Motor Vehicle In Transport,,Non-Junction,,Straight,No Defects,"Divided, Flush Median (greater than 4ft wide)",39.0527476,-77.05095844,"(39.0527476, -77.05095844)"
MCP2752001B,16020235,Montgomery County Police,Property Damage Crash,04/24/2016 07:43:00 PM,No,County,North,,1,North,100,FEET,LEVEL,MACARTHUR BLVD,STABLE LA,,N/A,,DRIVER,OPPOSITE DIRECTION SIDESWIPE,CLEAR,DRY,DAYLIGHT,NO CONTROLS,"ALCOHOL PRESENT, NONE DETECTED",,OTHER VEHICLE,OTHER OBJECT,NON INTERSECTION,N/A,CURVE RIGHT,NO DEFECTS,"TWO-WAY, DIVIDED, UNPROTECTED PAINTED MIN 4 FEET",38.983725,-77.09296333,"(38.983725, -77.09296333)"
MCP30950041,230009139,Montgomery County Police,Property Damage Crash,02/23/2023 04:13:00 PM,No,County,North,,3,North,0,FEET,LEVEL,TECH RD,COLUMBIA PIKE,,N/A,,DRIVER,SAME DIR REAR END,CLEAR,N/A,DAYLIGHT,TRAFFIC SIGNAL,N/A,,OTHER VEHICLE,N/A,N/A,FOUR-WAY INTERSECTION,STRAIGHT,NO DEFECTS,"TWO-WAY, DIVIDED, POSITIVE MEDIAN BARRIER",39.05755933,-76.9687935,"(39.05755933, -76.9687935)"
MCP2635007R,230007890,Montgomery County Police,Property Damage Crash,02/16/2023 02:41:00 PM,No,County,East,,2,East,0.1,MILE,LEVEL,HINES RD,EVANGELINE LA,,N/A,,DRIVER,OPPOSITE DIRECTION SIDESWIPE,RAINING,N/A,DAYLIGHT,NO CONTROLS,N/A,,OTHER VEHICLE,N/A,NON INTERSECTION,N/A,CURVE RIGHT,NO DEFECTS,"TWO-WAY, DIVIDED, UNPROTECTED PAINTED MIN 4 FEET",39.14128622,-77.08017891,"(39.14128622, -77.08017891)"
MCP23990079,230066347,Montgomery County Police,Injury Crash,11/14/2023 06:20:00 PM,No,County,South,,1,South,500,FEET,LEVEL,MUNCASTER RD,WILD FLOWER CT,,N/A,,DRIVER,SINGLE VEHICLE,CLEAR,DRY,DARK NO LIGHTS,NO CONTROLS,NONE DETECTED,,FIXED OBJECT,N/A,NON INTERSECTION,N/A,STRAIGHT,NO DEFECTS,"TWO-WAY, DIVIDED, UNPROTECTED PAINTED MIN 4 FEET",39.17598667,-77.11822,"(39.17598667, -77.11822)"
MCP271700RW,200009792,Montgomery County Police,Property Damage Crash,02/27/2020 05:45:00 PM,No,Maryland (State),South,,3,North,0,FEET,LEVEL,WISCONSIN AVE,OLD GEORGETOWN RD,,N/A,,DRIVER,SAME DIR REAR END,CLEAR,DRY,DAYLIGHT,TRAFFIC SIGNAL,NONE DETECTED,,OTHER VEHICLE,N/A,INTERSECTION,FOUR-WAY INTERSECTION,STRAIGHT,NO DEFECTS,"TWO-WAY, DIVIDED, POSITIVE MEDIAN BARRIER",38.98480917,-77.09434017,"(38.98480917, -77.09434017)"
MCP3296001N,230010625,Montgomery County Police,Property Damage Crash,03/03/2023 08:35:00 PM,No,US (State),North,,3,North,0.5,MILE,GRADE DOWNHILL,COLUMBIA PIKE,RAMP 4 FR US 29 NB TO MD 198 EB,,N/A,,DRIVER,SINGLE VEHICLE,RAINING,WET,DARK NO LIGHTS,NO CONTROLS,NONE DETECTED,,FIXED OBJECT,EXPLOSION OR FIRE,NON INTERSECTION,N/A,STRAIGHT,NO DEFECTS,"TWO-WAY, DIVIDED, POSITIVE MEDIAN BARRIER",39.106708,-76.93169583,"(39.106708, -76.93169583)"
MCP2372005K,230006199,Montgomery County Police,Property Damage Crash,12/31/2022 09:07:00 PM,Yes,,,,,,,,,,,PARKING LOT OF 6400 ROCK SPRING DRIVE,,,DRIVER,OTHER,RAINING,,DARK LIGHTS ON,NO CONTROLS,UNKNOWN,,PARKED VEHICLE,N/A,,,,,,39.02557168,-77.12992829,"(39.02557168, -77.12992829)"
MCP30120049,190006079,Montgomery County Police,Property Damage Crash,02/06/2019 08:34:00 PM,Yes,,,,,,,,,,,THOMAS EDISON HIGH SCHOOL PARKING LOT,,,DRIVER,OTHER,CLEAR,,DARK LIGHTS ON,N/A,N/A,,BACKING,PARKED VEHICLE,,,,,,39.06196251,-77.06569542,"(39.06196251, -77.06569542)"
MCP00360021,15010053,Montgomery County Police,Property Damage Crash,03/03/2015 05:19:00 PM,No,County,West,,2,West,120,FEET,GRADE DOWNHILL,WISTERIA DR,GERMANTOWN RD,,N/A,,DRIVER,STRAIGHT MOVEMENT ANGLE,RAINING,WET,DUSK,NO CONTROLS,NONE DETECTED,,OTHER VEHICLE,N/A,COMMERCIAL DRIVEWAY,T-INTERSECTION,STRAIGHT,NO DEFECTS,"TWO-WAY, NOT DIVIDED",39.17641,-77.26929167,"(39.17641, -77.26929167)"
MCP2583001Z,210049130,Montgomery County Police,Injury Crash,12/03/2021 04:17:00 PM,No,Maryland (State),South,,2,East,200,FEET,LEVEL,RIVER RD,ADMIRALS WAY,,N/A,,DRIVER,SAME DIR REAR END,CLEAR,DRY,DUSK,N/A,N/A,,OTHER VEHICLE,N/A,NON INTERSECTION,N/A,STRAIGHT,NO DEFECTS,"TWO-WAY, DIVIDED, UNPROTECTED PAINTED MIN 4 FEET",39.03738333,-77.24514,"(39.03738333, -77.24514)"
MCP3094002Y,230022246,Montgomery County Police,Property Damage Crash,05/09/2023 04:02:00 PM,Yes,Maryland (State),North,,1,West,100,FEET,LEVEL,MUNCASTER MILL RD,APPLEWOOD LA,,N/A,,DRIVER,SAME DIR REAR END,N/A,DRY,DAYLIGHT,NO CONTROLS,"NONE DETECTED, UNKNOWN",,OTHER VEHICLE,N/A,N/A,N/A,STRAIGHT,NO DEFECTS,"TWO-WAY, NOT DIVIDED",39.14337333,-77.14057667,"(39.14337333, -77.14057667)"
MCP1500001Y,200033078,Montgomery County Police,Property Damage Crash,08/22/2020 08:32:00 PM,Yes,Maryland (State),East,LEFT TURN LANE,3,East,0,FEET,HILL CREST,VEIRS MILL RD,CONNECTICUT AVE,,N/A,,DRIVER,OTHER,CLEAR,UNKNOWN,DUSK,TRAFFIC SIGNAL,"NONE DETECTED, UNKNOWN",,OTHER VEHICLE,N/A,INTERSECTION,FOUR-WAY INTERSECTION,STRAIGHT,UNKNOWN,"TWO-WAY, DIVIDED, UNPROTECTED PAINTED MIN 4 FEET",39.0516048,-77.07463072,"(39.0516048, -77.07463072)"
EJ7878000V,190062595,Gaithersburg Police Depar,Property Damage Crash,12/29/2019 01:59:00 PM,No,,,,,,,,,,,"INTERSECTION AT CORNER OF HOME DEPOT IN PARKING LOT, 200 FT NORTH OF CHOKE CHERRY",,,DRIVER,STRAIGHT MOVEMENT ANGLE,RAINING,,DAYLIGHT,STOP SIGN,N/A,,OTHER VEHICLE,OTHER VEHICLE,,,,,,39.11547667,-77.18571167,"(39.11547667, -77.18571167)"
MCP2829001B,15004125,Montgomery County Police,Property Damage Crash,01/26/2015 01:54:00 AM,No,Maryland (State),East,,3,East,0,FEET,LEVEL,UNIVERSITY BLVD E,MONTGOMERY BLAIR HIGH SCHOOL,,N/A,,DRIVER,SINGLE VEHICLE,RAINING,WET,DARK LIGHTS ON,NO CONTROLS,ALCOHOL PRESENT,,FIXED OBJECT,N/A,INTERSECTION,T-INTERSECTION,CURVE LEFT,N/A,ONE-WAY TRAFFICWAY,39.0197,-77.013445,"(39.0197, -77.013445)"
DM8494000N,210007665,Takoma Park Police Depart,Property Damage Crash,02/28/2021 10:00:00 PM,Yes,Maryland (State),North,,4,North,100,FEET,LEVEL,NEW HAMPSHIRE AVE,UNIVERSITY BLVD,,N/A,,DRIVER,SAME DIR REAR END,RAINING,WET,DARK LIGHTS ON,TRAFFIC SIGNAL,N/A,,OTHER VEHICLE,N/A,INTERSECTION RELATED,FOUR-WAY INTERSECTION,STRAIGHT,NO DEFECTS,"TWO-WAY, DIVIDED, POSITIVE MEDIAN BARRIER",38.9881768,-76.9877106,"(38.9881768, -76.9877106)"
MCP2738001C,16014737,MONTGOMERY,Property Damage Crash,03/25/2016 04:49:00 PM,No,County,South,,2,South,100,FEET,LEVEL,TECH RD,INDUSTRIAL PKWY,,N/A,,DRIVER,SAME DIR REAR END,CLEAR,DRY,DAYLIGHT,NO CONTROLS,NONE DETECTED,,PARKED VEHICLE,N/A,NON INTERSECTION,N/A,CURVE LEFT,NO DEFECTS,"TWO-WAY, NOT DIVIDED",39.054745,-76.96731333,"(39.054745, -76.96731333)"
DD5583003N,170550923,Rockville Police Departme,Injury Crash,12/27/2017 05:26:00 PM,No,Maryland (State),North,,3,North,20,FEET,LEVEL,HUNGERFORD DR,CROSSOVER,,N/A,,DRIVER,SAME DIRECTION SIDESWIPE,CLEAR,DRY,DARK LIGHTS ON,NO CONTROLS,NONE DETECTED,,OTHER VEHICLE,OTHER VEHICLE,CROSSOVER RELATED,N/A,STRAIGHT,NO DEFECTS,"TWO-WAY, DIVIDED, POSITIVE MEDIAN BARRIER",39.099169,-77.15411083,"(39.099169, -77.15411083)"
MCP20550033,210020158,Montgomery County Police,Property Damage Crash,05/28/2021 07:20:00 AM,No,Maryland (State),East,,3,East,0,FEET,LEVEL,W DIAMOND AVE,BUREAU DR,,GAITHERSBURG,,DRIVER,STRAIGHT MOVEMENT ANGLE,CLEAR,DRY,DAYLIGHT,TRAFFIC SIGNAL,NONE DETECTED,,OTHER VEHICLE,N/A,INTERSECTION,FOUR-WAY INTERSECTION,STRAIGHT,NO DEFECTS,"TWO-WAY, NOT DIVIDED",39.14176833,-77.21802667,"(39.14176833, -77.21802667)"
MCP27970021,180039797,Montgomery County Police,Property Damage Crash,08/10/2018 05:17:00 PM,No,County,South,,3,South,5,FEET,LEVEL,VEIRS MILL SERV RD,ROAD END,,N/A,,DRIVER,OTHER,CLEAR,DRY,DAYLIGHT,NO CONTROLS,NONE DETECTED,,FIXED OBJECT,PARKED VEHICLE,N/A,N/A,STRAIGHT,NO DEFECTS,"TWO-WAY, DIVIDED, POSITIVE MEDIAN BARRIER",39.05338167,-77.07801,"(39.05338167, -77.07801)"
MCP3232005P,240049875,MONTGOMERY,Property Damage Crash,10/18/2024 03:34:00 PM,No,Maryland (State) Route,Southbound,Lane 2,3,South,23.07,FEET,Level,NEW HAMPSHIRE AVE (SB/L),,,,,DRIVER,Angle,Clear,Dry,Daylight,No Controls,"Not Suspect of Alcohol Use, Not Suspect of Drug Use, Not Suspect of Alcohol Use, Not Suspect of Drug Use",,Motor Vehicle In Transport,,Through Roadway,,Straight,No Defects,Not Divided,39.07703017,-77.00178984,"(39.07703017, -77.00178984)"
MCP3230002P,220012012,Montgomery County Police,Property Damage Crash,03/20/2022 04:05:00 PM,No,Maryland (State),West,,3,East,0,FEET,LEVEL,VEIRS MILL RD,ROBINDALE DR,,N/A,,DRIVER,SAME DIR REAR END,CLEAR,DRY,DAYLIGHT,TRAFFIC SIGNAL,NONE DETECTED,,OTHER VEHICLE,N/A,NON INTERSECTION,N/A,STRAIGHT,NO DEFECTS,"TWO-WAY, DIVIDED, UNPROTECTED PAINTED MIN 4 FEET",39.06325767,-77.09464,"(39.06325767, -77.09464)"
MCP3117002X,210006607,Montgomery County Police,Property Damage Crash,02/20/2021 03:45:00 PM,No,Interstate (State),South,,4,North,100,FEET,LEVEL,EISENHOWER MEMORIAL HWY,SHADY GROVE RD,,N/A,,DRIVER,OTHER,CLEAR,DRY,DAYLIGHT,NO CONTROLS,"N/A, NONE DETECTED",,OTHER VEHICLE,N/A,NON INTERSECTION,N/A,STRAIGHT,NO DEFECTS,"TWO-WAY, DIVIDED, POSITIVE MEDIAN BARRIER",39.11127712,-77.18864267,"(39.11127712, -77.18864267)"
MCP241100CS,240001875,MONTGOMERY,Injury Crash,01/12/2024 09:19:00 AM,No,County Route,Westbound,Lane 2,3,South,50.91,FEET,Uphill,,,,,,DRIVER,Single Vehicle,Clear,Dry,Daylight,No Controls,"Not Suspect of Alcohol Use, Not Suspect of Drug Use",,Utility Pole/Light Support,Not Applicable,Non-Junction,,Straight,No Defects,"Not Divided, With a Continuous Left-Turn Lane",39.06854635,-77.11416761,"(39.06854635, -77.11416761)"
MCP2989002W,240037533,MONTGOMERY,Injury Crash,08/09/2024 05:51:00 AM,No,County Route,Eastbound,Lane 1,1,South,10.13,FEET,Level,,,,,,UNKNOWN,Single Vehicle,Rain,Wet,Dark - Lighted,No Controls,"Not Suspect of Alcohol Use, Not Suspect of Drug Use",,Curb,Tree (standing),Non-Junction,,Straight,No Defects,Not Divided,39.08390446,-77.21812124,"(39.08390446, -77.21812124)"
MCP2898001Z,17000640,Montgomery County Police,Injury Crash,01/04/2017 05:26:00 PM,No,Maryland (State),South,,6,North,0,FEET,LEVEL,GERMANTOWN RD,BOWMAN MILL RD,,N/A,PEDESTRIAN,NONMOTORIST,SAME DIRECTION LEFT TURN,CLEAR,DRY,DARK LIGHTS ON,NO CONTROLS,N/A,N/A,PEDESTRIAN,N/A,INTERSECTION,T-INTERSECTION,STRAIGHT,NO DEFECTS,"TWO-WAY, DIVIDED, POSITIVE MEDIAN BARRIER",39.17548167,-77.27230167,"(39.17548167, -77.27230167)"
MCP235800C7,240002319,MONTGOMERY,Property Damage Crash,01/15/2024 06:21:00 AM,No,Maryland (State) Route,Southbound,Lane 2,2,North,48.36,FEET,Downhill,RIVER RD,,,,,UNKNOWN,Front to Rear,Snow,Snow,Dark - Not Lighted,No Controls,"Not Suspect of Alcohol Use, Not Suspect of Drug Use, Not Suspect of Alcohol Use, Not Suspect of Drug Use",,Motor Vehicle In Transport,,Non-Junction,,Straight,No Defects,"Divided, Flush Median (greater than 4ft wide), Divided, Raised Median (curbed)",38.9743319,-77.12404597,"(38.9743319, -77.12404597)"
MCP9432000Z,15051297,MONTGOMERY,Property Damage Crash,10/09/2015 06:03:00 PM,Yes,County,South,,2,North,0,FEET,LEVEL,CINNAMON DR,CLOPPER RD,,N/A,,DRIVER,SAME DIR REAR END,RAINING,WET,DAWN,STOP SIGN,"NONE DETECTED, UNKNOWN",,OTHER VEHICLE,N/A,INTERSECTION,T-INTERSECTION,STRAIGHT,NO DEFECTS,"TWO-WAY, NOT DIVIDED",39.15622333,-77.26445,"(39.15622333, -77.26445)"
MCP1433004F,220044149,Montgomery County Police,Injury Crash,10/09/2022 04:25:00 PM,No,Maryland (State),South,,3,North,750,FEET,LEVEL,ROCKVILLE PIKE,W EDMONSTON DR,,ROCKVILLE,,DRIVER,STRAIGHT MOVEMENT ANGLE,CLEAR,DRY,DAYLIGHT,NO CONTROLS,NONE DETECTED,,OTHER VEHICLE,N/A,COMMERCIAL DRIVEWAY,T-INTERSECTION,STRAIGHT,NO DEFECTS,"TWO-WAY, DIVIDED, POSITIVE MEDIAN BARRIER",39.07550167,-77.13716833,"(39.07550167, -77.13716833)"
MCP2094008P,170514051,Montgomery County Police,Property Damage Crash,06/16/2017 01:03:00 PM,No,County,West,,2,East,5,FEET,LEVEL,BATTERY LA,GLENBROOK RD,,N/A,,DRIVER,ANGLE MEETS LEFT HEAD ON,CLOUDY,DRY,DAYLIGHT,N/A,NONE DETECTED,,OTHER VEHICLE,N/A,INTERSECTION RELATED,FOUR-WAY INTERSECTION,STRAIGHT,NO DEFECTS,"TWO-WAY, NOT DIVIDED",38.98903167,-77.104245,"(38.98903167, -77.104245)"
MCP2298005H,15033656,MONTGOMERY,Property Damage Crash,07/09/2015 05:34:00 PM,No,County,South,,4,South,75,FEET,LEVEL,FATHER HURLEY BLVD,RAMP 8 FR IS270 SB TO FATHER HURLEY BLVD,,N/A,,DRIVER,SINGLE VEHICLE,CLOUDY,DRY,DAYLIGHT,NO CONTROLS,NONE DETECTED,,FIXED OBJECT,N/A,NON INTERSECTION,N/A,STRAIGHT,NO DEFECTS,"TWO-WAY, DIVIDED, POSITIVE MEDIAN BARRIER",39.19532833,-77.26794833,"(39.19532833, -77.26794833)"
MCP2898004S,240021770,MONTGOMERY,Injury Crash,05/08/2024 07:10:00 PM,No,County Route,"Northbound, Southbound","Lane 1, Lane 2","12, 2",East,13.7,FEET,Level,SENECA MEADOWS PKWY,GOLDENROD LA,,,,DRIVER,Rear To Side,Clear,Dry,Daylight,Traffic Control Signal,"Not Suspect of Alcohol Use, Not Suspect of Drug Use, Not Suspect of Alcohol Use, Not Suspect of Drug Use",,Motor Vehicle In Transport,,Non-Junction,,Straight,No Defects,Not Divided,39.188475,-77.25168333,"(39.188475, -77.25168333)"
DM8439002L,190015113,Takoma Park Police Depart,Property Damage Crash,04/01/2019 05:45:00 PM,No,Municipality,North,,1,South,500,FEET,GRADE DOWNHILL,SHERMAN AVE,MAPLE AVE,,TAKOMA PARK,,DRIVER,SAME DIRECTION SIDESWIPE,CLEAR,DRY,DAYLIGHT,N/A,N/A,,PARKED VEHICLE,N/A,N/A,N/A,STRAIGHT,NO DEFECTS,"TWO-WAY, NOT DIVIDED",38.98219167,-77.00695,"(38.98219167, -77.00695)"
MCP1257000G,15052150,MONTGOMERY,Property Damage Crash,10/14/2015 12:15:00 PM,No,Maryland (State),South,,2,North,,MILE,LEVEL,OLD HUNDRED RD,COMUS RD,,N/A,,DRIVER,OTHER,CLEAR,DRY,DAYLIGHT,N/A,NONE DETECTED,,OTHER VEHICLE,FIXED OBJECT,RESIDENTIAL DRIVEWAY,N/A,STRAIGHT,NO DEFECTS,"TWO-WAY, NOT DIVIDED",39.25030333,-77.347555,"(39.25030333, -77.347555)"
DD5649001J,210047165,Rockville Police Departme,Property Damage Crash,11/20/2021 12:14:00 PM,No,,,,,,,,,,,PARKING LOT OF 250 ROCKVILLE PIKE,,,DRIVER,OTHER,N/A,,DAYLIGHT,NO CONTROLS,N/A,,OTHER VEHICLE,N/A,,,,,,39.084775,-77.14738833,"(39.084775, -77.14738833)"
MCP2827001J,15049805,MONTGOMERY,Property Damage Crash,10/01/2015 04:40:00 PM,Yes,Maryland (State),West,,1,East,400,FEET,LEVEL,ASHTON RD,MINK HOLLOW RD,,N/A,,DRIVER,OTHER,RAINING,WET,DAYLIGHT,OTHER,"NONE DETECTED, UNKNOWN",,OTHER VEHICLE,N/A,N/A,N/A,STRAIGHT,NO DEFECTS,"TWO-WAY, NOT DIVIDED",39.156735,-76.99669667,"(39.156735, -76.99669667)"
EJ7879000J,200011025,Gaithersburg Police Depar,Property Damage Crash,03/05/2020 10:16:00 PM,No,Municipality,South,SHOULDER AREA,1,North,50,FEET,LEVEL,CEDAR AVE,W DEER PARK RD,,GAITHERSBURG,,UNKNOWN,SAME DIR REAR END,CLEAR,DRY,DARK LIGHTS ON,N/A,,,OTHER VEHICLE,N/A,NON INTERSECTION,N/A,STRAIGHT,NO DEFECTS,"TWO-WAY, NOT DIVIDED",39.13410761,-77.20276001,"(39.13410761, -77.20276001)"
MCP23940025,16021743,Montgomery County Police,Property Damage Crash,05/03/2016 04:31:00 AM,No,County,East,,2,West,20,FEET,HILL CREST,DARNESTOWN RD,KEY WEST AVE,,N/A,,DRIVER,SINGLE VEHICLE,RAINING,WET,DARK LIGHTS ON,N/A,NONE DETECTED,,FIXED OBJECT,FIXED OBJECT,OTHER,T-INTERSECTION,CURVE RIGHT,NO DEFECTS,"TWO-WAY, DIVIDED, POSITIVE MEDIAN BARRIER",39.10011833,-77.21325667,"(39.10011833, -77.21325667)"
MCP2777004P,180029281,Montgomery County Police,Injury Crash,06/13/2018 09:15:00 PM,No,Maryland (State),South,,3,North,0,FEET,HILL UPHILL,WISCONSIN AVE,BATTERY LA,,N/A,,DRIVER,STRAIGHT MOVEMENT ANGLE,CLEAR,DRY,DARK LIGHTS ON,TRAFFIC SIGNAL,NONE DETECTED,,OTHER VEHICLE,FIXED OBJECT,INTERSECTION,FOUR-WAY INTERSECTION,STRAIGHT,NO DEFECTS,"TWO-WAY, DIVIDED, POSITIVE MEDIAN BARRIER",38.99280833,-77.09635,"(38.99280833, -77.09635)"
MCP320000BG,240008677,MONTGOMERY,Property Damage Crash,02/22/2024 12:57:00 PM,No,Ramp,Eastbound,On Ramp,2,South,2.88,FEET,Level,RAMP 6 FR IS 270 EB TO MD 187B SB,,,,,DRIVER,Front to Rear,Cloudy,Dry,Daylight,Yield Sign,"Not Suspect of Alcohol Use, Not Suspect of Drug Use, Not Suspect of Alcohol Use, Not Suspect of Drug Use",,Motor Vehicle In Transport,,Entrance/Exit Ramp or Related,,Curve Right,No Defects,"Divided, Raised Median (curbed)",39.0311945,-77.13194867,"(39.0311945, -77.13194867)"
MCP2329000K,15029903,Montgomery County Police,Property Damage Crash,06/16/2015 11:24:00 AM,Yes,Municipality,North,,4,North,100,FEET,LEVEL,S SUMMIT AVE,OLDE TOWNE AVE,,GAITHERSBURG,,DRIVER,SAME DIR REAR END,CLEAR,DRY,DAYLIGHT,TRAFFIC SIGNAL,"N/A, UNKNOWN",,OTHER VEHICLE,N/A,NON INTERSECTION,N/A,STRAIGHT,NO DEFECTS,"TWO-WAY, DIVIDED, UNPROTECTED PAINTED MIN 4 FEET",39.14067898,-77.19299912,"(39.14067898, -77.19299912)"
MCP3258002R,220047494,Montgomery County Police,Property Damage Crash,10/29/2022 06:01:00 AM,No,Maryland (State),South,,3,North,0,FEET,LEVEL,GEORGIA AVE,UNIVERSITY BLVD W,,N/A,,DRIVER,STRAIGHT MOVEMENT ANGLE,CLEAR,DRY,DARK LIGHTS ON,TRAFFIC SIGNAL,NONE DETECTED,,OTHER VEHICLE,N/A,INTERSECTION,FOUR-WAY INTERSECTION,STRAIGHT,NO DEFECTS,"TWO-WAY, DIVIDED, POSITIVE MEDIAN BARRIER",39.04136833,-77.05192333,"(39.04136833, -77.05192333)"
MCP2756002W,190023545,Montgomery County Police,Injury Crash,05/18/2019 04:27:00 PM,No,Maryland (State),South,LEFT TURN LANE,3,North,70,FEET,LEVEL,GEORGIA AVE,ARCOLA AVE,,N/A,,DRIVER,SAME DIR REAR END,CLEAR,DRY,DAYLIGHT,TRAFFIC SIGNAL,NONE DETECTED,,OTHER VEHICLE,N/A,INTERSECTION RELATED,FOUR-WAY INTERSECTION,STRAIGHT,NO DEFECTS,"TWO-WAY, DIVIDED, POSITIVE MEDIAN BARRIER",39.04762333,-77.052015,"(39.04762333, -77.052015)"
MCP271700MG,190005065,Montgomery County Police,Injury Crash,02/01/2019 11:15:00 AM,No,County,East,,1,East,0,FEET,LEVEL,WESTLAKE TERR,MOTOR CITY DR,,N/A,,DRIVER,SAME DIR REAR END,SNOW,SNOW,DAYLIGHT,TRAFFIC SIGNAL,NONE DETECTED,,OTHER VEHICLE,N/A,INTERSECTION,FOUR-WAY INTERSECTION,STRAIGHT,N/A,"TWO-WAY, DIVIDED, POSITIVE MEDIAN BARRIER",39.026255,-77.143952,"(39.026255, -77.143952)"
MCP2564000F,15032437,MONTGOMERY,Property Damage Crash,07/02/2015 07:50:00 PM,Yes,,,,,,,,,,,Parking lot of 18720 Contour Rd,,,DRIVER,OTHER,N/A,,DAYLIGHT,NO CONTROLS,UNKNOWN,,OTHER VEHICLE,N/A,,,,,,39.15466564,-77.199018,"(39.15466564, -77.199018)"
MCP3126004N,230032900,Montgomery County Police,Injury Crash,07/10/2023 07:15:00 PM,No,County,West,,1,West,50,FEET,LEVEL,WEST OLD BALTIMORE RD,FREDERICK RD,,N/A,PEDESTRIAN,NONMOTORIST,OTHER,CLEAR,DRY,DAYLIGHT,TRAFFIC SIGNAL,NONE DETECTED,NONE DETECTED,PEDESTRIAN,N/A,INTERSECTION RELATED,T-INTERSECTION,STRAIGHT,NO DEFECTS,"TWO-WAY, DIVIDED, POSITIVE MEDIAN BARRIER",39.21552826,-77.2530279,"(39.21552826, -77.2530279)"
MCP2930001R,200049184,Montgomery County Police,Injury Crash,12/14/2020 05:07:00 AM,No,Maryland (State),North,,1,North,0,FEET,GRADE DOWNHILL,LAYHILL RD,RAMP 2 FR MD 200 WB TO MD 182,,N/A,,DRIVER,STRAIGHT MOVEMENT ANGLE,RAINING,WET,DARK LIGHTS ON,TRAFFIC SIGNAL,NONE DETECTED,,OTHER VEHICLE,N/A,INTERSECTION,FOUR-WAY INTERSECTION,N/A,NO DEFECTS,OTHER,39.100005,-77.04193167,"(39.100005, -77.04193167)"
MCP30580032,190048343,Montgomery County Police,Property Damage Crash,10/08/2019 04:30:00 PM,No,Maryland (State),West,,3,West,15,FEET,LEVEL,W MONTGOMERY AVE,ENT TO BUSINESS,,N/A,,DRIVER,SINGLE VEHICLE,CLOUDY,DRY,DAYLIGHT,NO CONTROLS,NONE DETECTED,,FIXED OBJECT,FIXED OBJECT,COMMERCIAL DRIVEWAY,N/A,STRAIGHT,NO DEFECTS,"TWO-WAY, DIVIDED, POSITIVE MEDIAN BARRIER",39.102855,-77.189185,"(39.102855, -77.189185)"
MCP2087002S,190009276,Montgomery County Police,Injury Crash,02/27/2019 08:01:00 AM,No,County,West,,3,East,0,FEET,HILL UPHILL,RANDOLPH RD,LIVINGSTON ST,,N/A,,DRIVER,SAME DIR REAR END,CLEAR,DRY,DAYLIGHT,TRAFFIC SIGNAL,NONE DETECTED,,OTHER VEHICLE,N/A,INTERSECTION,FOUR-WAY INTERSECTION,STRAIGHT,NO DEFECTS,"TWO-WAY, DIVIDED, POSITIVE MEDIAN BARRIER",39.05811333,-77.05411667,"(39.05811333, -77.05411667)"
MCP1564001L,16049307,Montgomery County Police,Injury Crash,09/25/2016 11:05:00 AM,No,Maryland (State),North,,1,North,0,FEET,HILL CREST,GEORGIA AVE,DAMASCUS RD,,N/A,,DRIVER,HEAD ON LEFT TURN,CLEAR,DRY,DAYLIGHT,TRAFFIC SIGNAL,NONE DETECTED,,OTHER VEHICLE,N/A,INTERSECTION,FOUR-WAY INTERSECTION,STRAIGHT,NO DEFECTS,"TWO-WAY, NOT DIVIDED",39.22158,-77.05981167,"(39.22158, -77.05981167)"
MCP28480019,15037263,MONTGOMERY,Injury Crash,07/28/2015 10:54:00 AM,No,County,West,,1,West,10,FEET,LEVEL,OSCEOLA RD,OSCEOLA CT,,N/A,PEDESTRIAN,NONMOTORIST,OTHER,CLEAR,DRY,DAYLIGHT,NO CONTROLS,NONE DETECTED,NONE DETECTED,PEDESTRIAN,N/A,N/A,N/A,STRAIGHT,NO DEFECTS,"TWO-WAY, NOT DIVIDED",38.96401833,-77.11839833,"(38.96401833, -77.11839833)"