Report Number,Local Case Number,Agency Name,ACRS Report Type,Crash Date/Time,Hit/Run,Route Type,Lane Direction,Lane Type,Number of Lanes,Direction,Distance,Distance Unit,Road Grade,Road Name,Cross-Street Name,Off-Road Description,Municipality,Related Non-Motorist,At Fault,Collision Type,Weather,Surface Condition,Light,Traffic Control,Driver Substance Abuse,Non-Motorist Substance Abuse,First Harmful Event,Second Harmful Event,Junction,Intersection Type,Road Alignment,Road Condition,Road Division,Latitude,Longitude,Location
MCP3402000W,240011606,MONTGOMERY,Injury Crash,03/10/2024 08:40:00 PM,No,US (State),"Northbound, Southbound","Lane 2, Left Turn Lane",4,West,0,FEET,Level,COLUMBIA PIKE (SB/L),BURNT MILLS AVE,,,,DRIVER,Angle,Clear,Dry,Dark - Lighted,"Flashing Traffic Control Signal, Traffic Control Signal","Not Suspect of Alcohol Use, Not Suspect of Drug Use, Suspect of Alcohol Use, Not Suspect of Drug Use",,Motor Vehicle In Transport,,Intersection or Related,Perpendicular,Straight,No Defects,"Divided, Raised Median (curbed)",39.03630445,-77.00024238,"(39.03630445, -77.00024238)"
MCP2937003P,20001147,Montgomery County Police,Injury Crash,03/06/2020 03:11:00 AM,No,US (State),South,,3,South,15,FEET,LEVEL,GEORGIA AVE,SILVER SPRING AVE,,N/A,,DRIVER,SINGLE VEHICLE,CLEAR,DRY,DARK LIGHTS ON,NO CONTROLS,NONE DETECTED,,FIXED OBJECT,N/A,N/A,N/A,STRAIGHT,NO DEFECTS,"TWO-WAY, DIVIDED, POSITIVE MEDIAN BARRIER",38.99158187,-77.02673381,"(38.99158187, -77.02673381)"
MCP2694002D,16053873,Montgomery County Police,Injury Crash,10/19/2016 08:00:00 PM,No,Maryland (State),North,,3,North,200,FEET,LEVEL,OLD GEORGETOWN RD,WISCONSIN AVE,,N/A,PEDESTRIAN,DRIVER,SAME DIR REAR END,CLEAR,DRY,DARK LIGHTS ON,NO CONTROLS,NONE DETECTED,NONE DETECTED,PARKED VEHICLE,PEDESTRIAN,NON INTERSECTION,N/A,STRAIGHT,NO DEFECTS,"TWO-WAY, DIVIDED, POSITIVE MEDIAN BARRIER",39.021475,-77.12278,"(39.021475, -77.12278)"
EJ7858003P,190029618,Gaithersburg Police Depar,Property Damage Crash,06/21/2019 07:00:00 AM,Yes,Municipality,East,,1,South,0,FEET,LEVEL,RIO BLVD,FIELDS RD,,N/A,,DRIVER,SAME DIRECTION SIDESWIPE,UNKNOWN,WET,DARK -- UNKNOWN LIGHTING,NO CONTROLS,UNKNOWN,,OTHER VEHICLE,N/A,NON INTERSECTION,N/A,STRAIGHT,NO DEFECTS,"TWO-WAY, NOT DIVIDED",39.112095,-77.20158167,"(39.112095, -77.20158167)"
MCP1502000W,17004412,Montgomery County Police,Injury Crash,01/25/2017 07:24:00 PM,No,Maryland (State),North,,3,South,0,MILE,HILL UPHILL,GEORGIA AVE,BEL PRE RD,,N/A,,DRIVER,SAME DIR REAR END,CLEAR,DRY,DARK NO LIGHTS,NO CONTROLS,NONE DETECTED,,OTHER VEHICLE,N/A,NON INTERSECTION,N/A,STRAIGHT,NO DEFECTS,"TWO-WAY, DIVIDED, UNPROTECTED PAINTED MIN 4 FEET",39.08731833,-77.07933167,"(39.08731833, -77.07933167)"
MCP26170044,17053431,Montgomery County Police,Property Damage Crash,10/02/2017 12:30:00 PM,No,County,South,,2,South,10,FEET,LEVEL,WOODMONT AVE,ST ELMO AVE,,N/A,,DRIVER,SINGLE VEHICLE,CLEAR,DRY,DAYLIGHT,OTHER,NONE DETECTED,,OTHER OBJECT,N/A,INTERSECTION RELATED,T-INTERSECTION,STRAIGHT,NO DEFECTS,"TWO-WAY, NOT DIVIDED",38.989675,-77.09640333,"(38.989675, -77.09640333)"
MCP2895000T,15003882,Montgomery County Police,Property Damage Crash,01/24/2015 07:32:00 AM,No,County,North,,1,North,0,FEET,LEVEL,BRANDERMILL DR,HEREFORESHIRE WAY,,N/A,,DRIVER,SAME DIRECTION SIDESWIPE,RAINING,WET,DAWN,NO CONTROLS,NONE DETECTED,,PARKED VEHICLE,N/A,NON INTERSECTION,N/A,STRAIGHT,NO DEFECTS,"TWO-WAY, NOT DIVIDED",39.18522,-77.23744833,"(39.18522, -77.23744833)"
MCP9301005T,250025535,MONTGOMERY,Property Damage Crash,06/08/2025 03:45:00 PM,No,County Route,Northbound,Right Turn Lane,5,West,0,FEET,Level,OMEGA DR (SB/L),KEY WEST AVE (WB/L),,,,DRIVER,Unknown,Rain,Wet,Daylight,Traffic Control Signal,"Not Suspect of Alcohol Use, Not Suspect of Drug Use",,Utility Pole/Light Support,"Other Post, Pole, Or Support",Intersection or Related,Angled/Skewed,Curve Right,No Defects,"Divided, Raised Median (curbed)",39.10555732,-77.19646423,"(39.10555732, -77.19646423)"
MCP2445001D,200000866,Montgomery County Police,Injury Crash,01/06/2020 11:23:00 AM,No,Interstate (State),North,ON RAMP,1,North,0,UNKNOWN,GRADE DOWNHILL,EISENHOWER MEMORIAL HWY,RAMP 4 FR IS 270 NB TO MIDDLEBROOK RD EB,,N/A,,UNKNOWN,SINGLE VEHICLE,CLEAR,DRY,DAYLIGHT,NO CONTROLS,NONE DETECTED,,ANIMAL,FIXED OBJECT,INTERCHANGE RELATED,OTHER,CURVE RIGHT,NO DEFECTS,OTHER,39.17677283,-77.244489,"(39.17677283, -77.244489)"
MCP26650012,15026310,Montgomery County Police,Property Damage Crash,05/31/2015 05:04:00 PM,No,,,,,,0,,,,,Driveway near tennis courts of Georgetown Prep School (10900 Rockville Pike),,,DRIVER,SAME DIR REAR END,CLEAR,,DAYLIGHT,NO CONTROLS,N/A,,OTHER VEHICLE,N/A,,,,,,39.03447333,-77.10971333,"(39.03447333, -77.10971333)"
DD56550014,230002977,Rockville Police Departme,Injury Crash,01/18/2023 11:10:00 PM,No,Municipality,West,,1,West,150,FEET,HILL UPHILL,BALTIMORE RD,GLADSTONE DR,,ROCKVILLE,,DRIVER,SINGLE VEHICLE,CLEAR,DRY,DARK LIGHTS ON,NO CONTROLS,ALCOHOL PRESENT,,FIXED OBJECT,N/A,N/A,N/A,CURVE LEFT,NO DEFECTS,"TWO-WAY, NOT DIVIDED",39.0840693,-77.12808293,"(39.0840693, -77.12808293)"
MCP3350001Q,230062613,Montgomery County Police,Injury Crash,10/26/2023 07:20:00 AM,No,,West,,1,East,0,FEET,LEVEL,GROSVENOR PL,GROSVENOR LN,,N/A,PEDESTRIAN,DRIVER,SINGLE VEHICLE,CLEAR,DRY,DUSK,NO CONTROLS,NONE DETECTED,NONE DETECTED,PEDESTRIAN,N/A,NON INTERSECTION,N/A,CURVE LEFT,NO DEFECTS,"TWO-WAY, DIVIDED, UNPROTECTED PAINTED MIN 4 FEET",39.02299667,-77.10580833,"(39.02299667, -77.10580833)"
MCP2456001W,17051399,Montgomery County Police,Property Damage Crash,06/16/2017 08:08:00 AM,No,Maryland (State),West,,3,West,20,MILE,LEVEL,UNIVERSITY BLVD W,SUTHERLAND RD,,N/A,,UNKNOWN,SAME DIRECTION LEFT TURN,RAINING,WET,DAYLIGHT,NO CONTROLS,NONE DETECTED,,OTHER VEHICLE,OTHER VEHICLE,NON INTERSECTION,N/A,STRAIGHT,NO DEFECTS,"TWO-WAY, DIVIDED, POSITIVE MEDIAN BARRIER",39.02145333,-77.01438167,"(39.02145333, -77.01438167)"
DD55830009,15014930,Rockville Police Departme,Property Damage Crash,04/01/2015 09:30:00 AM,No,Municipality,South,,1,North,100,FEET,LEVEL,HARRINGTON RD,W EDMONSTON DR,,ROCKVILLE,,DRIVER,OPPOSITE DIRECTION SIDESWIPE,CLEAR,DRY,DAYLIGHT,N/A,NONE DETECTED,,PARKED VEHICLE,N/A,NON INTERSECTION,N/A,STRAIGHT,NO DEFECTS,"TWO-WAY, NOT DIVIDED",39.07145624,-77.14994967,"(39.07145624, -77.14994967)"
MCP3095003Q,220038689,Montgomery County Police,Property Damage Crash,09/06/2022 04:30:00 PM,No,Maryland (State),North,,2,South,10,FEET,LEVEL,NEW HAMPSHIRE AVE,LOCKWOOD DR,,N/A,,DRIVER,SAME DIR REAR END,CLEAR,DRY,DAYLIGHT,NO CONTROLS,N/A,,OTHER VEHICLE,N/A,NON INTERSECTION,N/A,STRAIGHT,NO DEFECTS,"TWO-WAY, DIVIDED, POSITIVE MEDIAN BARRIER",39.03860667,-76.990045,"(39.03860667, -76.990045)"
MCP2569000J,16050017,Montgomery County Police,Property Damage Crash,09/28/2016 11:07:00 PM,No,,,,,,0,,,,,ON SIDEWALK IN FRONT OF 1701 EAST WEST HWY(SUMMIT HILLS APPARTMENTS),,,DRIVER,SINGLE VEHICLE,RAINING,,DARK LIGHTS ON,N/A,ALCOHOL CONTRIBUTED,,FIXED OBJECT,N/A,,,,,,38.99557333,-77.03853167,"(38.99557333, -77.03853167)"
MCP31620041,220023606,Montgomery County Police,Property Damage Crash,06/02/2022 12:30:00 PM,No,Maryland (State),North,LEFT TURN LANE,3,North,0,FEET,LEVEL,GEORGIA AVE,PLYERS MILL RD,,N/A,,DRIVER,SAME DIRECTION SIDESWIPE,CLEAR,DRY,DAYLIGHT,N/A,NONE DETECTED,,OTHER VEHICLE,N/A,INTERSECTION,FOUR-WAY INTERSECTION,STRAIGHT,NO DEFECTS,"TWO-WAY, NOT DIVIDED",39.02992833,-77.04824,"(39.02992833, -77.04824)"
MCP26570019,16063526,Montgomery County Police,Injury Crash,12/11/2016 02:00:00 AM,No,,,,,,0,,,,,"PARKING LOT OF 11407 JULY DRIVE, SILVER SPRING, MD",,,DRIVER,OTHER,CLEAR,,DARK LIGHTS ON,NO CONTROLS,NONE DETECTED,,FIXED OBJECT,PARKED VEHICLE,,,,,,39.0427862,-76.98156595,"(39.0427862, -76.98156595)"
MCP3246000M,200047962,Montgomery County Police,Property Damage Crash,12/05/2020 02:17:00 PM,No,County,South,,1,North,0,FEET,LEVEL,CASHELL RD,CHERRY VALLEY DR,,N/A,,DRIVER,STRAIGHT MOVEMENT ANGLE,N/A,DRY,DAYLIGHT,STOP SIGN,"ALCOHOL PRESENT, NONE DETECTED",,OTHER VEHICLE,N/A,INTERSECTION,T-INTERSECTION,STRAIGHT,NO DEFECTS,"TWO-WAY, NOT DIVIDED",39.13647167,-77.086205,"(39.13647167, -77.086205)"
MCP3115002V,190032122,Montgomery County Police,Property Damage Crash,07/06/2019 12:10:00 PM,No,Maryland (State),West,LEFT TURN LANE,2,East,50,FEET,LEVEL,E RANDOLPH RD,OLD COLUMBIA PIKE,,N/A,,DRIVER,SAME DIR REAR END,CLEAR,DRY,N/A,N/A,N/A,,OTHER VEHICLE,N/A,INTERSECTION RELATED,FOUR-WAY INTERSECTION,STRAIGHT,NO DEFECTS,"TWO-WAY, DIVIDED, POSITIVE MEDIAN BARRIER",39.063615,-76.96642333,"(39.063615, -76.96642333)"
MCP28050021,16050164,Montgomery County Police,Injury Crash,09/29/2016 08:07:00 PM,No,County,North,,1,North,0,FEET,GRADE DOWNHILL,CONTOUR RD,ODENDHAL AVE,,N/A,BICYCLIST,UNKNOWN,SINGLE VEHICLE,RAINING,WET,DARK LIGHTS ON,TRAFFIC SIGNAL,NONE DETECTED,NONE DETECTED,PEDESTRIAN,N/A,N/A,T-INTERSECTION,STRAIGHT,NO DEFECTS,"TWO-WAY, NOT DIVIDED",39.15244,-77.19595667,"(39.15244, -77.19595667)"
MCP22030040,190032875,Montgomery County Police,Property Damage Crash,07/11/2019 08:10:00 AM,No,Maryland (State),South,,4,North,35,FEET,LEVEL,GEORGIA AVE,BLUERIDGE AVE,,N/A,,DRIVER,SAME DIR REAR END,CLEAR,DRY,DAYLIGHT,TRAFFIC SIGNAL,NONE DETECTED,,OTHER VEHICLE,N/A,INTERSECTION RELATED,FOUR-WAY INTERSECTION,STRAIGHT,NO DEFECTS,"TWO-WAY, DIVIDED, POSITIVE MEDIAN BARRIER",39.04360317,-77.05210367,"(39.04360317, -77.05210367)"
MCP3163000J,180045306,Montgomery County Police,Property Damage Crash,09/11/2018 09:31:00 AM,Yes,Maryland (State),South,,4,North,0,FEET,LEVEL,ROCKVILLE PIKE,SECURITY LA,,N/A,,DRIVER,SAME DIRECTION SIDESWIPE,FOGGY,N/A,DAYLIGHT,TRAFFIC SIGNAL,"NONE DETECTED, UNKNOWN",,OTHER VEHICLE,OTHER VEHICLE,NON INTERSECTION,N/A,STRAIGHT,NO DEFECTS,"TWO-WAY, DIVIDED, POSITIVE MEDIAN BARRIER",39.04192667,-77.11078,"(39.04192667, -77.11078)"
MCP2546002G,180028225,Montgomery County Police,Fatal Crash,06/08/2018 03:50:00 AM,Yes,Maryland (State),South,,3,South,15,FEET,LEVEL,GEORGIA AVE,HEWITT AVE,,N/A,PEDESTRIAN,UNKNOWN,SINGLE VEHICLE,CLEAR,DRY,DARK LIGHTS ON,UNKNOWN,UNKNOWN,UNKNOWN,PEDESTRIAN,N/A,NON INTERSECTION,N/A,STRAIGHT,NO DEFECTS,"TWO-WAY, DIVIDED, POSITIVE MEDIAN BARRIER",39.077337,-77.070821,"(39.077337, -77.070821)"
MCP31760021,230015101,Montgomery County Police,Property Damage Crash,03/29/2023 05:23:00 AM,No,Maryland (State),South,,3,South,30,FEET,LEVEL,GEORGIA AVE,BALLARD ST,,N/A,,DRIVER,SINGLE VEHICLE,CLEAR,DRY,DARK LIGHTS ON,NO CONTROLS,UNKNOWN,,FIXED OBJECT,FIXED OBJECT,N/A,N/A,STRAIGHT,NO DEFECTS,"TWO-WAY, DIVIDED, POSITIVE MEDIAN BARRIER",39.00042,-77.03285,"(39.00042, -77.03285)"
MCP1522000Y,16031031,Montgomery County Police,Property Damage Crash,06/19/2016 02:23:00 PM,Yes,Maryland (State),North,,2,North,0,FEET,LEVEL,WOODFIELD RD,WARFIELD RD,,N/A,,DRIVER,SAME DIR REAR END,CLEAR,DRY,DAYLIGHT,TRAFFIC SIGNAL,N/A,,OTHER VEHICLE,N/A,INTERSECTION,FOUR-WAY INTERSECTION,STRAIGHT,NO DEFECTS,"TWO-WAY, NOT DIVIDED",39.19504578,-77.15312004,"(39.19504578, -77.15312004)"
MCP28670053,170548503,Montgomery County Police,Injury Crash,12/14/2017 10:13:00 AM,No,Maryland (State),South,,3,North,0,FEET,LEVEL,NEW HAMPSHIRE AVE,OAKVIEW DR,,N/A,,DRIVER,SAME DIR REAR END,CLEAR,DRY,DAYLIGHT,N/A,NONE DETECTED,,OTHER VEHICLE,N/A,NON INTERSECTION,N/A,STRAIGHT,NO DEFECTS,"TWO-WAY, DIVIDED, POSITIVE MEDIAN BARRIER",39.01732,-76.977335,"(39.01732, -76.977335)"
MCP3246000F,200040091,Montgomery County Police,Injury Crash,10/11/2020 11:55:00 PM,No,Maryland (State),North,,3,North,0,FEET,LEVEL,CONNECTICUT AVE,VEIRS MILL RD,,N/A,,DRIVER,STRAIGHT MOVEMENT ANGLE,RAINING,WET,DARK LIGHTS ON,TRAFFIC SIGNAL,NONE DETECTED,,OTHER VEHICLE,N/A,INTERSECTION,FOUR-WAY INTERSECTION,STRAIGHT,NO DEFECTS,"TWO-WAY, DIVIDED, POSITIVE MEDIAN BARRIER",39.05217733,-77.07454067,"(39.05217733, -77.07454067)"
MCP28180039,170549454,Montgomery County Police,Property Damage Crash,12/19/2017 10:11:00 AM,No,Maryland (State),South,,1,North,0,FEET,HILL CREST,PINEY BRANCH RD,RITCHIE AVE,,N/A,,DRIVER,STRAIGHT MOVEMENT ANGLE,N/A,DRY,DAYLIGHT,STOP SIGN,NONE DETECTED,,OTHER VEHICLE,N/A,INTERSECTION,FOUR-WAY INTERSECTION,STRAIGHT,NO DEFECTS,"TWO-WAY, NOT DIVIDED",38.98782,-77.01254667,"(38.98782, -77.01254667)"
MCP115100BV,200007296,Montgomery County Police,Injury Crash,02/13/2020 10:50:00 AM,No,County,North,,2,North,0,FEET,GRADE DOWNHILL,TALL FOREST DR,TALL FOREST CIR,,N/A,,DRIVER,OPPOSITE DIRECTION SIDESWIPE,RAINING,WET,DAYLIGHT,N/A,NONE DETECTED,,OTHER VEHICLE,N/A,NON INTERSECTION,N/A,CURVE RIGHT,NO DEFECTS,"TWO-WAY, NOT DIVIDED",39.2002495,-77.23641517,"(39.2002495, -77.23641517)"
MCP2617005H,180010333,Montgomery County Police,Property Damage Crash,02/28/2018 10:05:00 AM,No,Maryland (State),East,,2,East,50,FEET,LEVEL,OLNEY LAYTONSVILLE RD,MUNCASTER RD,,N/A,,DRIVER,SAME DIR REAR END,CLEAR,DRY,DAYLIGHT,TRAFFIC SIGNAL,NONE DETECTED,,OTHER VEHICLE,OTHER VEHICLE,INTERSECTION RELATED,T-INTERSECTION,STRAIGHT,NO DEFECTS,"TWO-WAY, NOT DIVIDED",39.18405167,-77.11254833,"(39.18405167, -77.11254833)"
EJ7826002Q,170542672,Gaithersburg Police Depar,Property Damage Crash,11/14/2017 08:11:00 AM,No,Municipality,West,,1,West,0,FEET,LEVEL,DUVALL LA,W DEER PARK RD,,GAITHERSBURG,,DRIVER,OTHER,CLOUDY,DRY,DAYLIGHT,STOP SIGN,N/A,,PARKED VEHICLE,N/A,INTERSECTION,FOUR-WAY INTERSECTION,STRAIGHT,N/A,"TWO-WAY, DIVIDED, POSITIVE MEDIAN BARRIER",39.129505,-77.20120667,"(39.129505, -77.20120667)"
MCP9432000Q,15008409,Montgomery County Police,Injury Crash,02/20/2015 06:48:00 PM,No,County,West,CROSSOVER AREA,3,East,0,FEET,LEVEL,MIDDLEBROOK RD,ENT TO MIDDLEBROOK SQ SHOPPING CENTER,,N/A,,DRIVER,SAME DIR REAR END,CLEAR,DRY,DARK LIGHTS ON,NO CONTROLS,NONE DETECTED,,OTHER VEHICLE,N/A,COMMERCIAL DRIVEWAY,T-INTERSECTION,STRAIGHT,NO DEFECTS,"TWO-WAY, DIVIDED, POSITIVE MEDIAN BARRIER",39.17939833,-77.24031333,"(39.17939833, -77.24031333)"
EJ7889001P,210051918,Gaithersburg Police Depar,Property Damage Crash,12/20/2021 05:45:00 PM,No,Maryland (State),East,,2,East,25,FEET,LEVEL,W DIAMOND AVE,MUDDY BRANCH RD,,N/A,,DRIVER,SAME DIR REAR END,CLEAR,DRY,DUSK,NO CONTROLS,NONE DETECTED,,OTHER VEHICLE,N/A,NON INTERSECTION,N/A,STRAIGHT,NO DEFECTS,"TWO-WAY, DIVIDED, POSITIVE MEDIAN BARRIER",39.1400705,-77.20447967,"(39.1400705, -77.20447967)"
EJ78370082,240025206,GAITHERSBURG,Property Damage Crash,05/28/2024 11:45:00 AM,,County Route,Westbound,"Lane 1, Lane 2",3,North,11.18,FEET,Level,MONTROSE RD (WB/L),,,,,UNKNOWN,"Sideswipe, Same Direction",Clear,Dry,Daylight,No Controls,"Not Suspect of Alcohol Use, Not Suspect of Drug Use, Unknown, Unknown",,Motor Vehicle In Transport,,Non-Junction,,Straight,No Defects,"Divided, Raised Median (curbed)",39.05446426,-77.14142677,"(39.05446426, -77.14142677)"
MCP285900C3,220017114,Montgomery County Police,Property Damage Crash,04/22/2022 01:40:00 PM,No,County,West,,3,North,0,FEET,LEVEL,SHADY GROVE RD,RAMP 5 FR IS 270 SB TO SHADY GROVE RD,,N/A,,DRIVER,STRAIGHT MOVEMENT ANGLE,CLEAR,DRY,DAYLIGHT,TRAFFIC SIGNAL,NONE DETECTED,,OTHER VEHICLE,N/A,INTERSECTION,T-INTERSECTION,STRAIGHT,NO DEFECTS,"TWO-WAY, DIVIDED, POSITIVE MEDIAN BARRIER",39.10948,-77.188415,"(39.10948, -77.188415)"
MCP3064004S,220054956,Montgomery County Police,Property Damage Crash,11/09/2022 11:00:00 AM,Yes,County,West,SHOULDER AREA,1,West,200,FEET,LEVEL,OLD RANDOLPH RD,KEMP MILL RD,,N/A,,UNKNOWN,OTHER,CLEAR,DRY,DAYLIGHT,N/A,"NONE DETECTED, UNKNOWN",,FIXED OBJECT,N/A,N/A,N/A,STRAIGHT,NO DEFECTS,"TWO-WAY, NOT DIVIDED",39.06430991,-77.03127874,"(39.06430991, -77.03127874)"
MCP9424000V,16025930,Montgomery County Police,Injury Crash,05/25/2016 01:12:00 AM,No,Maryland (State),South,,3,South,15,FEET,GRADE DOWNHILL,FREDERICK RD,ENT TO MILESTONE SHOPPING CENTER,,N/A,,DRIVER,ANGLE MEETS RIGHT TURN,CLEAR,DRY,DARK LIGHTS ON,N/A,"ALCOHOL PRESENT, NONE DETECTED",,OTHER VEHICLE,N/A,INTERSECTION RELATED,T-INTERSECTION,STRAIGHT,NO DEFECTS,"TWO-WAY, DIVIDED, POSITIVE MEDIAN BARRIER",39.22363667,-77.276695,"(39.22363667, -77.276695)"
EJ7851009B,230005141,Gaithersburg Police Depar,Injury Crash,01/31/2023 06:45:00 PM,No,Maryland (State),North,,2,North,0,FEET,LEVEL,FREDERICK RD,MONTGOMERY VILLAGE AVE,,N/A,,DRIVER,SAME DIRECTION SIDESWIPE,CLOUDY,WET,DARK LIGHTS ON,TRAFFIC SIGNAL,NONE DETECTED,,OTHER VEHICLE,FIXED OBJECT,INTERSECTION RELATED,FOUR-WAY INTERSECTION,STRAIGHT,NO DEFECTS,"TWO-WAY, DIVIDED, POSITIVE MEDIAN BARRIER",39.15305905,-77.21243245,"(39.15305905, -77.21243245)"
DD5620003G,190002896,Rockville Police Departme,Property Damage Crash,01/18/2019 03:32:00 PM,No,Ramp,South,ON RAMP,1,South,0,FEET,GRADE DOWNHILL,RAMP 6 FR MD 28 EB TO IS 270 SB,W MONTGOMERY AVE,,N/A,,DRIVER,SINGLE VEHICLE,CLEAR,DRY,DAYLIGHT,TRAFFIC SIGNAL,NONE DETECTED,,OVERTURN,N/A,INTERCHANGE RELATED,OTHER,CURVE RIGHT,NO DEFECTS,ONE-WAY TRAFFICWAY,39.08755617,-77.1765415,"(39.08755617, -77.1765415)"
DD5652000N,220017978,Rockville Police Departme,Injury Crash,04/28/2022 08:41:00 AM,No,Maryland (State),West,,2,East,50,FEET,LEVEL,VEIRS MILL RD,EDMONSTON DR,,ROCKVILLE,,DRIVER,SAME DIR REAR END,CLEAR,DRY,DAYLIGHT,NO CONTROLS,NONE DETECTED,,OTHER VEHICLE,N/A,NON INTERSECTION,N/A,STRAIGHT,NO DEFECTS,"TWO-WAY, DIVIDED, POSITIVE MEDIAN BARRIER",39.0783675,-77.12923317,"(39.0783675, -77.12923317)"
MCP25920029,220025073,Montgomery County Police,Property Damage Crash,06/11/2022 10:29:00 AM,No,County,West,,1,West,20,FEET,GRADE DOWNHILL,BRINK RD,BEGIN BRIDGE,,N/A,,DRIVER,SAME DIR REAR END,RAINING,WET,DAYLIGHT,N/A,NONE DETECTED,,OTHER VEHICLE,FIXED OBJECT,NON INTERSECTION,N/A,CURVE LEFT,NO DEFECTS,"TWO-WAY, NOT DIVIDED",39.20504833,-77.18660167,"(39.20504833, -77.18660167)"
MCP2617003N,170512101,Montgomery County Police,Property Damage Crash,06/06/2017 01:57:00 PM,No,Maryland (State),South,,2,North,0,FEET,LEVEL,OLD GEORGETOWN RD,GLENWOOD RD,,N/A,,DRIVER,SAME DIRECTION SIDESWIPE,CLEAR,DRY,DAYLIGHT,NO CONTROLS,NONE DETECTED,,OTHER VEHICLE,FIXED OBJECT,INTERSECTION,FOUR-WAY INTERSECTION,STRAIGHT,NO DEFECTS,"TWO-WAY, DIVIDED, POSITIVE MEDIAN BARRIER",38.98835,-77.100355,"(38.98835, -77.100355)"
MCP23390013,15037366,Montgomery County Police,Property Damage Crash,07/28/2015 07:35:00 PM,No,County,East,LEFT TURN LANE,4,West,30,FEET,LEVEL,BONIFANT RD,NEW HAMPSHIRE AVE,,N/A,,DRIVER,OTHER,CLEAR,DRY,DAYLIGHT,TRAFFIC SIGNAL,NONE DETECTED,,OTHER VEHICLE,N/A,INTERSECTION RELATED,FOUR-WAY INTERSECTION,STRAIGHT,NO DEFECTS,"TWO-WAY, NOT DIVIDED",39.095803,-77.022394,"(39.095803, -77.022394)"
MCP9392000V,180052648,Montgomery County Police,Property Damage Crash,10/20/2018 09:35:00 PM,No,County,South,,2,South,0.5,MILE,LEVEL,RIFFLE FORD RD,MONARCH VISTA DR,,N/A,,UNKNOWN,SINGLE VEHICLE,RAINING,WET,DARK NO LIGHTS,NO CONTROLS,NONE DETECTED,,ANIMAL,N/A,N/A,N/A,STRAIGHT,NO DEFECTS,"TWO-WAY, NOT DIVIDED",39.13525333,-77.27187333,"(39.13525333, -77.27187333)"
MCP32850019,210038175,Montgomery County Police,Property Damage Crash,09/27/2021 07:44:00 AM,No,,,,,,,,,,,PARKING LOT OF 12918 MIDDLEBROOK RD EXXON,,,DRIVER,SAME DIR REAR END,CLEAR,,DAYLIGHT,NO CONTROLS,NONE DETECTED,,OTHER VEHICLE,FIXED OBJECT,,,,,,39.18026167,-77.26948,"(39.18026167, -77.26948)"
MCP30600036,220000593,Montgomery County Police,Injury Crash,01/05/2022 09:48:00 PM,No,Maryland (State),North,,2,East,5,FEET,LEVEL,RIVER RD,LITTLE FALLS PKWY,,N/A,,DRIVER,SAME DIR REAR END,CLEAR,WET,DARK LIGHTS ON,NO CONTROLS,N/A,,OTHER VEHICLE,N/A,N/A,N/A,STRAIGHT,NO DEFECTS,"TWO-WAY, DIVIDED, UNPROTECTED PAINTED MIN 4 FEET",38.96378667,-77.10219833,"(38.96378667, -77.10219833)"
MCP1210002S,180036462,Montgomery County Police,Injury Crash,07/23/2018 03:26:00 PM,No,County,South,,2,South,0,FEET,LEVEL,MIDCOUNTY HWY,WASHINGTON GROVE LA,,N/A,,UNKNOWN,HEAD ON LEFT TURN,CLOUDY,WET,DAYLIGHT,TRAFFIC SIGNAL,NONE DETECTED,,OTHER VEHICLE,N/A,INTERSECTION,FOUR-WAY INTERSECTION,STRAIGHT,NO DEFECTS,"TWO-WAY, DIVIDED, POSITIVE MEDIAN BARRIER",39.14745,-77.16919833,"(39.14745, -77.16919833)"
MCP3123008B,250032536,MONTGOMERY,Property Damage Crash,07/21/2025 04:30:00 PM,No,Maryland (State) Route,Southbound,Lane 1,3,North,44.23,FEET,Hillcrest,GEORGIA AVE (SB/L),,,,,DRIVER,Front to Rear,Clear,Dry,Daylight,No Controls,"Not Suspect of Alcohol Use, Not Suspect of Drug Use, Not Suspect of Alcohol Use, Not Suspect of Drug Use, Not Suspect of Alcohol Use, Not Suspect of Drug Use",,Motor Vehicle In Transport,Motor Vehicle In Transport,Non-Junction,,Straight,No Defects,"Divided, Depressed Median",39.1278961,-77.07185738,"(39.1278961, -77.07185738)"
MCP2786003F,210029786,Montgomery County Police,Property Damage Crash,08/01/2021 03:53:00 AM,No,Interstate (State),West,,4,East,0.33,MILE,LEVEL,CAPITAL BELTWAY,CONNECTICUT AVE,,N/A,,DRIVER,SINGLE VEHICLE,CLEAR,WET,DARK LIGHTS ON,N/A,ALCOHOL PRESENT,,FIXED OBJECT,FIXED OBJECT,N/A,N/A,CURVE RIGHT,NO DEFECTS,"TWO-WAY, DIVIDED, POSITIVE MEDIAN BARRIER",39.00712667,-77.06841,"(39.00712667, -77.06841)"
MCP31650042,220034672,Montgomery County Police,Injury Crash,08/12/2022 10:30:00 AM,No,County,West,,1,West,25,FEET,LEVEL,DUSTIN RD,DUSTIN CT,,N/A,PEDESTRIAN,DRIVER,SAME DIR REND RIGHT TURN,N/A,DRY,DAYLIGHT,NO CONTROLS,NONE DETECTED,NONE DETECTED,PARKED VEHICLE,PEDESTRIAN,N/A,N/A,STRAIGHT,NO DEFECTS,"TWO-WAY, NOT DIVIDED",39.12153,-76.9171608,"(39.12153, -76.9171608)"