Report Number,Local Case Number,Agency Name,ACRS Report Type,Crash Date/Time,Hit/Run,Route Type,Lane Direction,Lane Type,Number of Lanes,Direction,Distance,Distance Unit,Road Grade,Road Name,Cross-Street Name,Off-Road Description,Municipality,Related Non-Motorist,At Fault,Collision Type,Weather,Surface Condition,Light,Traffic Control,Driver Substance Abuse,Non-Motorist Substance Abuse,First Harmful Event,Second Harmful Event,Junction,Intersection Type,Road Alignment,Road Condition,Road Division,Latitude,Longitude,Location
MCP2720002J,16055870,Montgomery County Police,Property Damage Crash,10/30/2016 05:29:00 AM,No,County,North,,1,North,250,FEET,LEVEL,LURAY CT,OLNEY MILL RD,,N/A,,DRIVER,SAME DIR REAR END,CLEAR,DRY,DARK NO LIGHTS,NO CONTROLS,NONE DETECTED,,PARKED VEHICLE,N/A,NON INTERSECTION,N/A,STRAIGHT,NO DEFECTS,"TWO-WAY, NOT DIVIDED",39.16467833,-77.08514833,"(39.16467833, -77.08514833)"
MCP0036009G,190009362,Montgomery County Police,Injury Crash,02/27/2019 03:05:00 PM,No,Maryland (State),West,,2,West,10,FEET,HILL UPHILL,CLOPPER RD,WARING STATION RD,,N/A,,DRIVER,SAME DIRECTION SIDESWIPE,CLOUDY,DRY,DAYLIGHT,TRAFFIC SIGNAL,NONE DETECTED,,OTHER VEHICLE,N/A,INTERSECTION RELATED,T-INTERSECTION,STRAIGHT,NO DEFECTS,"TWO-WAY, NOT DIVIDED",39.15421167,-77.25494667,"(39.15421167, -77.25494667)"
MCP14330059,230050787,Montgomery County Police,Property Damage Crash,08/22/2023 09:25:00 PM,No,County,West,,3,West,250,FEET,LEVEL,MONTROSE RD,FARM HAVEN DR,,ROCKVILLE,,DRIVER,SINGLE VEHICLE,CLEAR,DRY,DARK LIGHTS ON,N/A,NONE DETECTED,,FIXED OBJECT,OTHER OBJECT,NON INTERSECTION,N/A,CURVE RIGHT,NO DEFECTS,"TWO-WAY, DIVIDED, POSITIVE MEDIAN BARRIER",39.05454,-77.14413333,"(39.05454, -77.14413333)"
MCP2921003D,190046244,Montgomery County Police,Property Damage Crash,09/26/2019 07:55:00 PM,No,,,,,,,,,,,HOLY CROSS HOSPITAL GERMANTOWN PARKING LOT,,,DRIVER,OTHER,CLEAR,,DARK LIGHTS ON,N/A,N/A,,PARKED VEHICLE,N/A,,,,,,39.18231,-77.242235,"(39.18231, -77.242235)"
MCP2394002M,170539892,Montgomery County Police,Property Damage Crash,10/30/2017 09:31:00 PM,No,County,South,,1,North,0,FEET,LEVEL,BOU AVE,ENT TO BUSINESS,,N/A,,DRIVER,STRAIGHT MOVEMENT ANGLE,CLEAR,DRY,DARK LIGHTS ON,NO CONTROLS,NONE DETECTED,,OTHER VEHICLE,N/A,INTERSECTION,T-INTERSECTION,STRAIGHT,NO DEFECTS,"TWO-WAY, DIVIDED, POSITIVE MEDIAN BARRIER",39.05705333,-77.11836,"(39.05705333, -77.11836)"
MCP2680002Q,180044563,Montgomery County Police,Property Damage Crash,09/06/2018 05:28:00 PM,No,Maryland (State),East,SHOULDER AREA,2,East,20,FEET,LEVEL,EAST WEST HWY,BLAIR MILL RD,,N/A,,DRIVER,SAME DIRECTION SIDESWIPE,CLEAR,DRY,DAYLIGHT,TRAFFIC SIGNAL,ALCOHOL PRESENT,,PARKED VEHICLE,PARKED VEHICLE,INTERSECTION RELATED,Y-INTERSECTION,STRAIGHT,NO DEFECTS,"TWO-WAY, NOT DIVIDED",38.99014133,-77.02904765,"(38.99014133, -77.02904765)"
MCP32000021,200034798,Montgomery County Police,Injury Crash,09/05/2020 02:12:00 PM,Yes,Maryland (State),East,,1,East,0,FEET,GRADE DOWNHILL,METROPOLITAN AVE,N KENSINGTON PKWY,,KENSINGTON,BICYCLIST,DRIVER,OTHER,CLEAR,DRY,DAYLIGHT,NO CONTROLS,UNKNOWN,NONE DETECTED,PEDESTRIAN,N/A,INTERSECTION,T-INTERSECTION,STRAIGHT,NO DEFECTS,"TWO-WAY, NOT DIVIDED",39.02620496,-77.06980941,"(39.02620496, -77.06980941)"
MCP3213001K,220050195,Montgomery County Police,Property Damage Crash,11/14/2022 02:38:00 AM,No,US (State),North,,3,North,0,FEET,LEVEL,COLUMBIA PIKE,BLACKBURN RD,,N/A,,UNKNOWN,STRAIGHT MOVEMENT ANGLE,CLEAR,DRY,DARK LIGHTS ON,TRAFFIC SIGNAL,NONE DETECTED,,OTHER VEHICLE,N/A,INTERSECTION,FOUR-WAY INTERSECTION,STRAIGHT,NO DEFECTS,"TWO-WAY, DIVIDED, POSITIVE MEDIAN BARRIER",39.10415217,-76.93298217,"(39.10415217, -76.93298217)"
MCP2987001K,17009316,Montgomery County Police,Injury Crash,02/21/2017 10:40:00 AM,No,Maryland (State),South,,2,South,0,FEET,LEVEL,PINEY BRANCH RD,ARLISS ST,,N/A,PEDESTRIAN,DRIVER,STRAIGHT MOVEMENT ANGLE,CLEAR,DRY,DAYLIGHT,TRAFFIC SIGNAL,NONE DETECTED,NONE DETECTED,PEDESTRIAN,N/A,INTERSECTION RELATED,FOUR-WAY INTERSECTION,STRAIGHT,NO DEFECTS,"TWO-WAY, DIVIDED, UNPROTECTED PAINTED MIN 4 FEET",38.99820667,-77.00123167,"(38.99820667, -77.00123167)"
MCP27890062,220021993,Montgomery County Police,Property Damage Crash,05/23/2022 02:49:00 PM,No,County,West,,2,West,100,FEET,LEVEL,POWDER MILL RD,SWEETBRIAR PKWY,,N/A,,DRIVER,SINGLE VEHICLE,CLEAR,DRY,DAYLIGHT,NO CONTROLS,N/A,,FIXED OBJECT,N/A,N/A,N/A,STRAIGHT,NO DEFECTS,"TWO-WAY, NOT DIVIDED",39.0235549,-76.97366738,"(39.0235549, -76.97366738)"
MCP30950057,240026631,MONTGOMERY,Property Damage Crash,06/04/2024 07:52:00 PM,,County Route,Westbound,Lane 1,1,East,48.75,FEET,Level,LOCKWOOD DR,,,,,UNKNOWN,Front to Rear,Clear,Dry,Daylight,No Controls,"Not Suspect of Alcohol Use, Not Suspect of Drug Use, Unknown, Unknown",,Motor Vehicle In Transport,,Non-Junction,,Straight,,"Divided, Flush Median (greater than 4ft wide)",39.04124689,-76.98597169,"(39.04124689, -76.98597169)"
DD5615000H,15050777,ROCKVILLE,Injury Crash,10/07/2015 08:50:00 AM,No,Maryland (State),South,,4,South,10,FEET,LEVEL,HUNGERFORD DR,FREDERICK AVE #2,,ROCKVILLE,,DRIVER,SAME DIR REAR END,CLEAR,DRY,DAYLIGHT,NO CONTROLS,NONE DETECTED,,OTHER VEHICLE,OTHER VEHICLE,NON INTERSECTION,N/A,STRAIGHT,NO DEFECTS,"TWO-WAY, DIVIDED, POSITIVE MEDIAN BARRIER",39.09438087,-77.15342045,"(39.09438087, -77.15342045)"
EJ7886003F,240010291,GAITHERSBURG,Property Damage Crash,03/02/2024 11:13:00 PM,No,Maryland (State) Route,Southbound,Lane 1,2,South,0,FEET,Level,GREAT SENECA HWY (SB/L),QUINCE ORCHARD RD (SB/L),,,,DRIVER,"Sideswipe, Same Direction",Clear,Dry,Dark - Lighted,Traffic Control Signal,"Not Suspect of Alcohol Use, Not Suspect of Drug Use, Suspect of Alcohol Use, Not Suspect of Drug Use",,Motor Vehicle In Transport,Motor Vehicle In Transport,Intersection or Related,Angled/Skewed,Straight,No Defects,"Divided, Depressed Median",39.12860796,-77.23786801,"(39.12860796, -77.23786801)"
MCP3123003B,220007710,Montgomery County Police,Injury Crash,02/22/2022 08:10:00 AM,No,County,South,,1,East,200,FEET,LEVEL,NEEDWOOD RD,MUNCASTER MILL RD,,N/A,,DRIVER,SAME DIR REAR END,CLOUDY,DRY,DAYLIGHT,N/A,N/A,,OTHER VEHICLE,N/A,NON INTERSECTION,N/A,STRAIGHT,NO DEFECTS,"TWO-WAY, NOT DIVIDED",39.13251923,-77.12192467,"(39.13251923, -77.12192467)"
MCP94390011,240030529,MONTGOMERY,Injury Crash,06/28/2024 09:22:00 AM,No,County Route,Eastbound,"Lane 1, Lane 2","2, 4",East,157.22,FEET,Level,RANDOLPH RD,,,,,UNKNOWN,Front to Rear,Clear,Dry,Daylight,No Controls,"Not Suspect of Alcohol Use, Not Suspect of Drug Use, Not Suspect of Alcohol Use, Not Suspect of Drug Use",,Motor Vehicle In Transport,Not Applicable,Non-Junction,,Straight,No Defects,Not Divided,39.05326137,-77.10893863,"(39.05326137, -77.10893863)"
DM83700012,170531978,Takoma Park Police Depart,Property Damage Crash,09/21/2017 04:01:00 PM,No,Government,East,,1,West,0,FEET,LEVEL,SLIGO CREEK PKWY,HEATHER AVE,,TAKOMA PARK,,DRIVER,SAME DIR REAR END,CLEAR,DRY,DAYLIGHT,NO CONTROLS,NONE DETECTED,,OTHER VEHICLE,N/A,NON INTERSECTION,N/A,CURVE LEFT,NO DEFECTS,"TWO-WAY, NOT DIVIDED",38.97997167,-76.99456333,"(38.97997167, -76.99456333)"
MCP23050037,240005114,MONTGOMERY,Property Damage Crash,02/01/2024 05:03:00 AM,No,Maryland (State) Route,Northbound,Lane 1,2,North,20.82,FEET,Uphill,RIDGE RD,,,,,UNKNOWN,Single Vehicle,Clear,Ice/Frost,Dark - Lighted,No Controls,"Not Suspect of Alcohol Use, Not Suspect of Drug Use",,Curb,Not Applicable,Through Roadway,,Curve Left,Not Applicable,Not Divided,39.29733597,-77.20356904,"(39.29733597, -77.20356904)"
MCP3405000Q,250026133,MONTGOMERY,Injury Crash,06/11/2025 11:07:00 PM,No,County Route,Eastbound,Lane 2,4,South,45.25,FEET,Level,WISTERIA DR,,,,,UNKNOWN,Single Vehicle,Clear,Dry,Dark - Lighted,No Controls,"Not Suspect of Alcohol Use, Not Suspect of Drug Use",,Tree (standing),Not Applicable,Non-Junction,,Straight,No Defects,Not Divided,39.17935375,-77.27415009,"(39.17935375, -77.27415009)"
MCP2934004P,220026330,Montgomery County Police,Property Damage Crash,06/18/2022 05:23:00 PM,Yes,,,,,,,,,,,PARKING LOT OF 7111 WESTLAKE TER,,,DRIVER,OTHER,CLEAR,,DAYLIGHT,NO CONTROLS,"NONE DETECTED, UNKNOWN",,OTHER VEHICLE,N/A,,,,,,39.02787933,-77.14460083,"(39.02787933, -77.14460083)"
MCP2922000Z,17501416,Montgomery County Police,Property Damage Crash,03/20/2017 02:40:00 PM,Yes,US (State),South,,6,North,25,FEET,LEVEL,COLESVILLE RD,UNIVERSITY BLVD E,,N/A,,DRIVER,SAME DIRECTION LEFT TURN,N/A,DRY,DAYLIGHT,N/A,N/A,,OTHER VEHICLE,N/A,NON INTERSECTION,N/A,STRAIGHT,NO DEFECTS,"TWO-WAY, DIVIDED, POSITIVE MEDIAN BARRIER",39.04264333,-76.987145,"(39.04264333, -76.987145)"
DD5647001L,210052963,Rockville Police Departme,Property Damage Crash,12/28/2021 05:16:00 PM,No,Municipality,West,,1,West,0,FEET,LEVEL,CONGRESSIONAL LA,E JEFFERSON ST,,ROCKVILLE,,DRIVER,STRAIGHT MOVEMENT ANGLE,CLEAR,DRY,DARK LIGHTS ON,YIELD SIGN,N/A,,OTHER VEHICLE,N/A,INTERSECTION,T-INTERSECTION,STRAIGHT,NO DEFECTS,"TWO-WAY, NOT DIVIDED",39.063188,-77.1280505,"(39.063188, -77.1280505)"
MCP2861004T,210022480,Montgomery County Police,Property Damage Crash,06/12/2021 03:40:00 PM,No,County,East,,3,East,5,FEET,LEVEL,DEMOCRACY BLVD,RAMP 1 FR RP 4 EB TO DEMOCRACY BLVD,,N/A,,DRIVER,SAME DIR REAR END,CLOUDY,DRY,DAYLIGHT,NO CONTROLS,NONE DETECTED,,OTHER VEHICLE,N/A,NON INTERSECTION,N/A,STRAIGHT,NO DEFECTS,"TWO-WAY, DIVIDED, POSITIVE MEDIAN BARRIER",39.021495,-77.14378,"(39.021495, -77.14378)"
MCP33390045,240035616,MONTGOMERY,Property Damage Crash,07/28/2024 09:13:00 PM,,County Route,Northbound,"Lane 1, Lane 3, Left Turn Lane",4,East,0,FEET,Level,MAY ST,GEORGIA AVE (SB/L),,,,DRIVER,Rear To Side,Clear,Dry,Dark - Not Lighted,Traffic Control Signal,"Not Suspect of Alcohol Use, Not Suspect of Drug Use, Not Suspect of Alcohol Use, Not Suspect of Drug Use, Unknown, Unknown",,Motor Vehicle In Transport,Motor Vehicle In Transport,Intersection or Related,Angled/Skewed,Straight,No Defects,"Divided, Flush Median (greater than 4ft wide)",39.07234087,-77.06500521,"(39.07234087, -77.06500521)"
EJ7888002L,220032010,Gaithersburg Police Depar,Property Damage Crash,07/25/2022 12:00:00 PM,Yes,,,,,,,,,,,"PARKING LOT OF SAM'S CLUB: 610 N FREDERICK AVE GAITHERSBURG, MD 20877.",,,DRIVER,OTHER,CLEAR,,DAYLIGHT,N/A,N/A,,PARKED VEHICLE,N/A,,,,,,39.1408066,-77.22458333,"(39.1408066, -77.22458333)"
MCP2228000Y,200016460,Montgomery County Police,Property Damage Crash,04/19/2020 03:10:00 PM,No,County,South,,3,North,0,FEET,LEVEL,SHADY GROVE RD,RAMP 10 FR RAMP 9 TO SHADY GROVE RD NB,,N/A,,DRIVER,STRAIGHT MOVEMENT ANGLE,CLOUDY,DRY,DAYLIGHT,TRAFFIC SIGNAL,NONE DETECTED,,OTHER VEHICLE,OTHER VEHICLE,INTERSECTION,FOUR-WAY INTERSECTION,STRAIGHT,NO DEFECTS,"TWO-WAY, DIVIDED, POSITIVE MEDIAN BARRIER",39.12985,-77.16359333,"(39.12985, -77.16359333)"
DD55830051,190011114,Rockville Police Departme,Injury Crash,03/10/2019 03:50:00 PM,No,County,South,,2,North,200,FEET,LEVEL,TWINBROOK PKWY,PIER DR,,ROCKVILLE,PEDESTRIAN,DRIVER,SINGLE VEHICLE,CLEAR,DRY,DAYLIGHT,NO CONTROLS,NONE DETECTED,NONE DETECTED,PEDESTRIAN,N/A,COMMERCIAL DRIVEWAY,OTHER,STRAIGHT,NO DEFECTS,"TWO-WAY, DIVIDED, UNPROTECTED PAINTED MIN 4 FEET",39.0690275,-77.11411817,"(39.0690275, -77.11411817)"
MCP1563004Y,180029159,Montgomery County Police,Injury Crash,06/13/2018 10:48:00 AM,No,Maryland (State),South,,2,North,80,FEET,LEVEL,BROOKVILLE RD,TAYLOR ST,,MATINS ADDITION,,DRIVER,SAME DIR REAR END,CLOUDY,DRY,DAYLIGHT,NO CONTROLS,NONE DETECTED,,OTHER VEHICLE,N/A,INTERSECTION RELATED,FOUR-WAY INTERSECTION,STRAIGHT,NO DEFECTS,"TWO-WAY, NOT DIVIDED",38.98168667,-77.07160667,"(38.98168667, -77.07160667)"
MCP3201002P,220028924,Montgomery County Police,Property Damage Crash,07/06/2022 08:39:00 AM,No,,North,,2,South,0,FEET,LEVEL,FOREST BROOK ROAD,FERRY LANDING CIR,,N/A,,DRIVER,SAME DIRECTION SIDESWIPE,CLEAR,DRY,DAYLIGHT,NO CONTROLS,NONE DETECTED,,PARKED VEHICLE,N/A,INTERSECTION,FOUR-WAY INTERSECTION,STRAIGHT,NO DEFECTS,"TWO-WAY, NOT DIVIDED",39.16574433,-77.25206717,"(39.16574433, -77.25206717)"
MCP2785000C,15023118,Montgomery County Police,Injury Crash,05/14/2015 07:17:00 PM,No,US (State),South,,4,North,300,FEET,LEVEL,COLUMBIA PIKE,MUSGROVE RD,,N/A,,DRIVER,SINGLE VEHICLE,CLEAR,DRY,DAYLIGHT,N/A,MEDICATION PRESENT,,FIXED OBJECT,N/A,N/A,N/A,STRAIGHT,NO DEFECTS,"TWO-WAY, DIVIDED, POSITIVE MEDIAN BARRIER",39.06688,-76.96004333,"(39.06688, -76.96004333)"
MCP3000000M,16012804,MONTGOMERY,Injury Crash,03/15/2016 04:26:00 PM,Yes,County,East,RIGHT TURN LANE,5,East,0,FEET,GRADE DOWNHILL,MIDDLEBROOK RD,GREAT SENECA HWY,,N/A,PEDESTRIAN,DRIVER,STRAIGHT MOVEMENT ANGLE,CLEAR,DRY,DAYLIGHT,TRAFFIC SIGNAL,UNKNOWN,NONE DETECTED,PEDESTRIAN,N/A,N/A,T-INTERSECTION,STRAIGHT,NO DEFECTS,"TWO-WAY, DIVIDED, POSITIVE MEDIAN BARRIER",39.174895,-77.26154833,"(39.174895, -77.26154833)"
MCP1580007Q,170535793,Montgomery County Police,Injury Crash,10/10/2017 11:40:00 AM,No,County,West,,1,West,0,FEET,LEVEL,APPLE RIDGE RD,SHADOW OAK DR,,N/A,,DRIVER,SINGLE VEHICLE,CLEAR,DRY,DAYLIGHT,NO CONTROLS,NONE DETECTED,,FIXED OBJECT,FIXED OBJECT,INTERSECTION,T-INTERSECTION,STRAIGHT,NO DEFECTS,"TWO-WAY, NOT DIVIDED",39.186195,-77.20206333,"(39.186195, -77.20206333)"
EJ7856006R,190028258,Gaithersburg Police Depar,Injury Crash,06/13/2019 02:41:00 PM,No,Maryland (State),North,,2,North,0.15,MILE,LEVEL,FREDERICK RD,ODENDHAL AVE,,GAITHERSBURG,,DRIVER,SAME DIRECTION RIGHT TURN,CLEAR,DRY,DAYLIGHT,N/A,N/A,,OTHER VEHICLE,N/A,RESIDENTIAL DRIVEWAY,OTHER,STRAIGHT,NO DEFECTS,"TWO-WAY, NOT DIVIDED",39.146825,-77.20493833,"(39.146825, -77.20493833)"
MCP3143003F,220020192,Montgomery County Police,Property Damage Crash,05/12/2022 11:26:00 AM,No,Other Public Roadway,North,OFF ROAD,2,South,50,FEET,HILL UPHILL,ROSEMARY HILLS RD,ROSEMARY HILLS RD,,N/A,,DRIVER,SAME DIRECTION SIDESWIPE,CLEAR,DRY,DAYLIGHT,NO CONTROLS,NONE DETECTED,,OTHER VEHICLE,OFF ROAD,N/A,N/A,STRAIGHT,NO DEFECTS,"TWO-WAY, DIVIDED, UNPROTECTED PAINTED MIN 4 FEET",39.000125,-77.04245833,"(39.000125, -77.04245833)"
MCP3052002G,200029908,Montgomery County Police,Injury Crash,08/01/2020 08:50:00 PM,No,Maryland (State),West,,3,East,0,FEET,LEVEL,W DIAMOND AVE,PERRY PKWY,,GAITHERSBURG,,DRIVER,SAME DIR REAR END,N/A,DRY,DUSK,TRAFFIC SIGNAL,NONE DETECTED,,OTHER VEHICLE,OTHER VEHICLE,INTERSECTION,T-INTERSECTION,STRAIGHT,NO DEFECTS,"TWO-WAY, DIVIDED, POSITIVE MEDIAN BARRIER",39.1403312,-77.21027281,"(39.1403312, -77.21027281)"
MCP12050042,180008734,Montgomery County Police,Property Damage Crash,02/20/2018 09:26:00 AM,Yes,Maryland (State),North,,3,South,40,FEET,LEVEL,CONNECTICUT AVE,BRADLEY LA,,N/A,,DRIVER,SAME DIRECTION RIGHT TURN,CLEAR,WET,DAYLIGHT,NO CONTROLS,"NONE DETECTED, UNKNOWN",,OTHER VEHICLE,N/A,NON INTERSECTION,N/A,STRAIGHT,NO DEFECTS,"TWO-WAY, DIVIDED, POSITIVE MEDIAN BARRIER",38.97562505,-77.07707405,"(38.97562505, -77.07707405)"
MCP27970020,180035004,Montgomery County Police,Property Damage Crash,07/15/2018 03:37:00 PM,No,Maryland (State),North,,3,East,0,FEET,LEVEL,UNIVERSITY BLVD W,VEIRS MILL RD,,N/A,,DRIVER,OTHER,CLEAR,DRY,DAYLIGHT,TRAFFIC SIGNAL,NONE DETECTED,,OTHER VEHICLE,N/A,INTERSECTION,FOUR-WAY INTERSECTION,STRAIGHT,NO DEFECTS,"TWO-WAY, DIVIDED, POSITIVE MEDIAN BARRIER",39.039937,-77.055448,"(39.039937, -77.055448)"
MCP3093001B,180055536,Montgomery County Police,Injury Crash,11/05/2018 06:40:00 PM,No,County,West,,4,East,0,FEET,LEVEL,NICHOLSON LA,NICHOLSON CT,,N/A,PEDESTRIAN,DRIVER,N/A,RAINING,WET,DARK LIGHTS ON,TRAFFIC SIGNAL,N/A,N/A,PEDESTRIAN,N/A,INTERSECTION,FOUR-WAY INTERSECTION,STRAIGHT,NO DEFECTS,"TWO-WAY, NOT DIVIDED",39.04532667,-77.105245,"(39.04532667, -77.105245)"
MCP9404000J,15058106,MONTGOMERY,Property Damage Crash,11/14/2015 08:30:00 AM,No,County,East,,3,East,0,FEET,HILL UPHILL,MEDICAL CENTER DR,KEY WEST AVE,,N/A,,DRIVER,STRAIGHT MOVEMENT ANGLE,CLEAR,DRY,DAYLIGHT,TRAFFIC SIGNAL,NONE DETECTED,,OTHER VEHICLE,N/A,INTERSECTION,FOUR-WAY INTERSECTION,CURVE RIGHT,NO DEFECTS,"TWO-WAY, DIVIDED, POSITIVE MEDIAN BARRIER",39.10522667,-77.196465,"(39.10522667, -77.196465)"
MCP2934000Q,15033189,MONTGOMERY,Property Damage Crash,07/07/2015 12:31:00 PM,No,Maryland (State),South,,3,South,50,FEET,LEVEL,ROCKVILLE PIKE,OLD GEORGETOWN RD,,N/A,,DRIVER,SAME DIR REAR END,CLEAR,DRY,DAYLIGHT,TRAFFIC SIGNAL,NONE DETECTED,,OTHER VEHICLE,N/A,INTERSECTION RELATED,FOUR-WAY INTERSECTION,STRAIGHT,NO DEFECTS,"TWO-WAY, DIVIDED, POSITIVE MEDIAN BARRIER",39.049285,-77.114345,"(39.049285, -77.114345)"
EJ78730006,190004030,Gaithersburg Police Depar,Property Damage Crash,01/25/2019 07:51:00 PM,Yes,Municipality,North,N/A,1,North,0,FEET,LEVEL,RABBITT RD,QUINCE ORCHARD BLVD,,GAITHERSBURG,,UNKNOWN,OTHER,UNKNOWN,DRY,UNKNOWN,N/A,,,PARKED VEHICLE,N/A,NON INTERSECTION,N/A,STRAIGHT,UNKNOWN,"TWO-WAY, NOT DIVIDED",39.23390317,-77.29335396,"(39.23390317, -77.29335396)"
MCP2940005P,220017201,Montgomery County Police,Property Damage Crash,04/22/2022 09:30:00 PM,Yes,Interstate (State),West,,4,East,0.5,MILE,LEVEL,CAPITAL BELTWAY,EISENHOWER MEMORIAL HWY,,N/A,,UNKNOWN,OTHER,CLEAR,DRY,DARK LIGHTS ON,N/A,NONE DETECTED,,FELL JUMPED FROM MOTOR VEHICLE,N/A,N/A,N/A,STRAIGHT,NO DEFECTS,"TWO-WAY, DIVIDED, POSITIVE MEDIAN BARRIER",39.01598439,-77.09702649,"(39.01598439, -77.09702649)"
MCP22370006,15028514,MONTGOMERY,Property Damage Crash,06/11/2015 03:00:00 PM,Yes,,,,,,,,,,,Parking lot of 919 University Blvd W,,,DRIVER,OTHER,CLEAR,,DAYLIGHT,N/A,"N/A, UNKNOWN",,OTHER VEHICLE,N/A,,,,,,39.03510291,-77.02469587,"(39.03510291, -77.02469587)"
MCP137800KC,180001544,Montgomery County Police,Injury Crash,01/10/2018 06:40:00 PM,No,County,North,,4,South,200,FEET,GRADE DOWNHILL,FLOWER HILL WAY,WASHINGTON GROVE LA,,N/A,,DRIVER,STRAIGHT MOVEMENT ANGLE,CLOUDY,DRY,DARK LIGHTS ON,STOP SIGN,NONE DETECTED,,OTHER VEHICLE,N/A,COMMERCIAL DRIVEWAY,FOUR-WAY INTERSECTION,STRAIGHT,NO DEFECTS,"TWO-WAY, NOT DIVIDED",39.15533667,-77.16437333,"(39.15533667, -77.16437333)"
MCP28550014,16024537,Montgomery County Police,Property Damage Crash,05/17/2016 04:43:00 PM,No,County,East,,2,East,0,FEET,LEVEL,RANDOLPH RD,ROCKING HORSE RD,,N/A,,DRIVER,SAME DIR REAR END,RAINING,WET,DAYLIGHT,TRAFFIC SIGNAL,NONE DETECTED,,OTHER VEHICLE,OTHER VEHICLE,INTERSECTION,FOUR-WAY INTERSECTION,STRAIGHT,NO DEFECTS,"TWO-WAY, DIVIDED, UNPROTECTED PAINTED MIN 4 FEET",39.05385167,-77.09645667,"(39.05385167, -77.09645667)"
MCP3198000W,190052252,Montgomery County Police,Property Damage Crash,10/30/2019 03:18:00 PM,No,Maryland (State),South,,3,South,20,FEET,LEVEL,GEORGIA AVE,RANDOLPH RD,,N/A,,DRIVER,SAME DIRECTION SIDESWIPE,CLOUDY,DRY,DAYLIGHT,N/A,NONE DETECTED,,OTHER VEHICLE,OTHER VEHICLE,NON INTERSECTION,N/A,STRAIGHT,NO DEFECTS,"TWO-WAY, DIVIDED, POSITIVE MEDIAN BARRIER",39.05738964,-77.05007096,"(39.05738964, -77.05007096)"
MCP3030003B,200015214,Montgomery County Police,Property Damage Crash,04/06/2020 07:04:00 PM,No,County,East,,1,South,0.2,MILE,LEVEL,PERSIMMON TREE RD,BRONSON DR,,N/A,,DRIVER,SINGLE VEHICLE,CLEAR,DRY,DUSK,NO CONTROLS,N/A,,FIXED OBJECT,N/A,NON INTERSECTION,N/A,STRAIGHT,NO DEFECTS,"TWO-WAY, DIVIDED, UNPROTECTED PAINTED MIN 4 FEET",39.00029083,-77.19685167,"(39.00029083, -77.19685167)"
MCP2797000N,15028968,Montgomery County Police,Injury Crash,06/14/2015 03:55:00 PM,No,Maryland (State),West,,3,East,0,MILE,LEVEL,UNIVERSITY BLVD W,ARCOLA AVE,,N/A,,UNKNOWN,SAME DIRECTION RIGHT TURN,CLEAR,DRY,DAYLIGHT,NO CONTROLS,NONE DETECTED,,OTHER VEHICLE,OTHER VEHICLE,NON INTERSECTION,N/A,STRAIGHT,NO DEFECTS,"TWO-WAY, DIVIDED, POSITIVE MEDIAN BARRIER",39.05843833,-77.04802833,"(39.05843833, -77.04802833)"
MCP3362001W,230056128,Montgomery County Police,Injury Crash,09/21/2023 02:56:00 PM,No,US (State),North,,3,North,50,FEET,LEVEL,COLESVILLE RD,LORAIN AVE,,N/A,,DRIVER,SAME DIRECTION SIDESWIPE,CLEAR,DRY,DAYLIGHT,NO CONTROLS,NONE DETECTED,,OTHER VEHICLE,N/A,NON INTERSECTION,N/A,STRAIGHT,NO DEFECTS,"TWO-WAY, DIVIDED, POSITIVE MEDIAN BARRIER",39.024535,-77.011095,"(39.024535, -77.011095)"
MCP2251000Z,15026615,Montgomery County Police,Injury Crash,06/02/2015 11:36:00 AM,No,Maryland (State),East,,1,East,40,FEET,LEVEL,SPENCERVILLE RD,STABLER LA,,N/A,,DRIVER,SAME DIR REAR END,RAINING,WET,DAYLIGHT,NO CONTROLS,NONE DETECTED,,OTHER VEHICLE,N/A,NON INTERSECTION,N/A,STRAIGHT,NO DEFECTS,"TWO-WAY, DIVIDED, POSITIVE MEDIAN BARRIER",39.11993667,-76.98542833,"(39.11993667, -76.98542833)"
DD5582000H,15011373,Rockville Police Departme,Injury Crash,03/12/2015 02:02:00 AM,No,Maryland (State),South,OTHER,4,North,0,FEET,LEVEL,ROCKVILLE PIKE,SPUR FR MD 28,,N/A,,DRIVER,SINGLE VEHICLE,CLEAR,DRY,DARK LIGHTS ON,N/A,ALCOHOL PRESENT,,FIXED OBJECT,OTHER OBJECT,INTERSECTION,FOUR-WAY INTERSECTION,STRAIGHT,NO DEFECTS,"TWO-WAY, DIVIDED, POSITIVE MEDIAN BARRIER",39.08139167,-77.14560333,"(39.08139167, -77.14560333)"
MCP2094005Z,16006601,Montgomery County Police,Injury Crash,02/08/2016 05:07:00 PM,No,Maryland (State),South,,3,North,0,FEET,HILL UPHILL,WISCONSIN AVE,BATTERY LA,,N/A,,DRIVER,HEAD ON LEFT TURN,CLOUDY,DRY,DAYLIGHT,TRAFFIC SIGNAL,NONE DETECTED,,OTHER VEHICLE,FIXED OBJECT,INTERSECTION,FOUR-WAY INTERSECTION,STRAIGHT,NO DEFECTS,"TWO-WAY, DIVIDED, POSITIVE MEDIAN BARRIER",38.99283,-77.09622833,"(38.99283, -77.09622833)"
MCP2586005P,220026332,Montgomery County Police,Property Damage Crash,06/18/2022 05:37:00 PM,No,,,,,,,,,,,PARKING LOT OF 15110 BARNESVILLE ROAD,,,DRIVER,OTHER,CLEAR,,DAYLIGHT,NO CONTROLS,NONE DETECTED,,PARKED VEHICLE,N/A,,,,,,39.18470667,-77.31433167,"(39.18470667, -77.31433167)"