Report Number,Local Case Number,Agency Name,ACRS Report Type,Crash Date/Time,Hit/Run,Route Type,Lane Direction,Lane Type,Number of Lanes,Direction,Distance,Distance Unit,Road Grade,Road Name,Cross-Street Name,Off-Road Description,Municipality,Related Non-Motorist,At Fault,Collision Type,Weather,Surface Condition,Light,Traffic Control,Driver Substance Abuse,Non-Motorist Substance Abuse,First Harmful Event,Second Harmful Event,Junction,Intersection Type,Road Alignment,Road Condition,Road Division,Latitude,Longitude,Location
DD55980023,170547461,Rockville Police Departme,Injury Crash,12/08/2017 08:45:00 PM,No,County,East,RIGHT TURN LANE,5,North,0,FEET,LEVEL,SHADY GROVE RD,BLACKWELL RD,,N/A,,DRIVER,HEAD ON LEFT TURN,CLEAR,DRY,DARK LIGHTS ON,TRAFFIC SIGNAL,N/A,,OTHER VEHICLE,N/A,INTERSECTION,FOUR-WAY INTERSECTION,STRAIGHT,NO DEFECTS,"TWO-WAY, DIVIDED, POSITIVE MEDIAN BARRIER",39.1008645,-77.19147367,"(39.1008645, -77.19147367)"
MCP2872001R,17015906,Montgomery County Police,Property Damage Crash,03/29/2017 06:35:00 AM,Yes,County,West,,2,West,10,FEET,LEVEL,CENTERWAY RD,BROADWATER DR,,N/A,,DRIVER,SAME DIRECTION SIDESWIPE,CLEAR,WET,DARK NO LIGHTS,NO CONTROLS,NONE DETECTED,,OTHER VEHICLE,N/A,NON INTERSECTION,N/A,STRAIGHT,NO DEFECTS,"TWO-WAY, DIVIDED, POSITIVE MEDIAN BARRIER",39.16959777,-77.19378233,"(39.16959777, -77.19378233)"
DD5633002Z,200000663,Rockville Police Departme,Injury Crash,01/04/2020 07:00:00 PM,No,Maryland (State),South,,3,East,300,FEET,LEVEL,VEIRS MILL RD,ATLANTIC AVE,,ROCKVILLE,,DRIVER,STRAIGHT MOVEMENT ANGLE,RAINING,WET,DARK LIGHTS ON,NO CONTROLS,NONE DETECTED,,OTHER VEHICLE,N/A,NON INTERSECTION,N/A,STRAIGHT,NO DEFECTS,"TWO-WAY, DIVIDED, POSITIVE MEDIAN BARRIER",39.07556667,-77.137445,"(39.07556667, -77.137445)"
MCP9390000C,15001307,Montgomery County Police,Injury Crash,01/08/2015 09:06:00 PM,No,Maryland (State),North,,3,North,100,FEET,LEVEL,GREAT SENECA HWY,MUDDY BRANCH RD,,N/A,,DRIVER,SAME DIR REAR END,CLEAR,N/A,DARK LIGHTS ON,TRAFFIC SIGNAL,N/A,,OTHER VEHICLE,OTHER VEHICLE,NON INTERSECTION,N/A,STRAIGHT,NO DEFECTS,"TWO-WAY, DIVIDED, POSITIVE MEDIAN BARRIER",39.10933411,-77.21421003,"(39.10933411, -77.21421003)"
MCP3089000R,170542114,Montgomery County Police,Injury Crash,11/10/2017 07:17:00 PM,No,Maryland (State),East,,3,East,0,FEET,N/A,UNIVERSITY BLVD E,E WAYNE AVE,,N/A,,DRIVER,SAME DIR REAR END,N/A,N/A,DARK LIGHTS ON,TRAFFIC SIGNAL,N/A,,OTHER VEHICLE,N/A,N/A,N/A,STRAIGHT,N/A,"TWO-WAY, DIVIDED, POSITIVE MEDIAN BARRIER",39.006395,-76.997685,"(39.006395, -76.997685)"
MCP2959000X,15035775,MONTGOMERY,Injury Crash,07/21/2015 02:52:00 PM,No,County,North,,1,South,0,FEET,LEVEL,AMHERST AVE,ALLEY,,N/A,,DRIVER,STRAIGHT MOVEMENT ANGLE,CLEAR,DRY,DAYLIGHT,NO CONTROLS,NONE DETECTED,,OTHER VEHICLE,N/A,INTERSECTION,T-INTERSECTION,STRAIGHT,NO DEFECTS,"TWO-WAY, DIVIDED, UNPROTECTED PAINTED MIN 4 FEET",39.03409036,-77.04759389,"(39.03409036, -77.04759389)"
MCP27260018,16028941,Montgomery County Police,Injury Crash,06/09/2016 07:23:00 AM,No,County,North,,6,North,0,FEET,LEVEL,SHADY GROVE RD,W MONTGOMERY AVE,,N/A,,DRIVER,STRAIGHT MOVEMENT ANGLE,CLEAR,N/A,DAYLIGHT,TRAFFIC SIGNAL,N/A,,OTHER VEHICLE,N/A,INTERSECTION,FOUR-WAY INTERSECTION,STRAIGHT,NO DEFECTS,"TWO-WAY, DIVIDED, POSITIVE MEDIAN BARRIER",39.1035,-77.19096667,"(39.1035, -77.19096667)"
MCP2946003B,190017026,Montgomery County Police,Property Damage Crash,04/12/2019 07:29:00 AM,No,County,West,,3,East,0,FEET,LEVEL,MIDDLEBROOK RD,ENT TO MIDDLEBROOK SQ SHOPPING CENTER,,N/A,,DRIVER,SAME DIR REAR END,CLOUDY,DRY,DAYLIGHT,NO CONTROLS,NONE DETECTED,,OTHER VEHICLE,N/A,INTERSECTION,T-INTERSECTION,STRAIGHT,NO DEFECTS,"TWO-WAY, DIVIDED, POSITIVE MEDIAN BARRIER",39.17940167,-77.24046167,"(39.17940167, -77.24046167)"
MCP2052001R,190023448,Montgomery County Police,Property Damage Crash,05/18/2019 12:40:00 AM,Yes,County,North,,2,South,50,FEET,LEVEL,GOSHEN RD,WILLOW CREEK DR,,N/A,,DRIVER,SAME DIRECTION SIDESWIPE,N/A,DRY,DARK LIGHTS ON,N/A,"NONE DETECTED, UNKNOWN",,OTHER VEHICLE,N/A,N/A,N/A,STRAIGHT,NO DEFECTS,"TWO-WAY, NOT DIVIDED",39.15354768,-77.19215519,"(39.15354768, -77.19215519)"
MCP2866006H,200031398,Montgomery County Police,Property Damage Crash,08/12/2020 04:15:00 PM,No,Maryland (State),North,,3,North,0,FEET,LEVEL,CONNECTICUT AVE,BRADLEY LA,,CHEVY CHASE VILLAGE,,DRIVER,STRAIGHT MOVEMENT ANGLE,CLEAR,DRY,DAYLIGHT,TRAFFIC SIGNAL,NONE DETECTED,,OTHER VEHICLE,N/A,N/A,FOUR-WAY INTERSECTION,STRAIGHT,NO DEFECTS,"TWO-WAY, DIVIDED, POSITIVE MEDIAN BARRIER",38.97680667,-77.0770765,"(38.97680667, -77.0770765)"
DD56240017,180044755,Rockville Police Departme,Injury Crash,09/07/2018 04:21:00 PM,No,Maryland (State),North,,3,North,50,FEET,LEVEL,HUNGERFORD DR,N CAMPUS DR,,N/A,,DRIVER,SAME DIR REAR END,CLOUDY,DRY,DAYLIGHT,N/A,NONE DETECTED,,OTHER VEHICLE,OTHER VEHICLE,NON INTERSECTION,N/A,STRAIGHT,NO DEFECTS,"TWO-WAY, DIVIDED, POSITIVE MEDIAN BARRIER",39.101227,-77.15466017,"(39.101227, -77.15466017)"
DD55390011,15028114,Rockville Police Departme,Injury Crash,06/10/2015 09:05:00 AM,No,Maryland (State),North,,3,North,0,FEET,LEVEL,ROCKVILLE PIKE,TWINBROOK PKWY,,ROCKVILLE,,DRIVER,HEAD ON LEFT TURN,CLEAR,DRY,DAYLIGHT,TRAFFIC SIGNAL,NONE DETECTED,,OTHER VEHICLE,N/A,INTERSECTION,FOUR-WAY INTERSECTION,STRAIGHT,NO DEFECTS,"TWO-WAY, DIVIDED, POSITIVE MEDIAN BARRIER",39.03075667,-77.12635333,"(39.03075667, -77.12635333)"
MCP2504000W,15042924,MONTGOMERY,Property Damage Crash,08/26/2015 10:45:00 PM,No,County,North,,2,North,20,FEET,LEVEL,SEVEN LOCKS RD,IVYMOUNT TERR,,N/A,,UNKNOWN,SINGLE VEHICLE,N/A,DRY,DARK NO LIGHTS,N/A,NONE DETECTED,,ANIMAL,N/A,NON INTERSECTION,N/A,STRAIGHT,NO DEFECTS,"TWO-WAY, NOT DIVIDED",39.04591,-77.16089,"(39.04591, -77.16089)"
MCP2732000R,15045144,MONTGOMERY,Injury Crash,09/07/2015 05:29:00 PM,No,Maryland (State),South,,1,East,0,FEET,LEVEL,UNIVERSITY BLVD W,WESTCHESTER DR,,N/A,BICYCLIST,DRIVER,STRAIGHT MOVEMENT ANGLE,CLEAR,DRY,DAYLIGHT,NO CONTROLS,NONE DETECTED,NONE DETECTED,BICYCLE,N/A,INTERSECTION,T-INTERSECTION,STRAIGHT,NO DEFECTS,N/A,39.04058167,-77.04435833,"(39.04058167, -77.04435833)"
MCP28520010,16025921,Montgomery County Police,Property Damage Crash,05/25/2016 12:05:00 AM,No,County,East,,3,East,0,FEET,LEVEL,MIDDLEBROOK RD,OBSERVATION DR,,N/A,,DRIVER,SAME DIRECTION SIDESWIPE,CLEAR,DRY,DARK LIGHTS ON,TRAFFIC SIGNAL,NONE DETECTED,,OTHER VEHICLE,OTHER VEHICLE,INTERSECTION,T-INTERSECTION,STRAIGHT,NO DEFECTS,"TWO-WAY, DIVIDED, POSITIVE MEDIAN BARRIER",39.17851667,-77.24168167,"(39.17851667, -77.24168167)"
MCP2989000P,170518552,Montgomery County Police,Property Damage Crash,06/22/2017 10:00:00 AM,Yes,County,West,,2,East,0,FEET,LEVEL,FOREST GLEN RD,WOODLAND DR,,N/A,,DRIVER,STRAIGHT MOVEMENT ANGLE,CLEAR,DRY,DAYLIGHT,STOP SIGN,"N/A, UNKNOWN",,OTHER VEHICLE,N/A,INTERSECTION,FOUR-WAY INTERSECTION,STRAIGHT,NO DEFECTS,"TWO-WAY, DIVIDED, UNPROTECTED PAINTED MIN 4 FEET",39.015815,-77.041625,"(39.015815, -77.041625)"
MCP3078003K,200040351,Montgomery County Police,Property Damage Crash,10/13/2020 05:30:00 PM,No,County,East,,3,West,5,FEET,LEVEL,RANDOLPH RD,VITAL WAY,,N/A,,DRIVER,SAME DIR REAR END,CLEAR,DRY,DAYLIGHT,NO CONTROLS,"ALCOHOL PRESENT, NONE DETECTED",,OTHER VEHICLE,N/A,N/A,T-INTERSECTION,STRAIGHT,NO DEFECTS,"TWO-WAY, DIVIDED, POSITIVE MEDIAN BARRIER",39.07556,-77.00282833,"(39.07556, -77.00282833)"
MCP33720011,230029323,Montgomery County Police,Property Damage Crash,06/18/2023 06:47:00 PM,No,County,North,,1,South,0,FEET,LEVEL,GRAND PRE RD,BEL PRE RD,,N/A,BICYCLIST,NONMOTORIST,SAME DIRECTION SIDESWIPE,CLEAR,DRY,DAYLIGHT,NO CONTROLS,NONE DETECTED,NONE DETECTED,BICYCLE,N/A,INTERSECTION,N/A,STRAIGHT,NO DEFECTS,"TWO-WAY, NOT DIVIDED",39.09110567,-77.076031,"(39.09110567, -77.076031)"
EJ7847002M,200045048,Gaithersburg Police Depar,Property Damage Crash,11/15/2020 03:30:00 AM,No,Maryland (State),South,,2,North,0,FEET,LEVEL,MIDCOUNTY HWY,GOSHEN RD,,N/A,,DRIVER,STRAIGHT MOVEMENT ANGLE,CLEAR,DRY,DARK LIGHTS ON,FLASHING TRAFFIC SIGNAL,NONE DETECTED,,OTHER VEHICLE,N/A,INTERSECTION,FOUR-WAY INTERSECTION,STRAIGHT,NO DEFECTS,"TWO-WAY, NOT DIVIDED",39.15797902,-77.19201704,"(39.15797902, -77.19201704)"
MCP285900F7,230067611,Montgomery County Police,Injury Crash,11/21/2023 12:50:00 PM,No,County,East,,3,North,0,FEET,HILL CREST,SHADY GROVE RD,EISENHOWER MEMORIAL HWY,,N/A,,DRIVER,STRAIGHT MOVEMENT ANGLE,RAINING,WET,DAYLIGHT,TRAFFIC SIGNAL,NONE DETECTED,,OTHER VEHICLE,N/A,INTERSECTION,T-INTERSECTION,STRAIGHT,NO DEFECTS,"TWO-WAY, DIVIDED, POSITIVE MEDIAN BARRIER",39.11179383,-77.187093,"(39.11179383, -77.187093)"
MCP27280032,17005093,Montgomery County Police,Property Damage Crash,01/29/2017 02:57:00 PM,Yes,County,West,,1,West,0,MILE,LEVEL,GILBERT ST,BARRON ST,,N/A,,DRIVER,OPPOSITE DIRECTION SIDESWIPE,N/A,DRY,DAYLIGHT,NO CONTROLS,"NONE DETECTED, UNKNOWN",,OTHER VEHICLE,N/A,INTERSECTION RELATED,T-INTERSECTION,STRAIGHT,NO DEFECTS,"TWO-WAY, NOT DIVIDED",38.99764953,-76.99721932,"(38.99764953, -76.99721932)"
MCP12050019,15040145,MONTGOMERY,Injury Crash,08/12/2015 10:16:00 AM,No,County,East,,2,West,0,FEET,HILL CREST,GLENDALE RD,CYPRESS PL,,N/A,PEDESTRIAN,DRIVER,OTHER,CLEAR,DRY,DAYLIGHT,OTHER,NONE DETECTED,NONE DETECTED,PEDESTRIAN,N/A,INTERSECTION,T-INTERSECTION,STRAIGHT,N/A,"TWO-WAY, NOT DIVIDED",38.99092866,-77.0732975,"(38.99092866, -77.0732975)"
MCP291700DW,240048574,MONTGOMERY,Injury Crash,10/11/2024 12:17:00 PM,No,Maryland (State) Route,Southbound,Lane 1,3,West,7.95,FEET,Level,GEORGIA AVE (SB/L),,,,Pedestrian,NONMOTORIST,Single Vehicle,Clear,Dry,Daylight,No Controls,"Not Suspect of Alcohol Use, Not Suspect of Drug Use","Suspect of Alcohol Use, Suspect of Drug Use",Pedestrian,,,,Straight,No Defects,"Divided, Raised Median (curbed)",38.99908177,-77.03153301,"(38.99908177, -77.03153301)"
MCP33740018,230049867,Montgomery County Police,Injury Crash,08/17/2023 07:20:00 AM,No,Maryland (State),West,,4,West,0,FEET,LEVEL,UNIVERSITY BLVD W,NEWPORT MILL RD,,N/A,,DRIVER,SAME DIR REAR END,CLEAR,DRY,DAYLIGHT,TRAFFIC SIGNAL,NONE DETECTED,,OTHER VEHICLE,OTHER VEHICLE,INTERSECTION RELATED,FOUR-WAY INTERSECTION,STRAIGHT,NO DEFECTS,"TWO-WAY, DIVIDED, POSITIVE MEDIAN BARRIER",39.0338267,-77.07228117,"(39.0338267, -77.07228117)"
MCP2394001S,15066709,MONTGOMERY,Injury Crash,12/29/2015 11:24:00 AM,No,County,East,,5,East,0,FEET,GRADE DOWNHILL,E GUDE DR,FREDERICK RD,,N/A,,DRIVER,SAME DIR REAR END,CLEAR,WET,DAYLIGHT,TRAFFIC SIGNAL,NONE DETECTED,,OTHER VEHICLE,OTHER VEHICLE,INTERSECTION RELATED,FOUR-WAY INTERSECTION,STRAIGHT,NO DEFECTS,"TWO-WAY, DIVIDED, POSITIVE MEDIAN BARRIER",39.11416,-77.23585833,"(39.11416, -77.23585833)"
MCP2866006Z,210021700,Montgomery County Police,Property Damage Crash,06/07/2021 08:30:00 PM,No,County,East,,2,East,50,FEET,HILL UPHILL,W VIRGINIA AVE,KENTUCKY AVE,,N/A,,DRIVER,OTHER,CLEAR,DRY,DAYLIGHT,NO CONTROLS,NONE DETECTED,,OTHER OBJECT,PARKED VEHICLE,NON INTERSECTION,N/A,STRAIGHT,NO DEFECTS,"TWO-WAY, NOT DIVIDED",38.9907198,-77.08875397,"(38.9907198, -77.08875397)"
MCP3090004F,200025703,Montgomery County Police,Injury Crash,07/02/2020 12:05:00 PM,No,Maryland (State),South,,3,East,0,FEET,LEVEL,KEY WEST AVE,OMEGA DR,,N/A,,DRIVER,STRAIGHT MOVEMENT ANGLE,CLEAR,DRY,DAYLIGHT,NO CONTROLS,N/A,,OTHER VEHICLE,N/A,INTERSECTION,FOUR-WAY INTERSECTION,STRAIGHT,N/A,"TWO-WAY, DIVIDED, POSITIVE MEDIAN BARRIER",39.10415833,-77.19226417,"(39.10415833, -77.19226417)"
MCP2965004R,200041232,Montgomery County Police,Property Damage Crash,10/19/2020 01:38:00 PM,No,Maryland (State),North,,6,North,0,FEET,LEVEL,GEORGIA AVE,RAMP 1 FR MD 97 NB TO RP 8 (TO MD200 WB),,N/A,,DRIVER,STRAIGHT MOVEMENT ANGLE,CLOUDY,DRY,DAYLIGHT,TRAFFIC SIGNAL,NONE DETECTED,,OTHER VEHICLE,N/A,INTERSECTION,FOUR-WAY INTERSECTION,STRAIGHT,NO DEFECTS,"TWO-WAY, DIVIDED, POSITIVE MEDIAN BARRIER",39.11534,-77.075215,"(39.11534, -77.075215)"
MCP2936002D,180018575,Montgomery County Police,Property Damage Crash,04/16/2018 03:45:00 PM,No,Maryland (State),East,,3,North,0,FEET,LEVEL,OLD GEORGETOWN RD,TUCKERMAN LA,,N/A,,UNKNOWN,SAME DIR REAR END,CLOUDY,WET,DAYLIGHT,TRAFFIC SIGNAL,NONE DETECTED,,OTHER VEHICLE,N/A,INTERSECTION,FOUR-WAY INTERSECTION,STRAIGHT,NO DEFECTS,"TWO-WAY, NOT DIVIDED",39.03436333,-77.12517,"(39.03436333, -77.12517)"
MCP2536004T,230059211,Montgomery County Police,Property Damage Crash,10/08/2023 12:05:00 AM,Yes,County,South,,1,South,100,FEET,GRADE DOWNHILL,WISSAHICAN AVE,LISTRA RD,,N/A,,DRIVER,SAME DIR REAR END,CLEAR,DRY,DARK LIGHTS ON,NO CONTROLS,UNKNOWN,,PARKED VEHICLE,PARKED VEHICLE,NON INTERSECTION,N/A,CURVE LEFT,NO DEFECTS,"TWO-WAY, NOT DIVIDED",39.06771167,-77.09672167,"(39.06771167, -77.09672167)"
MCP2982002X,190039851,Montgomery County Police,Property Damage Crash,08/20/2019 06:05:00 PM,No,County,West,,1,East,0,FEET,LEVEL,WAYNE AVE,SLIGO CREEK PKWY,,N/A,,DRIVER,STRAIGHT MOVEMENT ANGLE,RAINING,WET,DAYLIGHT,TRAFFIC SIGNAL,NONE DETECTED,,OTHER VEHICLE,N/A,INTERSECTION,FOUR-WAY INTERSECTION,STRAIGHT,NO DEFECTS,"TWO-WAY, NOT DIVIDED",39.04625333,-76.99021,"(39.04625333, -76.99021)"
MCP2314003L,240042498,MONTGOMERY,Injury Crash,09/07/2024 06:25:00 PM,No,Maryland (State) Route,Southbound,Lane 1,3,North,76.05,FEET,Uphill,FALLS RD (SB/L),,,,,UNKNOWN,"Sideswipe, Same Direction",Clear,Dry,Daylight,No Controls,"Not Suspect of Alcohol Use, Not Suspect of Drug Use, Not Suspect of Alcohol Use, Not Suspect of Drug Use",,Motor Vehicle In Transport,,Through Roadway,,Curve Left,No Defects,"Divided, Raised Median (curbed)",39.07545328,-77.16318091,"(39.07545328, -77.16318091)"
MCP25340018,16027819,Montgomery County Police,Injury Crash,06/03/2016 05:00:00 PM,No,County,East,,1,West,15,FEET,LEVEL,BRIGGS CHANEY RD,PEACH ORCHARD RD,,N/A,,DRIVER,SAME DIR REAR END,RAINING,WET,DAYLIGHT,N/A,NONE DETECTED,,OTHER VEHICLE,N/A,INTERSECTION RELATED,T-INTERSECTION,STRAIGHT,NO DEFECTS,"TWO-WAY, DIVIDED, UNPROTECTED PAINTED MIN 4 FEET",39.09532833,-76.96943833,"(39.09532833, -76.96943833)"
MCP9424002R,210004893,Montgomery County Police,Property Damage Crash,02/07/2021 09:14:00 PM,No,Maryland (State),North,,1,North,500,FEET,GRADE DOWNHILL,WOODFIELD RD,SUNNYACRES RD,,N/A,,DRIVER,SAME DIRECTION SIDESWIPE,CLEAR,ICE,DARK NO LIGHTS,N/A,NONE DETECTED,,OTHER VEHICLE,OFF ROAD,NON INTERSECTION,N/A,STRAIGHT,N/A,"TWO-WAY, NOT DIVIDED",39.20263667,-77.16018167,"(39.20263667, -77.16018167)"
MCP3160002K,200005017,Montgomery County Police,Property Damage Crash,01/30/2020 06:15:00 PM,No,Maryland (State),South,,4,South,20,FEET,LEVEL,ROCKVILLE PIKE,CEDAR LA,,N/A,,DRIVER,SAME DIRECTION SIDESWIPE,CLEAR,DRY,DARK LIGHTS ON,TRAFFIC SIGNAL,NONE DETECTED,,OTHER VEHICLE,N/A,INTERSECTION RELATED,FOUR-WAY INTERSECTION,STRAIGHT,NO DEFECTS,"TWO-WAY, DIVIDED, POSITIVE MEDIAN BARRIER",39.00572667,-77.09769667,"(39.00572667, -77.09769667)"
DD5628001Y,190017758,Rockville Police Departme,Property Damage Crash,04/16/2019 11:50:00 AM,No,Municipality,North,OTHER,2,South,50,FEET,LEVEL,N STONESTREET AVE,FREDERICK AVE,,ROCKVILLE,,DRIVER,OTHER,CLEAR,DRY,DAYLIGHT,NO CONTROLS,NONE DETECTED,,OTHER VEHICLE,N/A,N/A,OTHER,STRAIGHT,NO DEFECTS,"TWO-WAY, NOT DIVIDED",39.09424167,-77.15053833,"(39.09424167, -77.15053833)"
MCP33290047,250015514,MONTGOMERY,Property Damage Crash,04/09/2025 06:42:00 PM,,,,,0,,,FEET,,,,Parking Lot Way        2300 BROADBIRCH DR,,,DRIVER,"Sideswipe, Same Direction",Clear,,Daylight,,"Not Suspect of Alcohol Use, Not Suspect of Drug Use, Suspect of Alcohol Use, Not Suspect of Drug Use",,Motor Vehicle In Transport,,,,,,,39.05824894,-76.96128492,"(39.05824894, -76.96128492)"
MCP2830001C,15011266,Montgomery County Police,Injury Crash,03/11/2015 03:07:00 PM,No,Other Public Roadway,Unknown,N/A,0,East,100,FEET,LEVEL,JACQUELINE CT,HOBART DR,,N/A,,DRIVER,OTHER,CLEAR,WET,DAYLIGHT,NO CONTROLS,"N/A, NONE DETECTED",,OTHER VEHICLE,FIXED OBJECT,NON INTERSECTION,N/A,N/A,NO DEFECTS,OTHER,39.078555,-76.98308333,"(39.078555, -76.98308333)"
MCP3257000P,200034335,Montgomery County Police,Property Damage Crash,09/02/2020 01:50:00 PM,No,Municipality,East,,2,East,15,FEET,LEVEL,FRIENDSHIP BLVD,N PARK AVE,,FRIENDSHIP HEIGHTS,PEDESTRIAN,DRIVER,OTHER,CLEAR,DRY,DAYLIGHT,STOP SIGN,NONE DETECTED,NONE DETECTED,PEDESTRIAN,N/A,N/A,T-INTERSECTION,STRAIGHT,NO DEFECTS,"TWO-WAY, NOT DIVIDED",38.9636837,-77.08938367,"(38.9636837, -77.08938367)"
MCP3328000P,220018196,Montgomery County Police,Property Damage Crash,04/29/2022 12:56:00 PM,Yes,Maryland (State),West,LEFT TURN LANE,3,East,0,FEET,LEVEL,UNIVERSITY BLVD W,VEIRS MILL RD,,N/A,,DRIVER,SAME DIR BOTH LEFT TURN,CLEAR,DRY,DAYLIGHT,TRAFFIC SIGNAL,"NONE DETECTED, UNKNOWN",,OTHER VEHICLE,N/A,INTERSECTION,FOUR-WAY INTERSECTION,STRAIGHT,NO DEFECTS,"TWO-WAY, DIVIDED, POSITIVE MEDIAN BARRIER",39.03988085,-77.0556775,"(39.03988085, -77.0556775)"
MCP271700J9,180030513,Montgomery County Police,Injury Crash,06/20/2018 05:30:00 PM,No,US (State),South,,3,North,0,FEET,LEVEL,COLESVILLE RD,LORAIN AVE,,N/A,,DRIVER,OTHER,RAINING,WET,DAYLIGHT,STOP SIGN,NONE DETECTED,,OTHER VEHICLE,N/A,INTERSECTION,FOUR-WAY INTERSECTION,STRAIGHT,NO DEFECTS,"TWO-WAY, DIVIDED, POSITIVE MEDIAN BARRIER",39.02395033,-77.01092883,"(39.02395033, -77.01092883)"
MCP3026009Y,230024466,Montgomery County Police,Property Damage Crash,05/22/2023 09:11:00 AM,No,Maryland (State),East,,1,North,0,FEET,LEVEL,BRADLEY LA,EAST AVE,,CHEVY CHASE #4,,DRIVER,SAME DIR REAR END,CLEAR,DRY,DAYLIGHT,NO CONTROLS,NONE DETECTED,,OTHER VEHICLE,N/A,INTERSECTION,T-INTERSECTION,STRAIGHT,NO DEFECTS,"TWO-WAY, DIVIDED, UNPROTECTED PAINTED MIN 4 FEET",38.977378,-77.08666367,"(38.977378, -77.08666367)"
DD56110052,180038552,Rockville Police Departme,Injury Crash,08/03/2018 05:50:00 PM,No,Maryland (State),North,,3,North,10,FEET,LEVEL,FREDERICK RD,INDIANOLA DR,,N/A,,DRIVER,HEAD ON LEFT TURN,CLOUDY,DRY,DAYLIGHT,TRAFFIC SIGNAL,N/A,,OTHER VEHICLE,N/A,N/A,FOUR-WAY INTERSECTION,STRAIGHT,NO DEFECTS,"TWO-WAY, DIVIDED, POSITIVE MEDIAN BARRIER",39.11243333,-77.161705,"(39.11243333, -77.161705)"
MCP2231004Q,190013576,Montgomery County Police,Property Damage Crash,03/24/2019 01:23:00 PM,No,Municipality,South,,2,South,0.25,MILE,LEVEL,PERRY PKWY,ENT TO SHOPPING CENTER,,N/A,,DRIVER,STRAIGHT MOVEMENT ANGLE,CLEAR,DRY,DAYLIGHT,STOP SIGN,NONE DETECTED,,OTHER VEHICLE,N/A,COMMERCIAL DRIVEWAY,T-INTERSECTION,CURVE LEFT,NO DEFECTS,"TWO-WAY, NOT DIVIDED",39.148655,-77.21316667,"(39.148655, -77.21316667)"
MCP1174001J,16036199,Montgomery County Police,Injury Crash,07/17/2016 01:25:00 PM,No,,,,,,0,,,,,PARKING GARAGE DRIVEWAY/ SIDEWALK,,BICYCLIST,DRIVER,SINGLE VEHICLE,N/A,,DAYLIGHT,STOP SIGN,NONE DETECTED,NONE DETECTED,BICYCLE,N/A,,,,,,38.98091289,-77.09471226,"(38.98091289, -77.09471226)"
MCP3148001Q,190040707,Montgomery County Police,Property Damage Crash,08/25/2019 06:29:00 PM,No,Maryland (State),West,RIGHT TURN LANE,3,North,0,FEET,LEVEL,ROCKVILLE PIKE,SPUR TO TUCKERMAN LA,,N/A,,DRIVER,SAME DIR REAR END,CLEAR,DRY,DAYLIGHT,YIELD SIGN,NONE DETECTED,,OTHER VEHICLE,N/A,INTERSECTION,FOUR-WAY INTERSECTION,CURVE RIGHT,NO DEFECTS,"TWO-WAY, DIVIDED, POSITIVE MEDIAN BARRIER",39.03079267,-77.10539917,"(39.03079267, -77.10539917)"
MCP3075002N,200009859,Montgomery County Police,Property Damage Crash,02/28/2020 02:52:00 AM,No,Interstate (State),North,,2,North,0,FEET,LEVEL,EISENHOWER MEMORIAL HWY,EXIT #22,,N/A,,DRIVER,SINGLE VEHICLE,CLEAR,N/A,DARK LIGHTS ON,N/A,ALCOHOL PRESENT,,FIXED OBJECT,N/A,N/A,N/A,CURVE LEFT,NO DEFECTS,"TWO-WAY, DIVIDED, POSITIVE MEDIAN BARRIER",39.27206167,-77.31520333,"(39.27206167, -77.31520333)"
MCP2339003R,180044004,Montgomery County Police,Injury Crash,09/03/2018 09:28:00 PM,No,Maryland (State),South,,6,North,0,FEET,LEVEL,ROCKVILLE PIKE,ROLLINS AVE,,ROCKVILLE,,DRIVER,ANGLE MEETS RIGHT TURN,N/A,DRY,DARK LIGHTS ON,TRAFFIC SIGNAL,NONE DETECTED,,OTHER VEHICLE,N/A,INTERSECTION,FOUR-WAY INTERSECTION,STRAIGHT,NO DEFECTS,"TWO-WAY, NOT DIVIDED",39.05782,-77.12056333,"(39.05782, -77.12056333)"
MCP27690013,180032169,Montgomery County Police,Injury Crash,06/29/2018 09:09:00 PM,Yes,County,South,,2,South,200,FEET,LEVEL,LOST KNIFE RD,ODENDHAL AVE,,N/A,PEDESTRIAN,NONMOTORIST,N/A,CLEAR,N/A,DARK LIGHTS ON,OTHER,NONE DETECTED,ALCOHOL PRESENT,PEDESTRIAN,N/A,N/A,N/A,STRAIGHT,NO DEFECTS,"TWO-WAY, DIVIDED, POSITIVE MEDIAN BARRIER",39.1531205,-77.19925404,"(39.1531205, -77.19925404)"
MCP29740047,220016616,Montgomery County Police,Property Damage Crash,04/19/2022 02:29:00 PM,No,Maryland (State),West,,2,East,100,FEET,LEVEL,OLD COLUMBIA PIKE,OLD COLUMBIA PIKE,,N/A,,DRIVER,HEAD ON LEFT TURN,CLEAR,DRY,DAYLIGHT,NO CONTROLS,NONE DETECTED,,OTHER VEHICLE,OTHER VEHICLE,COMMERCIAL DRIVEWAY,N/A,STRAIGHT,NO DEFECTS,"TWO-WAY, NOT DIVIDED",39.10849443,-76.93649414,"(39.10849443, -76.93649414)"
MCP3269000H,210064805,Montgomery County Police,Property Damage Crash,03/17/2021 10:05:00 AM,Yes,Maryland (State),West,,2,West,50,FEET,LEVEL,SANDY SPRING RD,STAR POINTE LA,,N/A,,DRIVER,SAME DIRECTION SIDESWIPE,N/A,DRY,DARK LIGHTS ON,NO CONTROLS,UNKNOWN,,OTHER VEHICLE,N/A,NON INTERSECTION,N/A,STRAIGHT,NO DEFECTS,"TWO-WAY, DIVIDED, UNPROTECTED PAINTED MIN 4 FEET",39.11125048,-76.92656412,"(39.11125048, -76.92656412)"