Report Number,Local Case Number,Agency Name,ACRS Report Type,Crash Date/Time,Hit/Run,Route Type,Lane Direction,Lane Type,Number of Lanes,Direction,Distance,Distance Unit,Road Grade,Road Name,Cross-Street Name,Off-Road Description,Municipality,Related Non-Motorist,At Fault,Collision Type,Weather,Surface Condition,Light,Traffic Control,Driver Substance Abuse,Non-Motorist Substance Abuse,First Harmful Event,Second Harmful Event,Junction,Intersection Type,Road Alignment,Road Condition,Road Division,Latitude,Longitude,Location
MCP29190076,200028519,Montgomery County Police,Property Damage Crash,07/22/2020 08:38:00 PM,No,Maryland (State),East,,2,South,500,FEET,GRADE DOWNHILL,PINEY BRANCH RD,UNIVERSITY BLVD E,,N/A,,DRIVER,SAME DIR REAR END,CLOUDY,WET,DARK LIGHTS ON,NO CONTROLS,NONE DETECTED,,OTHER VEHICLE,OTHER VEHICLE,N/A,N/A,STRAIGHT,NO DEFECTS,"TWO-WAY, NOT DIVIDED",38.99969333,-76.99271,"(38.99969333, -76.99271)"
MCP11130053,230054594,Montgomery County Police,Property Damage Crash,09/13/2023 11:06:00 AM,Yes,Maryland (State),North,,2,South,300,FEET,HILL UPHILL,WOODFIELD RD,GARFIELD DR,,N/A,,DRIVER,SINGLE VEHICLE,CLEAR,DRY,DAYLIGHT,NO CONTROLS,NONE DETECTED,,FIXED OBJECT,OFF ROAD,NON INTERSECTION,N/A,CURVE LEFT,NO DEFECTS,"TWO-WAY, NOT DIVIDED",39.24509833,-77.18873167,"(39.24509833, -77.18873167)"
DD56070014,15003817,Rockville Police Departme,Property Damage Crash,01/23/2015 07:50:00 PM,No,Municipality,East,OTHER,2,West,0,FEET,HILL UPHILL,WOOTTON PKWY,SEVEN LOCKS RD,,ROCKVILLE,,DRIVER,SAME DIR REAR END,SLEET,OTHER,DARK -- UNKNOWN LIGHTING,TRAFFIC SIGNAL,NONE DETECTED,,OTHER VEHICLE,OTHER VEHICLE,INTERSECTION,FOUR-WAY INTERSECTION,STRAIGHT,NO DEFECTS,OTHER,39.06684833,-77.16165333,"(39.06684833, -77.16165333)"
MCP2973003F,170519701,Montgomery County Police,Property Damage Crash,07/18/2017 09:00:00 AM,No,Maryland (State),South,,3,North,0,FEET,GRADE DOWNHILL,GEORGIA AVE,HEATHFIELD RD,,N/A,,DRIVER,SAME DIR REAR END,CLEAR,DRY,DAYLIGHT,NO CONTROLS,"N/A, NONE DETECTED",,OTHER VEHICLE,N/A,INTERSECTION RELATED,FOUR-WAY INTERSECTION,STRAIGHT,NO DEFECTS,"TWO-WAY, DIVIDED, POSITIVE MEDIAN BARRIER",39.08781167,-77.079835,"(39.08781167, -77.079835)"
MCP3201005Z,240021415,MONTGOMERY,Property Damage Crash,05/07/2024 07:25:00 AM,No,,,,0,,,FEET,,,,"Parking Lot Way        CLARKSBURG HIGH SCHOOL PARKING LOT
22500 WIMS ROAD CLARKSBURG, MD 20871",,,DRIVER,Front to Rear,Rain,,Daylight,,"Not Suspect of Alcohol Use, Not Suspect of Drug Use, Not Suspect of Alcohol Use, Not Suspect of Drug Use",,Parked Vehicle,,,,,,,39.22573667,-77.265255,"(39.22573667, -77.265255)"
MCP2989001R,210006880,Montgomery County Police,Property Damage Crash,02/22/2021 10:42:00 PM,No,Maryland (State),East,LEFT TURN LANE,4,East,500,FEET,LEVEL,UNIVERSITY BLVD E,COLESVILLE RD,,N/A,,DRIVER,SINGLE VEHICLE,N/A,WET,DARK LIGHTS ON,NO CONTROLS,ALCOHOL PRESENT,,FIXED OBJECT,FIXED OBJECT,CROSSOVER RELATED,N/A,STRAIGHT,NO DEFECTS,"TWO-WAY, DIVIDED, POSITIVE MEDIAN BARRIER",39.021315,-77.01422833,"(39.021315, -77.01422833)"
MCP2031002L,200006477,Montgomery County Police,Property Damage Crash,02/08/2020 10:27:00 AM,No,Maryland (State),South,,1,South,0,FEET,LEVEL,RIDGE RD,BEALL AVE,,N/A,,DRIVER,HEAD ON LEFT TURN,CLEAR,DRY,DAYLIGHT,NO CONTROLS,NONE DETECTED,,OTHER VEHICLE,N/A,INTERSECTION RELATED,T-INTERSECTION,STRAIGHT,NO DEFECTS,"TWO-WAY, NOT DIVIDED",39.29292,-77.204867,"(39.29292, -77.204867)"
MCP2687001H,16015451,MONTGOMERY,Property Damage Crash,03/29/2016 08:24:00 PM,No,,,,,,,,,,,"7401 WAVERLY STREET
 BETHESDA MD 20814- WAVERLY GARAGE",,,DRIVER,SINGLE VEHICLE,CLEAR,,DARK LIGHTS ON,NO CONTROLS,NONE DETECTED,,FIXED OBJECT,N/A,,,,,,38.98597333,-77.09283167,"(38.98597333, -77.09283167)"
DD55830085,230035194,Rockville Police Departme,Injury Crash,07/24/2023 10:52:00 AM,No,Maryland (State),North,,3,South,15,FEET,LEVEL,HUNGERFORD DR,MANNAKEE ST,,ROCKVILLE,,DRIVER,SAME DIR REAR END,CLEAR,DRY,DAYLIGHT,TRAFFIC SIGNAL,NONE DETECTED,,OTHER VEHICLE,N/A,INTERSECTION RELATED,T-INTERSECTION,STRAIGHT,NO DEFECTS,"TWO-WAY, DIVIDED, POSITIVE MEDIAN BARRIER",39.09632033,-77.153139,"(39.09632033, -77.153139)"
MCP31110071,230031056,Montgomery County Police,Property Damage Crash,06/29/2023 11:07:00 AM,No,Maryland (State),West,LEFT TURN LANE,1,North,0,FEET,LEVEL,GOLDSBORO RD,MASSACHUSETTS AVE,,N/A,,DRIVER,STRAIGHT MOVEMENT ANGLE,CLEAR,DRY,DAYLIGHT,TRAFFIC SIGNAL,NONE DETECTED,,OTHER VEHICLE,N/A,INTERSECTION,T-INTERSECTION,STRAIGHT,NO DEFECTS,"TWO-WAY, DIVIDED, UNPROTECTED PAINTED MIN 4 FEET",38.96997417,-77.130896,"(38.96997417, -77.130896)"
MCP2686006B,230029810,Montgomery County Police,Injury Crash,06/21/2023 04:49:00 PM,No,Maryland (State),East,,3,East,0,FEET,LEVEL,CLOPPER RD,LIBERTY MILL RD,,N/A,,DRIVER,HEAD ON LEFT TURN,RAINING,WET,DAYLIGHT,N/A,NONE DETECTED,,OTHER VEHICLE,N/A,INTERSECTION,FOUR-WAY INTERSECTION,STRAIGHT,N/A,"TWO-WAY, DIVIDED, POSITIVE MEDIAN BARRIER",39.16224167,-77.2816465,"(39.16224167, -77.2816465)"
MCP2859004C,170525948,Montgomery County Police,Injury Crash,08/21/2017 12:22:00 AM,No,Maryland (State),North,,2,North,1,MILE,GRADE DOWNHILL,GREAT SENECA HWY,HORN POINT DR,,N/A,,DRIVER,SINGLE VEHICLE,N/A,DRY,DARK LIGHTS ON,NO CONTROLS,ALCOHOL CONTRIBUTED,,FIXED OBJECT,N/A,NON INTERSECTION,N/A,CURVE RIGHT,NO DEFECTS,"TWO-WAY, DIVIDED, UNPROTECTED PAINTED MIN 4 FEET",39.14021299,-77.26954937,"(39.14021299, -77.26954937)"
MCP2730001K,190051514,Montgomery County Police,Property Damage Crash,10/26/2019 12:55:00 PM,Yes,,,,,,,,,,,PARKING LOT OF 12609 WISTERIA DRIVE,,,DRIVER,OTHER,N/A,,DAYLIGHT,N/A,N/A,,PARKED VEHICLE,N/A,,,,,,39.17091667,-77.26122833,"(39.17091667, -77.26122833)"
MCP2622003W,230062419,Montgomery County Police,Injury Crash,10/25/2023 06:09:00 AM,Yes,County,South,,1,North,0.2,MILE,LEVEL,CASTLE BLVD,TEAGARDEN CIR,,N/A,PEDESTRIAN,NONMOTORIST,OTHER,CLEAR,DRY,DARK LIGHTS ON,NO CONTROLS,N/A,N/A,PEDESTRIAN,N/A,N/A,N/A,STRAIGHT,NO DEFECTS,"TWO-WAY, NOT DIVIDED",39.08555076,-76.94044895,"(39.08555076, -76.94044895)"
MCP3263003N,230052032,Montgomery County Police,Property Damage Crash,08/29/2023 12:00:00 PM,Yes,Maryland (State),South,,3,North,200,FEET,LEVEL,ROCKVILLE PIKE,ALTA VISTA RD,,N/A,,DRIVER,SAME DIRECTION SIDESWIPE,FOGGY,DRY,DAYLIGHT,NO CONTROLS,UNKNOWN,,OTHER VEHICLE,N/A,NON INTERSECTION,N/A,STRAIGHT,NO DEFECTS,"TWO-WAY, DIVIDED, POSITIVE MEDIAN BARRIER",39.01289791,-77.09854259,"(39.01289791, -77.09854259)"
MCP25340042,220008479,Montgomery County Police,Injury Crash,02/27/2022 03:12:00 AM,No,Maryland (State),North,,3,South,100,FEET,LEVEL,CONNECTICUT AVE,RANDOLPH RD,,N/A,,DRIVER,SAME DIR REAR END,CLEAR,DRY,DARK LIGHTS ON,TRAFFIC SIGNAL,"ALCOHOL PRESENT, NONE DETECTED",,OTHER VEHICLE,N/A,INTERSECTION RELATED,FOUR-WAY INTERSECTION,STRAIGHT,NO DEFECTS,"TWO-WAY, DIVIDED, POSITIVE MEDIAN BARRIER",39.05648567,-77.07369017,"(39.05648567, -77.07369017)"
MCP12130067,210052857,Montgomery County Police,Property Damage Crash,12/27/2021 09:05:00 PM,No,County,East,OUTSIDE RIGHT OF WAY,2,West,30,FEET,HILL UPHILL,BONIFANT RD,SANDY RIDGE RD,,N/A,,DRIVER,SAME DIR REAR END,CLEAR,DRY,DARK LIGHTS ON,NO CONTROLS,"ALCOHOL PRESENT, NONE DETECTED",,OTHER VEHICLE,FIXED OBJECT,NON INTERSECTION,N/A,STRAIGHT,NO DEFECTS,"TWO-WAY, NOT DIVIDED",39.09300667,-77.01370833,"(39.09300667, -77.01370833)"
MCP2214000M,16050975,Montgomery County Police,Injury Crash,10/04/2016 03:17:00 PM,No,Maryland (State),North,,1,North,0,FEET,GRADE DOWNHILL,FREDERICK RD,BRINK RD,,N/A,,DRIVER,HEAD ON LEFT TURN,CLEAR,DRY,DAYLIGHT,NO CONTROLS,NONE DETECTED,,OTHER VEHICLE,N/A,INTERSECTION,Y-INTERSECTION,CURVE LEFT,NO DEFECTS,"TWO-WAY, NOT DIVIDED",39.19140167,-77.26689667,"(39.19140167, -77.26689667)"
DD55200015,220031704,Rockville Police Departme,Injury Crash,07/23/2022 10:45:00 AM,No,Maryland (State),North,,3,North,0,FEET,LEVEL,ROCKVILLE PIKE,HALPINE RD,,ROCKVILLE,,DRIVER,STRAIGHT MOVEMENT ANGLE,CLEAR,DRY,DAYLIGHT,TRAFFIC SIGNAL,NONE DETECTED,,OTHER VEHICLE,N/A,INTERSECTION,FOUR-WAY INTERSECTION,STRAIGHT,NO DEFECTS,"TWO-WAY, DIVIDED, POSITIVE MEDIAN BARRIER",39.0769781,-77.1259553,"(39.0769781, -77.1259553)"
MCP1221004N,180010556,Montgomery County Police,Injury Crash,03/01/2018 08:51:00 AM,No,County,South,,3,North,0,FEET,LEVEL,SHADY GROVE RD,MILL RUN DR,,N/A,,DRIVER,HEAD ON LEFT TURN,CLOUDY,DRY,DAYLIGHT,TRAFFIC SIGNAL,NONE DETECTED,,OTHER VEHICLE,OTHER VEHICLE,INTERSECTION,FOUR-WAY INTERSECTION,STRAIGHT,NO DEFECTS,"TWO-WAY, DIVIDED, POSITIVE MEDIAN BARRIER",39.14502833,-77.15018167,"(39.14502833, -77.15018167)"
DD5603008W,210032897,Rockville Police Departme,Injury Crash,08/23/2021 04:22:00 PM,No,Municipality,West,LEFT TURN LANE,2,East,0,FEET,LEVEL,MARYLAND AVE,E JEFFERSON ST,,N/A,,DRIVER,OTHER,CLEAR,DRY,DAYLIGHT,TRAFFIC SIGNAL,NONE DETECTED,,OTHER VEHICLE,N/A,INTERSECTION,FOUR-WAY INTERSECTION,STRAIGHT,NO DEFECTS,"TWO-WAY, DIVIDED, UNPROTECTED PAINTED MIN 4 FEET",39.08210722,-77.15133214,"(39.08210722, -77.15133214)"
MCP9419000B,15047669,MONTGOMERY,Property Damage Crash,09/20/2015 01:05:00 PM,No,County,North,,2,North,50,FEET,GRADE DOWNHILL,REDLAND RD,REDLAND PARK PL,,N/A,,DRIVER,OTHER,CLEAR,DRY,DAYLIGHT,NO CONTROLS,NONE DETECTED,,OTHER VEHICLE,FIXED OBJECT,NON INTERSECTION,N/A,STRAIGHT,NO DEFECTS,"TWO-WAY, DIVIDED, UNPROTECTED PAINTED MIN 4 FEET",39.12531624,-77.15288401,"(39.12531624, -77.15288401)"
MCP33740033,250028514,MONTGOMERY,Property Damage Crash,06/26/2025 01:28:00 PM,No,County Route,Eastbound,"Lane 1, Lane 2","1, 3",South,0,FEET,Level,BELLS MILL RD,DEMOCRACY BLVD (EB/L),,,,DRIVER,Angle,Clear,Dry,Daylight,Pedestrian Crossing Sign,"Not Suspect of Alcohol Use, Not Suspect of Drug Use, Not Suspect of Alcohol Use, Not Suspect of Drug Use",,Motor Vehicle In Transport,,Intersection or Related,Perpendicular,Straight,No Defects,"Divided, Raised Median (curbed)",39.02326067,-77.13040767,"(39.02326067, -77.13040767)"
MCP31010014,180044090,Montgomery County Police,Property Damage Crash,09/04/2018 10:24:00 AM,Yes,County,North,,2,North,0,FEET,LEVEL,ASPEN HILL RD,GEORGIA AVE,,N/A,,DRIVER,SAME DIR REAR END,CLEAR,N/A,DAYLIGHT,NO CONTROLS,"NONE DETECTED, UNKNOWN",,OTHER VEHICLE,N/A,INTERSECTION,FOUR-WAY INTERSECTION,N/A,NO DEFECTS,"TWO-WAY, DIVIDED, POSITIVE MEDIAN BARRIER",39.26639758,-77.37381467,"(39.26639758, -77.37381467)"
MCP2351001K,170541067,Montgomery County Police,Injury Crash,11/05/2017 11:43:00 AM,No,Maryland (State),West,,4,West,50,FEET,LEVEL,VEIRS MILL RD,ASPEN HILL RD,,N/A,,DRIVER,SINGLE VEHICLE,RAINING,WET,DAYLIGHT,NO CONTROLS,NONE DETECTED,,FIXED OBJECT,N/A,NON INTERSECTION,N/A,STRAIGHT,NO DEFECTS,"TWO-WAY, DIVIDED, POSITIVE MEDIAN BARRIER",39.06924942,-77.10488655,"(39.06924942, -77.10488655)"
DD55930023,16018107,Rockville Police Departme,Property Damage Crash,04/13/2016 02:00:00 PM,Yes,,,,,,0,,,,,"PARKING LOT OF 51 MANNAKEE STREET (MONTGOMERY COLLEGE), PARKING LOT # 12 IN FRONT OF WELCOME CENTER",,,DRIVER,UNKNOWN,N/A,,N/A,NO CONTROLS,UNKNOWN,,PARKED VEHICLE,N/A,,,,,,39.09699667,-77.15685667,"(39.09699667, -77.15685667)"
MCP2722001J,16014011,MONTGOMERY,Injury Crash,03/22/2016 12:44:00 PM,No,Maryland (State),West,,3,West,0,FEET,LEVEL,VEIRS MILL RD,ENT TO STONEY MILL SQUARE,,N/A,,DRIVER,SAME DIR REND RIGHT TURN,CLEAR,DRY,DAYLIGHT,NO CONTROLS,N/A,,OTHER VEHICLE,N/A,INTERSECTION RELATED,T-INTERSECTION,STRAIGHT,NO DEFECTS,"TWO-WAY, DIVIDED, POSITIVE MEDIAN BARRIER",39.05675,-77.08316667,"(39.05675, -77.08316667)"
MCP229800CS,17015988,Montgomery County Police,Property Damage Crash,03/29/2017 03:04:00 PM,No,,,,,,,,,,,PARKING LOT OF 13501 RICHTER FARM RD NORTHWEST HS,,,DRIVER,SAME DIRECTION SIDESWIPE,CLEAR,,DAYLIGHT,NO CONTROLS,NONE DETECTED,,OTHER VEHICLE,N/A,,,,,,39.15099667,-77.27969,"(39.15099667, -77.27969)"
MCP9386007P,200039447,Montgomery County Police,Injury Crash,10/07/2020 08:30:00 AM,No,County,East,,2,West,50,FEET,LEVEL,MICHAELS DR,FERNWOOD RD,,N/A,PEDESTRIAN,NONMOTORIST,OTHER,CLEAR,DRY,DAYLIGHT,NO CONTROLS,NONE DETECTED,NONE DETECTED,PEDESTRIAN,N/A,NON INTERSECTION,N/A,STRAIGHT,NO DEFECTS,"TWO-WAY, NOT DIVIDED",39.01041167,-77.13343833,"(39.01041167, -77.13343833)"
MCP3137001M,210000715,Montgomery County Police,Property Damage Crash,01/06/2021 03:11:00 PM,No,US (State),South,,3,North,0,FEET,LEVEL,COLUMBIA PIKE,BLACKBURN RD,,N/A,,DRIVER,SAME DIRECTION SIDESWIPE,CLOUDY,DRY,DAYLIGHT,TRAFFIC SIGNAL,NONE DETECTED,,OTHER VEHICLE,OTHER VEHICLE,INTERSECTION RELATED,FOUR-WAY INTERSECTION,STRAIGHT,NO DEFECTS,"TWO-WAY, DIVIDED, POSITIVE MEDIAN BARRIER",39.10465833,-76.933225,"(39.10465833, -76.933225)"
MCP3109005Y,210047377,Montgomery County Police,Property Damage Crash,11/22/2021 06:30:00 AM,No,Maryland (State),South,,4,North,0,FEET,LEVEL,GEORGIA AVE,SEMINARY RD,,N/A,,DRIVER,SAME DIRECTION SIDESWIPE,RAINING,WET,DARK LIGHTS ON,TRAFFIC SIGNAL,NONE DETECTED,,OTHER VEHICLE,OTHER VEHICLE,INTERSECTION,FOUR-WAY INTERSECTION,STRAIGHT,NO DEFECTS,"TWO-WAY, DIVIDED, UNPROTECTED PAINTED MIN 4 FEET",39.00906533,-77.0404125,"(39.00906533, -77.0404125)"
MCP32300027,210023784,Montgomery County Police,Property Damage Crash,06/21/2021 04:38:00 PM,No,Maryland (State),North,,3,South,200,FEET,LEVEL,CONNECTICUT AVE,ASPEN HILL RD,,N/A,,DRIVER,SAME DIR REAR END,CLOUDY,WET,DAYLIGHT,TRAFFIC SIGNAL,"ILLEGAL DRUG CONTRIBUTED, NONE DETECTED",,OTHER VEHICLE,N/A,NON INTERSECTION,N/A,STRAIGHT,NO DEFECTS,"TWO-WAY, DIVIDED, UNPROTECTED PAINTED MIN 4 FEET",39.0800534,-77.08046902,"(39.0800534, -77.08046902)"
MCP3322000H,220011867,Montgomery County Police,Property Damage Crash,03/19/2022 10:30:00 AM,Yes,,,,,,,,,,,"3521 CONNECTICUT AVE., ASPEN HILL SHOPPING CENTER PARKING LOT.

OUT FRONT OF PANERA BREAD.",,,DRIVER,OTHER,CLEAR,,DAYLIGHT,N/A,N/A,,PARKED VEHICLE,N/A,,,,,,39.07779221,-77.07990643,"(39.07779221, -77.07990643)"
MCP30100018,16040869,Montgomery County Police,Property Damage Crash,08/11/2016 10:00:00 PM,Yes,,,,,,0,,,,,PARKING GARAGE OF 5405 TUCKERMAN LANE,,,DRIVER,OTHER,N/A,,DARK -- UNKNOWN LIGHTING,OTHER,N/A,,FIXED OBJECT,N/A,,,,,,39.02961077,-77.10852027,"(39.02961077, -77.10852027)"
MCP2843000J,15055799,MONTGOMERY,Property Damage Crash,11/02/2015 05:01:00 PM,No,Maryland (State),East,,3,North,0,FEET,LEVEL,GREAT SENECA HWY,KENTLANDS BLVD,,GAITHERSBURG,,DRIVER,STRAIGHT MOVEMENT ANGLE,CLEAR,DRY,DAYLIGHT,TRAFFIC SIGNAL,NONE DETECTED,,OTHER VEHICLE,N/A,INTERSECTION,FOUR-WAY INTERSECTION,STRAIGHT,NO DEFECTS,"TWO-WAY, DIVIDED, POSITIVE MEDIAN BARRIER",39.12351843,-77.23148346,"(39.12351843, -77.23148346)"
MCP1020001M,16029160,Montgomery County Police,Injury Crash,06/10/2016 09:31:00 AM,No,County,East,,1,West,0,FEET,GRADE DOWNHILL,WISTERIA DR,BENT WILLOW CT,,N/A,,DRIVER,ANGLE MEETS LEFT HEAD ON,CLEAR,DRY,DAYLIGHT,STOP SIGN,NONE DETECTED,,OTHER VEHICLE,N/A,INTERSECTION,FOUR-WAY INTERSECTION,STRAIGHT,NO DEFECTS,"TWO-WAY, NOT DIVIDED",39.16687,-77.25935,"(39.16687, -77.25935)"
MCP9417001X,170509174,Montgomery County Police,Property Damage Crash,05/22/2017 08:30:00 AM,No,Maryland (State),North,RIGHT TURN LANE,3,South,80,FEET,GRADE DOWNHILL,CONNECTICUT AVE,RAMP 4 FR MD 185 NB TO IS 495 EB,,N/A,,DRIVER,SAME DIR REAR END,RAINING,WET,DAYLIGHT,NO CONTROLS,NONE DETECTED,,OTHER VEHICLE,N/A,INTERCHANGE RELATED,N/A,STRAIGHT,NO DEFECTS,"TWO-WAY, DIVIDED, POSITIVE MEDIAN BARRIER",39.00299167,-77.07722333,"(39.00299167, -77.07722333)"
MCP3220000D,200009634,Montgomery County Police,Property Damage Crash,02/26/2020 06:40:00 PM,No,County,North,,1,North,0.25,MILE,GRADE DOWNHILL,MUNCASTER RD,HOLLINGSWORTH DR,,N/A,,DRIVER,HEAD ON,RAINING,WET,DARK -- UNKNOWN LIGHTING,N/A,NONE DETECTED,,OTHER VEHICLE,N/A,NON INTERSECTION,N/A,CURVE RIGHT,N/A,"TWO-WAY, NOT DIVIDED",39.15467167,-77.13097333,"(39.15467167, -77.13097333)"
MCP2946000C,15023194,Montgomery County Police,Property Damage Crash,05/15/2015 08:44:00 AM,No,Maryland (State),South,,2,North,20,FEET,GRADE DOWNHILL,FREDERICK RD,COOL BROOK LA,,N/A,,DRIVER,SAME DIR REAR END,CLOUDY,DRY,DAYLIGHT,NO CONTROLS,NONE DETECTED,,OTHER VEHICLE,N/A,NON INTERSECTION,N/A,STRAIGHT,NO DEFECTS,"TWO-WAY, NOT DIVIDED",39.23361167,-77.27245833,"(39.23361167, -77.27245833)"
MCP3061001S,210043605,Montgomery County Police,Property Damage Crash,10/28/2021 10:08:00 PM,Yes,,,,,,,,,,,"PARKING LOT OF 19850 CENTURY BLVD, GERMANTOWN, MD",,,DRIVER,SINGLE VEHICLE,CLOUDY,,DARK LIGHTS ON,NO CONTROLS,ALCOHOL PRESENT,,FIXED OBJECT,FIXED OBJECT,,,,,,39.18241487,-77.26514705,"(39.18241487, -77.26514705)"
HA2399000S,16001383,Maryland-National Capital,Property Damage Crash,11/09/2016 09:20:00 AM,No,Government,South,,1,South,0,MILE,LEVEL,BEACH DR,KNOWLES AVE,,N/A,,DRIVER,SINGLE VEHICLE,CLOUDY,WET,DAYLIGHT,N/A,N/A,,OFF ROAD,N/A,N/A,N/A,CURVE LEFT,N/A,"TWO-WAY, NOT DIVIDED",39.02617275,-77.09827423,"(39.02617275, -77.09827423)"
MCP3112000W,180043492,Montgomery County Police,Injury Crash,08/31/2018 05:09:00 PM,No,Maryland (State),West,,3,West,10,FEET,LEVEL,UNIVERSITY BLVD W,HOBSON ST,,N/A,,DRIVER,SINGLE VEHICLE,CLOUDY,DRY,DAYLIGHT,N/A,NONE DETECTED,,OFF ROAD,FIXED OBJECT,NON INTERSECTION,N/A,STRAIGHT,NO DEFECTS,"TWO-WAY, DIVIDED, POSITIVE MEDIAN BARRIER",39.03563,-77.06565833,"(39.03563, -77.06565833)"
DD55780007,220039839,Rockville Police Departme,Injury Crash,09/13/2022 05:49:00 PM,No,Maryland (State),South,,3,North,0,FEET,LEVEL,ROCKVILLE PIKE,ROLLINS AVE,,ROCKVILLE,,DRIVER,SINGLE VEHICLE,CLEAR,DRY,DAYLIGHT,N/A,NONE DETECTED,,FIXED OBJECT,FIXED OBJECT,NON INTERSECTION,N/A,STRAIGHT,N/A,"TWO-WAY, DIVIDED, POSITIVE MEDIAN BARRIER",39.0891809,-77.1516253,"(39.0891809, -77.1516253)"
EJ7898005K,250002496,GAITHERSBURG,Injury Crash,01/18/2025 10:45:00 AM,No,Municipality Route,"Northbound, Not On Roadway","Lane 1, Other","0, 2",South,21.29,FEET,Level,S SUMMIT AVE,WELLS AVE,,,,DRIVER,Angle,Cloudy,Wet,Daylight,"No Controls, Stop Sign","Not Suspect of Alcohol Use, Not Suspect of Drug Use, Not Suspect of Alcohol Use, Not Suspect of Drug Use",,Motor Vehicle In Transport,,Through Roadway,,Straight,No Defects,Not Divided,39.14097222,-77.19359477,"(39.14097222, -77.19359477)"
DD5604001G,17004413,Rockville Police Departme,Injury Crash,01/25/2017 07:42:00 AM,No,Municipality,North,,1,South,0,FEET,LEVEL,ARDENNES AVE,HOLLAND RD,,ROCKVILLE,PEDESTRIAN,DRIVER,OTHER,CLEAR,DRY,DARK LIGHTS ON,N/A,NONE DETECTED,NONE DETECTED,PEDESTRIAN,N/A,INTERSECTION,T-INTERSECTION,STRAIGHT,NO DEFECTS,"TWO-WAY, NOT DIVIDED",39.06592833,-77.118435,"(39.06592833, -77.118435)"
MCP3086002K,190025290,Montgomery County Police,Property Damage Crash,05/28/2019 08:15:00 AM,Yes,,,,,,,,,,,LOADING DOCK OF 18250 FLOWER HILL WAY,,,DRIVER,SAME DIRECTION SIDESWIPE,CLOUDY,,DAYLIGHT,NO CONTROLS,UNKNOWN,,PARKED VEHICLE,N/A,,,,,,39.15456933,-77.16593033,"(39.15456933, -77.16593033)"
MCP2961001G,16055159,Montgomery County Police,Injury Crash,10/26/2016 05:59:00 PM,No,Maryland (State),South,,3,North,0,FEET,LEVEL,GEORGIA AVE,REEDIE DR,,N/A,,DRIVER,STRAIGHT MOVEMENT ANGLE,CLEAR,DRY,N/A,TRAFFIC SIGNAL,NONE DETECTED,,OTHER VEHICLE,N/A,INTERSECTION,FOUR-WAY INTERSECTION,STRAIGHT,NO DEFECTS,"TWO-WAY, DIVIDED, UNPROTECTED PAINTED MIN 4 FEET",39.03889167,-77.05087167,"(39.03889167, -77.05087167)"
MCP3138004N,220037214,Montgomery County Police,Property Damage Crash,08/28/2022 03:03:00 PM,No,Maryland (State),East,,2,West,200,FEET,LEVEL,NORBECK RD,WHITEHAVEN RD,,N/A,,DRIVER,SINGLE VEHICLE,CLEAR,DRY,DAYLIGHT,N/A,NONE DETECTED,,FIXED OBJECT,FIXED OBJECT,N/A,N/A,CURVE RIGHT,NO DEFECTS,"TWO-WAY, NOT DIVIDED",39.12077,-77.03902,"(39.12077, -77.03902)"
EJ7856007V,190052162,Gaithersburg Police Depar,Injury Crash,10/30/2019 07:00:00 AM,No,County,West,RIGHT TURN LANE,2,North,0,FEET,LEVEL,SAM EIG HWY,GREAT SENECA HWY,,N/A,,DRIVER,SAME DIR REAR END,CLEAR,DRY,DARK LIGHTS ON,TRAFFIC SIGNAL,N/A,,OTHER VEHICLE,N/A,INTERSECTION RELATED,T-INTERSECTION,STRAIGHT,NO DEFECTS,"TWO-WAY, DIVIDED, POSITIVE MEDIAN BARRIER",39.10931333,-77.21443,"(39.10931333, -77.21443)"
EJ78510048,190032168,Gaithersburg Police Depar,Property Damage Crash,07/06/2019 04:30:00 PM,Yes,Municipality,North,,1,North,100,FEET,LEVEL,RIO BLVD,ROUNDABOUT,,N/A,,DRIVER,SAME DIRECTION SIDESWIPE,CLEAR,DRY,N/A,NO CONTROLS,UNKNOWN,,OTHER VEHICLE,N/A,NON INTERSECTION,N/A,STRAIGHT,NO DEFECTS,"TWO-WAY, NOT DIVIDED",39.11807833,-77.20061833,"(39.11807833, -77.20061833)"
MCP21020008,15014430,Montgomery County Police,Injury Crash,03/29/2015 02:29:00 PM,No,,North,,2,Unknown,0,FEET,LEVEL,11160 VEIRS MILL RD (PARKING LOT),WHEATON PLAZA RING ROAD,,N/A,,DRIVER,HEAD ON LEFT TURN,CLEAR,DRY,DAYLIGHT,NO CONTROLS,NONE DETECTED,,OTHER VEHICLE,N/A,INTERSECTION,T-INTERSECTION,STRAIGHT,NO DEFECTS,"TWO-WAY, NOT DIVIDED",39.03982667,-77.05571,"(39.03982667, -77.05571)"
EJ7885000L,210008324,Gaithersburg Police Depar,Property Damage Crash,03/05/2021 12:00:00 PM,No,Municipality,North,N/A,2,West,0,FEET,LEVEL,FIRSTFIELD RD,FIRSTFIELD RD (AHEAD),,N/A,,DRIVER,SAME DIRECTION LEFT TURN,CLEAR,DRY,DAYLIGHT,N/A,N/A,,OTHER VEHICLE,OTHER VEHICLE,INTERSECTION,FOUR-WAY INTERSECTION,STRAIGHT,NO DEFECTS,"TWO-WAY, DIVIDED, POSITIVE MEDIAN BARRIER",39.14499909,-77.22280301,"(39.14499909, -77.22280301)"
MCP2077005K,240039611,MONTGOMERY,Property Damage Crash,08/21/2024 06:30:00 PM,No,County Route,Eastbound,Lane 3,3,West,57.41,FEET,Level,RANDOLPH RD,,,,,DRIVER,Front to Rear,Clear,Dry,Daylight,No Controls,"Not Suspect of Alcohol Use, Not Suspect of Drug Use, Not Suspect of Alcohol Use, Not Suspect of Drug Use",,Motor Vehicle In Transport,Not Applicable,Driveway Access or Related,,Straight,No Defects,"Divided, Raised Median (curbed)",39.05896781,-77.06717762,"(39.05896781, -77.06717762)"