Report Number,Local Case Number,Agency Name,ACRS Report Type,Crash Date/Time,Hit/Run,Route Type,Lane Direction,Lane Type,Number of Lanes,Direction,Distance,Distance Unit,Road Grade,Road Name,Cross-Street Name,Off-Road Description,Municipality,Related Non-Motorist,At Fault,Collision Type,Weather,Surface Condition,Light,Traffic Control,Driver Substance Abuse,Non-Motorist Substance Abuse,First Harmful Event,Second Harmful Event,Junction,Intersection Type,Road Alignment,Road Condition,Road Division,Latitude,Longitude,Location
MCP137800QP,190021583,Montgomery County Police,Property Damage Crash,05/07/2019 06:31:00 PM,No,Municipality,West,,3,East,150,FEET,LEVEL,FIRSTFIELD RD,QUINCE ORCHARD RD,,N/A,,DRIVER,SAME DIR REAR END,CLEAR,DRY,DAYLIGHT,NO CONTROLS,NONE DETECTED,,OTHER VEHICLE,N/A,NON INTERSECTION,N/A,STRAIGHT,NO DEFECTS,"TWO-WAY, DIVIDED, POSITIVE MEDIAN BARRIER",39.145415,-77.22103333,"(39.145415, -77.22103333)"
DM8388001S,170539024,Takoma Park Police Depart,Property Damage Crash,10/26/2017 05:20:00 PM,No,Municipality,East,,2,South,0,FEET,LEVEL,POPLAR AVE,SPRING AVE,,TAKOMA PARK,,UNKNOWN,STRAIGHT MOVEMENT ANGLE,CLEAR,DRY,DAYLIGHT,STOP SIGN,NONE DETECTED,,OTHER VEHICLE,N/A,INTERSECTION,T-INTERSECTION,STRAIGHT,NO DEFECTS,"TWO-WAY, NOT DIVIDED",38.97301435,-77.00399995,"(38.97301435, -77.00399995)"
MCP3023000T,170516781,Montgomery County Police,Injury Crash,07/01/2017 10:15:00 AM,No,Maryland (State),East,,1,East,0,FEET,LEVEL,NORBECK RD,WINTERGATE DR,,N/A,BICYCLIST,DRIVER,SAME DIRECTION SIDESWIPE,CLEAR,DRY,DAYLIGHT,TRAFFIC SIGNAL,NONE DETECTED,NONE DETECTED,BICYCLE,N/A,INTERSECTION,OTHER,STRAIGHT,NO DEFECTS,"TWO-WAY, NOT DIVIDED",39.112255,-77.05907,"(39.112255, -77.05907)"
MCP32920024,240019616,MONTGOMERY,Injury Crash,04/26/2024 11:31:00 PM,Yes,Local Route,Westbound,Lane 1,1,East,0,FEET,Level,COBBLER PL,BARKLEY PL,,,Pedestrian,DRIVER,Single Vehicle,Clear,Dry,Dark - Lighted,Pedestrian Crossing,"Not Suspect of Alcohol Use, Not Suspect of Drug Use","Not Suspect of Alcohol Use, Not Suspect of Drug Use",Pedestrian,Not Applicable,Intersection or Related,Perpendicular,Straight,No Defects,Not Divided,39.13149749,-77.19052225,"(39.13149749, -77.19052225)"
MCP3348002J,240014208,MONTGOMERY,Property Damage Crash,03/25/2024 11:33:00 PM,,County Route,"Northbound, Southbound",Lane 1,1,South,18.9,FEET,Level,GRANDVIEW AVE,,,,,UNKNOWN,Other,Clear,Dry,Dark - Lighted,No Controls,"Unknown, Unknown",,Parked Vehicle,Parked Vehicle,Non-Junction,,Straight,,Not Divided,39.05580034,-77.05163132,"(39.05580034, -77.05163132)"
MCP3263001C,210035539,Montgomery County Police,Property Damage Crash,09/09/2021 11:00:00 PM,No,,,,,,,,,,,PARKING GARAGE OF 4823 RUGBY AVE. 2ND LEVEL,,,DRIVER,SINGLE VEHICLE,CLEAR,,DARK LIGHTS ON,N/A,NONE DETECTED,,FIXED OBJECT,N/A,,,,,,38.99172333,-77.09791333,"(38.99172333, -77.09791333)"
MCP1563002Y,16057868,Montgomery County Police,Injury Crash,11/09/2016 06:00:00 PM,Yes,Interstate (State),West,,4,West,100,FEET,LEVEL,CAPITAL BELTWAY,RAMP 2 FR IS 495 WB TO MD 355 NB,,N/A,,DRIVER,SAME DIR REAR END,CLOUDY,WET,DARK NO LIGHTS,NO CONTROLS,"NONE DETECTED, UNKNOWN",,OTHER VEHICLE,N/A,N/A,N/A,STRAIGHT,NO DEFECTS,"TWO-WAY, DIVIDED, POSITIVE MEDIAN BARRIER",39.01489072,-77.09504887,"(39.01489072, -77.09504887)"
MCP1550002Y,210029544,Montgomery County Police,Injury Crash,07/30/2021 11:37:00 AM,No,Maryland (State),South,,3,North,15,FEET,LEVEL,WISCONSIN AVE,WOODMONT AVE,,N/A,,DRIVER,STRAIGHT MOVEMENT ANGLE,CLEAR,DRY,DAYLIGHT,TRAFFIC SIGNAL,NONE DETECTED,,OTHER VEHICLE,N/A,INTERSECTION RELATED,T-INTERSECTION,STRAIGHT,NO DEFECTS,"TWO-WAY, DIVIDED, POSITIVE MEDIAN BARRIER",38.99527333,-77.09659667,"(38.99527333, -77.09659667)"
DD56440027,220001899,Rockville Police Departme,Property Damage Crash,01/15/2022 09:35:00 PM,No,Maryland (State),East,,4,East,1,FEET,GRADE DOWNHILL,VEIRS MILL RD,FIRST ST,,N/A,,DRIVER,SAME DIR REAR END,CLEAR,DRY,DARK LIGHTS ON,TRAFFIC SIGNAL,NONE DETECTED,,OTHER VEHICLE,N/A,INTERSECTION RELATED,FOUR-WAY INTERSECTION,STRAIGHT,NO DEFECTS,"TWO-WAY, DIVIDED, POSITIVE MEDIAN BARRIER",39.07981374,-77.13827573,"(39.07981374, -77.13827573)"
MCP3093005M,240037641,MONTGOMERY,Injury Crash,08/09/2024 05:41:00 PM,No,Maryland (State) Route,Westbound,Lane 1,1,West,14.66,FEET,Downhill,,RAYBURN RD,,,,DRIVER,Other,Clear,Wet,Daylight,No Controls,"Not Suspect of Alcohol Use, Not Suspect of Drug Use, Not Suspect of Alcohol Use, Not Suspect of Drug Use",,Motor Vehicle In Transport,,Non-Junction,,Straight,No Defects,Not Divided,38.99317512,-77.12052757,"(38.99317512, -77.12052757)"
MCP33050021,220057163,Montgomery County Police,Property Damage Crash,12/24/2022 11:16:00 PM,No,County,South,,3,West,0,FEET,LEVEL,OAKVIEW DR,NEW HAMPSHIRE AVE,,N/A,,UNKNOWN,SINGLE VEHICLE,CLEAR,DRY,DARK LIGHTS ON,N/A,NONE DETECTED,,EXPLOSION OR FIRE,N/A,INTERSECTION,FOUR-WAY INTERSECTION,STRAIGHT,NO DEFECTS,"TWO-WAY, DIVIDED, POSITIVE MEDIAN BARRIER",39.01554667,-76.97801667,"(39.01554667, -76.97801667)"
MCP285900H6,240046139,MONTGOMERY,Property Damage Crash,09/27/2024 11:32:00 AM,No,County Route,Eastbound,Lane 1,1,West,39.79,FEET,Downhill,MUNCASTER RD,,,,,DRIVER,Single Vehicle,Rain,Wet,Daylight,No Controls,"Not Suspect of Alcohol Use, Not Suspect of Drug Use",,Embankment,,Non-Junction,,Curve Left,No Defects,"Divided, Flush Median (greater than 4ft wide)",39.15464899,-77.13085201,"(39.15464899, -77.13085201)"
MCP3221001K,210012386,Montgomery County Police,Injury Crash,04/02/2021 09:20:00 PM,No,Maryland (State),East,LEFT TURN LANE,3,East,0,FEET,LEVEL,W MONTGOMERY AVE,SHADY GROVE RD,,N/A,,DRIVER,HEAD ON LEFT TURN,CLEAR,DRY,DARK LIGHTS ON,TRAFFIC SIGNAL,NONE DETECTED,,OTHER VEHICLE,N/A,INTERSECTION,FOUR-WAY INTERSECTION,STRAIGHT,NO DEFECTS,"TWO-WAY, DIVIDED, POSITIVE MEDIAN BARRIER",39.10379767,-77.1904785,"(39.10379767, -77.1904785)"
MCP2405000G,180010627,Montgomery County Police,Property Damage Crash,03/01/2018 12:56:00 PM,Yes,,,,,,,,,,,IN THE PARKING LOT OF THE WELL CHURCH 8900 COLESVILLE RD,,,UNKNOWN,SAME DIR REAR END,CLOUDY,,DAYLIGHT,NO CONTROLS,UNKNOWN,,PARKED VEHICLE,N/A,,,,,,39.00054072,-77.02615499,"(39.00054072, -77.02615499)"
DD5638000N,190042537,Rockville Police Departme,Property Damage Crash,09/05/2019 12:50:00 PM,Yes,Maryland (State),East,LEFT TURN LANE,2,East,0,FEET,LEVEL,E JEFFERSON ST,MONROE ST,,ROCKVILLE,,DRIVER,SAME DIRECTION SIDESWIPE,CLEAR,DRY,DAYLIGHT,TRAFFIC SIGNAL,"NONE DETECTED, UNKNOWN",,OTHER VEHICLE,N/A,INTERSECTION,FOUR-WAY INTERSECTION,STRAIGHT,NO DEFECTS,"TWO-WAY, NOT DIVIDED",39.08272167,-77.149415,"(39.08272167, -77.149415)"
MCP2446004K,190026323,Montgomery County Police,Property Damage Crash,06/02/2019 05:16:00 PM,No,County,North,,1,South,0,FEET,HILL UPHILL,WARFIELD RD,DORSEY RD,,N/A,,DRIVER,OPPOSITE DIR BOTH LEFT TURN,CLOUDY,DRY,DAYLIGHT,STOP SIGN,NONE DETECTED,,OTHER VEHICLE,N/A,INTERSECTION,T-INTERSECTION,CURVE LEFT,NO DEFECTS,"TWO-WAY, NOT DIVIDED",39.19769333,-77.143985,"(39.19769333, -77.143985)"
MCP1021000W,230026241,Montgomery County Police,Injury Crash,06/04/2023 08:20:00 AM,No,Maryland (State),South,,2,South,50,FEET,GRADE DOWNHILL,FREDERICK RD,APPLEDOWRE WAY,,N/A,,DRIVER,SAME DIR REAR END,CLEAR,DRY,DAYLIGHT,OTHER,NONE DETECTED,,OTHER VEHICLE,N/A,NON INTERSECTION,N/A,STRAIGHT,NO DEFECTS,"TWO-WAY, DIVIDED, POSITIVE MEDIAN BARRIER",39.18560943,-77.23981523,"(39.18560943, -77.23981523)"
MCP3227005F,240027802,MONTGOMERY,Property Damage Crash,06/11/2024 01:20:00 PM,,County Route,Northbound,Lane 3,3,North,0,FEET,Level,POWDER MILL RD,NEW HAMPSHIRE AVE,,,,UNKNOWN,Front to Rear,Clear,Dry,Daylight,Traffic Control Signal,"Not Suspect of Alcohol Use, Not Suspect of Drug Use, Unknown, Unknown",,Motor Vehicle In Transport,,Intersection or Related,Perpendicular,Straight,No Defects,"Divided, Raised Median (curbed)",39.0222391,-76.97734894,"(39.0222391, -76.97734894)"
MCP2859004V,180011037,Montgomery County Police,Property Damage Crash,03/04/2018 12:47:00 PM,Yes,Maryland (State),North,,1,North,0,FEET,LEVEL,FREDERICK RD,SHADY GROVE RD,,N/A,,DRIVER,SAME DIR REAR END,CLEAR,DRY,DAYLIGHT,YIELD SIGN,"NONE DETECTED, UNKNOWN",,OTHER VEHICLE,N/A,OTHER,OTHER,CURVE RIGHT,NO DEFECTS,ONE-WAY TRAFFICWAY,39.12233652,-77.17749596,"(39.12233652, -77.17749596)"
MCP28630031,230069190,Montgomery County Police,Property Damage Crash,11/30/2023 04:45:00 PM,Yes,,,,,,,,,,,PARKING LOT NEAR 15350 SHADY GROVE RAOD,,,DRIVER,SAME DIR REAR END,CLEAR,,DARK LIGHTS ON,NO CONTROLS,N/A,,OTHER VEHICLE,N/A,,,,,,39.11819267,-77.18349983,"(39.11819267, -77.18349983)"
MCP32120015,200005347,Montgomery County Police,Injury Crash,02/01/2020 04:57:00 PM,No,County,West,,3,East,150,FEET,GRADE DOWNHILL,WAYNE AVE,RAMSEY AVE,,N/A,,UNKNOWN,OTHER,CLEAR,DRY,DUSK,TRAFFIC SIGNAL,NONE DETECTED,,OTHER VEHICLE,N/A,NON INTERSECTION,N/A,STRAIGHT,NO DEFECTS,"TWO-WAY, DIVIDED, POSITIVE MEDIAN BARRIER",38.99478267,-77.02972717,"(38.99478267, -77.02972717)"
MCP3232005T,240052813,MONTGOMERY,Property Damage Crash,11/03/2024 03:45:00 PM,No,Bicycle Route,"Southbound, Westbound",Lane 1,1,South,0,FEET,Level,,EDNOR RD NEW HAMPSHIRE AVE,,,,DRIVER,Angle,Clear,Dry,Daylight,Traffic Control Signal,"Not Suspect of Alcohol Use, Not Suspect of Drug Use, Not Suspect of Alcohol Use, Not Suspect of Drug Use",,Motor Vehicle In Transport,,Intersection or Related,Perpendicular,Straight,No Defects,Not Divided,39.1361767,-76.99490796,"(39.1361767, -76.99490796)"
MCP2305000L,15033963,MONTGOMERY,Injury Crash,07/11/2015 01:52:00 AM,No,Maryland (State),South,,2,West,,MILE,GRADE DOWNHILL,RIVER RD,WHITTIER BLVD,,N/A,,DRIVER,SINGLE VEHICLE,RAINING,WET,DARK NO LIGHTS,N/A,N/A,,FIXED OBJECT,OVERTURN,NON INTERSECTION,N/A,STRAIGHT,NO DEFECTS,"TWO-WAY, DIVIDED, POSITIVE MEDIAN BARRIER",38.977265,-77.1289,"(38.977265, -77.1289)"
MCP2009002P,240001507,MONTGOMERY,Property Damage Crash,01/05/2024 08:00:00 AM,No,,,,0,,,FEET,,,,"Parking Stall        PARKING LOT OF 100 EDISON PARK DR GAITHERSBURG, MD 20878",,,UNKNOWN,Other,Clear,,Daylight,No Controls,"Not Suspect of Alcohol Use, Not Suspect of Drug Use",,Parked Vehicle,Not Applicable,,,,,,39.11391303,-77.23746165,"(39.11391303, -77.23746165)"
MCP2761006N,250005976,MONTGOMERY,Property Damage Crash,02/10/2025 08:53:00 AM,No,,,,0,,,FEET,,,,"Parking Lot Way        19929 SWEETGUM CIRCLE, GERMANTOWN, MD",,,DRIVER,"Sideswipe, Same Direction",Clear,,Daylight,,"Not Suspect of Alcohol Use, Not Suspect of Drug Use, Not Suspect of Alcohol Use, Not Suspect of Drug Use",,Motor Vehicle In Transport,,,,,,,39.18332159,-77.2751344,"(39.18332159, -77.2751344)"
EJ78660059,190008913,Gaithersburg Police Depar,Injury Crash,02/25/2019 07:55:00 AM,No,County,South,,4,North,300,FEET,GRADE DOWNHILL,GOSHEN RD,MIDCOUNTY HWY,,N/A,,DRIVER,SAME DIR REAR END,CLEAR,DRY,DAYLIGHT,TRAFFIC SIGNAL,NONE DETECTED,,OTHER VEHICLE,OTHER VEHICLE,INTERSECTION RELATED,FOUR-WAY INTERSECTION,STRAIGHT,NO DEFECTS,"TWO-WAY, NOT DIVIDED",39.15858833,-77.19206667,"(39.15858833, -77.19206667)"
MCP2962001C,170514059,Montgomery County Police,Injury Crash,06/16/2017 02:21:00 PM,Yes,County,South,RIGHT TURN LANE,3,North,100,FEET,LEVEL,OBSERVATION DR,RIDGE RD,,N/A,OTHER,DRIVER,OTHER,CLEAR,DRY,DAYLIGHT,PERSON,UNKNOWN,N/A,PEDESTRIAN,N/A,NON INTERSECTION,N/A,STRAIGHT,NO DEFECTS,"TWO-WAY, DIVIDED, POSITIVE MEDIAN BARRIER",39.20205068,-77.25325495,"(39.20205068, -77.25325495)"
MCP2291003X,190043703,Montgomery County Police,Injury Crash,09/12/2019 02:10:00 PM,No,County,East,,2,East,0,FEET,LEVEL,NICHOLSON LA,ENT TO WHITE FLINT MALL,,N/A,,DRIVER,HEAD ON LEFT TURN,CLEAR,DRY,DAYLIGHT,TRAFFIC SIGNAL,NONE DETECTED,,OTHER VEHICLE,N/A,INTERSECTION,T-INTERSECTION,STRAIGHT,NO DEFECTS,"TWO-WAY, NOT DIVIDED",39.04502433,-77.107017,"(39.04502433, -77.107017)"
MCP20520018,17010278,Montgomery County Police,Property Damage Crash,02/26/2017 12:05:00 AM,No,County,East,SHOULDER AREA,1,West,0,FEET,LEVEL,FIELDS RD,WASHINGTONIAN BLVD,,GAITHERSBURG,,DRIVER,SINGLE VEHICLE,CLEAR,DRY,DARK LIGHTS ON,STOP SIGN,NONE DETECTED,,FIXED OBJECT,OTHER OBJECT,INTERSECTION,FOUR-WAY INTERSECTION,STRAIGHT,NO DEFECTS,"TWO-WAY, DIVIDED, POSITIVE MEDIAN BARRIER",39.11111667,-77.20112167,"(39.11111667, -77.20112167)"
MCP2789004P,180026575,Montgomery County Police,Injury Crash,05/30/2018 03:15:00 PM,No,US (State),North,,3,South,100,FEET,LEVEL,COLESVILLE RD,BREWSTER AVE,,N/A,,DRIVER,SAME DIR REAR END,N/A,DRY,DAYLIGHT,NO CONTROLS,N/A,,OTHER VEHICLE,OTHER VEHICLE,N/A,N/A,STRAIGHT,NO DEFECTS,"TWO-WAY, DIVIDED, POSITIVE MEDIAN BARRIER",39.01102667,-77.017225,"(39.01102667, -77.017225)"
MCP1563001Q,15047882,MONTGOMERY,Injury Crash,09/21/2015 05:37:00 PM,No,Maryland (State),East,,2,East,0,FEET,GRADE DOWNHILL,EAST WEST HWY,GLENDALE RD,,N/A,,DRIVER,OTHER,RAINING,WET,DAYLIGHT,STOP SIGN,NONE DETECTED,,OTHER VEHICLE,FIXED OBJECT,INTERSECTION,FOUR-WAY INTERSECTION,STRAIGHT,NO DEFECTS,"TWO-WAY, NOT DIVIDED",38.988305,-77.07531,"(38.988305, -77.07531)"
MCP22910038,180053685,Montgomery County Police,Injury Crash,10/26/2018 02:42:00 PM,No,County,North,,1,South,0.25,MILE,LEVEL,MACARTHUR BLVD,WALHONDING RD,,N/A,,DRIVER,HEAD ON,RAINING,WET,DAYLIGHT,NO CONTROLS,NONE DETECTED,,OTHER VEHICLE,N/A,NON INTERSECTION,N/A,CURVE RIGHT,NO DEFECTS,"TWO-WAY, NOT DIVIDED",38.95646392,-77.1293546,"(38.95646392, -77.1293546)"
MCP9365000P,170508625,Montgomery County Police,Property Damage Crash,05/19/2017 08:17:00 AM,No,County,West,,1,South,500,FEET,LEVEL,LOCKWOOD DR,COLUMBIA PIKE,,N/A,,DRIVER,SINGLE VEHICLE,CLEAR,DRY,DAYLIGHT,N/A,N/A,,FIXED OBJECT,N/A,OTHER,OTHER,OTHER,NO DEFECTS,OTHER,39.03925299,-76.98866308,"(39.03925299, -76.98866308)"
MCP32280069,240042461,MONTGOMERY,Injury Crash,09/07/2024 02:34:00 PM,No,Local Route,Southbound,Lane 2,3,East,9.13,FEET,Downhill,METRORAIL TRACK B2 RAIL,,,,,DRIVER,Front to Rear,Cloudy,Wet,Daylight,No Controls,"Not Suspect of Alcohol Use, Not Suspect of Drug Use, Not Suspect of Alcohol Use, Not Suspect of Drug Use",,Motor Vehicle In Transport,,Non-Junction,,Straight,No Defects,"Divided, Raised Median (curbed)",39.029444,-77.047616,"(39.029444, -77.047616)"
MCP2612002M,180001337,Montgomery County Police,Property Damage Crash,01/09/2018 04:19:00 PM,Yes,,,,,,,,,,,IN PARKING LOT OF 2601 BEL PRE RD,,,DRIVER,OTHER,CLEAR,,DAYLIGHT,N/A,NONE DETECTED,,PARKED VEHICLE,N/A,,,,,,39.09086667,-77.05375,"(39.09086667, -77.05375)"
MCP14380087,190015573,Montgomery County Police,Property Damage Crash,04/04/2019 06:25:00 AM,Yes,,,,,,,,,,,45A W WATKINS MILL ROAD,,,DRIVER,UNKNOWN,UNKNOWN,,UNKNOWN,NO CONTROLS,UNKNOWN,,OTHER VEHICLE,N/A,,,,,,39.14990833,-77.23448167,"(39.14990833, -77.23448167)"
EJ7747001Q,16023329,Gaithersburg Police Depar,Property Damage Crash,05/11/2016 09:42:00 AM,No,Maryland (State),South,,2,East,50,FEET,LEVEL,W DIAMOND AVE,MEEM AVE,,GAITHERSBURG,,DRIVER,OPPOSITE DIRECTION SIDESWIPE,RAINING,WET,DAYLIGHT,OTHER,NONE DETECTED,,OTHER VEHICLE,OTHER VEHICLE,INTERSECTION RELATED,FOUR-WAY INTERSECTION,CURVE RIGHT,NO DEFECTS,"TWO-WAY, NOT DIVIDED",39.14079667,-77.20208,"(39.14079667, -77.20208)"
MCP2365001Q,200035767,Montgomery County Police,Injury Crash,09/12/2020 01:36:00 PM,No,US (State),South,,3,North,0,FEET,LEVEL,COLUMBIA PIKE,GREENCASTLE RD,,N/A,,DRIVER,SAME DIRECTION SIDESWIPE,CLOUDY,DRY,DAYLIGHT,TRAFFIC SIGNAL,NONE DETECTED,,OTHER VEHICLE,FIXED OBJECT,INTERSECTION,FOUR-WAY INTERSECTION,STRAIGHT,NO DEFECTS,"TWO-WAY, DIVIDED, POSITIVE MEDIAN BARRIER",39.09534833,-76.938315,"(39.09534833, -76.938315)"
MCP2243000J,180040556,Montgomery County Police,Injury Crash,08/15/2018 08:23:00 AM,No,County,East,,2,North,10,FEET,LEVEL,DELCRIS DR,IVYBRIDGE CT,,N/A,PEDESTRIAN,UNKNOWN,SINGLE VEHICLE,CLOUDY,DRY,DAYLIGHT,NO CONTROLS,UNKNOWN,NONE DETECTED,PEDESTRIAN,N/A,OTHER DRIVEWAY,OTHER,STRAIGHT,NO DEFECTS,"TWO-WAY, NOT DIVIDED",39.18848433,-77.17804819,"(39.18848433, -77.17804819)"
HA2516000F,25000704,MCPARK,Property Damage Crash,04/20/2025 05:42:00 PM,No,,,,0,,,FEET,,,,Parking Lot Way        UNIT 1 WAS LEAVING THE PARKING LOT UNIT 2 WAS TRYING TO PARK. UNIT 1 DID NOT YEILD TO UNIT 2 THATS WHEN UNIT 1 STRUCK UNIT 2.,,,UNKNOWN,"Sideswipe, Opposite Direction",Clear,,Daylight,,"Not Suspect of Alcohol Use, Not Suspect of Drug Use, Unknown, Unknown",,Motor Vehicle In Transport,,,,,,,39.00909893,-76.98458311,"(39.00909893, -76.98458311)"
MCP33280035,240002841,MONTGOMERY,Property Damage Crash,01/18/2024 04:01:00 PM,No,Maryland (State) Route,"Northbound, Westbound",Lane 1,"1, 3",North,29.51,FEET,Level,GEORGIA AVE,WEISMAN RD,,,,DRIVER,Angle,Clear,Dry,Daylight,"Stop Sign, Traffic Control Signal","Not Suspect of Alcohol Use, Not Suspect of Drug Use, Not Suspect of Alcohol Use, Not Suspect of Drug Use",,Motor Vehicle In Transport,Not Applicable,Non-Junction,,Straight,,"Divided, Raised Median (curbed), Not Divided",39.05256031,-77.05101466,"(39.05256031, -77.05101466)"
HA2424000Y,19001241,Maryland-National Capital,Injury Crash,05/25/2019 12:10:00 PM,No,Government,South,,1,North,500,FEET,LEVEL,BEACH DR,EAST WEST HWY,,N/A,BICYCLIST,UNKNOWN,SAME DIRECTION LEFT TURN,CLEAR,DRY,DAYLIGHT,N/A,N/A,N/A,BICYCLE,N/A,N/A,N/A,STRAIGHT,NO DEFECTS,"TWO-WAY, NOT DIVIDED",38.99089456,-77.06352375,"(38.99089456, -77.06352375)"
MCP29730055,200020621,Montgomery County Police,Property Damage Crash,05/23/2020 11:30:00 PM,Yes,County,East,,3,East,0,FEET,LEVEL,RANDOLPH RD,GLENMONT CIR #1,,N/A,,DRIVER,SAME DIRECTION RIGHT TURN,CLEAR,DRY,DARK LIGHTS ON,TRAFFIC SIGNAL,N/A,,OTHER VEHICLE,N/A,INTERSECTION,FOUR-WAY INTERSECTION,STRAIGHT,NO DEFECTS,"TWO-WAY, DIVIDED, POSITIVE MEDIAN BARRIER",39.05904087,-77.04766658,"(39.05904087, -77.04766658)"
MCP2583001F,200050775,Montgomery County Police,Property Damage Crash,12/25/2020 08:12:00 PM,No,Maryland (State),East,OTHER,2,East,0.6,MILE,GRADE DOWNHILL,DICKERSON RD,DICKERSON CHURCH RD,,N/A,,DRIVER,SINGLE VEHICLE,CLEAR,ICE,DARK NO LIGHTS,N/A,N/A,,FIXED OBJECT,N/A,NON INTERSECTION,N/A,CURVE LEFT,FOREIGN MATERIAL,"TWO-WAY, DIVIDED, UNPROTECTED PAINTED MIN 4 FEET",39.210235,-77.43143333,"(39.210235, -77.43143333)"
MCP271700YD,240001401,MONTGOMERY,Injury Crash,01/09/2024 06:50:00 PM,No,Municipality Route,Eastbound,Lane 1,3,North,0,FEET,Downhill,WOOTTON PKWY,PRESERVE PKWY,,,,UNKNOWN,Front to Rear,Rain,Wet,Dark - Lighted,Traffic Control Signal,"Not Suspect of Alcohol Use, Not Suspect of Drug Use, Not Suspect of Alcohol Use, Not Suspect of Drug Use",,Motor Vehicle In Transport,Not Applicable,Intersection or Related,Perpendicular,Straight,,"Divided, Raised Median (curbed)",39.06697319,-77.15009642,"(39.06697319, -77.15009642)"
MCP2046005F,16021568,Montgomery County Police,Property Damage Crash,05/02/2016 08:15:00 AM,No,Maryland (State),North,,3,South,75,FEET,LEVEL,NEW HAMPSHIRE AVE,MILESTONE DR,,N/A,,DRIVER,SINGLE VEHICLE,RAINING,WET,DAYLIGHT,NO CONTROLS,NONE DETECTED,,FIXED OBJECT,FIXED OBJECT,NON INTERSECTION,N/A,STRAIGHT,NO DEFECTS,"TWO-WAY, DIVIDED, POSITIVE MEDIAN BARRIER",39.04513602,-76.99228406,"(39.04513602, -76.99228406)"
DD55830064,190059901,Rockville Police Departme,Property Damage Crash,12/12/2019 02:16:00 PM,No,Municipality,West,OTHER,3,West,0,FEET,LEVEL,W GUDE DR,W MONTGOMERY AVE,,N/A,,DRIVER,SAME DIR REAR END,CLEAR,DRY,DAYLIGHT,N/A,NONE DETECTED,,OTHER VEHICLE,OTHER VEHICLE,OTHER,FOUR-WAY INTERSECTION,CURVE RIGHT,NO DEFECTS,"TWO-WAY, DIVIDED, POSITIVE MEDIAN BARRIER",39.10033767,-77.18506533,"(39.10033767, -77.18506533)"
MCP27530056,210048387,Montgomery County Police,Property Damage Crash,11/29/2021 09:35:00 AM,No,,North,,1,North,0,FEET,LEVEL,N LEISURE WORLD BLV,INTERLACHEN DR,,N/A,,DRIVER,HEAD ON LEFT TURN,CLEAR,DRY,DAYLIGHT,STOP SIGN,NONE DETECTED,,OTHER VEHICLE,N/A,INTERSECTION,T-INTERSECTION,STRAIGHT,NO DEFECTS,"TWO-WAY, DIVIDED, UNPROTECTED PAINTED MIN 4 FEET",39.10507833,-77.07310333,"(39.10507833, -77.07310333)"
MCP2882000K,15002231,Montgomery County Police,Injury Crash,01/14/2015 07:14:00 PM,No,Maryland (State),North,,2,North,300,FEET,HILL UPHILL,FREDERICK RD,GERMANTOWN RD,,N/A,,DRIVER,SAME DIR REAR END,CLEAR,DRY,DARK LIGHTS ON,NO CONTROLS,NONE DETECTED,,OTHER VEHICLE,N/A,NON INTERSECTION,N/A,STRAIGHT,NO DEFECTS,"TWO-WAY, DIVIDED, POSITIVE MEDIAN BARRIER",39.19095833,-77.24187,"(39.19095833, -77.24187)"
MCP27830052,230054284,Montgomery County Police,Injury Crash,09/11/2023 05:07:00 PM,No,County,West,,1,West,0.5,MILE,LEVEL,NORBECK RD,NEW HAMPSHIRE AVE,,N/A,,DRIVER,HEAD ON,CLEAR,DRY,DAYLIGHT,NO CONTROLS,NONE DETECTED,,OTHER VEHICLE,N/A,NON INTERSECTION,N/A,STRAIGHT,NO DEFECTS,"TWO-WAY, NOT DIVIDED",39.12223667,-76.99763,"(39.12223667, -76.99763)"
MCP3258003W,240022411,MONTGOMERY,Property Damage Crash,05/12/2024 03:18:00 PM,No,County Route,Northbound,Lane 3,4,West,0,FEET,Level,ENNALLS AVE,GEORGIA AVE,,,,UNKNOWN,Other,Clear,Dry,Daylight,"No Controls, Stop Sign","Not Suspect of Alcohol Use, Not Suspect of Drug Use, Not Suspect of Alcohol Use, Not Suspect of Drug Use",,Motor Vehicle In Transport,Not Applicable,Intersection or Related,Perpendicular,Straight,,"Divided, Raised Median (curbed)",39.04096789,-77.05149799,"(39.04096789, -77.05149799)"