Report Number,Local Case Number,Agency Name,ACRS Report Type,Crash Date/Time,Hit/Run,Route Type,Lane Direction,Lane Type,Number of Lanes,Direction,Distance,Distance Unit,Road Grade,Road Name,Cross-Street Name,Off-Road Description,Municipality,Related Non-Motorist,At Fault,Collision Type,Weather,Surface Condition,Light,Traffic Control,Driver Substance Abuse,Non-Motorist Substance Abuse,First Harmful Event,Second Harmful Event,Junction,Intersection Type,Road Alignment,Road Condition,Road Division,Latitude,Longitude,Location
DD56310033,190050018,Rockville Police Departme,Property Damage Crash,10/18/2019 03:10:00 PM,No,Maryland (State),North,,3,North,0,FEET,LEVEL,FREDERICK RD,KING FARM BLVD,,ROCKVILLE,,DRIVER,STRAIGHT MOVEMENT ANGLE,CLEAR,DRY,DAYLIGHT,TRAFFIC SIGNAL,"N/A, NONE DETECTED",,OTHER VEHICLE,N/A,INTERSECTION,FOUR-WAY INTERSECTION,STRAIGHT,NO DEFECTS,"TWO-WAY, DIVIDED, POSITIVE MEDIAN BARRIER",39.1175,-77.168775,"(39.1175, -77.168775)"
MCP3279000R,210024983,Montgomery County Police,Injury Crash,06/29/2021 06:49:00 PM,No,Maryland (State),West,,3,North,0,FEET,LEVEL,CONNECTICUT AVE,INDEPENDENCE ST,,N/A,,DRIVER,STRAIGHT MOVEMENT ANGLE,CLEAR,DRY,DAYLIGHT,TRAFFIC SIGNAL,"N/A, NONE DETECTED",,OTHER VEHICLE,N/A,INTERSECTION,FOUR-WAY INTERSECTION,CURVE LEFT,NO DEFECTS,"TWO-WAY, DIVIDED, POSITIVE MEDIAN BARRIER",39.07628612,-77.08071604,"(39.07628612, -77.08071604)"
MCP32580052,250016766,MONTGOMERY,Property Damage Crash,04/17/2025 03:53:00 PM,No,Maryland (State) Route,Westbound,Lane 2,"4, 5",West,15.15,FEET,Level,UNIVERSITY BLVD W (WB/L),,,,,DRIVER,Front to Rear,Clear,Dry,Daylight,Traffic Control Signal,"Not Suspect of Alcohol Use, Not Suspect of Drug Use, Not Suspect of Alcohol Use, Not Suspect of Drug Use, Not Suspect of Alcohol Use, Not Suspect of Drug Use",,Motor Vehicle In Transport,,Non-Junction,,Straight,No Defects,"Divided, Raised Median (curbed)",39.03324346,-77.02343215,"(39.03324346, -77.02343215)"
MCP2588003Y,180008345,Montgomery County Police,Property Damage Crash,02/17/2018 10:24:00 AM,No,County,East,,1,North,0,FEET,LEVEL,VANDALIA DR,JUDITH ST,,N/A,,DRIVER,STRAIGHT MOVEMENT ANGLE,CLEAR,DRY,DAYLIGHT,STOP SIGN,NONE DETECTED,,OTHER VEHICLE,OTHER VEHICLE,INTERSECTION,FOUR-WAY INTERSECTION,STRAIGHT,NO DEFECTS,"TWO-WAY, NOT DIVIDED",39.07546333,-77.084015,"(39.07546333, -77.084015)"
MCP28690035,190009168,Montgomery County Police,Property Damage Crash,02/26/2019 04:15:00 PM,No,County,East,,3,East,100,FEET,GRADE DOWNHILL,RANDOLPH RD,ATHERTON DR,,N/A,,DRIVER,SAME DIR REAR END,N/A,DRY,DAYLIGHT,NO CONTROLS,N/A,,OTHER VEHICLE,N/A,N/A,N/A,CURVE LEFT,NO DEFECTS,"TWO-WAY, DIVIDED, POSITIVE MEDIAN BARRIER",39.05732333,-77.076385,"(39.05732333, -77.076385)"
MCP2436008M,190048606,Montgomery County Police,Injury Crash,10/10/2019 07:55:00 AM,No,Maryland (State),West,,3,East,0,FEET,LEVEL,UNIVERSITY BLVD E,CROSSOVER,,N/A,,DRIVER,STRAIGHT MOVEMENT ANGLE,CLEAR,DRY,DAYLIGHT,TRAFFIC SIGNAL,NONE DETECTED,,OTHER VEHICLE,N/A,INTERSECTION,T-INTERSECTION,STRAIGHT,NO DEFECTS,ONE-WAY TRAFFICWAY,39.01954441,-77.0112291,"(39.01954441, -77.0112291)"
MCP2788002L,210047972,Montgomery County Police,Property Damage Crash,11/26/2021 11:34:00 PM,No,Maryland (State),West,,1,North,100,FEET,LEVEL,GEORGIA AVE,DAWSON AVE,,N/A,,DRIVER,HEAD ON,RAINING,WET,DARK LIGHTS ON,N/A,NONE DETECTED,,PARKED VEHICLE,N/A,N/A,N/A,STRAIGHT,NO DEFECTS,"TWO-WAY, NOT DIVIDED",39.04565995,-77.05285307,"(39.04565995, -77.05285307)"
MCP25120032,170528839,Montgomery County Police,Property Damage Crash,09/05/2017 04:46:00 PM,No,County,South,,2,North,30,FEET,GRADE DOWNHILL,MUDDY BRANCH RD,GREAT SENECA HWY,,N/A,,DRIVER,SAME DIR REAR END,CLOUDY,DRY,DAYLIGHT,TRAFFIC SIGNAL,NONE DETECTED,,OTHER VEHICLE,N/A,INTERSECTION RELATED,FOUR-WAY INTERSECTION,STRAIGHT,NO DEFECTS,"TWO-WAY, DIVIDED, POSITIVE MEDIAN BARRIER",39.11066833,-77.21707333,"(39.11066833, -77.21707333)"
MCP3085004T,240035215,MONTGOMERY,Property Damage Crash,07/25/2024 06:44:00 PM,No,Maryland (State) Route,Southbound,Lane 1,2,North,40.15,FEET,Level,CONNECTICUT AVE,,,,,UNKNOWN,Front to Front,Clear,Dry,Daylight,No Controls,"Not Suspect of Alcohol Use, Not Suspect of Drug Use, Not Suspect of Alcohol Use, Not Suspect of Drug Use",,Motor Vehicle In Transport,,Non-Junction,,Straight,No Defects,Not Divided,38.988256,-77.07711407,"(38.988256, -77.07711407)"
MCP22980070,15060129,MONTGOMERY,Property Damage Crash,11/24/2015 05:11:00 PM,No,County,West,,4,East,0,FEET,LEVEL,MIDDLEBROOK RD,RAMP 6 FR MIDDLEBROOK RD EB TO IS 270 SB,,N/A,,DRIVER,OTHER,CLEAR,DRY,DARK LIGHTS ON,FLASHING TRAFFIC SIGNAL,NONE DETECTED,,OTHER VEHICLE,FIXED OBJECT,INTERSECTION,OTHER,STRAIGHT,NO DEFECTS,"TWO-WAY, DIVIDED, POSITIVE MEDIAN BARRIER",39.17459667,-77.24773167,"(39.17459667, -77.24773167)"
MCP2946007N,240056582,MONTGOMERY,Injury Crash,11/25/2024 01:05:00 PM,No,County Route,"Eastbound, Westbound",Lane 1,2,West,46.98,FEET,"Downhill, Uphill",SUNDOWN RD,,,,,DRIVER,Front to Front,Clear,Dry,Daylight,No Controls,"Not Suspect of Alcohol Use, Not Suspect of Drug Use, Not Suspect of Alcohol Use, Not Suspect of Drug Use, Not Suspect of Alcohol Use, Not Suspect of Drug Use",,Motor Vehicle In Transport,Motor Vehicle In Transport,Non-Junction,,"Curve Left, Curve Right",No Defects,Not Divided,39.21472967,-77.12377333,"(39.21472967, -77.12377333)"
MCP2995004N,190020887,Montgomery County Police,Property Damage Crash,05/03/2019 04:35:00 PM,Yes,County,East,,2,West,0,FEET,LEVEL,BOURNEFIELD WAY,BROADBIRCH DR,,N/A,,DRIVER,STRAIGHT MOVEMENT ANGLE,CLEAR,DRY,DAYLIGHT,STOP SIGN,"NONE DETECTED, UNKNOWN",,OTHER VEHICLE,N/A,INTERSECTION,T-INTERSECTION,STRAIGHT,NO DEFECTS,"TWO-WAY, DIVIDED, UNPROTECTED PAINTED MIN 4 FEET",39.06525667,-77.07175,"(39.06525667, -77.07175)"
MCP2861003P,180057193,Montgomery County Police,Injury Crash,11/14/2018 07:28:00 PM,No,County,North,,1,North,0,FEET,LEVEL,SEVEN LOCKS RD,SCOTLAND DR,,N/A,PEDESTRIAN,DRIVER,OTHER,CLEAR,DRY,DARK LIGHTS ON,NO CONTROLS,NONE DETECTED,NONE DETECTED,PEDESTRIAN,N/A,INTERSECTION,T-INTERSECTION,STRAIGHT,NO DEFECTS,"TWO-WAY, DIVIDED, UNPROTECTED PAINTED MIN 4 FEET",39.03123833,-77.161505,"(39.03123833, -77.161505)"
MCP27760017,15062090,MONTGOMERY,Injury Crash,12/05/2015 03:04:00 AM,No,Maryland (State),South,,2,North,0,FEET,LEVEL,LAYHILL RD,BEL PRE RD,,N/A,,DRIVER,HEAD ON LEFT TURN,CLEAR,DRY,DARK LIGHTS ON,TRAFFIC SIGNAL,NONE DETECTED,,OTHER VEHICLE,N/A,INTERSECTION,FOUR-WAY INTERSECTION,STRAIGHT,NO DEFECTS,"TWO-WAY, DIVIDED, POSITIVE MEDIAN BARRIER",39.09038833,-77.04484833,"(39.09038833, -77.04484833)"
MCP3095001K,190032210,Montgomery County Police,Injury Crash,07/11/2019 10:06:00 PM,No,Maryland (State),East,,4,East,0,FEET,LEVEL,SANDY SPRING RD,RAMP 4 FR US 29 NB TO MD 198 EB,,N/A,,DRIVER,STRAIGHT MOVEMENT ANGLE,RAINING,WET,DARK -- UNKNOWN LIGHTING,TRAFFIC SIGNAL,N/A,,OTHER VEHICLE,N/A,INTERSECTION,FOUR-WAY INTERSECTION,OTHER,N/A,OTHER,39.11154001,-76.92867326,"(39.11154001, -76.92867326)"
MCP12200069,170549944,Montgomery County Police,Property Damage Crash,12/21/2017 01:37:00 PM,No,,,,,,,,,,,"PARKING LOT 
8213 ROANOKE AVE
TAKOMA PARK  MD  20912",,,DRIVER,SINGLE VEHICLE,CLEAR,,DAYLIGHT,N/A,NONE DETECTED,,FIXED OBJECT,N/A,,,,,,38.99187721,-77.00328112,"(38.99187721, -77.00328112)"
MCP2824001P,15064967,MONTGOMERY,Property Damage Crash,12/20/2015 02:00:00 PM,Yes,,,,,,,,,,,PARKING LOT OF CABIN JOHN SHOPPING CENTER LOCATED ON TUCKERMAN LANE,,,DRIVER,OTHER,CLEAR,,DAYLIGHT,NO CONTROLS,N/A,,PARKED VEHICLE,N/A,,,,,,39.041178,-77.157602,"(39.041178, -77.157602)"
MCP2927001B,16050127,Montgomery County Police,Property Damage Crash,09/29/2016 04:47:00 PM,No,County,East,,4,West,0,FEET,LEVEL,SPRING ST,COLESVILLE RD,,N/A,,DRIVER,SAME DIRECTION LEFT TURN,RAINING,WET,DAYLIGHT,TRAFFIC SIGNAL,NONE DETECTED,,OTHER VEHICLE,N/A,INTERSECTION,FOUR-WAY INTERSECTION,STRAIGHT,NO DEFECTS,"TWO-WAY, DIVIDED, UNPROTECTED PAINTED MIN 4 FEET",38.99895861,-77.02619791,"(38.99895861, -77.02619791)"
MCP3121003S,200047404,Montgomery County Police,Property Damage Crash,12/01/2020 08:03:00 PM,No,County,West,,2,North,0,FEET,LEVEL,MONTGOMERY VILLAGE AVE,WHETSTONE DR,,N/A,,DRIVER,SINGLE VEHICLE,CLEAR,DRY,DARK LIGHTS ON,NO CONTROLS,NONE DETECTED,,FIXED OBJECT,N/A,INTERSECTION,FOUR-WAY INTERSECTION,STRAIGHT,NO DEFECTS,"TWO-WAY, DIVIDED, POSITIVE MEDIAN BARRIER",39.17073833,-77.20414333,"(39.17073833, -77.20414333)"
MCP26170042,170528956,Montgomery County Police,Property Damage Crash,09/06/2017 10:00:00 AM,No,,,,,,,,,,,BUS LOT AT WESTLAKE/TUCKERMAN,,,DRIVER,OTHER,RAINING,,DAYLIGHT,NO CONTROLS,NONE DETECTED,,PARKED VEHICLE,N/A,,,,,,39.0363,-77.146035,"(39.0363, -77.146035)"
MCP3367000L,230020364,Montgomery County Police,Property Damage Crash,04/28/2023 05:45:00 PM,No,US (State),North,,5,North,0,FEET,LEVEL,COLESVILLE RD,GREYROCK DR,,N/A,,DRIVER,SAME DIRECTION LEFT TURN,RAINING,WET,DAYLIGHT,N/A,N/A,,OTHER VEHICLE,N/A,INTERSECTION,T-INTERSECTION,STRAIGHT,NO DEFECTS,"TWO-WAY, NOT DIVIDED",39.00664202,-77.02171689,"(39.00664202, -77.02171689)"
MCP2780006N,230009381,Montgomery County Police,Injury Crash,02/24/2023 07:09:00 PM,No,Maryland (State),North,,4,North,0,FEET,LEVEL,FREDERICK RD,GERMANTOWN RD,,N/A,,DRIVER,STRAIGHT MOVEMENT ANGLE,CLOUDY,DRY,DARK LIGHTS ON,TRAFFIC SIGNAL,NONE DETECTED,,OTHER VEHICLE,N/A,INTERSECTION,FOUR-WAY INTERSECTION,STRAIGHT,NO DEFECTS,"TWO-WAY, DIVIDED, POSITIVE MEDIAN BARRIER",39.19224633,-77.24274433,"(39.19224633, -77.24274433)"
MCP3105004F,210044662,Montgomery County Police,Property Damage Crash,11/04/2021 12:45:00 PM,No,,,,,,,,,,,"PARKING LOT OF 20025 CENTURY BLVD, GERMANTOWN MD, 20874 (FAIRFIELD INN & SUITES)",,,DRIVER,SINGLE VEHICLE,CLEAR,,DAYLIGHT,NO CONTROLS,NONE DETECTED,,FIXED OBJECT,N/A,,,,,,39.18395333,-77.259343,"(39.18395333, -77.259343)"
MCP2904003D,170507063,Montgomery County Police,Injury Crash,05/10/2017 04:24:00 PM,No,Maryland (State),South,,1,South,15,FEET,GRADE DOWNHILL,PINEY BRANCH RD,FLOWER AVE,,N/A,,DRIVER,STRAIGHT MOVEMENT ANGLE,N/A,DRY,N/A,NO CONTROLS,NONE DETECTED,,OTHER VEHICLE,N/A,NON INTERSECTION,N/A,CURVE LEFT,NO DEFECTS,"TWO-WAY, NOT DIVIDED",39.00048667,-77.00350333,"(39.00048667, -77.00350333)"
MCP3195001R,200049792,Montgomery County Police,Property Damage Crash,12/18/2020 03:40:00 PM,Yes,,,,,,,,,,,"PARKING LOT OF CHERRY HILL SHOPPING CENTER, 12020 CHERRY HILL RD, SILVER SPRING, MD 20904.",,,DRIVER,OTHER,CLOUDY,,DAYLIGHT,NO CONTROLS,N/A,,PARKED VEHICLE,N/A,,,,,,39.05322249,-76.95666443,"(39.05322249, -76.95666443)"
DD5522001L,15013037,Rockville Police Departme,Injury Crash,03/21/2015 04:03:00 PM,No,Municipality,North,,2,South,100,FEET,LEVEL,CHAPMAN AVE,TWINBROOK PKWY,,ROCKVILLE,,DRIVER,HEAD ON LEFT TURN,CLEAR,DRY,DAYLIGHT,NO CONTROLS,NONE DETECTED,,OTHER VEHICLE,FIXED OBJECT,NON INTERSECTION,N/A,STRAIGHT,NO DEFECTS,"TWO-WAY, NOT DIVIDED",39.05817833,-77.11853833,"(39.05817833, -77.11853833)"
MCP30440081,240062383,MONTGOMERY,Injury Crash,12/31/2024 10:35:00 PM,No,Maryland (State) Route,Eastbound,Lane 3,4,East,0,FEET,Level,OLD COLUMBIA PIKE (WB/L),OLD COLUMBIA PIKE (SB/L),,,,DRIVER,Single Vehicle,Rain,Wet,Dark - Lighted,Traffic Control Signal,"Not Suspect of Alcohol Use, Not Suspect of Drug Use",,Utility Pole/Light Support,,Intersection or Related,Perpendicular,Straight,No Defects,"Divided, Raised Median (curbed)",39.1113451,-76.93221821,"(39.1113451, -76.93221821)"
MCP30730024,180047102,Montgomery County Police,Injury Crash,09/20/2018 08:45:00 PM,No,County,South,,3,North,0,FEET,LEVEL,EPPING RD,GEORGIA AVE,,N/A,,DRIVER,STRAIGHT MOVEMENT ANGLE,N/A,DRY,DARK LIGHTS ON,NO CONTROLS,"ALCOHOL CONTRIBUTED, N/A",,OTHER VEHICLE,N/A,INTERSECTION,T-INTERSECTION,STRAIGHT,N/A,"TWO-WAY, DIVIDED, POSITIVE MEDIAN BARRIER",39.06518667,-77.05776833,"(39.06518667, -77.05776833)"
MCP2846004J,180048572,Montgomery County Police,Property Damage Crash,09/28/2018 07:26:00 PM,Yes,,,,,,,,,,,11222 GEORGIA AVE/ PARKING LOT,,,DRIVER,OTHER,CLEAR,,DARK LIGHTS ON,NO CONTROLS,NONE DETECTED,,OTHER VEHICLE,N/A,,,,,,39.04145167,-77.05403667,"(39.04145167, -77.05403667)"
MCP2664003R,170538506,Montgomery County Police,Property Damage Crash,10/24/2017 12:30:00 PM,No,Maryland (State),South,,3,North,0,FEET,LEVEL,CONNECTICUT AVE,VEIRS MILL RD,,N/A,,DRIVER,STRAIGHT MOVEMENT ANGLE,CLEAR,DRY,DAYLIGHT,TRAFFIC SIGNAL,NONE DETECTED,,OTHER VEHICLE,N/A,INTERSECTION,FOUR-WAY INTERSECTION,STRAIGHT,NO DEFECTS,"TWO-WAY, DIVIDED, POSITIVE MEDIAN BARRIER",39.05121167,-77.07504667,"(39.05121167, -77.07504667)"
MCP2739001Q,180000929,Montgomery County Police,Property Damage Crash,01/06/2018 10:22:00 PM,Yes,Maryland (State),South,,3,North,0,FEET,LEVEL,NEW HAMPSHIRE AVE,NORTHAMPTON DR,,N/A,,DRIVER,HEAD ON LEFT TURN,CLEAR,DRY,DARK LIGHTS ON,TRAFFIC SIGNAL,"NONE DETECTED, UNKNOWN",,OTHER VEHICLE,N/A,INTERSECTION,T-INTERSECTION,STRAIGHT,NO DEFECTS,"TWO-WAY, DIVIDED, POSITIVE MEDIAN BARRIER",39.00668333,-76.98047667,"(39.00668333, -76.98047667)"
MCP30800030,210009350,Montgomery County Police,Injury Crash,03/12/2021 05:22:00 PM,Yes,Maryland (State),North,,2,North,0,FEET,LEVEL,GREAT SENECA HWY,CLOPPERS MILL DR,,N/A,BICYCLIST,DRIVER,N/A,CLEAR,DRY,DAYLIGHT,TRAFFIC SIGNAL,NONE DETECTED,NONE DETECTED,PEDESTRIAN,N/A,INTERSECTION,FOUR-WAY INTERSECTION,STRAIGHT,NO DEFECTS,"TWO-WAY, NOT DIVIDED",39.1486525,-77.27636176,"(39.1486525, -77.27636176)"
MCP3153000M,180056629,Montgomery County Police,Injury Crash,11/11/2018 05:09:00 PM,No,Maryland (State),North,,3,South,10,FEET,LEVEL,CONNECTICUT AVE,WELLER RD,,N/A,,DRIVER,SAME DIR REAR END,CLEAR,DRY,DUSK,TRAFFIC SIGNAL,NONE DETECTED,,OTHER VEHICLE,N/A,INTERSECTION RELATED,FOUR-WAY INTERSECTION,STRAIGHT,NO DEFECTS,"TWO-WAY, DIVIDED, POSITIVE MEDIAN BARRIER",39.06307406,-77.07338646,"(39.06307406, -77.07338646)"
MCP2832006L,210040961,Montgomery County Police,Property Damage Crash,10/13/2021 11:03:00 AM,Yes,,,,,,,,,,,PARKING LOT IFO 11530 ROCKVILLE PIKE,,,DRIVER,OTHER,CLOUDY,,DAYLIGHT,NO CONTROLS,UNKNOWN,,PARKED VEHICLE,N/A,,,,,,39.04578501,-77.11256986,"(39.04578501, -77.11256986)"
EJ7857000H,15032732,GAITHERSBURG,Injury Crash,07/04/2015 10:33:00 PM,No,Municipality,North,,4,North,300,FEET,LEVEL,PERRY PKWY,STRUC OV CSX R/R,,N/A,PEDESTRIAN,UNKNOWN,OTHER,CLOUDY,DRY,DARK LIGHTS ON,NO CONTROLS,NONE DETECTED,NONE DETECTED,PEDESTRIAN,N/A,N/A,N/A,STRAIGHT,NO DEFECTS,"TWO-WAY, NOT DIVIDED",39.147355,-77.21405667,"(39.147355, -77.21405667)"
MCP2607003B,180028859,Montgomery County Police,Property Damage Crash,06/11/2018 03:00:00 PM,No,,,,,,,,,,,PARKING LOT OF 16529 SOUTH FREDERICK AVENUE (WALNUT HILL SHOPPING CENTER),,,DRIVER,SAME DIRECTION LEFT TURN,CLOUDY,,DAYLIGHT,NO CONTROLS,NONE DETECTED,,OTHER VEHICLE,N/A,,,,,,39.12663,-77.18279667,"(39.12663, -77.18279667)"
MCP2962008D,230062509,Montgomery County Police,Property Damage Crash,10/25/2023 01:26:00 PM,No,County,West,,1,West,500,FEET,LEVEL,WISTERIA DR,GREAT SENECA HWY,,N/A,,DRIVER,STRAIGHT MOVEMENT ANGLE,CLEAR,DRY,DAYLIGHT,NO CONTROLS,NONE DETECTED,,OTHER VEHICLE,N/A,OTHER DRIVEWAY,N/A,STRAIGHT,NO DEFECTS,"TWO-WAY, NOT DIVIDED",39.17031396,-77.26188202,"(39.17031396, -77.26188202)"
MCP2933000J,15053855,MONTGOMERY,Property Damage Crash,10/20/2015 04:20:00 PM,No,Maryland (State),East,,2,East,300,FEET,LEVEL,RIVER RD,ROYAL DOMINION DR,,N/A,,DRIVER,SAME DIR REAR END,CLEAR,DRY,DAYLIGHT,NO CONTROLS,NONE DETECTED,,OTHER VEHICLE,N/A,NON INTERSECTION,N/A,STRAIGHT,NO DEFECTS,"TWO-WAY, DIVIDED, POSITIVE MEDIAN BARRIER",38.98817833,-77.14721333,"(38.98817833, -77.14721333)"
MCP2659000Y,16005153,Montgomery County Police,Property Damage Crash,01/31/2016 11:31:00 PM,Yes,County,North,,2,South,316,FEET,GRADE DOWNHILL,ELLSWORTH DR,CEDAR ST,,N/A,,DRIVER,SAME DIR REAR END,CLEAR,DRY,DARK LIGHTS ON,NO CONTROLS,NONE DETECTED,,PARKED VEHICLE,PARKED VEHICLE,NON INTERSECTION,N/A,STRAIGHT,NO DEFECTS,"TWO-WAY, DIVIDED, UNPROTECTED PAINTED MIN 4 FEET",38.99803,-77.02441833,"(38.99803, -77.02441833)"
MCP29680010,15066628,MONTGOMERY,Injury Crash,12/28/2015 08:47:00 PM,No,Other Public Roadway,West,,2,East,0,FEET,LEVEL,MONTROSE PKWY,E JEFFERSON ST,,N/A,,DRIVER,SAME DIR REAR END,RAINING,WET,DARK LIGHTS ON,TRAFFIC SIGNAL,N/A,,OTHER VEHICLE,N/A,INTERSECTION,FOUR-WAY INTERSECTION,STRAIGHT,NO DEFECTS,"TWO-WAY, DIVIDED, POSITIVE MEDIAN BARRIER",39.05121167,-77.12570333,"(39.05121167, -77.12570333)"
MCP2773001J,15057408,MONTGOMERY,Property Damage Crash,11/10/2015 06:58:00 PM,No,Maryland (State),West,,3,East,0,FEET,LEVEL,UNIVERSITY BLVD E,WHITESTONE RD,,N/A,,UNKNOWN,SINGLE VEHICLE,RAINING,WET,DARK LIGHTS ON,NO CONTROLS,NONE DETECTED,,FIXED OBJECT,N/A,N/A,N/A,STRAIGHT,NO DEFECTS,"TWO-WAY, DIVIDED, POSITIVE MEDIAN BARRIER",39.17273,-77.24512333,"(39.17273, -77.24512333)"
MCP2608002C,170546071,Montgomery County Police,Property Damage Crash,12/01/2017 06:50:00 PM,No,County,West,,1,West,0,FEET,LEVEL,DENNIS AVE,MEDICAL PARK DR,,N/A,,DRIVER,STRAIGHT MOVEMENT ANGLE,CLEAR,DRY,DARK LIGHTS ON,NO CONTROLS,NONE DETECTED,,OTHER VEHICLE,N/A,INTERSECTION,FOUR-WAY INTERSECTION,STRAIGHT,NO DEFECTS,"TWO-WAY, NOT DIVIDED",39.02593,-77.04092,"(39.02593, -77.04092)"
MCP2102002H,200044978,Montgomery County Police,Injury Crash,11/14/2020 12:55:00 PM,No,Maryland (State),North,,1,North,0.25,MILE,LEVEL,DAMASCUS RD,HOWARD CHAPEL RD,,N/A,,DRIVER,SAME DIR REND LEFT TURN,CLEAR,DRY,DAYLIGHT,NO CONTROLS,NONE DETECTED,,OTHER VEHICLE,OTHER VEHICLE,RESIDENTIAL DRIVEWAY,FOUR-WAY INTERSECTION,STRAIGHT,NO DEFECTS,"TWO-WAY, DIVIDED, UNPROTECTED PAINTED MIN 4 FEET",39.22849667,-77.080575,"(39.22849667, -77.080575)"
MCP3356001S,240021307,MONTGOMERY,Injury Crash,05/06/2024 04:07:00 PM,No,County Route,"Northbound, Westbound",Lane 1,"2, 3",North,0,FEET,Level,FATHER HURLEY BLVD (NB/L),CRYSTAL ROCK DR (SB/L),,,,UNKNOWN,Angle,Cloudy,Dry,Daylight,Traffic Control Signal,"Not Suspect of Alcohol Use, Not Suspect of Drug Use, Not Suspect of Alcohol Use, Not Suspect of Drug Use",,Motor Vehicle In Transport,,Intersection or Related,Perpendicular,Straight,No Defects,"Divided, Raised Median (curbed)",39.1933745,-77.2701515,"(39.1933745, -77.2701515)"
MCP15190031,190052431,Montgomery County Police,Injury Crash,11/28/2019 12:19:00 PM,No,Maryland (State),South,,2,North,0,FEET,GRADE DOWNHILL,GREAT SENECA HWY,LEAMAN FARM RD,,N/A,,DRIVER,SAME DIRECTION RIGHT TURN,CLOUDY,DRY,DAYLIGHT,NO CONTROLS,NONE DETECTED,,OTHER VEHICLE,N/A,INTERSECTION,T-INTERSECTION,STRAIGHT,NO DEFECTS,"TWO-WAY, DIVIDED, POSITIVE MEDIAN BARRIER",39.15585833,-77.27692833,"(39.15585833, -77.27692833)"
DD55950012,15008413,Rockville Police Departme,Property Damage Crash,02/20/2015 08:04:00 PM,No,Municipality,North,,1,South,80,FEET,GRADE DOWNHILL,FARR RD,ALLISON DR,,ROCKVILLE,,DRIVER,OTHER,CLEAR,SNOW,DARK LIGHTS ON,NO CONTROLS,NONE DETECTED,,PARKED VEHICLE,N/A,NON INTERSECTION,N/A,STRAIGHT,NO DEFECTS,"TWO-WAY, NOT DIVIDED",39.07492693,-77.1277678,"(39.07492693, -77.1277678)"
MCP2039003S,180015479,Montgomery County Police,Property Damage Crash,03/30/2018 11:18:00 AM,No,Maryland (State),East,LEFT TURN LANE,4,East,175,FEET,LEVEL,VEIRS MILL RD,RANDOLPH RD,,N/A,,DRIVER,SAME DIR REAR END,CLOUDY,DRY,DAYLIGHT,N/A,N/A,,OTHER VEHICLE,OTHER VEHICLE,N/A,N/A,STRAIGHT,N/A,N/A,39.05656167,-77.08327167,"(39.05656167, -77.08327167)"
MCP2946002B,17015806,Montgomery County Police,Property Damage Crash,03/28/2017 03:26:00 PM,No,Maryland (State),North,,2,North,500,FEET,GRADE DOWNHILL,FREDERICK RD,HENDERSON CORNER RD,,N/A,,DRIVER,SAME DIR REAR END,CLEAR,DRY,DAYLIGHT,TRAFFIC SIGNAL,NONE DETECTED,,OTHER VEHICLE,N/A,INTERSECTION RELATED,FOUR-WAY INTERSECTION,STRAIGHT,NO DEFECTS,"TWO-WAY, DIVIDED, POSITIVE MEDIAN BARRIER",39.20410333,-77.24482667,"(39.20410333, -77.24482667)"
EJ7826001K,17008250,Gaithersburg Police Depar,Injury Crash,02/15/2017 02:50:00 PM,No,Maryland (State),North,,3,North,0,FEET,HILL UPHILL,FREDERICK RD,E DIAMOND AVE,,GAITHERSBURG,,DRIVER,SAME DIRECTION SIDESWIPE,CLEAR,DRY,DAYLIGHT,N/A,N/A,,OTHER VEHICLE,N/A,N/A,N/A,N/A,NO DEFECTS,"TWO-WAY, DIVIDED, POSITIVE MEDIAN BARRIER",39.140625,-77.19751667,"(39.140625, -77.19751667)"
MCP24460050,200023647,Montgomery County Police,Property Damage Crash,06/16/2020 06:09:00 PM,No,Maryland (State),South,,2,North,50,FEET,GRADE DOWNHILL,RIDGE RD,ENT TO BUSINESS,,N/A,,DRIVER,SAME DIRECTION SIDESWIPE,CLEAR,DRY,DAYLIGHT,NO CONTROLS,NONE DETECTED,,OTHER VEHICLE,N/A,COMMERCIAL DRIVEWAY,T-INTERSECTION,CURVE LEFT,NO DEFECTS,"TWO-WAY, NOT DIVIDED",39.286661,-77.208452,"(39.286661, -77.208452)"
MCP3027001W,190007006,Montgomery County Police,Property Damage Crash,02/13/2019 11:10:00 AM,Yes,,,,,,,,,,,PARKING LOT OF 18250 FLOWER HILL WAY,,,DRIVER,OTHER,CLEAR,,DAYLIGHT,N/A,N/A,,PARKED VEHICLE,N/A,,,,,,39.29656753,-77.27620427,"(39.29656753, -77.27620427)"
MCP28480020,15057237,MONTGOMERY,Injury Crash,11/10/2015 07:04:00 AM,No,Maryland (State),South,,1,South,0,FEET,LEVEL,OLD GEORGETOWN RD,RYLAND DR,,N/A,,DRIVER,SAME DIR REAR END,RAINING,WET,DAYLIGHT,YIELD SIGN,NONE DETECTED,,OTHER VEHICLE,N/A,N/A,Y-INTERSECTION,CURVE RIGHT,NO DEFECTS,"TWO-WAY, DIVIDED, POSITIVE MEDIAN BARRIER",39.01312167,-77.11782833,"(39.01312167, -77.11782833)"
MCP3078003D,200027008,Montgomery County Police,Injury Crash,07/12/2020 03:12:00 AM,No,County,East,CROSSOVER AREA,2,West,0,FEET,LEVEL,BEL PRE RD,CONNECTICUT AVE,,N/A,,DRIVER,HEAD ON LEFT TURN,CLEAR,DRY,DARK LIGHTS ON,FLASHING TRAFFIC SIGNAL,"ALCOHOL PRESENT, NONE DETECTED",,OTHER VEHICLE,FIXED OBJECT,INTERSECTION,FOUR-WAY INTERSECTION,STRAIGHT,NO DEFECTS,"TWO-WAY, DIVIDED, POSITIVE MEDIAN BARRIER",39.09186869,-77.07036999,"(39.09186869, -77.07036999)"