Report Number,Local Case Number,Agency Name,ACRS Report Type,Crash Date/Time,Hit/Run,Route Type,Lane Direction,Lane Type,Number of Lanes,Direction,Distance,Distance Unit,Road Grade,Road Name,Cross-Street Name,Off-Road Description,Municipality,Related Non-Motorist,At Fault,Collision Type,Weather,Surface Condition,Light,Traffic Control,Driver Substance Abuse,Non-Motorist Substance Abuse,First Harmful Event,Second Harmful Event,Junction,Intersection Type,Road Alignment,Road Condition,Road Division,Latitude,Longitude,Location
EJ7826001J,17007790,Gaithersburg Police Depar,Property Damage Crash,02/13/2017 05:58:00 AM,No,Municipality,South,,2,South,0,FEET,LEVEL,CEDAR AVE,MILLS RD,,GAITHERSBURG,,DRIVER,OTHER,CLEAR,N/A,DAWN,N/A,N/A,,PARKED VEHICLE,N/A,N/A,N/A,STRAIGHT,NO DEFECTS,"TWO-WAY, NOT DIVIDED",39.13696333,-77.199815,"(39.13696333, -77.199815)"
MCP3149002R,210039976,Montgomery County Police,Property Damage Crash,10/07/2021 09:26:00 AM,No,Maryland (State),South,,3,South,50,FEET,LEVEL,NEW HAMPSHIRE AVE,OAKVIEW DR,,N/A,,DRIVER,SAME DIRECTION LEFT TURN,CLOUDY,DRY,DAYLIGHT,TRAFFIC SIGNAL,NONE DETECTED,,OTHER VEHICLE,OTHER VEHICLE,NON INTERSECTION,N/A,STRAIGHT,NO DEFECTS,"TWO-WAY, DIVIDED, POSITIVE MEDIAN BARRIER",39.01565801,-76.9778134,"(39.01565801, -76.9778134)"
DD5595007D,190020706,Rockville Police Departme,Property Damage Crash,05/02/2019 08:32:00 PM,Yes,Maryland (State),South,,3,North,20,FEET,LEVEL,ROCKVILLE PIKE,ENT TO BUSINESS,,N/A,,DRIVER,SAME DIR REAR END,CLOUDY,DRY,DARK LIGHTS ON,NO CONTROLS,NONE DETECTED,,OTHER VEHICLE,N/A,N/A,N/A,STRAIGHT,NO DEFECTS,"TWO-WAY, DIVIDED, POSITIVE MEDIAN BARRIER",39.06822709,-77.12956806,"(39.06822709, -77.12956806)"
EJ7876000D,190015972,Gaithersburg Police Depar,Property Damage Crash,04/05/2019 04:00:00 PM,Yes,,,,,,,,,,,AT GAS PUMP #4 AT THE SHELL GAS STATION,,,UNKNOWN,UNKNOWN,RAINING,,OTHER,N/A,N/A,,FIXED OBJECT,UNKNOWN,,,,,,39.11678652,-77.20606919,"(39.11678652, -77.20606919)"
MCP3007000B,16000165,Montgomery County Police,Property Damage Crash,12/29/2015 10:45:00 PM,Yes,County,North,,1,South,15,FEET,LEVEL,EVANSTON ST,GLASGOW DR,,N/A,,DRIVER,SAME DIRECTION SIDESWIPE,N/A,N/A,DARK -- UNKNOWN LIGHTING,NO CONTROLS,UNKNOWN,,PARKED VEHICLE,N/A,N/A,N/A,STRAIGHT,NO DEFECTS,"TWO-WAY, NOT DIVIDED",39.07087057,-77.09127903,"(39.07087057, -77.09127903)"
MCP2968000Y,15064402,MONTGOMERY,Property Damage Crash,12/17/2015 07:25:00 AM,No,County,West,,1,East,,MILE,LEVEL,GLEN RD,S GLEN RD,,N/A,,DRIVER,HEAD ON,RAINING,WET,DAYLIGHT,NO CONTROLS,N/A,,OTHER VEHICLE,N/A,NON INTERSECTION,N/A,CURVE RIGHT,NO DEFECTS,"TWO-WAY, NOT DIVIDED",39.11384,-77.20979833,"(39.11384, -77.20979833)"
MCP2703003L,240001583,MONTGOMERY,Property Damage Crash,01/10/2024 05:30:00 PM,No,Maryland (State) Route,Northbound,"Lane 1, Left Turn Lane",4,South,35.01,FEET,Level,COLESVILLE RD (WB/L),,,,,DRIVER,Angle,Clear,Dry,Daylight,Traffic Control Signal,"Not Suspect of Alcohol Use, Not Suspect of Drug Use, Not Suspect of Alcohol Use, Not Suspect of Drug Use",,Motor Vehicle In Transport,Not Applicable,Non-Junction,,Curve Left,,"Divided, Raised Median (curbed)",38.99381467,-77.03216973,"(38.99381467, -77.03216973)"
HA24490017,21000840,Maryland-National Capital,Property Damage Crash,05/06/2021 11:47:00 AM,No,County,East,,2,East,0,FEET,LEVEL,SEMINARY RD,FOREST GLEN RD,,N/A,,DRIVER,OTHER,CLEAR,N/A,DAYLIGHT,PERSON,N/A,,OTHER VEHICLE,N/A,INTERSECTION,FOUR-WAY INTERSECTION,STRAIGHT,NO DEFECTS,"TWO-WAY, NOT DIVIDED",39.01462911,-77.05450165,"(39.01462911, -77.05450165)"
MCP3246001M,220047608,Montgomery County Police,Property Damage Crash,10/30/2022 03:09:00 AM,Yes,County,West,N/A,1,East,500,FEET,LEVEL,CHERRY VALLEY DR,MOSS SIDE LA,,N/A,,DRIVER,SAME DIRECTION RIGHT TURN,CLEAR,DRY,DARK NO LIGHTS,N/A,ALCOHOL PRESENT,,PARKED VEHICLE,N/A,NON INTERSECTION,N/A,STRAIGHT,NO DEFECTS,"TWO-WAY, NOT DIVIDED",39.13765141,-77.07493356,"(39.13765141, -77.07493356)"
MCP3348000W,230049369,Montgomery County Police,Injury Crash,08/14/2023 11:09:00 AM,No,County,South,,2,South,100,FEET,LEVEL,ARCTIC AVE,BEL PRE RD,,N/A,,DRIVER,SAME DIR REAR END,CLEAR,DRY,DAYLIGHT,N/A,NONE DETECTED,,PARKED VEHICLE,FIXED OBJECT,NON INTERSECTION,N/A,STRAIGHT,NO DEFECTS,"TWO-WAY, NOT DIVIDED",39.094585,-77.091485,"(39.094585, -77.091485)"
DD5603006H,180057433,Rockville Police Departme,Injury Crash,11/16/2018 06:30:00 AM,Yes,Maryland (State),East,,2,East,500,FEET,LEVEL,VEIRS MILL RD,DODGE ST,,N/A,,DRIVER,SAME DIR REAR END,SLEET,SLUSH,DARK LIGHTS ON,NO CONTROLS,"NONE DETECTED, UNKNOWN",,OTHER VEHICLE,N/A,N/A,N/A,STRAIGHT,NO DEFECTS,"TWO-WAY, DIVIDED, POSITIVE MEDIAN BARRIER",39.0800327,-77.13893643,"(39.0800327, -77.13893643)"
DD5603005J,180011546,Rockville Police Departme,Property Damage Crash,03/07/2018 12:00:00 PM,Yes,Municipality,South,,1,South,15,FEET,LEVEL,WOODBURN RD,GILBERT RD,,ROCKVILLE,,DRIVER,OTHER,CLEAR,WET,DAYLIGHT,NO CONTROLS,"NONE DETECTED, UNKNOWN",,OTHER VEHICLE,N/A,INTERSECTION RELATED,FOUR-WAY INTERSECTION,STRAIGHT,NO DEFECTS,"TWO-WAY, NOT DIVIDED",39.08278077,-77.13386178,"(39.08278077, -77.13386178)"
MCP2291002R,180014433,Montgomery County Police,Property Damage Crash,03/23/2018 05:47:00 PM,Yes,Maryland (State),North,,3,South,50,FEET,LEVEL,CONNECTICUT AVE,BRADLEY LA,,N/A,,DRIVER,SAME DIRECTION SIDESWIPE,CLEAR,DRY,DAYLIGHT,NO CONTROLS,"NONE DETECTED, UNKNOWN",,OTHER VEHICLE,N/A,NON INTERSECTION,N/A,STRAIGHT,NO DEFECTS,"TWO-WAY, DIVIDED, POSITIVE MEDIAN BARRIER",38.98309797,-77.07737446,"(38.98309797, -77.07737446)"
MCP28610047,190044584,Montgomery County Police,Injury Crash,09/17/2019 05:10:00 PM,No,County,North,,3,North,0,FEET,LEVEL,ROCK SPRING DR,OLD GEORGETOWN RD,,N/A,,DRIVER,HEAD ON LEFT TURN,CLEAR,DRY,DAYLIGHT,NO CONTROLS,NONE DETECTED,,OTHER VEHICLE,OTHER VEHICLE,INTERSECTION,T-INTERSECTION,STRAIGHT,NO DEFECTS,"TWO-WAY, DIVIDED, POSITIVE MEDIAN BARRIER",39.02652,-77.12798333,"(39.02652, -77.12798333)"
EJ7869000H,170534619,Gaithersburg Police Depar,Property Damage Crash,09/21/2017 08:34:00 PM,Yes,,,,,,,,,,,"PARKING GARAGE OF 120 PARAMOUNT PARK DR GAITHERSBURG, MD",,,DRIVER,OTHER,UNKNOWN,,DARK -- UNKNOWN LIGHTING,NO CONTROLS,UNKNOWN,,PARKED VEHICLE,N/A,,,,,,39.15966556,-77.22214937,"(39.15966556, -77.22214937)"
MCP2563001S,240015733,MONTGOMERY,Property Damage Crash,04/04/2024 03:45:00 PM,No,Maryland (State) Route,Westbound,Lane 1,2,East,44.51,FEET,Uphill,WHITES FERRY RD,,,,,UNKNOWN,Single Vehicle,Rain,Wet,Daylight,No Controls,"Not Suspect of Alcohol Use, Not Suspect of Drug Use",,Tree (standing),Not Applicable,Non-Junction,,Straight,,Not Divided,39.12789728,-77.35057793,"(39.12789728, -77.35057793)"
MCP28440059,210034622,Montgomery County Police,Injury Crash,09/03/2021 04:30:00 PM,No,Maryland (State),South,,3,East,50,FEET,GRADE DOWNHILL,VEIRS MILL RD,PARKLAND DR,,N/A,,DRIVER,SAME DIR REAR END,CLEAR,DRY,DAYLIGHT,NO CONTROLS,UNKNOWN,,OTHER VEHICLE,N/A,NON INTERSECTION,N/A,STRAIGHT,NO DEFECTS,"TWO-WAY, DIVIDED, POSITIVE MEDIAN BARRIER",39.0613794,-77.09257905,"(39.0613794, -77.09257905)"
MCP28770031,16059359,Montgomery County Police,Property Damage Crash,11/18/2016 08:05:00 AM,No,Maryland (State),North,,3,North,20,FEET,GRADE DOWNHILL,GEORGIA AVE,CAPITAL BELTWAY,,N/A,,DRIVER,SAME DIR REAR END,CLEAR,DRY,DAYLIGHT,NO CONTROLS,NONE DETECTED,,OTHER VEHICLE,N/A,N/A,N/A,STRAIGHT,NO DEFECTS,"TWO-WAY, NOT DIVIDED",39.01268,-77.04155833,"(39.01268, -77.04155833)"
MCP2946000F,15029779,Montgomery County Police,Property Damage Crash,06/18/2015 04:53:00 PM,No,County,South,,5,South,0,FEET,LEVEL,RIDGE RD,OBSERVATION DR,,N/A,,DRIVER,SAME DIR REAR END,RAINING,WET,DAYLIGHT,TRAFFIC SIGNAL,NONE DETECTED,,OTHER VEHICLE,N/A,INTERSECTION,FOUR-WAY INTERSECTION,STRAIGHT,NO DEFECTS,"TWO-WAY, DIVIDED, POSITIVE MEDIAN BARRIER",39.20209333,-77.253275,"(39.20209333, -77.253275)"
MCP1145000C,15007646,Montgomery County Police,Property Damage Crash,02/15/2015 06:30:00 PM,No,Maryland (State),South,,2,North,0,FEET,LEVEL,FREDERICK RD,BRINK RD,,N/A,,DRIVER,SINGLE VEHICLE,CLEAR,DRY,DARK LIGHTS ON,NO CONTROLS,NONE DETECTED,,FIXED OBJECT,N/A,INTERSECTION,T-INTERSECTION,CURVE RIGHT,NO DEFECTS,"TWO-WAY, NOT DIVIDED",39.21396333,-77.24934333,"(39.21396333, -77.24934333)"
EJ78550015,16037510,Gaithersburg Police Depar,Property Damage Crash,07/24/2016 04:11:00 PM,Yes,County,South,,1,East,1,MILE,LEVEL,FIELDS RD,SAM EIG HWY,,N/A,,DRIVER,SAME DIRECTION SIDESWIPE,N/A,DRY,DAYLIGHT,NO CONTROLS,NONE DETECTED,,PARKED VEHICLE,N/A,NON INTERSECTION,N/A,STRAIGHT,NO DEFECTS,"TWO-WAY, NOT DIVIDED",39.11477011,-77.20701098,"(39.11477011, -77.20701098)"
MCP2353002S,16023763,Montgomery County Police,Injury Crash,05/13/2016 10:57:00 AM,No,County,East,,1,West,0,FEET,LEVEL,TUCKERMAN LA,WESTLAKE DR,,N/A,,DRIVER,STRAIGHT MOVEMENT ANGLE,RAINING,WET,DAYLIGHT,TRAFFIC SIGNAL,NONE DETECTED,,OTHER VEHICLE,N/A,INTERSECTION,T-INTERSECTION,STRAIGHT,NO DEFECTS,"TWO-WAY, DIVIDED, UNPROTECTED PAINTED MIN 4 FEET",39.03727333,-77.14779167,"(39.03727333, -77.14779167)"
MCP32950030,230047980,Montgomery County Police,Property Damage Crash,08/05/2023 03:47:00 PM,Yes,Maryland (State),West,,2,East,0,UNKNOWN,LEVEL,SANDY SPRING RD,RAMP 6 FR MD 198 EB TO US 29 SB,,N/A,,DRIVER,SAME DIRECTION SIDESWIPE,CLEAR,DRY,DAYLIGHT,NO CONTROLS,"NONE DETECTED, UNKNOWN",,OTHER VEHICLE,OTHER VEHICLE,NON INTERSECTION,N/A,STRAIGHT,NO DEFECTS,"TWO-WAY, DIVIDED, POSITIVE MEDIAN BARRIER",39.1114009,-76.93193737,"(39.1114009, -76.93193737)"
MCP2867006J,180043196,Montgomery County Police,Property Damage Crash,08/30/2018 06:24:00 AM,No,US (State),South,,4,South,500,FEET,HILL UPHILL,COLUMBIA PIKE,HILLWOOD DR,,N/A,,DRIVER,OTHER,CLEAR,DRY,DAWN,N/A,NONE DETECTED,,OTHER VEHICLE,N/A,N/A,N/A,STRAIGHT,NO DEFECTS,"TWO-WAY, DIVIDED, POSITIVE MEDIAN BARRIER",39.03131667,-77.004485,"(39.03131667, -77.004485)"
MCP9424001P,180029836,Montgomery County Police,Injury Crash,06/16/2018 10:08:00 PM,No,Maryland (State),North,,2,North,50,FEET,HILL CREST,WOODFIELD RD,EAST VILLAGE AVE,,N/A,,DRIVER,SAME DIRECTION LEFT TURN,CLEAR,DRY,DARK NO LIGHTS,NO CONTROLS,NONE DETECTED,,FIXED OBJECT,OVERTURN,NON INTERSECTION,N/A,STRAIGHT,NO DEFECTS,"TWO-WAY, NOT DIVIDED",39.19175167,-77.15220667,"(39.19175167, -77.15220667)"
EJ79050027,250001224,GAITHERSBURG,Injury Crash,01/10/2025 07:58:00 AM,No,Bicycle Route,"Northbound, Southbound","Lane 1, Left Turn Lane",3,North,0,FEET,Level,,CLOPPER RD FIRSTFIELD RD,,,,DRIVER,Rear To Side,Clear,Dry,Daylight,Traffic Control Signal,"Not Suspect of Alcohol Use, Not Suspect of Drug Use, Not Suspect of Alcohol Use, Not Suspect of Drug Use",,Motor Vehicle In Transport,,Intersection or Related,Perpendicular,Straight,No Defects,"Divided, Raised Median (curbed)",39.14337562,-77.22356751,"(39.14337562, -77.22356751)"
MCP285900JB,250027309,MONTGOMERY,Property Damage Crash,06/19/2025 10:45:00 AM,No,Ramp,Eastbound,Lane 1,3,North,10.73,FEET,Downhill,RAMP 1 FR IS 270 NB TO SHADY GROVE RD WB,,,,,DRIVER,Front to Rear,Clear,Dry,Daylight,Traffic Control Signal,"Not Suspect of Alcohol Use, Not Suspect of Drug Use, Not Suspect of Alcohol Use, Not Suspect of Drug Use",,Motor Vehicle In Transport,,Non-Junction,,Straight,No Defects,"Divided, Raised Median (curbed)",39.11179765,-77.18707737,"(39.11179765, -77.18707737)"
MCP2919000S,15051879,MONTGOMERY,Injury Crash,10/13/2015 06:22:00 AM,No,Maryland (State),South,,3,North,0,FEET,LEVEL,GEORGIA AVE,FOREST GLEN RD,,N/A,,DRIVER,SAME DIR REAR END,N/A,DRY,DARK LIGHTS ON,N/A,NONE DETECTED,,OTHER VEHICLE,N/A,INTERSECTION,FOUR-WAY INTERSECTION,STRAIGHT,NO DEFECTS,"TWO-WAY, DIVIDED, POSITIVE MEDIAN BARRIER",39.01569,-77.043155,"(39.01569, -77.043155)"
MCP32870019,210024578,Montgomery County Police,Injury Crash,06/26/2021 09:36:00 PM,No,Maryland (State),South,,3,North,0,FEET,LEVEL,GEORGIA AVE,BEL PRE RD,,N/A,,DRIVER,HEAD ON LEFT TURN,CLEAR,DRY,DARK LIGHTS ON,TRAFFIC SIGNAL,N/A,,OTHER VEHICLE,OTHER VEHICLE,INTERSECTION,FOUR-WAY INTERSECTION,STRAIGHT,NO DEFECTS,"TWO-WAY, DIVIDED, POSITIVE MEDIAN BARRIER",39.09317667,-77.07971,"(39.09317667, -77.07971)"
MCP2898001L,16043253,Montgomery County Police,Injury Crash,08/25/2016 03:55:00 PM,No,Maryland (State),North,,1,South,0,MILE,LEVEL,FREDERICK RD,BRINK RD,,N/A,,DRIVER,SAME DIR REAR END,CLEAR,DRY,DAYLIGHT,NO CONTROLS,"N/A, NONE DETECTED",,OTHER VEHICLE,N/A,NON INTERSECTION,N/A,STRAIGHT,NO DEFECTS,"TWO-WAY, DIVIDED, POSITIVE MEDIAN BARRIER",39.21771667,-77.23338,"(39.21771667, -77.23338)"
MCP10860004,200047354,Montgomery County Police,Property Damage Crash,12/01/2020 02:30:00 PM,Yes,Maryland (State),North,LEFT TURN LANE,2,South,50,FEET,LEVEL,FREDERICK RD,SHAKESPEARE BLVD,,N/A,,UNKNOWN,SAME DIR REAR END,CLEAR,DRY,DAYLIGHT,TRAFFIC SIGNAL,"N/A, NONE DETECTED",,OTHER VEHICLE,N/A,N/A,FOUR-WAY INTERSECTION,STRAIGHT,NO DEFECTS,"TWO-WAY, DIVIDED, POSITIVE MEDIAN BARRIER",39.16175667,-77.28177,"(39.16175667, -77.28177)"
MCP12130055,200009238,Montgomery County Police,Property Damage Crash,02/24/2020 05:50:00 PM,Yes,County,North,,2,South,200,FEET,LEVEL,MIDDLEVALE LA,BRIGGS RD,,N/A,,DRIVER,SAME DIR REAR END,CLEAR,DRY,DARK -- UNKNOWN LIGHTING,NO CONTROLS,UNKNOWN,,PARKED VEHICLE,N/A,NON INTERSECTION,N/A,STRAIGHT,NO DEFECTS,"TWO-WAY, NOT DIVIDED",39.06832667,-77.04046333,"(39.06832667, -77.04046333)"
MCP13660039,15029710,Montgomery County Police,Property Damage Crash,06/18/2015 07:30:00 AM,No,,,,,,0,,,,,"14935 SOUTHLAWN LN
ROCKVILLE, MD 20850",,,DRIVER,SINGLE VEHICLE,N/A,,OTHER,N/A,N/A,,OTHER OBJECT,N/A,,,,,,39.267145,-77.21781833,"(39.267145, -77.21781833)"
MCP3242000T,200013483,Montgomery County Police,Property Damage Crash,03/21/2020 01:57:00 AM,No,Maryland (State),North,,4,North,0,FEET,LEVEL,PINEY BRANCH RD,ARLISS ST,,N/A,,DRIVER,STRAIGHT MOVEMENT ANGLE,RAINING,WET,DARK LIGHTS ON,TRAFFIC SIGNAL,ALCOHOL CONTRIBUTED,,OTHER VEHICLE,N/A,INTERSECTION,T-INTERSECTION,STRAIGHT,NO DEFECTS,"TWO-WAY, DIVIDED, UNPROTECTED PAINTED MIN 4 FEET",38.9984603,-77.00109684,"(38.9984603, -77.00109684)"
MCP2298003V,15000779,Montgomery County Police,Injury Crash,01/05/2015 07:29:00 PM,No,Maryland (State),South,,2,North,0,FEET,GRADE DOWNHILL,GREAT SENECA HWY,LEAMAN FARM RD,,N/A,,DRIVER,STRAIGHT MOVEMENT ANGLE,CLEAR,DRY,DARK -- UNKNOWN LIGHTING,STOP SIGN,NONE DETECTED,,OTHER VEHICLE,N/A,INTERSECTION,T-INTERSECTION,STRAIGHT,NO DEFECTS,"TWO-WAY, DIVIDED, POSITIVE MEDIAN BARRIER",39.15578046,-77.27678061,"(39.15578046, -77.27678061)"
DD5652005B,250015035,ROCKVILLE,Property Damage Crash,04/07/2025 06:07:00 AM,No,Maryland (State) Route,Northbound,Lane 1,3,East,16.8,FEET,Downhill,ROCKVILLE PIKE,,,,,DRIVER,Single Vehicle,Rain,Wet,Dark - Lighted,No Controls,"Not Suspect of Alcohol Use, Not Suspect of Drug Use",,Curb,,Non-Junction,,Curve Right,Not Applicable,"Divided, Raised Median (curbed)",39.08232785,-77.14639781,"(39.08232785, -77.14639781)"
MCP2923000J,15028612,Montgomery County Police,Injury Crash,06/11/2015 01:04:00 PM,No,Maryland (State),North,,5,North,200,FEET,LEVEL,FREDERICK RD,MONTGOMERY AVE,,GAITHERSBURG,BICYCLIST,DRIVER,SINGLE VEHICLE,N/A,DRY,DAYLIGHT,NO CONTROLS,NONE DETECTED,NONE DETECTED,BICYCLE,N/A,N/A,N/A,STRAIGHT,NO DEFECTS,"TWO-WAY, NOT DIVIDED",39.14612504,-77.20415711,"(39.14612504, -77.20415711)"
MCP3240001T,210007004,Montgomery County Police,Injury Crash,02/23/2021 06:20:00 PM,No,Maryland (State),South,RIGHT TURN LANE,3,North,0,FEET,LEVEL,FREDERICK RD,GERMANTOWN RD,,N/A,,DRIVER,SAME DIR REAR END,CLEAR,WET,DARK LIGHTS ON,NO CONTROLS,N/A,,OTHER VEHICLE,N/A,INTERSECTION,FOUR-WAY INTERSECTION,CURVE RIGHT,NO DEFECTS,"TWO-WAY, DIVIDED, POSITIVE MEDIAN BARRIER",39.19222331,-77.2430852,"(39.19222331, -77.2430852)"
MCP30230032,190022356,Montgomery County Police,Injury Crash,05/12/2019 10:00:00 AM,No,Maryland (State),West,,2,East,100,FEET,GRADE DOWNHILL,NORBECK RD,NADINE DR,,N/A,,DRIVER,SINGLE VEHICLE,RAINING,WET,DAYLIGHT,NO CONTROLS,NONE DETECTED,,OTHER VEHICLE,N/A,NON INTERSECTION,N/A,STRAIGHT,NO DEFECTS,"TWO-WAY, DIVIDED, POSITIVE MEDIAN BARRIER",39.09770117,-77.10550967,"(39.09770117, -77.10550967)"
MCP2498001Z,220027143,Montgomery County Police,Property Damage Crash,06/19/2022 12:00:00 AM,Yes,,,,,,,,,,,"IN PARKING LOT OF 19520 WATERS ROAD, GERMANTOWN MARYLAND 20874",,,DRIVER,OTHER,UNKNOWN,,UNKNOWN,N/A,N/A,,PARKED VEHICLE,N/A,,,,,,39.17547833,-77.273965,"(39.17547833, -77.273965)"
DD5625003N,200015640,Rockville Police Departme,Property Damage Crash,04/10/2020 04:50:00 PM,No,Maryland (State),East,,2,East,0,FEET,LEVEL,FIRST ST,BALTIMORE RD,,ROCKVILLE,,DRIVER,STRAIGHT MOVEMENT ANGLE,CLEAR,DRY,DAYLIGHT,TRAFFIC SIGNAL,"N/A, NONE DETECTED",,OTHER VEHICLE,N/A,INTERSECTION,FOUR-WAY INTERSECTION,STRAIGHT,NO DEFECTS,"TWO-WAY, DIVIDED, POSITIVE MEDIAN BARRIER",39.0848,-77.1361,"(39.0848, -77.1361)"
MCP12120020,190059845,Montgomery County Police,Injury Crash,12/12/2019 09:45:00 AM,No,County,East,,1,West,300,FEET,LEVEL,NEWCUT RD,ARORA HILLS DR,,N/A,,DRIVER,STRAIGHT MOVEMENT ANGLE,CLEAR,DRY,DAYLIGHT,STOP SIGN,NONE DETECTED,,OTHER VEHICLE,N/A,INTERSECTION RELATED,FOUR-WAY INTERSECTION,STRAIGHT,NO DEFECTS,"TWO-WAY, NOT DIVIDED",39.22911833,-77.24944167,"(39.22911833, -77.24944167)"
MCP2515000P,16032747,Montgomery County Police,Property Damage Crash,06/28/2016 04:00:00 PM,Yes,,,,,,0,,,,,SAFEWAY PARKING LOT,,,DRIVER,SAME DIR REAR END,CLEAR,,DAYLIGHT,NO CONTROLS,NONE DETECTED,,PARKED VEHICLE,N/A,,,,,,39.28943884,-77.20237613,"(39.28943884, -77.20237613)"
MCP3121004T,220016181,Montgomery County Police,Property Damage Crash,04/16/2022 05:22:00 PM,No,County,West,,1,East,50,FEET,GRADE DOWNHILL,BRINK RD,BEGIN BRIDGE,,N/A,,DRIVER,SINGLE VEHICLE,CLOUDY,DRY,DAYLIGHT,NO CONTROLS,NONE DETECTED,,OTHER,FIXED OBJECT,NON INTERSECTION,N/A,STRAIGHT,NO DEFECTS,"TWO-WAY, DIVIDED, UNPROTECTED PAINTED MIN 4 FEET",39.20524567,-77.18652667,"(39.20524567, -77.18652667)"
MCP243600G8,230004492,Montgomery County Police,Property Damage Crash,01/27/2023 04:35:00 PM,No,Maryland (State),East,,2,East,10,FEET,HILL UPHILL,EAST WEST HWY,ELLINGSON DR,,N/A,,DRIVER,SAME DIRECTION SIDESWIPE,CLEAR,DRY,DAYLIGHT,NO CONTROLS,NONE DETECTED,,OTHER VEHICLE,N/A,N/A,N/A,CURVE LEFT,NO DEFECTS,"TWO-WAY, DIVIDED, POSITIVE MEDIAN BARRIER",38.99254993,-77.05554312,"(38.99254993, -77.05554312)"
MCP30690024,200035900,Montgomery County Police,Injury Crash,09/13/2020 04:42:00 PM,No,Maryland (State),North,,3,East,0,FEET,LEVEL,UNIVERSITY BLVD W,NEWPORT MILL RD,,N/A,,DRIVER,ANGLE MEETS LEFT TURN,CLEAR,DRY,DAYLIGHT,TRAFFIC SIGNAL,NONE DETECTED,,OTHER VEHICLE,N/A,INTERSECTION,FOUR-WAY INTERSECTION,STRAIGHT,NO DEFECTS,"TWO-WAY, DIVIDED, POSITIVE MEDIAN BARRIER",39.03389007,-77.07219407,"(39.03389007, -77.07219407)"
MCP2594003G,170547876,Montgomery County Police,Property Damage Crash,12/11/2017 12:28:00 PM,No,,,,,,,,,,,PARKING LOT OF 11160 VEIRS MILL ROAD.,,,DRIVER,SAME DIRECTION SIDESWIPE,CLEAR,,DAYLIGHT,NO CONTROLS,NONE DETECTED,,OTHER VEHICLE,N/A,,,,,,39.03751667,-77.05634833,"(39.03751667, -77.05634833)"
MCP31210028,190039469,Montgomery County Police,Property Damage Crash,08/18/2019 04:16:00 PM,No,,,,,,,,,,,PARKING LOT OF 20044 GOSHEN ROAD. MONTGOMERY VILLAGE MD 20886,,,DRIVER,STRAIGHT MOVEMENT ANGLE,CLEAR,,DAYLIGHT,NO CONTROLS,NONE DETECTED,,OTHER VEHICLE,N/A,,,,,,39.18600333,-77.18823667,"(39.18600333, -77.18823667)"
MCP2857003Q,220013165,Montgomery County Police,Property Damage Crash,03/27/2022 09:50:00 PM,No,Maryland (State),North,OFF ROAD,4,North,0.1,MILE,LEVEL,QUINCE ORCHARD RD,FIRSTFIELD RD,,GAITHERSBURG,,DRIVER,SINGLE VEHICLE,N/A,DRY,DARK LIGHTS ON,NO CONTROLS,NONE DETECTED,,OFF ROAD,FIXED OBJECT,NON INTERSECTION,N/A,STRAIGHT,NO DEFECTS,"TWO-WAY, NOT DIVIDED",39.14574622,-77.21976732,"(39.14574622, -77.21976732)"
MCP2897001V,190053716,Montgomery County Police,Property Damage Crash,11/07/2019 04:53:00 PM,No,,,,,,,,,,,PARKING LOT LOCATED AT 12615 WISTERIA DR.,,,DRIVER,SAME DIR REND LEFT TURN,RAINING,,DARK LIGHTS ON,NO CONTROLS,"ALCOHOL PRESENT, NONE DETECTED",,PARKED VEHICLE,N/A,,,,,,39.17113167,-77.26182333,"(39.17113167, -77.26182333)"
MCP1151002X,15021534,Montgomery County Police,Property Damage Crash,05/06/2015 12:25:00 PM,No,,,,,,0,,,,,PARKING LOT OF 12840 BLOCK LOCBURY CIRCLE,,,DRIVER,SINGLE VEHICLE,CLEAR,,DAYLIGHT,N/A,NONE DETECTED,,FIXED OBJECT,N/A,,,,,,39.18523333,-77.26567833,"(39.18523333, -77.26567833)"
EJ7869000B,170524800,Gaithersburg Police Depar,Property Damage Crash,08/15/2017 12:00:00 PM,Yes,Municipality,East,,2,South,50,FEET,LEVEL,WALKER AVE,RUSSELL AVE,,GAITHERSBURG,,DRIVER,SAME DIRECTION SIDESWIPE,N/A,DRY,DAYLIGHT,NO CONTROLS,UNKNOWN,,OTHER VEHICLE,N/A,NON INTERSECTION,N/A,STRAIGHT,NO DEFECTS,"TWO-WAY, NOT DIVIDED",39.14579638,-77.19839573,"(39.14579638, -77.19839573)"
MCP23530081,200001240,Montgomery County Police,Property Damage Crash,01/08/2020 09:11:00 AM,No,Municipality,Unknown,N/A,1,South,200,FEET,LEVEL,DELFIELD ST,THORNAPPLE ST,,MATINS ADDITION,,DRIVER,SAME DIRECTION SIDESWIPE,CLOUDY,WET,DAYLIGHT,NO CONTROLS,NONE DETECTED,,PARKED VEHICLE,N/A,NON INTERSECTION,N/A,STRAIGHT,NO DEFECTS,"TWO-WAY, NOT DIVIDED",38.98288833,-77.06883833,"(38.98288833, -77.06883833)"