Report Number,Local Case Number,Agency Name,ACRS Report Type,Crash Date/Time,Hit/Run,Route Type,Lane Direction,Lane Type,Number of Lanes,Direction,Distance,Distance Unit,Road Grade,Road Name,Cross-Street Name,Off-Road Description,Municipality,Related Non-Motorist,At Fault,Collision Type,Weather,Surface Condition,Light,Traffic Control,Driver Substance Abuse,Non-Motorist Substance Abuse,First Harmful Event,Second Harmful Event,Junction,Intersection Type,Road Alignment,Road Condition,Road Division,Latitude,Longitude,Location
MCP1519000D,15037518,MONTGOMERY,Injury Crash,07/29/2015 01:07:00 PM,No,County,West,,3,East,12,FEET,LEVEL,E GUDE DR,DOVER RD,,N/A,,DRIVER,SAME DIR REAR END,RAINING,WET,DAYLIGHT,TRAFFIC SIGNAL,NONE DETECTED,,OTHER VEHICLE,N/A,INTERSECTION RELATED,FOUR-WAY INTERSECTION,STRAIGHT,NO DEFECTS,"TWO-WAY, DIVIDED, POSITIVE MEDIAN BARRIER",39.09990961,-77.13953733,"(39.09990961, -77.13953733)"
MCP13420016,16057056,Montgomery County Police,Property Damage Crash,11/05/2016 05:40:00 AM,No,County,East,OFF ROAD,4,West,300,FEET,GRADE DOWNHILL,DARNESTOWN RD,HI WOOD DR,,N/A,,DRIVER,SINGLE VEHICLE,N/A,DRY,DARK LIGHTS ON,NO CONTROLS,NONE DETECTED,,OFF ROAD,N/A,NON INTERSECTION,N/A,CURVE LEFT,NO DEFECTS,"TWO-WAY, DIVIDED, UNPROTECTED PAINTED MIN 4 FEET",39.09154,-77.184415,"(39.09154, -77.184415)"
MCP3026000S,170508627,Montgomery County Police,Property Damage Crash,05/19/2017 08:55:00 AM,No,Maryland (State),West,,2,East,400,FEET,GRADE DOWNHILL,RIVER RD,ROYAL DOMINION DR,,N/A,,DRIVER,SAME DIR REAR END,CLEAR,DRY,DAYLIGHT,TRAFFIC SIGNAL,NONE DETECTED,,OTHER VEHICLE,OTHER VEHICLE,INTERSECTION RELATED,FOUR-WAY INTERSECTION,STRAIGHT,NO DEFECTS,"TWO-WAY, DIVIDED, POSITIVE MEDIAN BARRIER",38.98897941,-77.14890897,"(38.98897941, -77.14890897)"
MCP1064005H,17011626,Montgomery County Police,Property Damage Crash,03/05/2017 10:46:00 AM,No,,,,,,,,,,,"SIDE WALK
8600 BLOCK COLESVILLE RD

SILVER SPRING, MD 20910",,BICYCLIST,DRIVER,OTHER,CLEAR,,DAYLIGHT,STOP SIGN,N/A,N/A,BICYCLE,N/A,,,,,,38.99643167,-77.02789667,"(38.99643167, -77.02789667)"
MCP32130019,210052422,Montgomery County Police,Injury Crash,12/23/2021 11:50:00 PM,No,Maryland (State),East,,2,West,150,FEET,LEVEL,SPENCERVILLE RD,SANTINI RD,,N/A,,DRIVER,SINGLE VEHICLE,N/A,DRY,DARK LIGHTS ON,NO CONTROLS,ALCOHOL PRESENT,,OFF ROAD,OVERTURN,N/A,N/A,CURVE LEFT,NO DEFECTS,"TWO-WAY, NOT DIVIDED",39.10688733,-76.9400415,"(39.10688733, -76.9400415)"
MCP2666001K,16062715,Montgomery County Police,Property Damage Crash,12/07/2016 01:02:00 AM,No,County,South,,2,East,0,FEET,GRADE DOWNHILL,BRIGGS CHANEY RD,RAMP 6 FR BRIGGS CHANEY RD TO US 29 SB,,N/A,,DRIVER,SINGLE VEHICLE,RAINING,WET,DARK LIGHTS ON,NO CONTROLS,NONE DETECTED,,FIXED OBJECT,N/A,NON INTERSECTION,N/A,CURVE RIGHT,NO DEFECTS,ONE-WAY TRAFFICWAY,39.084065,-76.947915,"(39.084065, -76.947915)"
DM83360039,200011948,Takoma Park Police Depart,Property Damage Crash,03/11/2020 09:00:00 AM,Yes,Maryland (State),North,,1,North,0,FEET,HILL UPHILL,PINEY BRANCH RD,GRANT AVE #2,,TAKOMA PARK,,DRIVER,SAME DIR REAR END,CLEAR,DRY,DAYLIGHT,N/A,"N/A, NONE DETECTED",,OTHER VEHICLE,OTHER VEHICLE,INTERSECTION,OTHER,OTHER,NO DEFECTS,"TWO-WAY, NOT DIVIDED",38.98472692,-77.01473237,"(38.98472692, -77.01473237)"
MCP28930035,170518152,Montgomery County Police,Property Damage Crash,07/09/2017 04:08:00 PM,No,County,East,,3,East,0,FEET,LEVEL,MIDDLEBROOK RD,FREDERICK RD,,N/A,,DRIVER,STRAIGHT MOVEMENT ANGLE,CLEAR,DRY,DAYLIGHT,STOP SIGN,NONE DETECTED,,OTHER VEHICLE,N/A,INTERSECTION,T-INTERSECTION,STRAIGHT,NO DEFECTS,"TWO-WAY, DIVIDED, POSITIVE MEDIAN BARRIER",39.17941333,-77.24019,"(39.17941333, -77.24019)"
MCP20160033,180035152,Montgomery County Police,Injury Crash,07/16/2018 01:55:00 PM,No,County,North,,2,South,50,FEET,LEVEL,E JEFFERSON ST,E JEFFERSON ST (AHEAD),,ROCKVILLE,,DRIVER,HEAD ON LEFT TURN,CLEAR,N/A,DAYLIGHT,N/A,NONE DETECTED,,OTHER VEHICLE,N/A,COMMERCIAL DRIVEWAY,T-INTERSECTION,STRAIGHT,NO DEFECTS,"TWO-WAY, DIVIDED, POSITIVE MEDIAN BARRIER",38.743373,-77.54699707,"(38.743373, -77.54699707)"
MCP2752005L,230046270,Montgomery County Police,Property Damage Crash,07/26/2023 04:25:00 PM,No,,,,,,,,,,,"PARKING LOT OF LIBRARY LOCATED AT 10101 GLENOLDEN DR, POTOMAC, MD",,,DRIVER,OTHER,CLEAR,,DAYLIGHT,NO CONTROLS,"N/A, UNKNOWN",,OTHER VEHICLE,N/A,,,,,,39.01863059,-77.20645879,"(39.01863059, -77.20645879)"
MCP2881003F,200034421,Montgomery County Police,Property Damage Crash,09/03/2020 12:20:00 AM,No,County,South,,1,South,1,FEET,LEVEL,CLARKSBURG RD,LEWISDALE RD,,N/A,,DRIVER,SINGLE VEHICLE,CLEAR,WET,DARK NO LIGHTS,N/A,N/A,,FIXED OBJECT,N/A,NON INTERSECTION,N/A,CURVE LEFT,NO DEFECTS,ONE-WAY TRAFFICWAY,39.28271,-77.27469167,"(39.28271, -77.27469167)"
EJ7856001K,16033073,Gaithersburg Police Depar,Property Damage Crash,06/30/2016 10:08:00 AM,No,,,,,,0,,,,,PARKING LOT OF THE 800 BLOCK OF WEST DIAMOND AVENUE,,,DRIVER,HEAD ON LEFT TURN,CLEAR,,DAYLIGHT,N/A,N/A,,OTHER VEHICLE,N/A,,,,,,39.14279167,-77.21675167,"(39.14279167, -77.21675167)"
MCP3227001M,200039397,Montgomery County Police,Property Damage Crash,10/06/2020 06:46:00 PM,Yes,,,,,,,,,,,"PARKING LOT OF 10101 COLESVILLE RD. SILVER SPRING, MD 20901",,,DRIVER,OTHER,CLEAR,,DUSK,N/A,UNKNOWN,,OTHER VEHICLE,N/A,,,,,,39.0203082,-77.0121384,"(39.0203082, -77.0121384)"
MCP22440035,190033930,Montgomery County Police,Injury Crash,07/17/2019 02:26:00 PM,No,US (State),North,,4,South,30,FEET,LEVEL,COLUMBIA PIKE,MUSGROVE RD,,N/A,,DRIVER,SAME DIRECTION SIDESWIPE,N/A,DRY,DAYLIGHT,TRAFFIC SIGNAL,NONE DETECTED,,OTHER VEHICLE,FIXED OBJECT,INTERSECTION RELATED,FOUR-WAY INTERSECTION,STRAIGHT,NO DEFECTS,OTHER,39.06743,-76.959335,"(39.06743, -76.959335)"
MCP22980093,16036403,Montgomery County Police,Property Damage Crash,07/18/2016 05:41:00 PM,No,County,South,,3,North,20,FEET,LEVEL,RIDGE RD,OBSERVATION DR,,N/A,,DRIVER,SAME DIR REAR END,CLOUDY,WET,DAYLIGHT,FLASHING TRAFFIC SIGNAL,NONE DETECTED,,OTHER VEHICLE,OTHER VEHICLE,INTERSECTION RELATED,FOUR-WAY INTERSECTION,STRAIGHT,NO DEFECTS,"TWO-WAY, DIVIDED, POSITIVE MEDIAN BARRIER",39.20168694,-77.25342527,"(39.20168694, -77.25342527)"
MCP24450036,210050364,Montgomery County Police,Property Damage Crash,12/11/2021 01:34:00 PM,No,Maryland (State),South,LEFT TURN LANE,2,North,30,FEET,LEVEL,FREDERICK RD,GERMANTOWN RD,,N/A,,DRIVER,STRAIGHT MOVEMENT ANGLE,CLOUDY,DRY,DAYLIGHT,TRAFFIC SIGNAL,NONE DETECTED,,OTHER VEHICLE,N/A,INTERSECTION RELATED,FOUR-WAY INTERSECTION,STRAIGHT,NO DEFECTS,"TWO-WAY, DIVIDED, POSITIVE MEDIAN BARRIER",39.19273533,-77.242906,"(39.19273533, -77.242906)"
MCP263900DW,220014031,Montgomery County Police,Property Damage Crash,04/02/2022 12:24:00 PM,Yes,County,West,,1,West,60,FEET,LEVEL,CLUB VIEW DR,BUSH HILL RD,,N/A,,DRIVER,SAME DIRECTION SIDESWIPE,CLEAR,DRY,DAYLIGHT,NO CONTROLS,NONE DETECTED,,PARKED VEHICLE,N/A,NON INTERSECTION,N/A,STRAIGHT,NO DEFECTS,"TWO-WAY, NOT DIVIDED",39.25296954,-77.20101177,"(39.25296954, -77.20101177)"
EJ7872001K,200043388,Gaithersburg Police Depar,Property Damage Crash,11/03/2020 01:30:00 PM,Yes,,,,,,,,,,,PARKING LOT OF 101 EDUCATION BLVD,,,DRIVER,SAME DIR REAR END,CLEAR,,DAYLIGHT,N/A,N/A,,PARKED VEHICLE,OTHER VEHICLE,,,,,,39.13542316,-77.19387633,"(39.13542316, -77.19387633)"
EJ7865002T,180017313,Gaithersburg Police Depar,Injury Crash,04/09/2018 05:15:00 PM,Yes,Maryland (State),East,RIGHT TURN LANE,1,East,0,FEET,LEVEL,UNIVERSITY BLVD W,SPUR FR WHEATON PLAZA,,N/A,,DRIVER,SAME DIR REAR END,CLEAR,DRY,DAYLIGHT,YIELD SIGN,"NONE DETECTED, UNKNOWN",,OTHER VEHICLE,N/A,INTERSECTION,T-INTERSECTION,CURVE RIGHT,NO DEFECTS,ONE-WAY TRAFFICWAY,39.03907041,-77.05672011,"(39.03907041, -77.05672011)"
MCP2910002M,16040940,Montgomery County Police,Property Damage Crash,08/12/2016 03:37:00 PM,No,County,West,,2,East,10,FEET,LEVEL,SEMINARY RD,SELWAY LA,,N/A,,DRIVER,SAME DIRECTION SIDESWIPE,CLEAR,DRY,DAYLIGHT,NO CONTROLS,NONE DETECTED,,OTHER VEHICLE,N/A,NON INTERSECTION,N/A,STRAIGHT,NO DEFECTS,"TWO-WAY, DIVIDED, POSITIVE MEDIAN BARRIER",39.00878833,-77.04097167,"(39.00878833, -77.04097167)"
MCP2633002R,220043154,Montgomery County Police,Injury Crash,10/03/2022 08:27:00 PM,No,County,West,,2,West,0,FEET,LEVEL,MEDICAL CENTER DR,GREAT SENECA HWY,,N/A,,DRIVER,STRAIGHT MOVEMENT ANGLE,RAINING,WET,DARK LIGHTS ON,STOP SIGN,N/A,,OTHER VEHICLE,N/A,INTERSECTION RELATED,T-INTERSECTION,STRAIGHT,NO DEFECTS,"TWO-WAY, DIVIDED, POSITIVE MEDIAN BARRIER",39.0986959,-77.20203878,"(39.0986959, -77.20203878)"
MCP3184002N,220043387,Montgomery County Police,Injury Crash,10/05/2022 05:19:00 AM,No,Maryland (State),West,,3,East,0,FEET,LEVEL,UNIVERSITY BLVD E,LANGLEY DR,,N/A,,DRIVER,STRAIGHT MOVEMENT ANGLE,RAINING,WET,DAWN,STOP SIGN,NONE DETECTED,,OTHER VEHICLE,FIXED OBJECT,INTERSECTION,FOUR-WAY INTERSECTION,STRAIGHT,NO DEFECTS,"TWO-WAY, DIVIDED, POSITIVE MEDIAN BARRIER",38.99997667,-77.03898167,"(38.99997667, -77.03898167)"
MCP31580056,250031289,MONTGOMERY,Injury Crash,07/14/2025 02:14:00 AM,No,County Route,Northbound,Lane 1,1,North,17.72,FEET,Downhill,,,,,,DRIVER,Single Vehicle,Clear,Dry,Dark - Lighted,No Controls,"Not Suspect of Alcohol Use, Not Suspect of Drug Use",,Embankment,,Non-Junction,,Straight,No Defects,Not Divided,39.16081623,-77.1921159,"(39.16081623, -77.1921159)"
MCP33530015,230027916,Montgomery County Police,Injury Crash,06/10/2023 12:41:00 PM,No,County,West,LEFT TURN LANE,3,East,0,FEET,LEVEL,E GUDE DR,CRABBS BRANCH WAY,,N/A,,DRIVER,HEAD ON LEFT TURN,CLEAR,DRY,DAYLIGHT,TRAFFIC SIGNAL,N/A,,OTHER VEHICLE,N/A,INTERSECTION,FOUR-WAY INTERSECTION,STRAIGHT,NO DEFECTS,"TWO-WAY, DIVIDED, POSITIVE MEDIAN BARRIER",39.10626167,-77.15188833,"(39.10626167, -77.15188833)"
MCP1417002V,15009842,Montgomery County Police,Property Damage Crash,03/02/2015 10:14:00 AM,No,Maryland (State),South,,3,North,30,FEET,GRADE DOWNHILL,FREDERICK RD,PLUMMER DR,,N/A,,DRIVER,SAME DIRECTION SIDESWIPE,CLEAR,WET,DAYLIGHT,TRAFFIC SIGNAL,NONE DETECTED,,OTHER VEHICLE,OTHER VEHICLE,INTERSECTION RELATED,FOUR-WAY INTERSECTION,STRAIGHT,NO DEFECTS,"TWO-WAY, DIVIDED, POSITIVE MEDIAN BARRIER",39.17171879,-77.2361505,"(39.17171879, -77.2361505)"
MCP28160018,16005559,Montgomery County Police,Property Damage Crash,02/02/2016 09:19:00 PM,No,County,North,,2,North,0,FEET,LEVEL,SHADY GROVE RD,CHOKE CHERRY RD,,ROCKVILLE,,DRIVER,HEAD ON LEFT TURN,CLEAR,DRY,DARK LIGHTS ON,TRAFFIC SIGNAL,NONE DETECTED,,OTHER VEHICLE,N/A,INTERSECTION,FOUR-WAY INTERSECTION,STRAIGHT,NO DEFECTS,"TWO-WAY, DIVIDED, UNPROTECTED PAINTED MIN 4 FEET",39.11449667,-77.185535,"(39.11449667, -77.185535)"
MCP2931002K,180033370,Montgomery County Police,Property Damage Crash,07/06/2018 04:46:00 AM,No,Municipality,West,,2,West,0,FEET,LEVEL,WOOTTON PKWY,HENSLOWE DR,,ROCKVILLE,,DRIVER,HEAD ON LEFT TURN,CLEAR,DRY,N/A,TRAFFIC SIGNAL,N/A,,OTHER VEHICLE,OTHER VEHICLE,INTERSECTION,FOUR-WAY INTERSECTION,STRAIGHT,N/A,"TWO-WAY, DIVIDED, POSITIVE MEDIAN BARRIER",39.06667833,-77.16486167,"(39.06667833, -77.16486167)"
MCP2905004B,180056998,Montgomery County Police,Property Damage Crash,11/13/2018 06:03:00 PM,No,Maryland (State),South,,4,South,500,FEET,GRADE DOWNHILL,ROCKVILLE PIKE,CEDAR LA,,N/A,,DRIVER,STRAIGHT MOVEMENT ANGLE,CLEAR,DRY,DARK LIGHTS ON,NO CONTROLS,N/A,,OTHER VEHICLE,N/A,RESIDENTIAL DRIVEWAY,N/A,STRAIGHT,NO DEFECTS,"TWO-WAY, DIVIDED, POSITIVE MEDIAN BARRIER",39.00756167,-77.097655,"(39.00756167, -77.097655)"
DD5631001H,180059461,Rockville Police Departme,Injury Crash,11/28/2018 12:30:00 PM,No,Municipality,East,LEFT TURN LANE,2,East,0,FEET,LEVEL,E MIDDLE LA,MARYLAND AVE,,ROCKVILLE,PEDESTRIAN,DRIVER,OTHER,CLEAR,DRY,DAYLIGHT,STOP SIGN,NONE DETECTED,NONE DETECTED,PEDESTRIAN,PEDESTRIAN,INTERSECTION,FOUR-WAY INTERSECTION,STRAIGHT,NO DEFECTS,"TWO-WAY, DIVIDED, POSITIVE MEDIAN BARRIER",39.08479667,-77.15058,"(39.08479667, -77.15058)"
MCP22910089,250004672,MONTGOMERY,Property Damage Crash,02/01/2025 01:02:00 PM,No,Maryland (State) Route,"Northbound, Westbound",Lane 1,1,West,0,FEET,Level,,BURNING TREE RD,,,,DRIVER,Angle,Clear,Dry,Daylight,"No Controls, Stop Sign","Not Suspect of Alcohol Use, Not Suspect of Drug Use, Not Suspect of Alcohol Use, Not Suspect of Drug Use",,Motor Vehicle In Transport,,Intersection or Related,Perpendicular,Straight,No Defects,"Divided, Depressed Median",39.00373514,-77.13727246,"(39.00373514, -77.13727246)"
MCP91180050,250001469,MONTGOMERY,Injury Crash,01/11/2025 09:46:00 PM,No,County Route,"Eastbound, Westbound","Lane 2, Left Turn Lane","3, 4",North,0,FEET,Level,RANDOLPH RD (WB/L),BUSHEY DR,,,,DRIVER,Angle,Clear,Dry,Dark - Lighted,Traffic Control Signal,"Not Suspect of Alcohol Use, Not Suspect of Drug Use, Not Suspect of Alcohol Use, Not Suspect of Drug Use",,Motor Vehicle In Transport,,Intersection or Related,Perpendicular,Straight,No Defects,"Divided, Raised Median (curbed)",39.05749015,-77.07779487,"(39.05749015, -77.07779487)"
MCP3079003Q,210028443,Montgomery County Police,Property Damage Crash,07/22/2021 08:03:00 PM,No,County,East,LEFT TURN LANE,4,West,0,FEET,GRADE DOWNHILL,WISTERIA DR,GERMANTOWN RD,,N/A,,DRIVER,HEAD ON,CLEAR,DRY,DAYLIGHT,TRAFFIC SIGNAL,"ALCOHOL PRESENT, NONE DETECTED",,OTHER VEHICLE,OTHER VEHICLE,INTERSECTION,FOUR-WAY INTERSECTION,STRAIGHT,NO DEFECTS,"TWO-WAY, DIVIDED, UNPROTECTED PAINTED MIN 4 FEET",39.17718333,-77.27054167,"(39.17718333, -77.27054167)"
DD56050075,190052411,Rockville Police Departme,Property Damage Crash,10/31/2019 01:15:00 PM,No,Municipality,West,,2,North,0,FEET,LEVEL,S WASHINGTON ST,W JEFFERSON ST,,N/A,,DRIVER,SINGLE VEHICLE,RAINING,WET,DAYLIGHT,TRAFFIC SIGNAL,NONE DETECTED,,FIXED OBJECT,FIXED OBJECT,INTERSECTION,FOUR-WAY INTERSECTION,STRAIGHT,NO DEFECTS,"TWO-WAY, DIVIDED, UNPROTECTED PAINTED MIN 4 FEET",39.083041,-77.15297333,"(39.083041, -77.15297333)"
MCP3275000J,210012324,Montgomery County Police,Property Damage Crash,04/02/2021 01:29:00 PM,No,Maryland (State),North,,3,North,15,FEET,LEVEL,GEORGIA AVE,FOREST GLEN RD,,N/A,,DRIVER,SAME DIRECTION RIGHT TURN,CLEAR,DRY,DAYLIGHT,NO CONTROLS,NONE DETECTED,,OTHER VEHICLE,OTHER VEHICLE,INTERSECTION RELATED,FOUR-WAY INTERSECTION,STRAIGHT,N/A,"TWO-WAY, DIVIDED, POSITIVE MEDIAN BARRIER",39.01555996,-77.04241164,"(39.01555996, -77.04241164)"
MCP29650020,170511070,Montgomery County Police,Property Damage Crash,06/01/2017 08:25:00 AM,No,Maryland (State),North,,2,South,15,FEET,LEVEL,NEW HAMPSHIRE AVE,RIDGECROFT DR,,N/A,,DRIVER,HEAD ON,CLEAR,DRY,DAYLIGHT,NO CONTROLS,NONE DETECTED,,OTHER VEHICLE,N/A,N/A,N/A,STRAIGHT,NO DEFECTS,"TWO-WAY, DIVIDED, UNPROTECTED PAINTED MIN 4 FEET",39.21413,-77.04882833,"(39.21413, -77.04882833)"
DD5567008C,250022718,ROCKVILLE,Property Damage Crash,05/22/2025 03:03:00 PM,No,Municipality Route,Southbound,"Lane 1, Shoulder Area",1,North,24.64,FEET,Level,AUBURN AVE,,,,,DRIVER,"Sideswipe, Same Direction",Clear,Dry,Daylight,No Controls,"Not Suspect of Alcohol Use, Not Suspect of Drug Use",,Parked Vehicle,,Non-Junction,,Straight,No Defects,Not Divided,39.10089365,-77.16513778,"(39.10089365, -77.16513778)"
EJ7856006Y,190029829,Gaithersburg Police Depar,Injury Crash,06/22/2019 09:50:00 AM,No,,,,,,,,,,,"PARKING LOT IN FRONT OF 374 N SUMMIT AVE, GAITHERSBURG, MD 20877",,,DRIVER,OTHER,CLEAR,,DAYLIGHT,N/A,N/A,,OTHER VEHICLE,N/A,,,,,,39.14884833,-77.191975,"(39.14884833, -77.191975)"
MCP29140099,190040272,Montgomery County Police,Injury Crash,08/22/2019 09:35:00 PM,No,Maryland (State),South,,3,South,0,FEET,HILL UPHILL,GEORGIA AVE,FENWICK LA,,N/A,PEDESTRIAN,DRIVER,OTHER,CLEAR,N/A,DARK LIGHTS ON,OTHER,N/A,N/A,PEDESTRIAN,N/A,N/A,N/A,STRAIGHT,NO DEFECTS,"TWO-WAY, DIVIDED, POSITIVE MEDIAN BARRIER",38.99820543,-77.0305782,"(38.99820543, -77.0305782)"
MCP3168003D,210033663,Montgomery County Police,Property Damage Crash,08/28/2021 08:05:00 PM,No,Municipality,South,,1,South,90,FEET,LEVEL,LEWIS AVE,GAIL AVE,,ROCKVILLE,,DRIVER,SAME DIRECTION SIDESWIPE,CLEAR,DRY,DARK LIGHTS ON,NO CONTROLS,ALCOHOL CONTRIBUTED,,OTHER VEHICLE,OTHER VEHICLE,NON INTERSECTION,N/A,STRAIGHT,NO DEFECTS,"TWO-WAY, NOT DIVIDED",39.07675319,-77.13627622,"(39.07675319, -77.13627622)"
MCP22090017,15054972,MONTGOMERY,Injury Crash,10/29/2015 12:39:00 PM,No,Maryland (State),South,,3,North,20,FEET,LEVEL,WISCONSIN AVE,BRADLEY LA,,N/A,,DRIVER,SAME DIR REAR END,CLEAR,DRY,DAYLIGHT,N/A,NONE DETECTED,,OTHER VEHICLE,N/A,INTERSECTION RELATED,FOUR-WAY INTERSECTION,STRAIGHT,NO DEFECTS,"TWO-WAY, DIVIDED, POSITIVE MEDIAN BARRIER",38.976285,-77.09036,"(38.976285, -77.09036)"
MCP2361000V,180021288,Montgomery County Police,Property Damage Crash,05/01/2018 12:42:00 PM,No,County,South,,1,South,15,FEET,LEVEL,OAKMONT AVE,RAILROAD ST,,N/A,,DRIVER,STRAIGHT MOVEMENT ANGLE,CLEAR,DRY,DAYLIGHT,NO CONTROLS,NONE DETECTED,,OTHER VEHICLE,N/A,COMMERCIAL DRIVEWAY,FOUR-WAY INTERSECTION,STRAIGHT,NO DEFECTS,"TWO-WAY, NOT DIVIDED",39.13341333,-77.175465,"(39.13341333, -77.175465)"
MCP3174003S,23000931,Montgomery County Police,Property Damage Crash,02/09/2023 06:48:00 PM,Yes,County,West,,2,West,0,FEET,LEVEL,MEADOWCROFT LA,MONTGOMERY VILLAGE AVE,,N/A,,DRIVER,STRAIGHT MOVEMENT ANGLE,CLEAR,DRY,DARK LIGHTS ON,STOP SIGN,"NONE DETECTED, UNKNOWN",,OTHER VEHICLE,N/A,INTERSECTION,FOUR-WAY INTERSECTION,STRAIGHT,NO DEFECTS,"TWO-WAY, DIVIDED, POSITIVE MEDIAN BARRIER",39.18115167,-77.177705,"(39.18115167, -77.177705)"
MCP2859007G,190046666,Montgomery County Police,Property Damage Crash,09/29/2019 11:30:00 AM,No,Municipality,East,,2,East,20,FEET,LEVEL,W DEER PARK RD,MUDDY BRANCH RD,,N/A,,DRIVER,SAME DIR REAR END,CLEAR,DRY,DAYLIGHT,NO CONTROLS,NONE DETECTED,,OTHER VEHICLE,N/A,N/A,N/A,STRAIGHT,NO DEFECTS,"TWO-WAY, DIVIDED, POSITIVE MEDIAN BARRIER",39.13466833,-77.205355,"(39.13466833, -77.205355)"
MCP3193005T,240035174,MONTGOMERY,Property Damage Crash,07/25/2024 04:34:00 PM,No,County Route,Northbound,Lane 1,2,East,0,FEET,Level,CADDINGTON AVE,EASTWOOD AVE,,,,DRIVER,Front to Rear,Cloudy,Dry,Daylight,Stop Sign,"Not Suspect of Alcohol Use, Not Suspect of Drug Use, Suspect of Alcohol Use, Unknown",,Motor Vehicle In Transport,,Intersection or Related,Angled/Skewed,Straight,No Defects,Not Divided,39.03429511,-77.02119515,"(39.03429511, -77.02119515)"
MCP1334009Q,200012143,Montgomery County Police,Injury Crash,03/12/2020 06:40:00 AM,No,County,North,,1,North,0,FEET,LEVEL,WATKINS MILL RD,STEDWICK RD,,N/A,PEDESTRIAN,DRIVER,SINGLE VEHICLE,CLOUDY,DRY,DARK LIGHTS ON,TRAFFIC SIGNAL,NONE DETECTED,NONE DETECTED,PEDESTRIAN,N/A,INTERSECTION,FOUR-WAY INTERSECTION,STRAIGHT,NO DEFECTS,"TWO-WAY, NOT DIVIDED",39.17052237,-77.20891844,"(39.17052237, -77.20891844)"
MCP23980037,200000177,Montgomery County Police,Property Damage Crash,01/02/2020 08:51:00 AM,No,County,North,,3,North,0,FEET,LEVEL,SAM EIG HWY,DIAMONDBACK DR,,N/A,,DRIVER,SAME DIR REAR END,N/A,DRY,DAYLIGHT,TRAFFIC SIGNAL,NONE DETECTED,,OTHER VEHICLE,N/A,INTERSECTION,FOUR-WAY INTERSECTION,STRAIGHT,NO DEFECTS,"TWO-WAY, DIVIDED, POSITIVE MEDIAN BARRIER",39.1163582,-77.2080545,"(39.1163582, -77.2080545)"
MCP3165005F,240024919,MONTGOMERY,Property Damage Crash,05/26/2024 12:10:00 PM,No,Maryland (State) Route,"Northbound, Westbound","Lane 1, Lane 2","1, 3",East,0,FEET,Level,NEW HAMPSHIRE AVE,HEARTFIELDS DR QUAINT ACRES DR,,,,DRIVER,Other,Clear,Dry,Daylight,Lane Use Control Signal,"Not Suspect of Alcohol Use, Not Suspect of Drug Use, Not Suspect of Alcohol Use, Not Suspect of Drug Use",,Motor Vehicle In Transport,,Intersection or Related,Perpendicular,Straight,No Defects,"Divided, Raised Median (curbed), Not Divided",39.047662,-76.99277083,"(39.047662, -76.99277083)"
DD56580038,250003552,ROCKVILLE,Injury Crash,01/25/2025 12:08:00 PM,Yes,Municipality Route,Northbound,Lane 1,1,South,15.64,FEET,Level,SHERBROOKE WAY,HURLEY AVE,,,Pedestrian,UNKNOWN,Single Vehicle,Clear,Dry,Daylight,No Controls,"Unknown, Unknown","Not Suspect of Alcohol Use, Not Suspect of Drug Use, Not Suspect of Alcohol Use, Not Suspect of Drug Use",Pedestrian,,Non-Junction,,Straight,No Defects,Not Divided,39.08219505,-77.18338282,"(39.08219505, -77.18338282)"
MCP2666001J,16054829,Montgomery County Police,Property Damage Crash,10/25/2016 12:25:00 AM,No,US (State),North,,3,North,0,MILE,LEVEL,COLUMBIA PIKE,STEWART LA,,N/A,,DRIVER,SAME DIR REAR END,CLEAR,DRY,DARK LIGHTS ON,NO CONTROLS,NONE DETECTED,,OTHER VEHICLE,N/A,NON INTERSECTION,N/A,STRAIGHT,NO DEFECTS,"TWO-WAY, DIVIDED, POSITIVE MEDIAN BARRIER",39.04660253,-76.98668897,"(39.04660253, -76.98668897)"
MCP3153004Q,230016794,Montgomery County Police,Property Damage Crash,04/04/2023 02:30:00 PM,Yes,Maryland (State),South,,3,North,25,FEET,LEVEL,GEORGIA AVE,LAYHILL RD,,N/A,,DRIVER,SAME DIR REAR END,UNKNOWN,UNKNOWN,DAYLIGHT,TRAFFIC SIGNAL,UNKNOWN,,OTHER VEHICLE,N/A,INTERSECTION RELATED,FOUR-WAY INTERSECTION,STRAIGHT,NO DEFECTS,"TWO-WAY, DIVIDED, POSITIVE MEDIAN BARRIER",39.06044993,-77.05146437,"(39.06044993, -77.05146437)"
MCP3317001F,240007782,MONTGOMERY,Property Damage Crash,02/16/2024 11:24:00 PM,No,County Route,"Southbound, Westbound",Lane 1,1,East,25.76,FEET,Level,ELLSWORTH DR,,,,,DRIVER,Angle,Clear,Dry,Dark - Lighted,No Controls,"Not Suspect of Alcohol Use, Not Suspect of Drug Use, Not Suspect of Alcohol Use, Not Suspect of Drug Use",,Motor Vehicle In Transport,,Driveway Access or Related,,Straight,No Defects,Not Divided,38.99772293,-77.02483555,"(38.99772293, -77.02483555)"