Report Number,Local Case Number,Agency Name,ACRS Report Type,Crash Date/Time,Hit/Run,Route Type,Lane Direction,Lane Type,Number of Lanes,Direction,Distance,Distance Unit,Road Grade,Road Name,Cross-Street Name,Off-Road Description,Municipality,Related Non-Motorist,At Fault,Collision Type,Weather,Surface Condition,Light,Traffic Control,Driver Substance Abuse,Non-Motorist Substance Abuse,First Harmful Event,Second Harmful Event,Junction,Intersection Type,Road Alignment,Road Condition,Road Division,Latitude,Longitude,Location
MCP2826000Z,16041260,Montgomery County Police,Property Damage Crash,08/14/2016 07:38:00 PM,No,Maryland (State),West,,3,East,0,FEET,LEVEL,UNIVERSITY BLVD E,GILBERT ST,,N/A,,DRIVER,OTHER,CLEAR,DRY,DUSK,N/A,"ALCOHOL PRESENT, NONE DETECTED",,OTHER VEHICLE,N/A,N/A,N/A,STRAIGHT,NO DEFECTS,"TWO-WAY, DIVIDED, POSITIVE MEDIAN BARRIER",38.99835827,-76.99453712,"(38.99835827, -76.99453712)"
MCP2094004B,15012890,Montgomery County Police,Injury Crash,03/20/2015 01:57:00 PM,No,County,South,OFF ROAD,1,West,0,FEET,GRADE DOWNHILL,MARINELLI RD,CITADEL AVE,,N/A,,UNKNOWN,SINGLE VEHICLE,RAINING,WET,DAYLIGHT,STOP SIGN,NONE DETECTED,,FIXED OBJECT,FIXED OBJECT,INTERSECTION,FOUR-WAY INTERSECTION,STRAIGHT,NO DEFECTS,"TWO-WAY, NOT DIVIDED",39.04744167,-77.109255,"(39.04744167, -77.109255)"
MCP20520048,250016942,MONTGOMERY,Property Damage Crash,04/18/2025 08:43:00 PM,,,,,0,,,FEET,,,,"Parking Stall        PARKING SPACE IN FRONT OF HIP HOP FISH & CHICKEN, 13820 OLD COLUMBIA PIKE, SILVER SPRING, MD",,,UNKNOWN,Rear To Side,Clear,,Dark - Lighted,,"Unknown, Unknown",,Motor Vehicle In Transport,,,,,,,39.08382371,-76.95194305,"(39.08382371, -76.95194305)"
DD5583001T,16050140,Rockville Police Departme,Injury Crash,09/29/2016 05:54:00 PM,No,Municipality,South,,2,North,0,FEET,LEVEL,TOWER OAKS BLVD,RAMP 9 FR TOWER OAKS BLVD TO RAMP 2,,N/A,,DRIVER,HEAD ON LEFT TURN,RAINING,WET,DUSK,TRAFFIC SIGNAL,NONE DETECTED,,OTHER VEHICLE,N/A,INTERSECTION,FOUR-WAY INTERSECTION,STRAIGHT,NO DEFECTS,"TWO-WAY, DIVIDED, POSITIVE MEDIAN BARRIER",39.0585918,-77.15221882,"(39.0585918, -77.15221882)"
MCP3251001L,240061847,MONTGOMERY,Property Damage Crash,12/28/2024 03:40:00 AM,,County Route,"Northbound, Not On Roadway","Lane 1, Shoulder Area",3,South,14.49,FEET,Level,WISTERIA DR,,,,,DRIVER,"Sideswipe, Same Direction",Rain,Wet,Dark - Lighted,No Controls,"Unknown, Unknown",,Parked Vehicle,,Non-Junction,,Straight,No Defects,"Not Divided, With a Continuous Left-Turn Lane",39.1691276,-77.26083669,"(39.1691276, -77.26083669)"
MCP2082002M,220020574,Montgomery County Police,Property Damage Crash,05/14/2022 03:48:00 PM,No,,,,,,,,,,,PARKING LOT OF 13601 CONNECTICUT AVE SILVER SPRING MD 20906,,,DRIVER,OTHER,CLEAR,,DAYLIGHT,NO CONTROLS,N/A,,PARKED VEHICLE,N/A,,,,,,39.07822333,-77.080305,"(39.07822333, -77.080305)"
MCP30780056,220045546,Montgomery County Police,Property Damage Crash,10/17/2022 02:30:00 PM,No,Municipality,West,,1,West,0,FEET,LEVEL,BROOKS AVE,RUSSELL AVE,,GAITHERSBURG,,DRIVER,OTHER,CLOUDY,WET,DAYLIGHT,NO CONTROLS,N/A,,PARKED VEHICLE,N/A,INTERSECTION,FOUR-WAY INTERSECTION,STRAIGHT,NO DEFECTS,"TWO-WAY, NOT DIVIDED",39.1439573,-77.19704677,"(39.1439573, -77.19704677)"
MCP3085003J,220038098,Montgomery County Police,Property Damage Crash,09/02/2022 04:42:00 PM,No,Maryland (State),East,,2,North,0,FEET,LEVEL,BRADLEY BLVD,GOLDSBORO RD,,N/A,,DRIVER,HEAD ON LEFT TURN,CLEAR,DRY,DAYLIGHT,TRAFFIC SIGNAL,NONE DETECTED,,OTHER VEHICLE,N/A,INTERSECTION,T-INTERSECTION,CURVE RIGHT,NO DEFECTS,"TWO-WAY, DIVIDED, POSITIVE MEDIAN BARRIER",38.99802667,-77.10815667,"(38.99802667, -77.10815667)"
MCP13660060,17015925,Montgomery County Police,Injury Crash,03/29/2017 09:17:00 AM,No,County,South,,4,North,0,FEET,LEVEL,SHADY GROVE RD,RAMP 5 FR IS 270 SB TO SHADY GROVE RD,,N/A,,DRIVER,SAME DIR REAR END,CLEAR,DRY,DAYLIGHT,TRAFFIC SIGNAL,NONE DETECTED,,OTHER VEHICLE,N/A,INTERSECTION,T-INTERSECTION,STRAIGHT,NO DEFECTS,"TWO-WAY, DIVIDED, POSITIVE MEDIAN BARRIER",39.10924333,-77.18841,"(39.10924333, -77.18841)"
MCP30840058,210049352,Montgomery County Police,Injury Crash,12/05/2021 11:55:00 AM,No,County,West,,2,West,0,FEET,LEVEL,DEMOCRACY BLVD,SEVEN LOCKS RD,,N/A,,DRIVER,HEAD ON LEFT TURN,N/A,DRY,DAYLIGHT,TRAFFIC SIGNAL,NONE DETECTED,,OTHER VEHICLE,N/A,INTERSECTION,FOUR-WAY INTERSECTION,STRAIGHT,NO DEFECTS,"TWO-WAY, DIVIDED, POSITIVE MEDIAN BARRIER",39.02339667,-77.16240167,"(39.02339667, -77.16240167)"
MCP28980064,250018908,MONTGOMERY,Property Damage Crash,04/30/2025 03:46:00 PM,No,County Route,Eastbound,Lane 1,3,South,0,FEET,Level,MIDDLEBROOK RD,,,,,DRIVER,Angle,Clear,Dry,Daylight,"No Controls, Stop Sign","Not Suspect of Alcohol Use, Not Suspect of Drug Use, Not Suspect of Alcohol Use, Not Suspect of Drug Use",,Motor Vehicle In Transport,,Intersection or Related,Angled/Skewed,Curve Right,No Defects,"Divided, Raised Median (curbed)",39.17946781,-77.24030745,"(39.17946781, -77.24030745)"
MCP9419004F,23003437,Montgomery County Police,Property Damage Crash,07/19/2023 12:19:00 PM,No,County,North,,5,South,0.25,MILE,LEVEL,CRABBS BRANCH WAY,REDLAND RD,,N/A,,DRIVER,SINGLE VEHICLE,CLEAR,DRY,DAYLIGHT,NO CONTROLS,NONE DETECTED,,FIXED OBJECT,FIXED OBJECT,NON INTERSECTION,N/A,STRAIGHT,NO DEFECTS,"TWO-WAY, DIVIDED, UNPROTECTED PAINTED MIN 4 FEET",39.11985,-77.15699333,"(39.11985, -77.15699333)"
MCP3387002G,250015740,MONTGOMERY,Property Damage Crash,04/11/2025 07:01:00 AM,No,US (State),"Eastbound, Northbound","Lane 1, Lane 2","1, 3",North,0,FEET,Level,COLUMBIA PIKE,TECH RD,,,,DRIVER,Angle,Cloudy,Dry,Daylight,Traffic Control Signal,"Not Suspect of Alcohol Use, Not Suspect of Drug Use, Not Suspect of Alcohol Use, Not Suspect of Drug Use",,Motor Vehicle In Transport,,Intersection or Related,Perpendicular,Straight,No Defects,"Divided, Flush Median (greater than 4ft wide), Not Divided, With a Continuous Left-Turn Lane",39.05781561,-76.96842188,"(39.05781561, -76.96842188)"
MCP28290025,16034682,Montgomery County Police,Property Damage Crash,07/08/2016 09:03:00 PM,Yes,,,,,,0,,,,,"PRIVATE PARKING LOT OF WINDSOR COURT & TOWER APTS IN FRONT OF 13802 CASTLE BLVD, SILVER SPRING, MD",,,DRIVER,SAME DIRECTION SIDESWIPE,CLEAR,,DARK LIGHTS ON,N/A,NONE DETECTED,,OTHER VEHICLE,N/A,,,,,,39.082,-76.944623,"(39.082, -76.944623)"
MCP2396003N,210041598,Montgomery County Police,Property Damage Crash,10/16/2021 10:00:00 AM,No,US (State),South,,3,North,15,FEET,LEVEL,COLESVILLE RD,LORAIN AVE,,N/A,,DRIVER,SINGLE VEHICLE,CLEAR,DRY,DAYLIGHT,NO CONTROLS,NONE DETECTED,,OTHER,N/A,NON INTERSECTION,N/A,STRAIGHT,HOLES RUTS ETC,"TWO-WAY, DIVIDED, POSITIVE MEDIAN BARRIER",39.02417534,-77.01127839,"(39.02417534, -77.01127839)"
MCP2938000K,15052274,MONTGOMERY,Property Damage Crash,10/14/2015 11:00:00 PM,No,Interstate (State),South,,2,South,100,FEET,HILL UPHILL,CABIN JOHN PKWY,RAMP 4 FR IS 495 NB TO MD 190 EB,,N/A,,UNKNOWN,SINGLE VEHICLE,N/A,DRY,DARK LIGHTS ON,NO CONTROLS,NONE DETECTED,,ANIMAL,N/A,NON INTERSECTION,N/A,STRAIGHT,NO DEFECTS,"TWO-WAY, DIVIDED, POSITIVE MEDIAN BARRIER",38.98089167,-77.154785,"(38.98089167, -77.154785)"
MCP0617006P,250005039,MONTGOMERY,Injury Crash,02/04/2025 07:21:00 AM,,County Route,"Eastbound, Westbound",Lane 1,1,North,32.11,FEET,Level,HILLCREST AVE,,,,,DRIVER,"Sideswipe, Opposite Direction",Clear,Dry,Daylight,No Controls,"Not Suspect of Alcohol Use, Not Suspect of Drug Use, Unknown, Unknown",,Motor Vehicle In Transport,,Non-Junction,,Straight,No Defects,Not Divided,39.15456246,-77.06513126,"(39.15456246, -77.06513126)"
MCP29680056,230064113,Montgomery County Police,Property Damage Crash,10/16/2023 03:00:00 PM,No,,,,,,,,,,,PARING LOT OF OF 1283 SEVENLOCKS RD ROCKVILLE MD,,,UNKNOWN,UNKNOWN,UNKNOWN,,UNKNOWN,UNKNOWN,,,UNKNOWN,UNKNOWN,,,,,,39.0657217,-77.1592689,"(39.0657217, -77.1592689)"
MCP27170066,16028387,Montgomery County Police,Injury Crash,06/06/2016 04:05:00 PM,No,Maryland (State),West,,2,West,300,FEET,GRADE DOWNHILL,EAST WEST HWY,GRUBB RD,,N/A,,DRIVER,SAME DIRECTION SIDESWIPE,CLEAR,DRY,DAYLIGHT,NO CONTROLS,NONE DETECTED,,OTHER VEHICLE,OFF ROAD,NON INTERSECTION,N/A,STRAIGHT,NO DEFECTS,"TWO-WAY, DIVIDED, POSITIVE MEDIAN BARRIER",38.99352,-77.05289833,"(38.99352, -77.05289833)"
MCP14650039,180007558,Montgomery County Police,Property Damage Crash,02/13/2018 03:10:00 PM,No,County,South,,2,North,0,FEET,LEVEL,SEVEN LOCKS RD,TUCKERMAN LA,,N/A,,DRIVER,STRAIGHT MOVEMENT ANGLE,CLOUDY,WET,DAYLIGHT,TRAFFIC SIGNAL,NONE DETECTED,,OTHER VEHICLE,OTHER VEHICLE,INTERSECTION,FOUR-WAY INTERSECTION,STRAIGHT,NO DEFECTS,"TWO-WAY, DIVIDED, POSITIVE MEDIAN BARRIER",39.04004667,-77.15898,"(39.04004667, -77.15898)"
MCP29320022,180020899,Montgomery County Police,Property Damage Crash,04/29/2018 04:10:00 AM,Yes,,,,,,,,,,,MONTGOMERY COUNTY PARKING LOT #38,,,DRIVER,OTHER,CLEAR,,DARK LIGHTS ON,N/A,"NONE DETECTED, UNKNOWN",,OTHER VEHICLE,N/A,,,,,,38.99407667,-77.02494,"(38.99407667, -77.02494)"
MCP2396000K,15001011,Montgomery County Police,Injury Crash,01/06/2015 04:28:00 PM,Yes,County,East,,2,West,50,FEET,LEVEL,GOODHILL RD,EVERTON ST,,N/A,,DRIVER,HEAD ON,CLOUDY,SNOW,DUSK,NO CONTROLS,UNKNOWN,,PARKED VEHICLE,N/A,NON INTERSECTION,N/A,CURVE RIGHT,NO DEFECTS,"TWO-WAY, NOT DIVIDED",39.06088,-77.07201333,"(39.06088, -77.07201333)"
MCP3145000V,180063233,Montgomery County Police,Property Damage Crash,12/18/2018 06:49:00 PM,Yes,Maryland (State),East,,2,East,50,FEET,LEVEL,OLNEY SANDY SPRING RD,DR BIRD RD,,N/A,,DRIVER,SAME DIRECTION SIDESWIPE,CLEAR,DRY,DARK NO LIGHTS,NO CONTROLS,N/A,,OTHER VEHICLE,N/A,NON INTERSECTION,N/A,STRAIGHT,NO DEFECTS,"TWO-WAY, NOT DIVIDED",39.14,-77.04,"(39.14, -77.04)"
MCP2969003F,170514894,Montgomery County Police,Property Damage Crash,06/21/2017 08:45:00 AM,No,,,,,,,,,,,"16325 NEW HAMPSHIRE AVE, SILVER SPRING, MD 20905",,,DRIVER,SINGLE VEHICLE,CLEAR,,DAYLIGHT,NO CONTROLS,NONE DETECTED,,FIXED OBJECT,N/A,,,,,,39.124871,-76.98865433,"(39.124871, -76.98865433)"
MCP30530020,180024575,Montgomery County Police,Property Damage Crash,05/19/2018 12:20:00 PM,No,Maryland (State),South,,3,South,10,FEET,LEVEL,CONNECTICUT AVE,INDEPENDENCE ST,,N/A,,DRIVER,SINGLE VEHICLE,RAINING,WET,DAYLIGHT,N/A,N/A,,FIXED OBJECT,N/A,NON INTERSECTION,N/A,STRAIGHT,NO DEFECTS,"TWO-WAY, DIVIDED, POSITIVE MEDIAN BARRIER",39.07548833,-77.08009167,"(39.07548833, -77.08009167)"
MCP2750004Y,200022156,Montgomery County Police,Injury Crash,06/05/2020 12:40:00 PM,No,County,West,,1,East,20,FEET,LEVEL,ARCOLA AVE,KERSEY RD,,N/A,,DRIVER,SAME DIR REAR END,CLEAR,DRY,DAYLIGHT,NO CONTROLS,NONE DETECTED,,OTHER VEHICLE,OTHER VEHICLE,INTERSECTION RELATED,FOUR-WAY INTERSECTION,STRAIGHT,NO DEFECTS,"TWO-WAY, DIVIDED, UNPROTECTED PAINTED MIN 4 FEET",39.04324833,-77.03035,"(39.04324833, -77.03035)"
MCP25340050,240005099,MONTGOMERY,Property Damage Crash,02/01/2024 12:01:00 AM,,Local Route,Eastbound,Lane 1,1,West,24.28,FEET,Level,BROOKE GROVE RD,,,,,UNKNOWN,Other,Clear,Dry,Dark - Lighted,No Controls,"Unknown, Unknown, Unknown, Unknown",,Motor Vehicle In Transport,Tree (standing),Non-Junction,,Straight,No Defects,Not Divided,39.15823785,-77.04854669,"(39.15823785, -77.04854669)"
DD56340026,190043311,Rockville Police Departme,Property Damage Crash,09/10/2019 09:45:00 AM,No,Municipality,West,,1,West,317,FEET,LEVEL,GRANDIN AVE,FIRST ST,,N/A,,DRIVER,OTHER,CLEAR,DRY,DAYLIGHT,NO CONTROLS,N/A,,OTHER VEHICLE,N/A,N/A,N/A,STRAIGHT,NO DEFECTS,"TWO-WAY, NOT DIVIDED",39.08079483,-77.13650183,"(39.08079483, -77.13650183)"
MCP9379004Y,230057429,Montgomery County Police,Property Damage Crash,09/29/2023 08:10:00 AM,No,County,West,,6,North,0,FEET,HILL CREST,SHADY GROVE RD,RAMP 6 FR SHADY GROVE RD EB TO IS 270 SB,,N/A,,DRIVER,STRAIGHT MOVEMENT ANGLE,CLEAR,DRY,DAYLIGHT,TRAFFIC SIGNAL,NONE DETECTED,,OTHER VEHICLE,N/A,INTERSECTION RELATED,T-INTERSECTION,STRAIGHT,NO DEFECTS,"TWO-WAY, DIVIDED, POSITIVE MEDIAN BARRIER",39.11210367,-77.18690567,"(39.11210367, -77.18690567)"
MCP3031006V,250016449,MONTGOMERY,Property Damage Crash,04/15/2025 06:45:00 PM,No,County Route,Westbound,Lane 1,1,South,42.83,FEET,Level,NORBECK RD (WB/L),,,,,DRIVER,Front to Rear,Clear,Dry,Daylight,No Controls,"Not Suspect of Alcohol Use, Not Suspect of Drug Use, Unknown, Unknown",,Motor Vehicle In Transport,,Non-Junction,,Straight,No Defects,Not Divided,39.12109833,-77.012703,"(39.12109833, -77.012703)"
MCP15650039,19003146,Montgomery County Police,Property Damage Crash,01/20/2019 11:19:00 AM,No,,,,,,,,,,,"PARKING LOT OF 13633 CONNECITUCT AVE
ASPEN HILL SHOPPING CENTER",,,DRIVER,OTHER,N/A,,DAYLIGHT,NO CONTROLS,NONE DETECTED,,FIXED OBJECT,FIXED OBJECT,,,,,,39.07816667,-77.08064667,"(39.07816667, -77.08064667)"
MCP31600042,230003939,Montgomery County Police,Property Damage Crash,01/24/2023 09:30:00 AM,Yes,,,,,,,,,,,5531 NICHOLSON LANE ROCKVILLE MD PARKING LOT,,,DRIVER,OTHER,CLEAR,,DAYLIGHT,NO CONTROLS,UNKNOWN,,PARKED VEHICLE,N/A,,,,,,38.99753333,-77.1097275,"(38.99753333, -77.1097275)"
MCP31900047,220046966,Montgomery County Police,Property Damage Crash,10/26/2022 11:05:00 AM,Yes,,,,,,,,,,,3300 OLNEY SANDY SPRING ROAD PARKING LOT,,,DRIVER,OTHER,CLEAR,,DAYLIGHT,NO CONTROLS,NONE DETECTED,,PARKED VEHICLE,N/A,,,,,,39.15209333,-77.065765,"(39.15209333, -77.065765)"
MCP3020004S,200005595,Montgomery County Police,Property Damage Crash,02/03/2020 11:15:00 AM,No,County,West,,2,South,350,FEET,GRADE DOWNHILL,WELLER RD,GOODHILL RD,,N/A,,DRIVER,SAME DIRECTION SIDESWIPE,CLEAR,DRY,DAYLIGHT,NO CONTROLS,NONE DETECTED,,PARKED VEHICLE,N/A,NON INTERSECTION,N/A,STRAIGHT,NO DEFECTS,"TWO-WAY, NOT DIVIDED",39.06389833,-77.07089833,"(39.06389833, -77.07089833)"
MCP24380020,190020286,Montgomery County Police,Injury Crash,04/30/2019 03:39:00 PM,No,US (State),South,,5,North,0,FEET,LEVEL,COLUMBIA PIKE,STEWART LA,,N/A,,DRIVER,STRAIGHT MOVEMENT ANGLE,CLEAR,DRY,DAYLIGHT,TRAFFIC SIGNAL,N/A,,OTHER VEHICLE,N/A,INTERSECTION,FOUR-WAY INTERSECTION,STRAIGHT,NO DEFECTS,"TWO-WAY, DIVIDED, POSITIVE MEDIAN BARRIER",39.04659,-76.98700167,"(39.04659, -76.98700167)"
MCP1121002Y,170528014,Montgomery County Police,Property Damage Crash,08/31/2017 04:30:00 PM,No,County,North,LEFT TURN LANE,2,South,5,FEET,LEVEL,AIRPARK RD,WOODFIELD RD,,N/A,,DRIVER,SAME DIR REAR END,CLEAR,DRY,DAYLIGHT,TRAFFIC SIGNAL,NONE DETECTED,,OTHER VEHICLE,N/A,INTERSECTION RELATED,FOUR-WAY INTERSECTION,CURVE RIGHT,NO DEFECTS,"TWO-WAY, DIVIDED, POSITIVE MEDIAN BARRIER",39.169655,-77.15413,"(39.169655, -77.15413)"
MCP02510016,170508348,Montgomery County Police,Injury Crash,05/17/2017 06:09:00 PM,No,County,North,,2,North,0,FEET,LEVEL,RIFFLE FORD RD,GERMANTOWN RD,,N/A,BICYCLIST,NONMOTORIST,ANGLE MEETS LEFT HEAD ON,CLEAR,DRY,DAYLIGHT,NO CONTROLS,NONE DETECTED,NONE DETECTED,BICYCLE,N/A,INTERSECTION,T-INTERSECTION,STRAIGHT,NO DEFECTS,"TWO-WAY, NOT DIVIDED",39.14782333,-77.29008167,"(39.14782333, -77.29008167)"
MCP3109007Y,230013799,Montgomery County Police,Fatal Crash,03/22/2023 12:27:00 AM,No,County,North,,1,North,0.25,MILE,GRADE DOWNHILL,TURKEY FOOT RD,JONES LA,,N/A,,DRIVER,SINGLE VEHICLE,CLEAR,DRY,DARK NO LIGHTS,NO CONTROLS,ALCOHOL PRESENT,,FIXED OBJECT,FIXED OBJECT,NON INTERSECTION,N/A,CURVE LEFT,NO DEFECTS,"TWO-WAY, DIVIDED, UNPROTECTED PAINTED MIN 4 FEET",39.09198998,-77.27079551,"(39.09198998, -77.27079551)"
MCP2376000H,17050402,Montgomery County Police,Property Damage Crash,04/25/2017 01:31:00 AM,Yes,County,South,OTHER,2,North,10,FEET,LEVEL,NORFOLK AVE,WOODMONT AVE,,N/A,,DRIVER,OTHER,RAINING,WET,DARK LIGHTS ON,NO CONTROLS,NONE DETECTED,,PARKED VEHICLE,N/A,INTERSECTION RELATED,T-INTERSECTION,STRAIGHT,NO DEFECTS,"TWO-WAY, NOT DIVIDED",38.99001,-77.09683,"(38.99001, -77.09683)"
MCP2720000P,15001162,Montgomery County Police,Injury Crash,01/07/2015 04:29:00 PM,No,,,,,,0,,,,,"Parking lot of 15107 Interlachen Drive, Silver Spring, Maryland 20906",,,UNKNOWN,SINGLE VEHICLE,CLEAR,,DAYLIGHT,N/A,UNKNOWN,,OTHER OBJECT,OFF ROAD,,,,,,39.10513667,-77.06852,"(39.10513667, -77.06852)"
MCP2753003K,180029333,Montgomery County Police,Property Damage Crash,06/14/2018 08:30:00 AM,No,County,South,,3,North,50,FEET,LEVEL,CONNECTICUT AVE SERVICE RD,CAREY ST,,N/A,,DRIVER,SAME DIR REAR END,CLEAR,DRY,DAYLIGHT,NO CONTROLS,NONE DETECTED,,OTHER VEHICLE,N/A,N/A,N/A,STRAIGHT,NO DEFECTS,"TWO-WAY, DIVIDED, POSITIVE MEDIAN BARRIER",39.05556667,-77.07399,"(39.05556667, -77.07399)"
MCP32900027,230034915,Montgomery County Police,Property Damage Crash,07/22/2023 02:05:00 PM,Yes,Maryland (State),North,OTHER,1,North,0,FEET,LEVEL,GEORGIA AVE,RAMP 3 FR IS 495 EB TO MD 97 NB,,N/A,,DRIVER,SAME DIR REAR END,CLEAR,DRY,DAYLIGHT,NO CONTROLS,"N/A, NONE DETECTED",,OTHER VEHICLE,N/A,OTHER,OTHER,STRAIGHT,NO DEFECTS,ONE-WAY TRAFFICWAY,39.0143279,-77.04209871,"(39.0143279, -77.04209871)"
MCP30040028,180002949,Montgomery County Police,Injury Crash,01/18/2018 06:03:00 PM,No,Municipality,North,,3,West,0,FEET,LEVEL,WILLIAMS LA,CONNECTICUT AVE,,N/A,,DRIVER,SAME DIR REAR END,CLEAR,DRY,DARK LIGHTS ON,N/A,NONE DETECTED,,OTHER VEHICLE,N/A,INTERSECTION,N/A,STRAIGHT,NO DEFECTS,"TWO-WAY, DIVIDED, POSITIVE MEDIAN BARRIER",38.98350245,-77.07710758,"(38.98350245, -77.07710758)"
MCP229800ZJ,210052004,Montgomery County Police,Property Damage Crash,12/21/2021 11:35:00 AM,No,Maryland (State),East,,2,East,0.5,MILE,LEVEL,NORBECK RD,AVERY RD,,ROCKVILLE,,DRIVER,SAME DIR REAR END,CLOUDY,DRY,DAYLIGHT,NO CONTROLS,NONE DETECTED,,OTHER VEHICLE,N/A,NON INTERSECTION,N/A,STRAIGHT,HOLES RUTS ETC,"TWO-WAY, DIVIDED, POSITIVE MEDIAN BARRIER",39.09400167,-77.11775667,"(39.09400167, -77.11775667)"
MCP1220002H,15042444,MONTGOMERY,Injury Crash,08/24/2015 02:59:00 PM,No,US (State),North,,3,North,,MILE,LEVEL,COLUMBIA PIKE,STEWART LA,,N/A,,DRIVER,SAME DIR REAR END,CLOUDY,DRY,DAYLIGHT,NO CONTROLS,NONE DETECTED,,OTHER VEHICLE,OTHER VEHICLE,NON INTERSECTION,N/A,STRAIGHT,NO DEFECTS,"TWO-WAY, DIVIDED, POSITIVE MEDIAN BARRIER",39.05114167,-76.97924,"(39.05114167, -76.97924)"
MCP3061000G,170528694,Montgomery County Police,Property Damage Crash,09/04/2017 09:50:00 AM,Yes,County,South,,2,South,0,FEET,LEVEL,FATHER HURLEY BLVD,WISTERIA DR,,N/A,,DRIVER,STRAIGHT MOVEMENT ANGLE,CLEAR,DRY,DARK LIGHTS ON,TRAFFIC SIGNAL,"N/A, UNKNOWN",,OTHER VEHICLE,OTHER OBJECT,INTERSECTION,FOUR-WAY INTERSECTION,STRAIGHT,NO DEFECTS,"TWO-WAY, DIVIDED, POSITIVE MEDIAN BARRIER",39.18145802,-77.27627635,"(39.18145802, -77.27627635)"
MCP20590059,180028677,Montgomery County Police,Property Damage Crash,06/10/2018 02:00:00 AM,Yes,County,North,,1,North,80,FEET,LEVEL,GILMOURE DR,KERWIN RD,,N/A,,DRIVER,SAME DIR REAR END,UNKNOWN,UNKNOWN,DARK LIGHTS ON,NO CONTROLS,UNKNOWN,,PARKED VEHICLE,N/A,NON INTERSECTION,N/A,STRAIGHT,NO DEFECTS,"TWO-WAY, NOT DIVIDED",39.02761257,-77.02156909,"(39.02761257, -77.02156909)"
MCP3207001B,200044557,Montgomery County Police,Injury Crash,11/11/2020 03:38:00 PM,No,US (State),North,,3,North,0,FEET,HILL UPHILL,COLUMBIA PIKE,FAIRLAND RD,,N/A,,DRIVER,SINGLE VEHICLE,RAINING,WET,DAYLIGHT,TRAFFIC SIGNAL,NONE DETECTED,,FIXED OBJECT,N/A,INTERSECTION,FOUR-WAY INTERSECTION,STRAIGHT,NO DEFECTS,"TWO-WAY, DIVIDED, POSITIVE MEDIAN BARRIER",39.07346383,-76.955583,"(39.07346383, -76.955583)"
MCP3262001C,210049611,Montgomery County Police,Injury Crash,12/06/2021 09:23:00 PM,No,County,South,,2,West,0,FEET,LEVEL,BRIGGS CHANEY RD,RAMP 6 FR BRIGGS CHANEY RD TO US 29 SB,,N/A,,DRIVER,SINGLE VEHICLE,CLEAR,DRY,DARK NO LIGHTS,NO CONTROLS,ILLEGAL DRUG PRESENT,,FIXED OBJECT,OFF ROAD,NON INTERSECTION,N/A,CURVE RIGHT,NO DEFECTS,"TWO-WAY, DIVIDED, POSITIVE MEDIAN BARRIER",39.08450433,-76.9480995,"(39.08450433, -76.9480995)"
MCP1205002D,16051145,Montgomery County Police,Injury Crash,10/05/2016 11:00:00 AM,No,County,South,,2,South,20,FEET,GRADE DOWNHILL,SHEPHERD ST,BRENNON LA,,N/A,PEDESTRIAN,UNKNOWN,OTHER,CLEAR,DRY,DAYLIGHT,NO CONTROLS,NONE DETECTED,NONE DETECTED,PEDESTRIAN,N/A,NON INTERSECTION,N/A,STRAIGHT,NO DEFECTS,"TWO-WAY, NOT DIVIDED",38.97957533,-77.0671311,"(38.97957533, -77.0671311)"
EJ7875002Q,220026200,Gaithersburg Police Depar,Injury Crash,06/17/2022 09:52:00 PM,No,Maryland (State),North,,4,North,0,FEET,LEVEL,FREDERICK RD,GAME PRESERVE RD,,N/A,,DRIVER,STRAIGHT MOVEMENT ANGLE,CLEAR,DRY,DARK NO LIGHTS,NO CONTROLS,N/A,,OTHER VEHICLE,FIXED OBJECT,INTERSECTION,FOUR-WAY INTERSECTION,STRAIGHT,NO DEFECTS,"TWO-WAY, DIVIDED, POSITIVE MEDIAN BARRIER",39.16490931,-77.22738066,"(39.16490931, -77.22738066)"
MCP2610000J,16024475,Montgomery County Police,Property Damage Crash,05/17/2016 12:20:00 PM,No,Interstate (State),South,,4,South,1,MILE,LEVEL,EISENHOWER MEMORIAL HWY,EXIT #11,,N/A,,DRIVER,SAME DIRECTION LEFT TURN,RAINING,WET,DAYLIGHT,N/A,NONE DETECTED,,OTHER VEHICLE,N/A,N/A,N/A,STRAIGHT,NO DEFECTS,"TWO-WAY, DIVIDED, POSITIVE MEDIAN BARRIER",39.23821167,-77.29144667,"(39.23821167, -77.29144667)"
MCP3184001J,200050721,Montgomery County Police,Property Damage Crash,12/25/2020 12:59:00 AM,No,County,East,,1,East,0,FEET,LEVEL,STEWART LA,OLD COLUMBIA PIKE,,N/A,,UNKNOWN,SINGLE VEHICLE,RAINING,WET,DARK NO LIGHTS,STOP SIGN,NONE DETECTED,,FIXED OBJECT,FIXED OBJECT,INTERSECTION,OTHER,STRAIGHT,NO DEFECTS,OTHER,39.05799667,-76.99383667,"(39.05799667, -76.99383667)"
MCP28980026,170511752,Montgomery County Police,Property Damage Crash,06/04/2017 03:52:00 PM,Yes,County,West,,2,West,1,MILE,LEVEL,BRINK RD,WILDCAT RD,,N/A,,DRIVER,SAME DIRECTION SIDESWIPE,CLEAR,DRY,DAYLIGHT,NO CONTROLS,"N/A, UNKNOWN",,OTHER VEHICLE,N/A,NON INTERSECTION,N/A,STRAIGHT,NO DEFECTS,"TWO-WAY, DIVIDED, UNPROTECTED PAINTED MIN 4 FEET",39.20868183,-77.23118037,"(39.20868183, -77.23118037)"