Report Number,Local Case Number,Agency Name,ACRS Report Type,Crash Date/Time,Hit/Run,Route Type,Lane Direction,Lane Type,Number of Lanes,Direction,Distance,Distance Unit,Road Grade,Road Name,Cross-Street Name,Off-Road Description,Municipality,Related Non-Motorist,At Fault,Collision Type,Weather,Surface Condition,Light,Traffic Control,Driver Substance Abuse,Non-Motorist Substance Abuse,First Harmful Event,Second Harmful Event,Junction,Intersection Type,Road Alignment,Road Condition,Road Division,Latitude,Longitude,Location
MCP2386000Z,16034969,Montgomery County Police,Property Damage Crash,07/10/2016 01:48:00 AM,Yes,Municipality,South,,2,North,0,MILE,GRADE DOWNHILL,DOMER AVE,SLIGO CREEK PKWY,,N/A,,DRIVER,OTHER,CLEAR,DRY,DARK NO LIGHTS,NO CONTROLS,UNKNOWN,,OTHER VEHICLE,N/A,NON INTERSECTION,N/A,STRAIGHT,NO DEFECTS,"TWO-WAY, NOT DIVIDED",38.99578489,-77.00389266,"(38.99578489, -77.00389266)"
MCP3173001P,210007578,Montgomery County Police,Property Damage Crash,02/28/2021 03:32:00 AM,No,County,East,OFF ROAD,1,East,0,FEET,GRADE DOWNHILL,APPLE GROVE RD,MILESTONE DR,,N/A,,DRIVER,SINGLE VEHICLE,N/A,DRY,DARK NO LIGHTS,NO CONTROLS,UNKNOWN,,FIXED OBJECT,EXPLOSION OR FIRE,N/A,N/A,STRAIGHT,NO DEFECTS,"TWO-WAY, NOT DIVIDED",39.0462895,-76.99712667,"(39.0462895, -76.99712667)"
MCP2635007Z,230014867,Montgomery County Police,Property Damage Crash,03/27/2023 08:05:00 PM,No,Maryland (State),East,,3,East,0,FEET,GRADE DOWNHILL,OLNEY SANDY SPRING RD,ENT TO SHOPPING CENTER,,N/A,,DRIVER,STRAIGHT MOVEMENT ANGLE,CLEAR,DRY,DARK LIGHTS ON,TRAFFIC SIGNAL,"ALCOHOL CONTRIBUTED, N/A",,OTHER VEHICLE,N/A,INTERSECTION,FOUR-WAY INTERSECTION,STRAIGHT,HOLES RUTS ETC,"TWO-WAY, DIVIDED, POSITIVE MEDIAN BARRIER",39.1518682,-77.0644303,"(39.1518682, -77.0644303)"
MCP2339009H,240034326,MONTGOMERY,Property Damage Crash,07/20/2024 05:40:00 PM,No,County Route,Westbound,Lane 1,6,South,0,FEET,Level,MONTROSE PKWY (WB/L),MONTROSE RD (WB/L),,,,DRIVER,Single Vehicle,Rain,Wet,Daylight,Traffic Control Signal,"Not Suspect of Alcohol Use, Not Suspect of Drug Use",,Curb,Not Applicable,Intersection or Related,Perpendicular,Curve Right,No Defects,"Divided, Flush Median (greater than 4ft wide)",39.05346267,-77.136341,"(39.05346267, -77.136341)"
MCP2177004W,230068653,Montgomery County Police,Property Damage Crash,11/28/2023 08:20:00 AM,No,Maryland (State),West,,3,East,0,FEET,LEVEL,UNIVERSITY BLVD W,SUTHERLAND RD,,N/A,,DRIVER,SAME DIRECTION RIGHT TURN,CLEAR,DRY,DAYLIGHT,NO CONTROLS,NONE DETECTED,,OTHER VEHICLE,N/A,INTERSECTION,T-INTERSECTION,STRAIGHT,NO DEFECTS,ONE-WAY TRAFFICWAY,39.02088459,-77.01353034,"(39.02088459, -77.01353034)"
DD5520001K,220051215,Rockville Police Departme,Injury Crash,11/19/2022 03:14:00 PM,No,Municipality,West,,1,North,0,FEET,LEVEL,EDMONSTON DR,CRAWFORD DR,,ROCKVILLE,PEDESTRIAN,DRIVER,OTHER,N/A,DRY,DAYLIGHT,N/A,NONE DETECTED,NONE DETECTED,PEDESTRIAN,N/A,INTERSECTION,T-INTERSECTION,STRAIGHT,NO DEFECTS,"TWO-WAY, NOT DIVIDED",39.06947791,-77.13071684,"(39.06947791, -77.13071684)"
MCP30630009,170524584,Montgomery County Police,Injury Crash,08/13/2017 04:05:00 AM,No,Maryland (State),North,,2,North,0,FEET,LEVEL,OLD COLUMBIA PIKE,E RANDOLPH RD,,N/A,,DRIVER,STRAIGHT MOVEMENT ANGLE,CLEAR,DRY,DARK LIGHTS ON,TRAFFIC SIGNAL,NONE DETECTED,,OTHER VEHICLE,FIXED OBJECT,INTERSECTION,FOUR-WAY INTERSECTION,STRAIGHT,NO DEFECTS,"TWO-WAY, DIVIDED, UNPROTECTED PAINTED MIN 4 FEET",39.06341848,-76.96589381,"(39.06341848, -76.96589381)"
MCP3029003J,210038114,Montgomery County Police,Injury Crash,09/26/2021 05:10:00 PM,No,County,East,,1,East,0,FEET,LEVEL,BRIGGS CHANEY RD,NEES LA,,N/A,BICYCLIST,DRIVER,SINGLE VEHICLE,CLEAR,DRY,DAYLIGHT,STOP SIGN,NONE DETECTED,NONE DETECTED,BICYCLE,N/A,NON INTERSECTION,N/A,STRAIGHT,NO DEFECTS,"TWO-WAY, DIVIDED, UNPROTECTED PAINTED MIN 4 FEET",39.087185,-76.96059167,"(39.087185, -76.96059167)"
MCP11190020,16005477,Montgomery County Police,Property Damage Crash,02/02/2016 03:41:00 PM,No,Maryland (State),East,,2,East,0,FEET,HILL UPHILL,OLNEY SANDY SPRING RD,OLD BALTIMORE RD,,N/A,,DRIVER,SAME DIR REAR END,CLEAR,DRY,DAYLIGHT,TRAFFIC SIGNAL,NONE DETECTED,,OTHER VEHICLE,N/A,INTERSECTION,FOUR-WAY INTERSECTION,STRAIGHT,NO DEFECTS,"TWO-WAY, DIVIDED, UNPROTECTED PAINTED MIN 4 FEET",39.14433167,-77.05121,"(39.14433167, -77.05121)"
MCP28750085,240002253,MONTGOMERY,Property Damage Crash,01/14/2024 03:44:00 PM,No,County Route,"Northbound, Westbound",Lane 1,2,North,0,FEET,Level,ANNAPOLIS ROCK RD,DAMASCUS RD,,,,DRIVER,Rear To Side,Clear,Dry,Daylight,"No Controls, Stop Sign","Not Suspect of Alcohol Use, Not Suspect of Drug Use, Not Suspect of Alcohol Use, Not Suspect of Drug Use",,Motor Vehicle In Transport,Not Applicable,Intersection or Related,Angled/Skewed,Straight,,Not Divided,39.26922833,-77.15239833,"(39.26922833, -77.15239833)"
DD5595008Y,200036206,Rockville Police Departme,Injury Crash,09/15/2020 06:10:00 PM,No,Maryland (State),East,,3,West,2,FEET,GRADE DOWNHILL,VEIRS MILL RD,BROADWOOD DR,,ROCKVILLE,,DRIVER,SAME DIR REAR END,CLEAR,DRY,DAYLIGHT,TRAFFIC SIGNAL,NONE DETECTED,,OTHER VEHICLE,N/A,INTERSECTION RELATED,FOUR-WAY INTERSECTION,STRAIGHT,NO DEFECTS,"TWO-WAY, DIVIDED, POSITIVE MEDIAN BARRIER",39.07720167,-77.12372,"(39.07720167, -77.12372)"
MCP31010009,180009507,Montgomery County Police,Injury Crash,02/23/2018 10:00:00 PM,Yes,County,East,,1,North,0,UNKNOWN,LEVEL,GAME PRESERVE RD,CLOPPER RD,,N/A,,DRIVER,HEAD ON,RAINING,WET,DARK NO LIGHTS,N/A,"N/A, UNKNOWN",,OTHER VEHICLE,OTHER VEHICLE,NON INTERSECTION,N/A,CURVE LEFT,NO DEFECTS,"TWO-WAY, NOT DIVIDED",39.14629167,-77.23513667,"(39.14629167, -77.23513667)"
DM84800017,230032485,Takoma Park Police Depart,Property Damage Crash,07/08/2023 03:55:00 AM,Yes,,,,,,,,,,,PARKING LOT,,,DRIVER,HEAD ON,N/A,,DARK LIGHTS ON,NO CONTROLS,"NONE DETECTED, UNKNOWN",,OTHER VEHICLE,PARKED VEHICLE,,,,,,38.986792,-76.98716237,"(38.986792, -76.98716237)"
MCP1205006C,200026295,Montgomery County Police,Property Damage Crash,07/07/2020 07:50:00 AM,Yes,Maryland (State),South,,3,North,0,FEET,LEVEL,CONNECTICUT AVE,PLYERS MILL RD,,N/A,,DRIVER,OPPOSITE DIRECTION SIDESWIPE,CLOUDY,DRY,DAYLIGHT,TRAFFIC SIGNAL,NONE DETECTED,,OTHER VEHICLE,N/A,INTERSECTION,FOUR-WAY INTERSECTION,STRAIGHT,NO DEFECTS,"TWO-WAY, DIVIDED, POSITIVE MEDIAN BARRIER",39.02966407,-77.07599815,"(39.02966407, -77.07599815)"
DD55670066,240052536,ROCKVILLE,Property Damage Crash,11/01/2024 06:06:00 PM,No,,,,0,,,FEET,,,,Parking Lot Way        P/L OF 1902 VEIRS MILL RD,,,DRIVER,Angle,Clear,,Dusk,,"Not Suspect of Alcohol Use, Not Suspect of Drug Use, Not Suspect of Alcohol Use, Not Suspect of Drug Use",,Motor Vehicle In Transport,,,,,,,39.07566165,-77.11714611,"(39.07566165, -77.11714611)"
MCP2402000M,200025745,Montgomery County Police,Property Damage Crash,07/02/2020 06:10:00 PM,No,County,South,,3,North,200,FEET,LEVEL,SAM EIG HWY,GREAT SENECA HWY,,N/A,,DRIVER,SAME DIR REAR END,CLEAR,DRY,DAYLIGHT,N/A,N/A,,OTHER VEHICLE,N/A,NON INTERSECTION,N/A,STRAIGHT,NO DEFECTS,"TWO-WAY, DIVIDED, POSITIVE MEDIAN BARRIER",39.11005167,-77.21179167,"(39.11005167, -77.21179167)"
MCP2358009G,220014247,Montgomery County Police,Property Damage Crash,04/04/2022 07:50:00 AM,No,County,West,,2,West,0,FEET,GRADE DOWNHILL,DEMOCRACY BLVD,GAINSBOROUGH RD,,N/A,,DRIVER,STRAIGHT MOVEMENT ANGLE,CLEAR,DRY,DAYLIGHT,TRAFFIC SIGNAL,NONE DETECTED,,OTHER VEHICLE,N/A,INTERSECTION,FOUR-WAY INTERSECTION,STRAIGHT,NO DEFECTS,"TWO-WAY, NOT DIVIDED",39.0222785,-77.16768967,"(39.0222785, -77.16768967)"
MCP3197000H,190049703,Montgomery County Police,Property Damage Crash,10/16/2019 07:43:00 PM,No,Maryland (State),North,LEFT TURN LANE,3,East,0,FEET,LEVEL,UNIVERSITY BLVD W,REEDIE DR,,N/A,,DRIVER,HEAD ON LEFT TURN,CLEAR,DRY,DARK LIGHTS ON,FLASHING TRAFFIC SIGNAL,N/A,,OTHER VEHICLE,N/A,INTERSECTION,FOUR-WAY INTERSECTION,STRAIGHT,NO DEFECTS,"TWO-WAY, DIVIDED, UNPROTECTED PAINTED MIN 4 FEET",39.03999412,-77.04302075,"(39.03999412, -77.04302075)"
MCP136600BB,210006914,Montgomery County Police,Injury Crash,02/23/2021 10:46:00 AM,No,Maryland (State),North,,3,South,10,FEET,LEVEL,FREDERICK RD,ENT TO BUSINESS,,N/A,,DRIVER,SAME DIR REAR END,CLEAR,DRY,DAYLIGHT,NO CONTROLS,NONE DETECTED,,OTHER VEHICLE,N/A,NON INTERSECTION,N/A,STRAIGHT,NO DEFECTS,"TWO-WAY, DIVIDED, POSITIVE MEDIAN BARRIER",39.10729,-77.15875833,"(39.10729, -77.15875833)"
MCP3022002S,190029535,Montgomery County Police,Property Damage Crash,06/20/2019 04:00:00 PM,Yes,County,North,,1,South,300,FEET,LEVEL,PECAN GROVE LA,BUSH HILL TERR,,N/A,,DRIVER,OTHER,CLEAR,DRY,DAYLIGHT,N/A,UNKNOWN,,OTHER VEHICLE,N/A,NON INTERSECTION,N/A,STRAIGHT,NO DEFECTS,"TWO-WAY, NOT DIVIDED",39.251505,-77.19805,"(39.251505, -77.19805)"
MCP23610002,17014417,Montgomery County Police,Property Damage Crash,03/21/2017 12:01:00 PM,No,County,South,,3,North,5,FEET,LEVEL,SHADY GROVE RD,RAMP 9 FR IS 370 EB TO SHADY GROVE RD,,N/A,,DRIVER,SAME DIR BOTH LEFT TURN,CLOUDY,DRY,DAYLIGHT,TRAFFIC SIGNAL,NONE DETECTED,,OTHER VEHICLE,N/A,INTERCHANGE RELATED,FOUR-WAY INTERSECTION,CURVE LEFT,NO DEFECTS,"TWO-WAY, DIVIDED, POSITIVE MEDIAN BARRIER",39.12055112,-77.1802821,"(39.12055112, -77.1802821)"
MCP94190016,170503561,Montgomery County Police,Property Damage Crash,04/22/2017 02:14:00 PM,No,County,North,,4,North,0.25,MILE,LEVEL,REDLAND RD,ENT SHADY GROVE METRO STATION,,N/A,,DRIVER,STRAIGHT MOVEMENT ANGLE,RAINING,WET,DAYLIGHT,OTHER,NONE DETECTED,,OTHER VEHICLE,N/A,NON INTERSECTION,N/A,STRAIGHT,NO DEFECTS,"TWO-WAY, DIVIDED, POSITIVE MEDIAN BARRIER",39.83806818,-76.86584473,"(39.83806818, -76.86584473)"
MCP33000013,210046604,Montgomery County Police,Property Damage Crash,11/17/2021 07:49:00 AM,No,Maryland (State),South,,3,East,0,FEET,HILL UPHILL,VEIRS MILL RD,GAIL ST,,N/A,,DRIVER,STRAIGHT MOVEMENT ANGLE,CLEAR,DRY,DAYLIGHT,STOP SIGN,NONE DETECTED,,OTHER VEHICLE,FIXED OBJECT,INTERSECTION,T-INTERSECTION,CURVE RIGHT,NO DEFECTS,"TWO-WAY, DIVIDED, POSITIVE MEDIAN BARRIER",39.049341,-77.07049167,"(39.049341, -77.07049167)"
MCP31170021,190040705,Montgomery County Police,Property Damage Crash,08/25/2019 06:10:00 PM,No,Maryland (State),South,,2,North,0.5,MILE,LEVEL,FALLS RD,DEMOCRACY BLVD,,N/A,,DRIVER,SINGLE VEHICLE,CLEAR,DRY,DAYLIGHT,NO CONTROLS,NONE DETECTED,,OTHER VEHICLE,N/A,NON INTERSECTION,N/A,CURVE LEFT,NO DEFECTS,"TWO-WAY, NOT DIVIDED",39.03045833,-77.20169,"(39.03045833, -77.20169)"
MCP25220013,200027746,Montgomery County Police,Injury Crash,07/17/2020 08:00:00 AM,No,Maryland (State),West,,2,East,100,FEET,LEVEL,RIVER RD,NEWBRIDGE DR,,N/A,,DRIVER,OTHER,CLEAR,DRY,DAYLIGHT,NO CONTROLS,NONE DETECTED,,OTHER VEHICLE,PARKED VEHICLE,NON INTERSECTION,N/A,STRAIGHT,NO DEFECTS,"TWO-WAY, DIVIDED, UNPROTECTED PAINTED MIN 4 FEET",39.00887981,-77.19471731,"(39.00887981, -77.19471731)"
MCP913000C7,220009165,Montgomery County Police,Property Damage Crash,03/03/2022 09:17:00 AM,No,Maryland (State),South,,2,South,15,FEET,HILL UPHILL,PINEY BRANCH RD,ENT TO APTS,,N/A,,DRIVER,SAME DIR REAR END,CLEAR,DRY,DAYLIGHT,NO CONTROLS,NONE DETECTED,,OTHER VEHICLE,N/A,RESIDENTIAL DRIVEWAY,N/A,STRAIGHT,NO DEFECTS,"TWO-WAY, NOT DIVIDED",38.99976819,-76.99233546,"(38.99976819, -76.99233546)"
MCP3058002M,190008072,Montgomery County Police,Injury Crash,02/19/2019 06:00:00 PM,No,County,North,,2,North,50,FEET,LEVEL,MUDDY BRANCH RD,STONEBRIDGE VIEW DR,,N/A,,DRIVER,SAME DIR REAR END,CLEAR,DRY,DUSK,NO CONTROLS,NONE DETECTED,,OTHER VEHICLE,N/A,NON INTERSECTION,N/A,STRAIGHT,NO DEFECTS,"TWO-WAY, NOT DIVIDED",39.10110667,-77.22262,"(39.10110667, -77.22262)"
MCP0487002B,180025842,Montgomery County Police,Injury Crash,05/26/2018 08:10:00 AM,No,County,North,,1,South,0,FEET,GRADE DOWNHILL,FLOWER HILL WAY,STREAMSIDE DR,,N/A,,DRIVER,HEAD ON LEFT TURN,CLEAR,DRY,DAYLIGHT,NO CONTROLS,"N/A, NONE DETECTED",,OTHER VEHICLE,OTHER VEHICLE,INTERSECTION,FOUR-WAY INTERSECTION,STRAIGHT,NO DEFECTS,"TWO-WAY, NOT DIVIDED",39.15729167,-77.16827333,"(39.15729167, -77.16827333)"
MCP12020012,15065949,MONTGOMERY,Injury Crash,12/24/2015 11:13:00 AM,No,County,East,SHOULDER AREA,2,East,50,FEET,LEVEL,MONTROSE AVE,WEYMOUTH ST,,N/A,,DRIVER,OPPOSITE DIRECTION SIDESWIPE,CLEAR,DRY,DAYLIGHT,NO CONTROLS,MEDICATION PRESENT,,PARKED VEHICLE,FIXED OBJECT,NON INTERSECTION,N/A,STRAIGHT,N/A,"TWO-WAY, NOT DIVIDED",39.02616833,-77.100735,"(39.02616833, -77.100735)"
MCP3290002T,240002485,MONTGOMERY,Property Damage Crash,01/16/2024 10:32:00 AM,,County Route,"Northbound, Southbound",Lane 1,"3, 4",East,18.55,FEET,Level,NOYES DR,,,,,UNKNOWN,Angle,Clear,Snow,Daylight,No Controls,"Not Suspect of Alcohol Use, Not Suspect of Drug Use, Unknown, Unknown",,Motor Vehicle In Transport,,Crossover-Related,,Straight,,"Divided, Raised Median (curbed)",39.00238625,-77.03505727,"(39.00238625, -77.03505727)"
MCP15750092,190037266,Montgomery County Police,Injury Crash,08/05/2019 01:08:00 PM,No,,,,,,,,,,,PK LOT 12600 TWINBROOK PKWY,,PEDESTRIAN,DRIVER,OTHER,CLEAR,,DAYLIGHT,NO CONTROLS,NONE DETECTED,NONE DETECTED,PARKED VEHICLE,PEDESTRIAN,,,,,,39.06307333,-77.11688167,"(39.06307333, -77.11688167)"
MCP09420011,17001600,Montgomery County Police,Property Damage Crash,01/10/2017 11:13:00 AM,No,County,East,,2,South,0,FEET,LEVEL,WOODMONT AVE,WISCONSIN AVE,,N/A,,DRIVER,SAME DIRECTION RIGHT TURN,CLOUDY,DRY,DAYLIGHT,TRAFFIC SIGNAL,NONE DETECTED,,OTHER VEHICLE,N/A,INTERSECTION,FOUR-WAY INTERSECTION,STRAIGHT,NO DEFECTS,"TWO-WAY, NOT DIVIDED",38.97993667,-77.09254333,"(38.97993667, -77.09254333)"
MCP23450010,230060767,Montgomery County Police,Property Damage Crash,10/15/2023 11:10:00 PM,No,County,West,,1,West,0.3,MILE,HILL UPHILL,MONTROSE RD,WHITES FORD WAY,,N/A,,DRIVER,SINGLE VEHICLE,CLEAR,DRY,DARK LIGHTS ON,N/A,ALCOHOL PRESENT,,OFF ROAD,N/A,NON INTERSECTION,N/A,STRAIGHT,NO DEFECTS,"TWO-WAY, DIVIDED, UNPROTECTED PAINTED MIN 4 FEET",39.05680167,-77.1653,"(39.05680167, -77.1653)"
MCP3226001D,210022316,Montgomery County Police,Injury Crash,06/11/2021 03:42:00 PM,No,Maryland (State),North,,1,North,0,FEET,LEVEL,NEW HAMPSHIRE AVE,SIR GALAHAD WAY,,N/A,,DRIVER,SINGLE VEHICLE,RAINING,WET,DAYLIGHT,NO CONTROLS,NONE DETECTED,,FIXED OBJECT,N/A,INTERSECTION,FOUR-WAY INTERSECTION,CURVE LEFT,NO DEFECTS,"TWO-WAY, NOT DIVIDED",39.14356483,-77.0016625,"(39.14356483, -77.0016625)"
MCP2930000C,15022334,Montgomery County Police,Property Damage Crash,05/10/2015 06:00:00 PM,No,County,East,,2,South,40,FEET,GRADE DOWNHILL,GOOD HOPE RD,CAPE MAY RD,,N/A,,DRIVER,SINGLE VEHICLE,CLEAR,DRY,DAYLIGHT,N/A,UNKNOWN,,FIXED OBJECT,N/A,NON INTERSECTION,N/A,CURVE LEFT,NO DEFECTS,"TWO-WAY, DIVIDED, UNPROTECTED PAINTED MIN 4 FEET",39.09291667,-76.995175,"(39.09291667, -76.995175)"
MCP2046005Q,16036873,Montgomery County Police,Property Damage Crash,07/21/2016 07:48:00 AM,No,Maryland (State),East,,2,East,20,FEET,LEVEL,EAST WEST HWY,SPUR FR US 29,,N/A,,DRIVER,SAME DIR REAR END,CLEAR,DRY,DAYLIGHT,TRAFFIC SIGNAL,NONE DETECTED,,OTHER VEHICLE,N/A,INTERSECTION RELATED,FOUR-WAY INTERSECTION,STRAIGHT,NO DEFECTS,"TWO-WAY, NOT DIVIDED",38.98775,-77.02705167,"(38.98775, -77.02705167)"
DD5633009K,250023043,ROCKVILLE,Property Damage Crash,05/24/2025 02:57:00 PM,,Municipality Route,Southbound,"Lane 1, Shoulder Area",1,West,15.94,FEET,Level,FIRST ST,,,,,DRIVER,"Sideswipe, Same Direction",Clear,Dry,Daylight,No Controls,"Unknown, Unknown",,Parked Vehicle,,Non-Junction,,Curve Left,No Defects,Not Divided,39.09578265,-77.13526321,"(39.09578265, -77.13526321)"
MCP2598003S,210052347,Montgomery County Police,Property Damage Crash,12/23/2021 01:41:00 PM,No,Maryland (State),North,,3,South,100,FEET,GRADE DOWNHILL,GERMANTOWN RD,OBSERVATION DR,,N/A,,DRIVER,SAME DIRECTION SIDESWIPE,N/A,DRY,DAYLIGHT,NO CONTROLS,NONE DETECTED,,OTHER VEHICLE,N/A,NON INTERSECTION,N/A,STRAIGHT,NO DEFECTS,"TWO-WAY, DIVIDED, POSITIVE MEDIAN BARRIER",39.191635,-77.245135,"(39.191635, -77.245135)"
MCP235800BF,230017254,Montgomery County Police,Injury Crash,04/11/2023 12:37:00 PM,No,County,West,,1,West,20,FEET,LEVEL,THOREAU DR,WHITTIER BLVD,,N/A,,DRIVER,SINGLE VEHICLE,CLEAR,DRY,DAYLIGHT,NO CONTROLS,NONE DETECTED,,FIXED OBJECT,N/A,NON INTERSECTION,N/A,OTHER,NO DEFECTS,OTHER,38.99331,-77.12974,"(38.99331, -77.12974)"
MCP1475000X,16060320,Montgomery County Police,Injury Crash,11/23/2016 06:07:00 PM,Yes,County,South,,2,North,200,FEET,LEVEL,LOST KNIFE RD,CONTOUR RD,,N/A,PEDESTRIAN,DRIVER,SINGLE VEHICLE,CLEAR,DRY,DARK LIGHTS ON,NO CONTROLS,UNKNOWN,NONE DETECTED,PEDESTRIAN,N/A,INTERSECTION RELATED,OTHER,STRAIGHT,NO DEFECTS,"TWO-WAY, DIVIDED, UNPROTECTED PAINTED MIN 4 FEET",39.15629835,-77.20232785,"(39.15629835, -77.20232785)"
MCP2764002R,230023000,Montgomery County Police,Injury Crash,05/13/2023 04:30:00 PM,No,Maryland (State),North,,3,North,0,FEET,LEVEL,GEORGIA AVE,BLUERIDGE AVE,,N/A,,DRIVER,SAME DIR REAR END,RAINING,WET,DAYLIGHT,TRAFFIC SIGNAL,"N/A, NONE DETECTED",,OTHER VEHICLE,OTHER VEHICLE,INTERSECTION,FOUR-WAY INTERSECTION,STRAIGHT,NO DEFECTS,"TWO-WAY, DIVIDED, POSITIVE MEDIAN BARRIER",39.04299,-77.05184,"(39.04299, -77.05184)"
MCP20460055,16016359,Montgomery County Police,Property Damage Crash,04/04/2016 08:47:00 AM,No,County,North,,1,North,0,FEET,HILL CREST,TRUMPET PL,CUL DE SAC,,N/A,,DRIVER,SAME DIRECTION SIDESWIPE,CLEAR,DRY,DAYLIGHT,N/A,NONE DETECTED,,PARKED VEHICLE,N/A,NON INTERSECTION,N/A,STRAIGHT,NO DEFECTS,"TWO-WAY, NOT DIVIDED",39.07407736,-76.94656849,"(39.07407736, -76.94656849)"
MCP2813004Z,180026799,Montgomery County Police,Property Damage Crash,05/31/2018 05:52:00 PM,No,Maryland (State),North,,3,North,0,FEET,LEVEL,GEORGIA AVE,REEDIE DR,,N/A,,DRIVER,HEAD ON LEFT TURN,CLOUDY,WET,DARK LIGHTS ON,TRAFFIC SIGNAL,N/A,,OTHER VEHICLE,N/A,INTERSECTION,FOUR-WAY INTERSECTION,STRAIGHT,NO DEFECTS,"TWO-WAY, DIVIDED, POSITIVE MEDIAN BARRIER",39.03864167,-77.05079,"(39.03864167, -77.05079)"
MCP12570007,15003022,Montgomery County Police,Property Damage Crash,01/19/2015 02:00:00 PM,Yes,,,,,,0,,,,,parking lot of 19718 germantown rd.,,,DRIVER,OTHER,CLEAR,,DAYLIGHT,NO CONTROLS,NONE DETECTED,,PARKED VEHICLE,N/A,,,,,,39.183965,-77.26362167,"(39.183965, -77.26362167)"
MCP33190012,220024068,Montgomery County Police,Injury Crash,06/05/2022 12:27:00 PM,No,Maryland (State),North,,7,North,0,FEET,LEVEL,GEORGIA AVE,SEMINARY PL,,N/A,,DRIVER,SAME DIR REAR END,CLEAR,DRY,DAYLIGHT,N/A,"ILLEGAL DRUG PRESENT, N/A",,OTHER VEHICLE,OTHER VEHICLE,N/A,T-INTERSECTION,STRAIGHT,NO DEFECTS,"TWO-WAY, DIVIDED, UNPROTECTED PAINTED MIN 4 FEET",39.00949667,-77.04081,"(39.00949667, -77.04081)"
MCP3059005K,210000590,Montgomery County Police,Property Damage Crash,01/05/2021 06:40:00 PM,No,Maryland (State),South,,3,South,1,FEET,LEVEL,FREDERICK RD,GUNNERS BRANCH RD,,N/A,,DRIVER,HEAD ON LEFT TURN,CLEAR,DRY,DARK LIGHTS ON,TRAFFIC SIGNAL,NONE DETECTED,,OTHER VEHICLE,OTHER VEHICLE,N/A,FOUR-WAY INTERSECTION,STRAIGHT,NO DEFECTS,"TWO-WAY, DIVIDED, POSITIVE MEDIAN BARRIER",39.17832167,-77.23881,"(39.17832167, -77.23881)"
MCP2939000Q,15061583,MONTGOMERY,Injury Crash,12/02/2015 05:17:00 PM,No,County,South,,1,East,1,MILE,GRADE DOWNHILL,CLOPPER RD,WHITE GROUNDS RD,,N/A,,DRIVER,HEAD ON,RAINING,WET,DARK NO LIGHTS,N/A,"N/A, NONE DETECTED",,OTHER VEHICLE,N/A,NON INTERSECTION,N/A,CURVE RIGHT,NO DEFECTS,"TWO-WAY, DIVIDED, UNPROTECTED PAINTED MIN 4 FEET",39.17902,-77.30150833,"(39.17902, -77.30150833)"
MCP29190025,16061847,Montgomery County Police,Injury Crash,12/02/2016 09:21:00 AM,No,US (State),North,,3,South,0,FEET,LEVEL,GEORGIA AVE,KING ST,,N/A,,DRIVER,ANGLE MEETS LEFT TURN,CLEAR,DRY,DAYLIGHT,NO CONTROLS,NONE DETECTED,,OTHER VEHICLE,N/A,N/A,FOUR-WAY INTERSECTION,STRAIGHT,NO DEFECTS,"TWO-WAY, NOT DIVIDED",38.986645,-77.02662,"(38.986645, -77.02662)"
EJ7781004H,230059804,Gaithersburg Police Depar,Property Damage Crash,10/11/2023 08:29:00 AM,No,,,,,,,,,,,P/L OF 415 WEST SIDE DR,,,DRIVER,OTHER,CLEAR,,DAYLIGHT,NO CONTROLS,"N/A, NONE DETECTED",,OTHER VEHICLE,N/A,,,,,,39.12450217,-77.20809145,"(39.12450217, -77.20809145)"
MCP3069001N,200028506,Montgomery County Police,Property Damage Crash,07/22/2020 06:29:00 PM,Yes,Maryland (State),North,,3,North,0,FEET,GRADE DOWNHILL,ROCKVILLE PIKE,RAMP 4 FR MD 355 NB TO MONTROSE PKWY,,N/A,,DRIVER,SAME DIR REAR END,RAINING,WET,DAYLIGHT,TRAFFIC SIGNAL,"NONE DETECTED, UNKNOWN",,OTHER VEHICLE,OTHER VEHICLE,INTERSECTION,FOUR-WAY INTERSECTION,STRAIGHT,NO DEFECTS,ONE-WAY TRAFFICWAY,39.00393667,-77.10172333,"(39.00393667, -77.10172333)"
MCP3058001J,180017452,Montgomery County Police,Property Damage Crash,04/10/2018 04:20:00 PM,Yes,,,,,,,,,,,PARKING LOT OF 1283 SEVEN LOCKS RD,,,DRIVER,OPPOSITE DIRECTION SIDESWIPE,CLEAR,,DAYLIGHT,NO CONTROLS,N/A,,OTHER VEHICLE,N/A,,,,,,39.06566,-77.15941167,"(39.06566, -77.15941167)"
MCP3140000B,180044989,Montgomery County Police,Injury Crash,09/09/2018 03:19:00 AM,No,County,West,,2,West,230,FEET,GRADE DOWNHILL,EDSON LA,STRAND DR,,N/A,,DRIVER,SAME DIR REAR END,RAINING,WET,DARK LIGHTS ON,N/A,ALCOHOL CONTRIBUTED,,PARKED VEHICLE,N/A,NON INTERSECTION,N/A,STRAIGHT,NO DEFECTS,"TWO-WAY, NOT DIVIDED",39.04034209,-77.11619266,"(39.04034209, -77.11619266)"