Report Number,Local Case Number,Agency Name,ACRS Report Type,Crash Date/Time,Hit/Run,Route Type,Lane Direction,Lane Type,Number of Lanes,Direction,Distance,Distance Unit,Road Grade,Road Name,Cross-Street Name,Off-Road Description,Municipality,Related Non-Motorist,At Fault,Collision Type,Weather,Surface Condition,Light,Traffic Control,Driver Substance Abuse,Non-Motorist Substance Abuse,First Harmful Event,Second Harmful Event,Junction,Intersection Type,Road Alignment,Road Condition,Road Division,Latitude,Longitude,Location
MCP30090080,240034111,MONTGOMERY,Property Damage Crash,07/19/2024 02:30:00 PM,No,County Route,"Southbound, Westbound",Lane 1,"1, 2",East,0,FEET,Level,MIDDLEBROOK RD (WB/L),SCENERY DR,,,,DRIVER,Angle,Clear,Dry,Daylight,"No Controls, Stop Sign","Not Suspect of Alcohol Use, Not Suspect of Drug Use, Not Suspect of Alcohol Use, Not Suspect of Drug Use",,Motor Vehicle In Transport,Not Applicable,Intersection or Related,Perpendicular,Straight,No Defects,Not Divided,39.18162032,-77.23184837,"(39.18162032, -77.23184837)"
MCP3277003C,230072658,Montgomery County Police,Property Damage Crash,12/19/2023 09:40:00 PM,No,Maryland (State),East,,3,East,0,FEET,LEVEL,W DIAMOND AVE,QUINCE ORCHARD RD,,N/A,,DRIVER,STRAIGHT MOVEMENT ANGLE,CLEAR,DRY,DARK LIGHTS ON,TRAFFIC SIGNAL,NONE DETECTED,,OTHER VEHICLE,OTHER VEHICLE,INTERSECTION,FOUR-WAY INTERSECTION,STRAIGHT,NO DEFECTS,"TWO-WAY, DIVIDED, POSITIVE MEDIAN BARRIER",39.14274033,-77.22082733,"(39.14274033, -77.22082733)"
MCP2345000W,230021666,Montgomery County Police,Property Damage Crash,05/06/2023 04:52:00 AM,No,County,Unknown,N/A,2,East,0,FEET,LEVEL,DARNESTOWN RD,GREAT SENECA HWY,,N/A,,DRIVER,SINGLE VEHICLE,CLEAR,DRY,DARK LIGHTS ON,FLASHING TRAFFIC SIGNAL,UNKNOWN,,OTHER OBJECT,FIXED OBJECT,INTERSECTION,T-INTERSECTION,STRAIGHT,NO DEFECTS,OTHER,39.09657833,-77.20356667,"(39.09657833, -77.20356667)"
MCP32310019,240013916,MONTGOMERY,Property Damage Crash,03/24/2024 02:56:00 AM,No,Maryland (State) Route,Southbound,Lane 1,2,East,0,FEET,Level,WILSON LA (WB/L),RIVER RD,,,,UNKNOWN,Single Vehicle,Clear,Dry,Dark - Not Lighted,Intersection Ahead Warning Sign,"Not Suspect of Alcohol Use, Not Suspect of Drug Use",,Other Non-Fixed Object,,Intersection or Related,Perpendicular,Straight,,"Divided, Raised Median (curbed)",38.98366254,-77.13793337,"(38.98366254, -77.13793337)"
MCP2753001X,17006115,Montgomery County Police,Injury Crash,02/04/2017 09:26:00 AM,No,County,South,,2,North,0,FEET,LEVEL,CONNECTICUT AVE,BEL PRE RD,,N/A,,DRIVER,ANGLE MEETS LEFT HEAD ON,N/A,DRY,DAYLIGHT,STOP SIGN,NONE DETECTED,,OTHER VEHICLE,N/A,INTERSECTION,FOUR-WAY INTERSECTION,STRAIGHT,NO DEFECTS,"TWO-WAY, DIVIDED, UNPROTECTED PAINTED MIN 4 FEET",39.05814,-77.04847667,"(39.05814, -77.04847667)"
DM8336000V,16033180,Takoma Park Police Depart,Injury Crash,06/30/2016 07:12:00 PM,Yes,Maryland (State),South,,3,South,25,FEET,LEVEL,NEW HAMPSHIRE AVE,HOLTON LA,,TAKOMA PARK,,DRIVER,SAME DIR REAR END,CLEAR,N/A,DUSK,TRAFFIC SIGNAL,"COMBINED SUBSTANCE PRESENT, N/A",,OTHER VEHICLE,OTHER VEHICLE,INTERSECTION RELATED,OTHER,STRAIGHT,NO DEFECTS,OTHER,38.98594389,-76.98816285,"(38.98594389, -76.98816285)"
EJ7865000C,16046043,Gaithersburg Police Depar,Property Damage Crash,09/08/2016 05:32:00 PM,No,,,,,,0,,,,,PARKING LOT OF 107 NORTH SUMMIT AVENUE,,,DRIVER,OTHER,CLEAR,,DAYLIGHT,N/A,NONE DETECTED,,OTHER VEHICLE,N/A,,,,,,39.14475,-77.19227333,"(39.14475, -77.19227333)"
MCP287100CG,250024718,MONTGOMERY,Property Damage Crash,06/03/2025 03:26:00 PM,No,County Route,Eastbound,Left Turn Lane,3,North,0,FEET,Level,PARKLAWN DR,,,,,UNKNOWN,"Sideswipe, Same Direction",Clear,Dry,Daylight,Traffic Control Signal,"Not Suspect of Alcohol Use, Not Suspect of Drug Use, Not Suspect of Alcohol Use, Not Suspect of Drug Use",,Motor Vehicle In Transport,,Intersection or Related,Perpendicular,Straight,No Defects,"Divided, Flush Median (greater than 4ft wide)",39.05358247,-77.10679271,"(39.05358247, -77.10679271)"
MCP1151007T,180033309,Montgomery County Police,Injury Crash,07/06/2018 09:45:00 AM,No,County,West,RIGHT TURN LANE,2,East,0,FEET,LEVEL,MIDDLEBROOK RD,FATHER HURLEY BLVD,,N/A,,DRIVER,SAME DIR REAR END,CLOUDY,DRY,DAYLIGHT,YIELD SIGN,NONE DETECTED,,OTHER VEHICLE,N/A,INTERSECTION,OTHER,CURVE RIGHT,NO DEFECTS,"TWO-WAY, DIVIDED, POSITIVE MEDIAN BARRIER",39.18411,-77.27325667,"(39.18411, -77.27325667)"
MCP2231006N,220029290,Montgomery County Police,Property Damage Crash,07/08/2022 10:58:00 AM,No,Municipality,North,,3,North,0,FEET,LEVEL,W WATKINS MILL RD,CLOPPER RD,,N/A,,DRIVER,HEAD ON LEFT TURN,CLOUDY,DRY,DAYLIGHT,TRAFFIC SIGNAL,NONE DETECTED,,OTHER VEHICLE,N/A,INTERSECTION,FOUR-WAY INTERSECTION,STRAIGHT,NO DEFECTS,"TWO-WAY, DIVIDED, POSITIVE MEDIAN BARRIER",39.156525,-77.22469167,"(39.156525, -77.22469167)"
MCP31380069,240001431,MONTGOMERY,Property Damage Crash,01/09/2024 10:32:00 PM,No,Maryland (State) Route,Eastbound,Lane 1,2,North,20.08,FEET,Level,OLNEY LAYTONSVILLE RD,,,,,UNKNOWN,Single Vehicle,Cloudy,Wet,Dark - Not Lighted,No Controls,"Not Suspect of Alcohol Use, Not Suspect of Drug Use",,Ditch,Not Applicable,Through Roadway,,Curve Left,,Not Divided,39.16865236,-77.08765898,"(39.16865236, -77.08765898)"
MCP04870006,15006880,Montgomery County Police,Property Damage Crash,02/11/2015 08:30:00 AM,No,Maryland (State),East,,1,East,300,FEET,LEVEL,MUNCASTER MILL RD,ENT TO SCHOOL,,N/A,,DRIVER,SAME DIR REAR END,CLEAR,DRY,DAYLIGHT,NO CONTROLS,NONE DETECTED,,OTHER VEHICLE,N/A,NON INTERSECTION,N/A,STRAIGHT,NO DEFECTS,"TWO-WAY, NOT DIVIDED",39.12886,-77.11745167,"(39.12886, -77.11745167)"
MCP304800DW,250022123,MONTGOMERY,Injury Crash,05/19/2025 01:15:00 PM,No,Maryland (State) Route,Southbound,Lane 3,4,South,21.65,FEET,Downhill,CONNECTICUT AVE (SB/L),,,,,DRIVER,Front to Rear,Clear,Dry,Daylight,No Controls,"Not Suspect of Alcohol Use, Not Suspect of Drug Use, Not Suspect of Alcohol Use, Not Suspect of Drug Use",,Motor Vehicle In Transport,,Non-Junction,,Straight,No Defects,"Divided, Raised Median (curbed)",39.02808443,-77.07650904,"(39.02808443, -77.07650904)"
MCP3272000K,200038933,Montgomery County Police,Property Damage Crash,10/03/2020 12:00:00 PM,Yes,,,,,,,,,,,10103 COLESVILLE RD PARKING LOT,,,UNKNOWN,OTHER,CLEAR,,DAYLIGHT,NO CONTROLS,NONE DETECTED,,OTHER VEHICLE,N/A,,,,,,39.0204505,-77.01203167,"(39.0204505, -77.01203167)"
EJ7826001Z,170504471,Gaithersburg Police Depar,Property Damage Crash,04/27/2017 10:20:00 AM,No,,,,,,,,,,,PARKING LOT OF 6 MONTGOMERY VILLAGE AVE,,,DRIVER,OTHER,CLOUDY,,DAYLIGHT,N/A,N/A,,PARKED VEHICLE,N/A,,,,,,39.15453167,-77.209995,"(39.15453167, -77.209995)"
MCP3060004G,230056557,Montgomery County Police,Property Damage Crash,09/24/2023 12:01:00 AM,No,County,Unknown,OTHER,0,North,0,FEET,LEVEL,SEVEN LOCKS RD,DEMOCRACY BLVD,,N/A,,DRIVER,HEAD ON LEFT TURN,RAINING,WET,DARK LIGHTS ON,TRAFFIC SIGNAL,NONE DETECTED,,OTHER VEHICLE,N/A,INTERSECTION,FOUR-WAY INTERSECTION,STRAIGHT,NO DEFECTS,N/A,39.02332667,-77.16237667,"(39.02332667, -77.16237667)"
MCP30090049,220008600,Montgomery County Police,Injury Crash,02/28/2022 09:00:00 AM,No,Maryland (State),South,,2,North,0,FEET,LEVEL,WOODFIELD RD,ROLLING FORK DR,,N/A,,DRIVER,STRAIGHT MOVEMENT ANGLE,CLEAR,DRY,DAYLIGHT,STOP SIGN,N/A,,OTHER VEHICLE,N/A,INTERSECTION RELATED,T-INTERSECTION,STRAIGHT,NO DEFECTS,"TWO-WAY, DIVIDED, UNPROTECTED PAINTED MIN 4 FEET",39.25047814,-77.19472771,"(39.25047814, -77.19472771)"
MCP3328002K,230055602,Montgomery County Police,Property Damage Crash,09/18/2023 05:01:00 PM,No,Maryland (State),South,,2,North,0,FEET,LEVEL,LAYHILL RD,ENT TO LAYHILL SHOPPING CENTER,,N/A,,DRIVER,STRAIGHT MOVEMENT ANGLE,CLEAR,DRY,DAYLIGHT,NO CONTROLS,NONE DETECTED,,OTHER VEHICLE,N/A,INTERSECTION,T-INTERSECTION,STRAIGHT,NO DEFECTS,"TWO-WAY, DIVIDED, POSITIVE MEDIAN BARRIER",39.09223667,-77.04511,"(39.09223667, -77.04511)"
MCP2962000T,16053129,Montgomery County Police,Injury Crash,10/16/2016 12:47:00 AM,No,Maryland (State),South,,2,North,0,FEET,LEVEL,GERMANTOWN RD,CLOPPER RD,,N/A,,DRIVER,STRAIGHT MOVEMENT ANGLE,CLEAR,DRY,DARK LIGHTS ON,TRAFFIC SIGNAL,NONE DETECTED,,OTHER VEHICLE,FIXED OBJECT,INTERSECTION,FOUR-WAY INTERSECTION,STRAIGHT,NO DEFECTS,"TWO-WAY, DIVIDED, POSITIVE MEDIAN BARRIER",39.162657,-77.283144,"(39.162657, -77.283144)"
MCP1233004J,220018693,Montgomery County Police,Property Damage Crash,05/02/2022 07:03:00 PM,No,Maryland (State),North,,3,North,0,FEET,LEVEL,ROCKVILLE PIKE,SOUTHWOOD DR,,N/A,,DRIVER,SAME DIRECTION LEFT TURN,CLEAR,DRY,DAYLIGHT,NO CONTROLS,NONE DETECTED,,OTHER VEHICLE,N/A,NON INTERSECTION,N/A,STRAIGHT,NO DEFECTS,"TWO-WAY, DIVIDED, POSITIVE MEDIAN BARRIER",38.99918667,-77.09802,"(38.99918667, -77.09802)"
MCP26750030,210029790,Montgomery County Police,Property Damage Crash,08/01/2021 05:15:00 AM,Yes,County,West,,1,South,30,FEET,GRADE DOWNHILL,ELBY ST,GREENLY ST,,N/A,,DRIVER,SAME DIR REAR END,CLEAR,DRY,DARK LIGHTS ON,NO CONTROLS,N/A,,PARKED VEHICLE,N/A,NON INTERSECTION,N/A,STRAIGHT,NO DEFECTS,"TWO-WAY, NOT DIVIDED",39.06005344,-77.07960715,"(39.06005344, -77.07960715)"
MCP31330048,230009493,Montgomery County Police,Property Damage Crash,02/22/2023 05:20:00 PM,Yes,County,East,,1,South,20,FEET,LEVEL,WELLER RD,JINGLE LA,,N/A,,DRIVER,SAME DIRECTION SIDESWIPE,UNKNOWN,DRY,DAYLIGHT,NO CONTROLS,UNKNOWN,,PARKED VEHICLE,OTHER VEHICLE,N/A,N/A,STRAIGHT,NO DEFECTS,"TWO-WAY, NOT DIVIDED",39.06710117,-77.05805917,"(39.06710117, -77.05805917)"
MCP3422000Z,240052515,MONTGOMERY,Property Damage Crash,11/01/2024 04:07:00 PM,No,County Route,Eastbound,Lane 1,2,South,36.42,FEET,Level,LINDEN LA,,,,,UNKNOWN,Single Vehicle,Clear,Dry,Daylight,No Controls,"Not Suspect of Alcohol Use, Not Suspect of Drug Use",,Other Non-Fixed Object,,Through Roadway,,Straight,No Defects,Not Divided,39.00933315,-77.04676772,"(39.00933315, -77.04676772)"
MCP2964005G,220010730,Montgomery County Police,Property Damage Crash,03/12/2022 03:25:00 PM,No,County,North,,1,North,0.5,MILE,GRADE DOWNHILL,BLUNT RD,BRINK RD,,N/A,,DRIVER,SINGLE VEHICLE,CLOUDY,WET,DAYLIGHT,NO CONTROLS,NONE DETECTED,,FIXED OBJECT,N/A,N/A,N/A,CURVE RIGHT,NO DEFECTS,"TWO-WAY, NOT DIVIDED",39.19865167,-77.21154167,"(39.19865167, -77.21154167)"
DD5607003N,210046918,Rockville Police Departme,Property Damage Crash,11/18/2021 10:15:00 PM,No,Maryland (State),West,,2,East,0,FEET,HILL CREST,W JEFFERSON ST,S WASHINGTON ST,,ROCKVILLE,,DRIVER,SAME DIRECTION LEFT TURN,CLOUDY,WET,DARK LIGHTS ON,TRAFFIC SIGNAL,NONE DETECTED,,OTHER VEHICLE,N/A,INTERSECTION,T-INTERSECTION,STRAIGHT,NO DEFECTS,"TWO-WAY, NOT DIVIDED",39.08318805,-77.15290319,"(39.08318805, -77.15290319)"
MCP3295000J,210034619,Montgomery County Police,Property Damage Crash,09/04/2021 05:32:00 PM,Yes,,,,,,,,,,,PARKING LOT OF 13814 OUTLET DR (GLOBAL FOOD),,,DRIVER,STRAIGHT MOVEMENT ANGLE,CLEAR,,DAYLIGHT,NO CONTROLS,"N/A, NONE DETECTED",,OTHER VEHICLE,N/A,,,,,,39.082427,-76.946807,"(39.082427, -76.946807)"
MCP3208002C,210045049,Montgomery County Police,Property Damage Crash,11/07/2021 03:32:00 AM,No,Maryland (State),West,,3,East,50,FEET,LEVEL,UNIVERSITY BLVD E,GILBERT ST,,N/A,,DRIVER,SAME DIR REAR END,CLEAR,DRY,DARK LIGHTS ON,NO CONTROLS,"ALCOHOL PRESENT, N/A",,OTHER VEHICLE,N/A,NON INTERSECTION,N/A,STRAIGHT,NO DEFECTS,"TWO-WAY, DIVIDED, UNPROTECTED PAINTED MIN 4 FEET",38.99813,-76.99435667,"(38.99813, -76.99435667)"
DD5539001P,17015390,Rockville Police Departme,Property Damage Crash,03/26/2017 04:59:00 AM,No,Maryland (State),South,,3,North,0,FEET,LEVEL,ROCKVILLE PIKE,W EDMONSTON DR,,ROCKVILLE,,DRIVER,STRAIGHT MOVEMENT ANGLE,CLEAR,DRY,DARK LIGHTS ON,TRAFFIC SIGNAL,NONE DETECTED,,OTHER VEHICLE,FIXED OBJECT,INTERSECTION,FOUR-WAY INTERSECTION,STRAIGHT,NO DEFECTS,"TWO-WAY, NOT DIVIDED",39.07453667,-77.13590667,"(39.07453667, -77.13590667)"
MCP3063001R,190032803,Montgomery County Police,Injury Crash,07/10/2019 06:33:00 PM,No,US (State),North,,3,South,800,FEET,HILL UPHILL,COLUMBIA PIKE,INDUSTRIAL PKWY,,N/A,,UNKNOWN,OTHER,CLEAR,DRY,DAYLIGHT,NO CONTROLS,N/A,,OTHER VEHICLE,OTHER VEHICLE,N/A,N/A,STRAIGHT,NO DEFECTS,"TWO-WAY, DIVIDED, POSITIVE MEDIAN BARRIER",39.05337333,-76.97574,"(39.05337333, -76.97574)"
MCP2785000Z,15057241,MONTGOMERY,Property Damage Crash,11/10/2015 07:16:00 AM,No,US (State),South,,3,South,50,FEET,LEVEL,COLUMBIA PIKE,MUSGROVE RD,,N/A,,DRIVER,SAME DIR REAR END,RAINING,WET,DAYLIGHT,N/A,N/A,,OTHER VEHICLE,N/A,N/A,N/A,STRAIGHT,NO DEFECTS,"TWO-WAY, DIVIDED, POSITIVE MEDIAN BARRIER",39.109775,-76.91044,"(39.109775, -76.91044)"
EJ7852001Y,180028206,Gaithersburg Police Depar,Property Damage Crash,06/08/2018 12:35:00 AM,No,Maryland (State),South,,2,North,0,FEET,LEVEL,GREAT SENECA HWY,KENTLANDS BLVD,,GAITHERSBURG,,DRIVER,STRAIGHT MOVEMENT ANGLE,N/A,DRY,DARK LIGHTS ON,FLASHING TRAFFIC SIGNAL,NONE DETECTED,,OTHER VEHICLE,N/A,INTERSECTION,FOUR-WAY INTERSECTION,STRAIGHT,NO DEFECTS,"TWO-WAY, DIVIDED, POSITIVE MEDIAN BARRIER",39.12354333,-77.23141167,"(39.12354333, -77.23141167)"
MCP2377000X,17006910,Montgomery County Police,Property Damage Crash,02/08/2017 03:41:00 PM,No,Maryland (State),North,,4,South,50,FEET,LEVEL,FREDERICK RD,RAMP 1 FR MD 355 NB TO IS 370 WB,,N/A,,DRIVER,SAME DIR REAR END,CLEAR,DRY,DAYLIGHT,NO CONTROLS,NONE DETECTED,,OTHER VEHICLE,N/A,NON INTERSECTION,N/A,STRAIGHT,NO DEFECTS,"TWO-WAY, DIVIDED, POSITIVE MEDIAN BARRIER",39.12348514,-77.17885718,"(39.12348514, -77.17885718)"
MCP3386002J,250008918,MONTGOMERY,Injury Crash,02/28/2025 03:21:00 PM,Yes,County Route,Westbound,Lane 1,1,South,32.81,FEET,Level,CHELTENHAM DR,NORFOLK AVE WOODMONT AVE,,,Pedestrian,DRIVER,Single Vehicle,Clear,Dry,Daylight,Traffic Control Signal,"Not Suspect of Alcohol Use, Not Suspect of Drug Use","Not Suspect of Alcohol Use, Not Suspect of Drug Use, Not Suspect of Alcohol Use, Not Suspect of Drug Use",Pedestrian,,Non-Junction,,Straight,No Defects,Not Divided,38.98822528,-77.09600223,"(38.98822528, -77.09600223)"
MCP32890041,250014110,MONTGOMERY,Injury Crash,04/03/2025 08:24:00 AM,No,County Route,Westbound,Lane 2,2,North,0,FEET,Level,DALE DR,CROSBY RD,,,,UNKNOWN,Single Vehicle,Clear,Dry,Daylight,Stop Sign,"Not Suspect of Alcohol Use, Not Suspect of Drug Use",,Curb,,Intersection or Related,Perpendicular,Straight,No Defects,Not Divided,39.0079632,-77.03275066,"(39.0079632, -77.03275066)"
MCP1354000N,170500626,Montgomery County Police,Injury Crash,04/06/2017 01:42:00 AM,No,County,West,,1,East,500,FEET,LEVEL,RIVER RD,PARTNERSHIP RD,,N/A,,DRIVER,SINGLE VEHICLE,CLEAR,DRY,DARK NO LIGHTS,N/A,ALCOHOL PRESENT,,ANIMAL,N/A,N/A,N/A,STRAIGHT,NO DEFECTS,"TWO-WAY, NOT DIVIDED",39.081,-77.35216667,"(39.081, -77.35216667)"
MCP3170001J,200032268,Montgomery County Police,Property Damage Crash,08/18/2020 02:47:00 PM,Yes,,,,,,,,,,,IN PARKING LOT OF 20940 FREDERICK RD,,,DRIVER,OTHER,CLEAR,,DAYLIGHT,N/A,N/A,,OTHER VEHICLE,N/A,,,,,,39.20285539,-77.24721313,"(39.20285539, -77.24721313)"
MCP137800LF,180027476,Montgomery County Police,Property Damage Crash,06/04/2018 03:50:00 PM,No,Other Public Roadway,North,,1,North,50,FEET,LEVEL,TOPFIELD DR,FALLOW DR,,N/A,,DRIVER,STRAIGHT MOVEMENT ANGLE,CLEAR,DRY,DAYLIGHT,NO CONTROLS,NONE DETECTED,,OTHER VEHICLE,N/A,NON INTERSECTION,N/A,STRAIGHT,NO DEFECTS,OTHER,39.14476833,-77.16683333,"(39.14476833, -77.16683333)"
EJ78290054,180054394,Gaithersburg Police Depar,Property Damage Crash,10/30/2018 02:00:00 PM,Yes,,,,,,,,,,,PARKED IN FRONT OF 314 COPLEY PLACE (LA FITNESS),,,DRIVER,SAME DIRECTION SIDESWIPE,CLEAR,,DAYLIGHT,NO CONTROLS,UNKNOWN,,PARKED VEHICLE,N/A,,,,,,39.11138833,-77.19935333,"(39.11138833, -77.19935333)"
EJ7871001P,190025614,Gaithersburg Police Depar,Property Damage Crash,05/29/2019 04:38:00 PM,No,Maryland (State),East,CROSSOVER AREA,2,North,0,FEET,LEVEL,QUINCE ORCHARD RD,BOOTH ST,,GAITHERSBURG,,DRIVER,STRAIGHT MOVEMENT ANGLE,CLEAR,DRY,DAYLIGHT,STOP SIGN,NONE DETECTED,,OTHER VEHICLE,N/A,INTERSECTION,T-INTERSECTION,STRAIGHT,NO DEFECTS,"TWO-WAY, DIVIDED, POSITIVE MEDIAN BARRIER",39.12717167,-77.24038667,"(39.12717167, -77.24038667)"
DD5617000B,16058980,Rockville Police Departme,Property Damage Crash,11/17/2016 07:04:00 AM,No,Maryland (State),West,,4,East,0,FEET,HILL CREST,VEIRS MILL RD,BROADWOOD DR,,ROCKVILLE,,DRIVER,STRAIGHT MOVEMENT ANGLE,CLEAR,DRY,DAYLIGHT,TRAFFIC SIGNAL,NONE DETECTED,,OTHER VEHICLE,OTHER VEHICLE,INTERSECTION,FOUR-WAY INTERSECTION,STRAIGHT,NO DEFECTS,"TWO-WAY, DIVIDED, POSITIVE MEDIAN BARRIER",39.07718823,-77.12363318,"(39.07718823, -77.12363318)"
MCP2582003H,200019496,Montgomery County Police,Property Damage Crash,05/14/2020 11:15:00 PM,No,County,East,,1,East,100,FEET,HILL UPHILL,BONIFANT RD,PEBBLESTONE DR,,N/A,,DRIVER,OTHER,CLEAR,DRY,DARK LIGHTS ON,NO CONTROLS,ALCOHOL CONTRIBUTED,,PARKED VEHICLE,FIXED OBJECT,NON INTERSECTION,N/A,CURVE RIGHT,NO DEFECTS,"TWO-WAY, NOT DIVIDED",39.09379633,-77.01923467,"(39.09379633, -77.01923467)"
MCP9113003J,180021041,Montgomery County Police,Property Damage Crash,04/30/2018 08:26:00 AM,No,,,,,,,,,,,PARKING LOT 3734 BEL PRE ROAD,,,DRIVER,OTHER,CLEAR,,DAYLIGHT,NO CONTROLS,NONE DETECTED,,OTHER VEHICLE,N/A,,,,,,39.09156333,-77.07434,"(39.09156333, -77.07434)"
MCP242500G0,200009568,Montgomery County Police,Property Damage Crash,02/26/2020 02:48:00 PM,No,US (State),South,,3,North,0,FEET,GRADE DOWNHILL,COLUMBIA PIKE,INDUSTRIAL PKWY,,N/A,,DRIVER,SAME DIRECTION SIDESWIPE,CLOUDY,WET,DAYLIGHT,TRAFFIC SIGNAL,NONE DETECTED,,OTHER VEHICLE,N/A,INTERSECTION,T-INTERSECTION,STRAIGHT,NO DEFECTS,"TWO-WAY, DIVIDED, POSITIVE MEDIAN BARRIER",39.05643833,-76.97102167,"(39.05643833, -76.97102167)"
MCP1260000B,200015742,Montgomery County Police,Property Damage Crash,04/11/2020 10:00:00 PM,No,,,,,,,,,,,MONOCACY ELEMENTARY SCHOOL FRONT LOT,,,DRIVER,SINGLE VEHICLE,CLEAR,,DARK LIGHTS ON,NO CONTROLS,NONE DETECTED,,FIXED OBJECT,FIXED OBJECT,,,,,,39.22396667,-77.392775,"(39.22396667, -77.392775)"
DD5527001R,180047729,Rockville Police Departme,Property Damage Crash,09/24/2018 03:45:00 PM,No,Maryland (State),East,,3,East,0,FEET,LEVEL,FIRST ST,MAPLE AVE,,ROCKVILLE,,DRIVER,SAME DIR REAR END,RAINING,WET,DAYLIGHT,NO CONTROLS,NONE DETECTED,,OTHER VEHICLE,N/A,INTERSECTION,FOUR-WAY INTERSECTION,STRAIGHT,NO DEFECTS,"TWO-WAY, NOT DIVIDED WITH A CONTINUOUS LEFT TURN",39.08207091,-77.13702731,"(39.08207091, -77.13702731)"
MCP3328000M,220015995,Montgomery County Police,Property Damage Crash,04/15/2022 01:15:00 PM,Yes,Maryland (State),North,,3,North,0,FEET,LEVEL,GEORGIA AVE,CONNECTICUT AVE,,N/A,,DRIVER,SAME DIR REAR END,CLEAR,UNKNOWN,DAYLIGHT,TRAFFIC SIGNAL,"NONE DETECTED, UNKNOWN",,OTHER VEHICLE,N/A,INTERSECTION,FOUR-WAY INTERSECTION,STRAIGHT,UNKNOWN,"TWO-WAY, DIVIDED, UNPROTECTED PAINTED MIN 4 FEET",39.08370719,-77.07759577,"(39.08370719, -77.07759577)"
MCP3337002Z,240043989,MONTGOMERY,Property Damage Crash,09/15/2024 07:58:00 PM,No,Maryland (State) Route,Northbound,Lane 2,3,South,28.33,FEET,Level,GEORGIA AVE,,,,,DRIVER,Front to Rear,Clear,Dry,Dark - Lighted,Flashing Traffic Control Signal,"Not Suspect of Alcohol Use, Not Suspect of Drug Use, Suspect of Alcohol Use, Not Suspect of Drug Use",,Motor Vehicle In Transport,,Non-Junction,,Straight,No Defects,"Divided, Raised Median (curbed)",39.05296097,-77.05089437,"(39.05296097, -77.05089437)"
MCP3270000B,200033405,Montgomery County Police,Injury Crash,08/26/2020 08:28:00 PM,No,County,West,ACCELERATION LANE,3,South,0,FEET,LEVEL,HAWKESBURY LA,RANDOLPH RD,,N/A,PEDESTRIAN,NONMOTORIST,OTHER,CLEAR,DRY,DARK LIGHTS ON,N/A,NONE DETECTED,NONE DETECTED,PEDESTRIAN,N/A,INTERSECTION,FOUR-WAY INTERSECTION,STRAIGHT,NO DEFECTS,"TWO-WAY, DIVIDED, POSITIVE MEDIAN BARRIER",39.06686167,-77.01981467,"(39.06686167, -77.01981467)"
MCP3106002W,200048097,Montgomery County Police,Property Damage Crash,12/06/2020 03:25:00 PM,Yes,Maryland (State),West,RIGHT TURN LANE,2,East,15,FEET,LEVEL,STRATHMORE AVE,ROCKVILLE PIKE,,N/A,,DRIVER,SAME DIRECTION SIDESWIPE,CLEAR,DRY,DAYLIGHT,TRAFFIC SIGNAL,N/A,,OTHER VEHICLE,N/A,INTERSECTION RELATED,T-INTERSECTION,STRAIGHT,NO DEFECTS,"TWO-WAY, DIVIDED, UNPROTECTED PAINTED MIN 4 FEET",39.03468736,-77.10638582,"(39.03468736, -77.10638582)"
MCP219800G2,240039392,MONTGOMERY,Property Damage Crash,08/20/2024 03:33:00 PM,No,County Route,Westbound,Lane 2,4,South,15.66,FEET,Uphill,MUDDY BRANCH RD (SB/L),,,,,DRIVER,Front to Rear,Clear,Dry,Daylight,No Controls,"Not Suspect of Alcohol Use, Not Suspect of Drug Use, Not Suspect of Alcohol Use, Not Suspect of Drug Use",,Motor Vehicle In Transport,,Crossover-Related,,Straight,No Defects,"Divided, Depressed Median, Divided, Flush Median (greater than 4ft wide)",39.10550384,-77.21967429,"(39.10550384, -77.21967429)"
EJ7833004B,180014623,Gaithersburg Police Depar,Injury Crash,03/25/2018 12:52:00 AM,No,Maryland (State),North,UNKNOWN,3,North,0,FEET,LEVEL,S FREDERICK RD,E DEER PARK DR,,GAITHERSBURG,,DRIVER,STRAIGHT MOVEMENT ANGLE,CLEAR,DRY,DARK LIGHTS ON,TRAFFIC SIGNAL,NONE DETECTED,,OTHER VEHICLE,FIXED OBJECT,INTERSECTION,FOUR-WAY INTERSECTION,STRAIGHT,NO DEFECTS,"TWO-WAY, DIVIDED, POSITIVE MEDIAN BARRIER",39.13217333,-77.18876167,"(39.13217333, -77.18876167)"
MCP2016005L,210004492,Montgomery County Police,Injury Crash,02/04/2021 02:32:00 PM,No,Maryland (State),South,,3,North,0,FEET,LEVEL,ROCKVILLE PIKE,BOU AVE,,N/A,BICYCLIST,BOTH,OTHER,CLEAR,DRY,DAYLIGHT,TRAFFIC SIGNAL,NONE DETECTED,NONE DETECTED,PEDESTRIAN,N/A,INTERSECTION,FOUR-WAY INTERSECTION,STRAIGHT,NO DEFECTS,"TWO-WAY, DIVIDED, POSITIVE MEDIAN BARRIER",39.05617167,-77.11937167,"(39.05617167, -77.11937167)"