Report Number,Local Case Number,Agency Name,ACRS Report Type,Crash Date/Time,Hit/Run,Route Type,Lane Direction,Lane Type,Number of Lanes,Direction,Distance,Distance Unit,Road Grade,Road Name,Cross-Street Name,Off-Road Description,Municipality,Related Non-Motorist,At Fault,Collision Type,Weather,Surface Condition,Light,Traffic Control,Driver Substance Abuse,Non-Motorist Substance Abuse,First Harmful Event,Second Harmful Event,Junction,Intersection Type,Road Alignment,Road Condition,Road Division,Latitude,Longitude,Location
MCP2730003B,230029115,Montgomery County Police,Property Damage Crash,06/17/2023 10:20:00 AM,No,County,North,,2,North,25,FEET,LEVEL,AIRCRAFT DR,CENTURY BLVD,,N/A,,DRIVER,SAME DIRECTION LEFT TURN,CLEAR,DRY,DAYLIGHT,NO CONTROLS,N/A,,OTHER VEHICLE,N/A,COMMERCIAL DRIVEWAY,OTHER,STRAIGHT,NO DEFECTS,"TWO-WAY, NOT DIVIDED",39.185095,-77.262485,"(39.185095, -77.262485)"
MCP2077002V,190014986,Montgomery County Police,Property Damage Crash,04/01/2019 07:30:00 AM,No,Maryland (State),South,,3,South,0,FEET,LEVEL,WOODFIELD RD,HADLEY FARMS DR,,N/A,,DRIVER,SAME DIR REAR END,CLEAR,DRY,DAYLIGHT,TRAFFIC SIGNAL,NONE DETECTED,,OTHER VEHICLE,N/A,INTERSECTION RELATED,FOUR-WAY INTERSECTION,STRAIGHT,NO DEFECTS,"TWO-WAY, DIVIDED, POSITIVE MEDIAN BARRIER",39.18497833,-77.150835,"(39.18497833, -77.150835)"
MCP2048002X,200025725,Montgomery County Police,Property Damage Crash,07/02/2020 02:30:00 PM,Yes,County,East,,1,East,50,FEET,LEVEL,11TH AVE,RUATAN ST,,N/A,,DRIVER,HEAD ON,CLEAR,DRY,DAYLIGHT,N/A,UNKNOWN,,PARKED VEHICLE,N/A,NON INTERSECTION,N/A,STRAIGHT,NO DEFECTS,"TWO-WAY, NOT DIVIDED",38.99707833,-76.99061,"(38.99707833, -76.99061)"
MCP2680002X,190003997,Montgomery County Police,Property Damage Crash,01/25/2019 04:30:00 PM,Yes,US (State),North,,3,South,10,FEET,LEVEL,GEORGIA AVE,KING ST,,N/A,,DRIVER,SAME DIR REAR END,CLEAR,DRY,DAYLIGHT,NO CONTROLS,"NONE DETECTED, UNKNOWN",,OTHER VEHICLE,N/A,NON INTERSECTION,N/A,STRAIGHT,NO DEFECTS,"TWO-WAY, NOT DIVIDED",38.99082667,-77.023245,"(38.99082667, -77.023245)"
MCP3339001N,230016565,Montgomery County Police,Property Damage Crash,04/07/2023 05:46:00 AM,No,County,East,,1,West,500,FEET,HILL UPHILL,HEATHFIELD RD,OAKVALE ST,,N/A,,DRIVER,SAME DIR REAR END,UNKNOWN,UNKNOWN,DARK -- UNKNOWN LIGHTING,NO CONTROLS,UNKNOWN,,PARKED VEHICLE,N/A,N/A,N/A,STRAIGHT,NO DEFECTS,"TWO-WAY, NOT DIVIDED",39.08593017,-77.0828295,"(39.08593017, -77.0828295)"
DM8494001L,210050584,Takoma Park Police Depart,Property Damage Crash,12/13/2021 08:36:00 AM,Yes,,,,,,,,,,,7405 NEW HAMPSHIRE AVENUE,,,DRIVER,OTHER,CLEAR,,DAYLIGHT,N/A,N/A,,OTHER VEHICLE,N/A,,,,,,38.98348628,-76.9882071,"(38.98348628, -76.9882071)"
MCP13780160,230059912,Montgomery County Police,Injury Crash,10/11/2023 04:31:00 PM,No,County,North,,2,North,0,FEET,LEVEL,LOCKWOOD DR,HEATHER HOLLOW CIR,,N/A,,DRIVER,OTHER,CLOUDY,DRY,DAYLIGHT,NO CONTROLS,NONE DETECTED,,OTHER VEHICLE,N/A,INTERSECTION,FOUR-WAY INTERSECTION,STRAIGHT,NO DEFECTS,"TWO-WAY, NOT DIVIDED",39.041318,-76.98480083,"(39.041318, -76.98480083)"
MCP2094007T,17004531,Montgomery County Police,Property Damage Crash,01/26/2017 11:49:00 AM,No,Maryland (State),West,,5,East,0,FEET,LEVEL,RIVER RD,BUTLER RD,,N/A,,DRIVER,STRAIGHT MOVEMENT ANGLE,CLEAR,DRY,DAYLIGHT,STOP SIGN,NONE DETECTED,,OTHER VEHICLE,N/A,INTERSECTION,T-INTERSECTION,STRAIGHT,NO DEFECTS,"TWO-WAY, NOT DIVIDED",38.96368,-77.10141333,"(38.96368, -77.10141333)"
MCP3208002T,220009126,Montgomery County Police,Property Damage Crash,03/02/2022 09:30:00 PM,Yes,County,West,,3,East,0,FEET,LEVEL,ADELPHI RD,NEW HAMPSHIRE AVE,,N/A,,DRIVER,SAME DIRECTION SIDESWIPE,CLEAR,DRY,DARK LIGHTS ON,TRAFFIC SIGNAL,"N/A, NONE DETECTED",,OTHER VEHICLE,N/A,INTERSECTION,FOUR-WAY INTERSECTION,STRAIGHT,NO DEFECTS,"TWO-WAY, DIVIDED, POSITIVE MEDIAN BARRIER",39.0114229,-76.97884515,"(39.0114229, -76.97884515)"
MCP2298008H,16019481,Montgomery County Police,Property Damage Crash,04/20/2016 06:00:00 PM,No,County,North,,1,North,25,FEET,LEVEL,SCOTTSBURY DR,SCOTTSBURY TERR,,N/A,,DRIVER,SAME DIR REAR END,CLEAR,DRY,DAYLIGHT,NO CONTROLS,NONE DETECTED,,OTHER VEHICLE,OTHER VEHICLE,OTHER,N/A,STRAIGHT,NO DEFECTS,"TWO-WAY, NOT DIVIDED",39.19865833,-77.238975,"(39.19865833, -77.238975)"
MCP9113000Q,15020766,Montgomery County Police,Injury Crash,05/02/2015 03:14:00 PM,No,County,East,,1,East,0,FEET,LEVEL,LAFAYETTE DR,QUEEN ELIZABETH DR,,N/A,,DRIVER,STRAIGHT MOVEMENT ANGLE,CLEAR,DRY,DAYLIGHT,STOP SIGN,NONE DETECTED,,OTHER VEHICLE,N/A,INTERSECTION,FOUR-WAY INTERSECTION,STRAIGHT,NO DEFECTS,"TWO-WAY, NOT DIVIDED",39.143155,-77.07544,"(39.143155, -77.07544)"
MCP2348001K,16019664,Montgomery County Police,Property Damage Crash,04/21/2016 04:46:00 PM,No,Maryland (State),West,,3,East,0,FEET,LEVEL,VEIRS MILL RD,REEDIE DR,,N/A,,DRIVER,SAME DIRECTION SIDESWIPE,CLEAR,DRY,DAYLIGHT,NO CONTROLS,NONE DETECTED,,OTHER VEHICLE,N/A,INTERSECTION,T-INTERSECTION,STRAIGHT,NO DEFECTS,"TWO-WAY, DIVIDED, UNPROTECTED PAINTED MIN 4 FEET",39.03766,-77.050665,"(39.03766, -77.050665)"
MCP28490046,220042192,Montgomery County Police,Property Damage Crash,09/27/2022 09:00:00 PM,No,,,,,,,,,,,PARKING LOT OF 11152 OAK LEAF DR,,,DRIVER,OTHER,CLEAR,,DARK LIGHTS ON,N/A,NONE DETECTED,,PARKED VEHICLE,N/A,,,,,,39.03840667,-76.99595833,"(39.03840667, -76.99595833)"
MCP2008002T,16051201,Montgomery County Police,Property Damage Crash,10/05/2016 03:42:00 PM,No,County,South,,2,North,550,FEET,LEVEL,ROCK SPRING DR,FERNWOOD RD,,N/A,,DRIVER,STRAIGHT MOVEMENT ANGLE,CLEAR,DRY,DAYLIGHT,STOP SIGN,NONE DETECTED,,OTHER VEHICLE,N/A,COMMERCIAL DRIVEWAY,FOUR-WAY INTERSECTION,CURVE LEFT,NO DEFECTS,"TWO-WAY, DIVIDED, POSITIVE MEDIAN BARRIER",39.02717167,-77.13473833,"(39.02717167, -77.13473833)"
MCP1563007C,210049058,Montgomery County Police,Property Damage Crash,12/03/2021 10:22:00 AM,No,Maryland (State),South,,2,North,0,FEET,GRADE DOWNHILL,16TH ST,EAST WEST HWY,,N/A,,DRIVER,HEAD ON LEFT TURN,CLOUDY,DRY,DAYLIGHT,TRAFFIC SIGNAL,NONE DETECTED,,OTHER VEHICLE,N/A,INTERSECTION,FOUR-WAY INTERSECTION,STRAIGHT,NO DEFECTS,"TWO-WAY, DIVIDED, POSITIVE MEDIAN BARRIER",38.99454667,-77.03626833,"(38.99454667, -77.03626833)"
DM8360000C,15007833,Takoma Park Police Depart,Property Damage Crash,02/17/2015 11:19:00 AM,No,Municipality,North,,1,South,0,FEET,LEVEL,LAUREL AVE,CARROLL AVE,,N/A,,DRIVER,OTHER,CLEAR,SLUSH,DAYLIGHT,NO CONTROLS,N/A,,PARKED VEHICLE,PARKED VEHICLE,INTERSECTION,T-INTERSECTION,STRAIGHT,NO DEFECTS,"TWO-WAY, DIVIDED, POSITIVE MEDIAN BARRIER",38.97423667,-77.01273667,"(38.97423667, -77.01273667)"
MCP2892008W,200039663,Montgomery County Police,Property Damage Crash,10/08/2020 04:46:00 PM,No,Maryland (State),South,,7,South,5,FEET,LEVEL,GEORGIA AVE,WHITE OAK DR,,N/A,,DRIVER,HEAD ON LEFT TURN,CLEAR,DRY,DAYLIGHT,TRAFFIC SIGNAL,NONE DETECTED,,OTHER VEHICLE,N/A,N/A,T-INTERSECTION,STRAIGHT,NO DEFECTS,"TWO-WAY, NOT DIVIDED",39.00991167,-77.04095167,"(39.00991167, -77.04095167)"
EJ7876000K,190021349,Gaithersburg Police Depar,Property Damage Crash,05/06/2019 04:50:00 PM,No,Maryland (State),East,RIGHT TURN LANE,2,North,20,FEET,LEVEL,QUINCE ORCHARD RD,RAMP 7 FR MD 124 WB TO IS 270 SB,,N/A,,DRIVER,SAME DIRECTION RIGHT TURN,CLEAR,DRY,DAYLIGHT,NO CONTROLS,NONE DETECTED,,OTHER VEHICLE,N/A,INTERCHANGE RELATED,N/A,STRAIGHT,NO DEFECTS,"TWO-WAY, DIVIDED, POSITIVE MEDIAN BARRIER",39.14634,-77.22773833,"(39.14634, -77.22773833)"
MCP2708002B,170531540,Montgomery County Police,Injury Crash,09/19/2017 03:47:00 PM,No,Maryland (State),South,,1,North,0,FEET,LEVEL,FLOWER AVE,KENNEBEC AVE,,N/A,,DRIVER,SAME DIRECTION RIGHT TURN,N/A,DRY,DAYLIGHT,NO CONTROLS,NONE DETECTED,,OTHER VEHICLE,FIXED OBJECT,INTERSECTION,FOUR-WAY INTERSECTION,STRAIGHT,NO DEFECTS,"TWO-WAY, NOT DIVIDED",38.98971333,-77.00157833,"(38.98971333, -77.00157833)"
MCP32610009,200035270,Montgomery County Police,Property Damage Crash,09/09/2020 12:13:00 AM,Yes,Maryland (State),North,,1,North,0,FEET,LEVEL,WOODFIELD RD,EAST VILLAGE AVE,,N/A,,UNKNOWN,SINGLE VEHICLE,N/A,DRY,DARK LIGHTS ON,NO CONTROLS,,,FIXED OBJECT,N/A,INTERSECTION,T-INTERSECTION,STRAIGHT,NO DEFECTS,"TWO-WAY, NOT DIVIDED",39.19165667,-77.15217167,"(39.19165667, -77.15217167)"
MCP9311002P,190062122,Montgomery County Police,Injury Crash,12/26/2019 08:23:00 AM,No,County,East,N/A,2,South,500,FEET,HILL UPHILL,BEMAN WOODS WAY,OAKLYN DR,,N/A,,DRIVER,SINGLE VEHICLE,CLEAR,DRY,DAYLIGHT,NO CONTROLS,NONE DETECTED,,FIXED OBJECT,FIXED OBJECT,NON INTERSECTION,N/A,STRAIGHT,NO DEFECTS,"TWO-WAY, NOT DIVIDED",38.988675,-77.19668333,"(38.988675, -77.19668333)"
MCP31110028,200001618,Montgomery County Police,Injury Crash,01/10/2020 08:38:00 AM,No,Maryland (State),East,,2,East,0,FEET,LEVEL,RIVER RD,SARATOGA AVE,,N/A,,DRIVER,STRAIGHT MOVEMENT ANGLE,CLEAR,DRY,DAYLIGHT,STOP SIGN,NONE DETECTED,,OTHER VEHICLE,N/A,N/A,FOUR-WAY INTERSECTION,STRAIGHT,NO DEFECTS,"TWO-WAY, NOT DIVIDED",38.95960567,-77.095802,"(38.95960567, -77.095802)"
MCP2974004P,230046419,Montgomery County Police,Property Damage Crash,07/27/2023 12:47:00 PM,No,US (State),South,,3,South,0,FEET,LEVEL,COLUMBIA PIKE,RAMP 6 FR MD 198 EB TO US 29 SB,,N/A,,DRIVER,SAME DIRECTION RIGHT TURN,CLEAR,DRY,DAYLIGHT,NO CONTROLS,NONE DETECTED,,OTHER VEHICLE,N/A,OTHER,N/A,STRAIGHT,NO DEFECTS,"TWO-WAY, DIVIDED, POSITIVE MEDIAN BARRIER",39.10743183,-76.93176433,"(39.10743183, -76.93176433)"
MCP2891000T,15021931,Montgomery County Police,Property Damage Crash,05/08/2015 12:00:00 PM,Yes,,,,,,0,,,,,"""Capital One"" Bank parking lot behind 8315 Georgia Ave , Entrance next to 944 Bonifant St.",,,DRIVER,OPPOSITE DIRECTION SIDESWIPE,CLEAR,,DAYLIGHT,N/A,NONE DETECTED,,OTHER VEHICLE,OTHER VEHICLE,,,,,,38.99344167,-77.02584833,"(38.99344167, -77.02584833)"
MCP23290039,240041856,MONTGOMERY,Property Damage Crash,09/04/2024 08:39:00 AM,No,Maryland (State) Route,"Northbound, Southbound",Lane 1,2,South,0,FEET,Level,,MUNCASTER RD,,,,DRIVER,Angle,Clear,Dry,Daylight,Traffic Control Signal,"Not Suspect of Alcohol Use, Not Suspect of Drug Use, Not Suspect of Alcohol Use, Not Suspect of Drug Use",,Motor Vehicle In Transport,,Intersection or Related,Angled/Skewed,Straight,No Defects,Not Divided,39.18392671,-77.11229094,"(39.18392671, -77.11229094)"
MCP24110008,15066609,MONTGOMERY,Property Damage Crash,12/28/2015 06:39:00 PM,No,County,Unknown,,1,North,500,FEET,LEVEL,WILKINS AVE,PARKLAWN DR,,N/A,,DRIVER,SAME DIR REND LEFT TURN,RAINING,WET,DARK LIGHTS ON,NO CONTROLS,NONE DETECTED,,OTHER VEHICLE,N/A,NON INTERSECTION,N/A,CURVE RIGHT,NO DEFECTS,"TWO-WAY, DIVIDED, UNPROTECTED PAINTED MIN 4 FEET",39.05568424,-77.11071968,"(39.05568424, -77.11071968)"
DD56100043,180024807,Rockville Police Departme,Property Damage Crash,05/20/2018 08:48:00 PM,No,Municipality,West,,1,West,70,FEET,LEVEL,CRAWFORD DR,CLAGETT DR,,ROCKVILLE,,DRIVER,SAME DIR REAR END,CLEAR,DRY,DARK LIGHTS ON,NO CONTROLS,N/A,,PARKED VEHICLE,OTHER VEHICLE,OTHER,OTHER,STRAIGHT,N/A,"TWO-WAY, NOT DIVIDED",39.07591667,-77.12744833,"(39.07591667, -77.12744833)"
MCP2767004J,180021352,Montgomery County Police,Property Damage Crash,05/01/2018 06:10:00 PM,Yes,,,,,,,,,,,"PARKING LOT OF 10820 GEORGIA AVE., SILVER SPRING MD.",,,DRIVER,OTHER,CLEAR,,DAYLIGHT,NO CONTROLS,ALCOHOL PRESENT,,PARKED VEHICLE,PARKED VEHICLE,,,,,,39.03346948,-77.04966187,"(39.03346948, -77.04966187)"
MCP3121000T,180022322,Montgomery County Police,Property Damage Crash,05/06/2018 09:23:00 PM,No,County,West,,2,East,75,FEET,HILL UPHILL,ODENDHAL AVE,CONTOUR RD,,N/A,,DRIVER,SAME DIR REAR END,CLEAR,DRY,DARK LIGHTS ON,NO CONTROLS,"ALCOHOL PRESENT, NONE DETECTED",,OTHER VEHICLE,N/A,NON INTERSECTION,N/A,STRAIGHT,NO DEFECTS,"TWO-WAY, DIVIDED, POSITIVE MEDIAN BARRIER",39.15248587,-77.19450116,"(39.15248587, -77.19450116)"
MCP31130017,180056793,Montgomery County Police,Injury Crash,11/12/2018 05:00:00 PM,No,County,North,,2,South,10,FEET,LEVEL,OLD COLUMBIA PIKE,MARTELLO DR,,N/A,,DRIVER,SAME DIR REAR END,RAINING,WET,DARK LIGHTS ON,N/A,N/A,,OTHER VEHICLE,OTHER VEHICLE,NON INTERSECTION,N/A,STRAIGHT,NO DEFECTS,"TWO-WAY, DIVIDED, UNPROTECTED PAINTED MIN 4 FEET",39.08191167,-76.95368,"(39.08191167, -76.95368)"
MCP28450019,15052689,MONTGOMERY,Property Damage Crash,10/17/2015 08:22:00 AM,No,Maryland (State),North,,3,North,0,FEET,LEVEL,NEW HAMPSHIRE AVE,RUPPERT RD,,N/A,,DRIVER,STRAIGHT MOVEMENT ANGLE,CLEAR,DRY,DAYLIGHT,STOP SIGN,NONE DETECTED,,OTHER VEHICLE,N/A,INTERSECTION,T-INTERSECTION,STRAIGHT,NO DEFECTS,"TWO-WAY, DIVIDED, POSITIVE MEDIAN BARRIER",39.03199167,-76.98454667,"(39.03199167, -76.98454667)"
MCP320000F3,250004333,MONTGOMERY,Injury Crash,01/30/2025 11:45:00 AM,No,County Route,"Northbound, Westbound","Lane 2, Left Turn Lane",3,East,0,FEET,Level,WESTLAKE TERR,WESTLAKE DR,,,,DRIVER,Front to Front,Clear,Dry,Daylight,Traffic Control Signal,"Not Suspect of Alcohol Use, Not Suspect of Drug Use, Not Suspect of Alcohol Use, Not Suspect of Drug Use",,Motor Vehicle In Transport,,Intersection or Related,Perpendicular,Straight,No Defects,Not Divided,39.02715722,-77.14750437,"(39.02715722, -77.14750437)"
DM85020007,220001121,Takoma Park Police Depart,Property Damage Crash,01/14/2022 02:18:00 PM,Yes,Maryland (State),East,N/A,2,East,2,FEET,LEVEL,ETHAN ALLEN AVE,JACKSON AVE,,TAKOMA PARK,,DRIVER,STRAIGHT MOVEMENT ANGLE,N/A,DRY,DAYLIGHT,STOP SIGN,"N/A, NONE DETECTED",,N/A,N/A,N/A,T-INTERSECTION,STRAIGHT,NO DEFECTS,N/A,38.9782285,-77.00173233,"(38.9782285, -77.00173233)"
MCP24660066,250029944,MONTGOMERY,Property Damage Crash,07/05/2025 02:55:00 PM,,Local Route,"Northbound, Not On Roadway",Shoulder Area,2,North,9.07,FEET,Level,COPLEY PL,,,,,DRIVER,Front to Rear,Clear,Dry,Daylight,No Controls,"Unknown, Unknown",,Motor Vehicle In Transport,,Non-Junction,,Straight,No Defects,Not Divided,39.11473555,-77.20709778,"(39.11473555, -77.20709778)"
MCP2968005T,250026159,MONTGOMERY,Property Damage Crash,06/12/2025 08:47:00 AM,No,County Route,Southbound,"Lane 1, Lane 2",2,East,39.16,FEET,Uphill,SEVEN LOCKS RD,,,,,UNKNOWN,"Sideswipe, Same Direction",Clear,Dry,Daylight,No Controls,"Not Suspect of Alcohol Use, Not Suspect of Drug Use, Not Suspect of Alcohol Use, Not Suspect of Drug Use",,Motor Vehicle In Transport,,Acceleration/Deceleration Lane,,Straight,No Defects,"Divided, Flush Median (greater than 4ft wide)",39.05543867,-77.162467,"(39.05543867, -77.162467)"
MCP3350002N,240002393,MONTGOMERY,Property Damage Crash,01/15/2024 03:15:00 PM,No,County Route,Eastbound,Lane 1,4,East,6.94,FEET,Level,MONTROSE PKWY,,,,,UNKNOWN,Single Vehicle,Snow,Snow,Daylight,No Controls,"Not Suspect of Alcohol Use, Not Suspect of Drug Use",,Utility Pole/Light Support,,Non-Junction,,Curve Left,Not Applicable,"Divided, Raised Median (curbed)",39.05149319,-77.13456128,"(39.05149319, -77.13456128)"
MCP157500BL,200011082,Montgomery County Police,Property Damage Crash,03/06/2020 10:17:00 AM,No,County,South,,3,North,0,FEET,LEVEL,SHADY GROVE RD,FREDERICK RD,,N/A,,DRIVER,SAME DIRECTION SIDESWIPE,CLOUDY,DRY,DAYLIGHT,TRAFFIC SIGNAL,NONE DETECTED,,OTHER VEHICLE,N/A,INTERSECTION,FOUR-WAY INTERSECTION,STRAIGHT,NO DEFECTS,"TWO-WAY, DIVIDED, POSITIVE MEDIAN BARRIER",39.12225333,-77.178235,"(39.12225333, -77.178235)"
HA24930006,23002420,Maryland-National Capital,Injury Crash,12/28/2023 12:56:00 AM,No,County,West,MEDIAN AREA,3,East,0,FEET,LEVEL,RANDOLPH RD,GLENALLAN AVE,,N/A,,DRIVER,STRAIGHT MOVEMENT ANGLE,RAINING,WET,DARK LIGHTS ON,FLASHING TRAFFIC SIGNAL,NONE DETECTED,,OTHER VEHICLE,N/A,INTERSECTION,FOUR-WAY INTERSECTION,STRAIGHT,NO DEFECTS,"TWO-WAY, DIVIDED, POSITIVE MEDIAN BARRIER",39.0606398,-77.04502364,"(39.0606398, -77.04502364)"
MCP1205003R,170541091,Montgomery County Police,Injury Crash,11/05/2017 01:17:00 PM,No,Maryland (State),West,,3,East,0,FEET,LEVEL,UNIVERSITY BLVD W,NEWPORT MILL RD,,N/A,,DRIVER,HEAD ON LEFT TURN,RAINING,WET,DAYLIGHT,TRAFFIC SIGNAL,NONE DETECTED,,OTHER VEHICLE,N/A,INTERSECTION,FOUR-WAY INTERSECTION,STRAIGHT,NO DEFECTS,"TWO-WAY, DIVIDED, POSITIVE MEDIAN BARRIER",39.03382167,-77.07253667,"(39.03382167, -77.07253667)"
MCP3329000Y,220051096,Montgomery County Police,Property Damage Crash,11/19/2022 07:18:00 PM,No,County,West,,2,East,0,FEET,GRADE DOWNHILL,RANDOLPH RD,SHERWOOD FOREST DR,,N/A,,DRIVER,STRAIGHT MOVEMENT ANGLE,N/A,DRY,DARK LIGHTS ON,STOP SIGN,NONE DETECTED,,OTHER VEHICLE,N/A,INTERSECTION,FOUR-WAY INTERSECTION,STRAIGHT,N/A,N/A,39.07322296,-77.00834308,"(39.07322296, -77.00834308)"
MCP2708004G,190012031,Montgomery County Police,Property Damage Crash,03/15/2019 04:40:00 PM,No,Maryland (State),East,,3,East,0,FEET,LEVEL,UNIVERSITY BLVD E,MERRIMAC DR,,N/A,,DRIVER,STRAIGHT MOVEMENT ANGLE,CLEAR,DRY,DAYLIGHT,STOP SIGN,NONE DETECTED,,OTHER VEHICLE,N/A,INTERSECTION,FOUR-WAY INTERSECTION,STRAIGHT,NO DEFECTS,"TWO-WAY, DIVIDED, POSITIVE MEDIAN BARRIER",38.99253833,-76.991585,"(38.99253833, -76.991585)"
MCP2750001V,16005920,Montgomery County Police,Property Damage Crash,02/04/2016 09:10:00 PM,No,Maryland (State),West,,3,East,0,FEET,HILL CREST,VEIRS MILL RD,PENDLETON DR,,N/A,,DRIVER,STRAIGHT MOVEMENT ANGLE,CLEAR,WET,DARK LIGHTS ON,STOP SIGN,NONE DETECTED,,OTHER VEHICLE,OTHER VEHICLE,INTERSECTION,FOUR-WAY INTERSECTION,STRAIGHT,VIEW OBSTRUCTED,"TWO-WAY, DIVIDED, POSITIVE MEDIAN BARRIER",39.04691333,-77.06759833,"(39.04691333, -77.06759833)"
MCP3304001B,240002309,MONTGOMERY,Property Damage Crash,01/15/2024 05:24:00 AM,No,County Route,Not On Roadway,Off Road,1,North,51.45,FEET,Downhill,ASHLEY DR,,,,,DRIVER,Single Vehicle,Blowing Snow,Snow,Dark - Lighted,No Controls,"Not Suspect of Alcohol Use, Not Suspect of Drug Use",,"Other Post, Pole, Or Support",Not Applicable,Non-Junction,,Curve Right,,Not Divided,39.04099577,-77.09478902,"(39.04099577, -77.09478902)"
HA23860016,21001477,Maryland-National Capital,Property Damage Crash,06/03/2021 12:30:00 PM,No,,,,,,,,,,,PARKING LOT AT STEWARTON LOCAL PARK,,,DRIVER,N/A,CLEAR,,DAYLIGHT,N/A,N/A,,N/A,N/A,,,,,,39.17959767,-77.18983183,"(39.17959767, -77.18983183)"
MCP3026000X,170510694,Montgomery County Police,Property Damage Crash,05/30/2017 11:50:00 AM,Yes,,,,,,,,,,,PARKING GARAGE 10810 CONNECTICUT AVE,,,DRIVER,OTHER,CLEAR,,DAYLIGHT,NO CONTROLS,NONE DETECTED,,OTHER VEHICLE,N/A,,,,,,39.03284667,-77.07555333,"(39.03284667, -77.07555333)"
DM8498000K,220048509,Takoma Park Police Depart,Property Damage Crash,11/03/2022 08:04:00 PM,No,Municipality,East,,2,West,0,FEET,LEVEL,HOLLY AVE,PHILADELPHIA AVE,,N/A,,DRIVER,OTHER,CLEAR,DRY,DARK LIGHTS ON,NO CONTROLS,"N/A, NONE DETECTED",,OTHER VEHICLE,OTHER VEHICLE,INTERSECTION,FOUR-WAY INTERSECTION,STRAIGHT,NO DEFECTS,"TWO-WAY, NOT DIVIDED",38.98231781,-77.01368405,"(38.98231781, -77.01368405)"
DD56690013,250015181,ROCKVILLE,Property Damage Crash,04/07/2025 10:08:00 PM,,Maryland (State) Route,"Southbound, Westbound","Lane 1, Lane 3","1, 3",West,6.37,FEET,Level,ROCKVILLE PIKE (SB/L),,,,,UNKNOWN,Single Vehicle,Clear,Dry,Dark - Lighted,Traffic Control Signal,"Not Suspect of Alcohol Use, Not Suspect of Drug Use",,Fell Jumped from Motor Vehicle,,Acceleration/Deceleration Lane,,Straight,No Defects,Not Divided,39.0743738,-77.13574891,"(39.0743738, -77.13574891)"
MCP3374001H,230063910,Montgomery County Police,Injury Crash,11/02/2023 08:45:00 AM,No,County,West,,2,East,200,FEET,LEVEL,TUCKERMAN LA,KINGS RIDING WAY,,N/A,,DRIVER,HEAD ON,CLEAR,DRY,DAYLIGHT,NO CONTROLS,NONE DETECTED,,OTHER VEHICLE,N/A,N/A,N/A,STRAIGHT,NO DEFECTS,"TWO-WAY, DIVIDED, UNPROTECTED PAINTED MIN 4 FEET",39.02922385,-77.11097588,"(39.02922385, -77.11097588)"
MCP28450048,180062673,Montgomery County Police,Injury Crash,12/15/2018 01:07:00 PM,No,,,,,,,,,,,PARKING LOT EXIT OF BP GAS STATION  LOCATED AT 10226 NEW HAMPSHIRE AVE,,,DRIVER,SAME DIRECTION RIGHT TURN,RAINING,,DAYLIGHT,NO CONTROLS,NONE DETECTED,,OTHER VEHICLE,N/A,,,,,,39.02314167,-76.97801333,"(39.02314167, -76.97801333)"
MCP29310071,240026056,MONTGOMERY,Injury Crash,06/01/2024 06:31:00 PM,No,Maryland (State) Route,Southbound,Lane 2,4,South,25.18,FEET,Level,FREDERICK RD,,,,,DRIVER,Angle,Clear,Dry,Daylight,No Controls,"Not Suspect of Alcohol Use, Not Suspect of Drug Use, Not Suspect of Alcohol Use, Not Suspect of Drug Use",,Motor Vehicle In Transport,,Non-Junction,,Straight,No Defects,"Divided, Raised Median (curbed)",39.10969508,-77.16010426,"(39.10969508, -77.16010426)"
MCP27220048,220040977,Montgomery County Police,Property Damage Crash,09/20/2022 02:15:00 PM,Yes,,,,,,,,,,,PARKING LOT OF 3860 INTERNATIONAL DRIVE,,,DRIVER,OTHER,CLEAR,,DAYLIGHT,NO CONTROLS,N/A,,PARKED VEHICLE,N/A,,,,,,39.10151374,-77.07577126,"(39.10151374, -77.07577126)"
MCP30060066,210018996,Montgomery County Police,Injury Crash,05/20/2021 09:00:00 AM,No,County,West,RIGHT TURN LANE,2,West,0,FEET,LEVEL,BEL PRE RD,GEORGIA AVE,,N/A,,DRIVER,SAME DIR REAR END,CLEAR,DRY,DAYLIGHT,YIELD SIGN,NONE DETECTED,,OTHER VEHICLE,N/A,INTERSECTION,FOUR-WAY INTERSECTION,CURVE RIGHT,NO DEFECTS,"TWO-WAY, DIVIDED, POSITIVE MEDIAN BARRIER",39.09349333,-77.07942833,"(39.09349333, -77.07942833)"
MCP21890004,170523280,Montgomery County Police,Property Damage Crash,08/06/2017 02:20:00 AM,No,County,East,N/A,2,South,0,FEET,LEVEL,EPWORTH CT,LYONS CREST WAY,,N/A,,DRIVER,SINGLE VEHICLE,CLEAR,DRY,DARK LIGHTS ON,NO CONTROLS,NONE DETECTED,,OVERTURN,FIXED OBJECT,NON INTERSECTION,N/A,CURVE LEFT,NO DEFECTS,"TWO-WAY, NOT DIVIDED",39.18924594,-77.16602147,"(39.18924594, -77.16602147)"