Report Number,Local Case Number,Agency Name,ACRS Report Type,Crash Date/Time,Hit/Run,Route Type,Lane Direction,Lane Type,Number of Lanes,Direction,Distance,Distance Unit,Road Grade,Road Name,Cross-Street Name,Off-Road Description,Municipality,Related Non-Motorist,At Fault,Collision Type,Weather,Surface Condition,Light,Traffic Control,Driver Substance Abuse,Non-Motorist Substance Abuse,First Harmful Event,Second Harmful Event,Junction,Intersection Type,Road Alignment,Road Condition,Road Division,Latitude,Longitude,Location
MCP28320018,15017275,Montgomery County Police,Injury Crash,04/14/2015 12:11:00 PM,No,County,East,,1,East,0,FEET,HILL UPHILL,TILDEN LA,LUXMANOR RD,,N/A,,DRIVER,SAME DIR REAR END,RAINING,WET,DAYLIGHT,STOP SIGN,"MEDICATION CONTRIBUTED, NONE DETECTED",,OTHER VEHICLE,N/A,INTERSECTION,FOUR-WAY INTERSECTION,STRAIGHT,NO DEFECTS,"TWO-WAY, NOT DIVIDED",39.04459333,-77.12350333,"(39.04459333, -77.12350333)"
MCP2932008H,250020826,MONTGOMERY,Property Damage Crash,05/11/2025 10:44:00 PM,,Maryland (State) Route,Northbound,Lane 2,4,North,0,FEET,Level,NEW HAMPSHIRE AVE,CAPITAL BELTWAY (WB/L),,,,UNKNOWN,Front to Rear,Clear,Dry,Dark - Lighted,Traffic Control Signal,"Not Suspect of Alcohol Use, Not Suspect of Drug Use, Unknown, Unknown",,Motor Vehicle In Transport,,Intersection or Related,Angled/Skewed,Straight,No Defects,"Divided, Raised Median (curbed)",39.01918944,-76.9765611,"(39.01918944, -76.9765611)"
MCP2503001M,230065544,Montgomery County Police,Property Damage Crash,11/10/2023 10:00:00 AM,No,County,West,,6,West,0,FEET,LEVEL,TUCKERMAN LA,SEVEN LOCKS RD,,N/A,,DRIVER,HEAD ON LEFT TURN,RAINING,WET,DAYLIGHT,TRAFFIC SIGNAL,N/A,,OTHER VEHICLE,N/A,INTERSECTION,FOUR-WAY INTERSECTION,STRAIGHT,NO DEFECTS,"TWO-WAY, DIVIDED, UNPROTECTED PAINTED MIN 4 FEET",39.04047,-77.15912167,"(39.04047, -77.15912167)"
DD5611005Y,190016670,Rockville Police Departme,Injury Crash,04/10/2019 12:25:00 PM,No,Municipality,West,LEFT TURN LANE,2,West,0,FEET,LEVEL,WOOTTON PKWY,TOWER OAKS BLVD,,ROCKVILLE,,DRIVER,HEAD ON LEFT TURN,CLEAR,DRY,DAYLIGHT,TRAFFIC SIGNAL,NONE DETECTED,,OTHER VEHICLE,N/A,INTERSECTION,FOUR-WAY INTERSECTION,STRAIGHT,NO DEFECTS,"TWO-WAY, DIVIDED, POSITIVE MEDIAN BARRIER",39.06666833,-77.15392167,"(39.06666833, -77.15392167)"
MCP3068005G,240025467,MONTGOMERY,Injury Crash,05/29/2024 04:40:00 PM,No,Maryland (State) Route,Southbound,Lane 3,3,North,0,FEET,Level,OLD GEORGETOWN RD (SB/L),BEECH AVE,,,Cyclist (non-electric),UNKNOWN,Single Vehicle,Rain,Wet,Daylight,Traffic Control Signal,"Not Suspect of Alcohol Use, Not Suspect of Drug Use","Not Suspect of Alcohol Use, Not Suspect of Drug Use",Pedalcycle,Not Applicable,Intersection or Related,Perpendicular,Straight,,"Divided, Raised Median (curbed)",39.01002945,-77.11487758,"(39.01002945, -77.11487758)"
MCP3211001H,200032884,Montgomery County Police,Property Damage Crash,08/23/2020 12:02:00 AM,Yes,,,,,,,,,,,PARKING LOT OF 8510 16TH ST SILVER SPRING MD 20910,,,DRIVER,SINGLE VEHICLE,CLEAR,,DARK LIGHTS ON,NO CONTROLS,N/A,,OTHER VEHICLE,N/A,,,,,,38.9984015,-77.040646,"(38.9984015, -77.040646)"
MCP3097000V,180038636,Montgomery County Police,Property Damage Crash,08/04/2018 04:00:00 AM,No,County,North,,2,North,200,FEET,LEVEL,SILVER SPRUCE DR,SILVER SPRUCE CIR,,N/A,,DRIVER,OTHER,RAINING,WET,DARK NO LIGHTS,NO CONTROLS,ALCOHOL CONTRIBUTED,,PARKED VEHICLE,N/A,NON INTERSECTION,N/A,STRAIGHT,NO DEFECTS,"TWO-WAY, NOT DIVIDED",39.09549146,-76.93007894,"(39.09549146, -76.93007894)"
MCP25150018,170514086,Montgomery County Police,Property Damage Crash,06/16/2017 05:30:00 PM,No,Maryland (State),North,,2,North,0,FEET,LEVEL,WOODFIELD RD,MT VERNON AVE,,N/A,,DRIVER,STRAIGHT MOVEMENT ANGLE,CLEAR,DRY,DAYLIGHT,STOP SIGN,NONE DETECTED,,OTHER VEHICLE,N/A,INTERSECTION,FOUR-WAY INTERSECTION,STRAIGHT,NO DEFECTS,"TWO-WAY, NOT DIVIDED",39.28359283,-77.20185041,"(39.28359283, -77.20185041)"
MCP3095002X,210048802,Montgomery County Police,Injury Crash,12/01/2021 05:50:00 PM,No,County,North,,3,North,10,FEET,LEVEL,FAIRLAND RD,COLUMBIA PIKE,,N/A,,DRIVER,SAME DIR REAR END,RAINING,WET,DARK NO LIGHTS,TRAFFIC SIGNAL,NONE DETECTED,,OTHER VEHICLE,OTHER VEHICLE,INTERSECTION RELATED,FOUR-WAY INTERSECTION,STRAIGHT,NO DEFECTS,"TWO-WAY, DIVIDED, POSITIVE MEDIAN BARRIER",39.07223667,-76.95588167,"(39.07223667, -76.95588167)"
MCP28460020,16031698,Montgomery County Police,Property Damage Crash,06/23/2016 09:32:00 AM,No,Maryland (State),South,,3,North,0,FEET,LEVEL,GEORGIA AVE,WEISMAN RD,,N/A,,DRIVER,SAME DIR REAR END,RAINING,WET,DAYLIGHT,NO CONTROLS,NONE DETECTED,,OTHER VEHICLE,N/A,INTERSECTION,FOUR-WAY INTERSECTION,STRAIGHT,HOLES RUTS ETC,"TWO-WAY, DIVIDED, POSITIVE MEDIAN BARRIER",39.04664833,-77.05023667,"(39.04664833, -77.05023667)"
MCP1205001Q,16005246,Montgomery County Police,Property Damage Crash,02/01/2016 02:50:00 PM,No,,,,,,0,,,,,PARKING LOT OF 8710 BROOKVILLE ROAD.,,,DRIVER,SINGLE VEHICLE,RAINING,,DAYLIGHT,NO CONTROLS,NONE DETECTED,,FIXED OBJECT,N/A,,,,,,38.99921708,-77.05919981,"(38.99921708, -77.05919981)"
MCP31580022,200001998,Montgomery County Police,Injury Crash,01/12/2020 03:19:00 PM,Yes,Maryland (State),North,,2,North,500,FEET,LEVEL,WOODFIELD RD,MUNCASTER MILL RD,,N/A,,DRIVER,SAME DIRECTION SIDESWIPE,CLEAR,DRY,DAYLIGHT,N/A,"N/A, NONE DETECTED",,OTHER VEHICLE,N/A,INTERSECTION RELATED,T-INTERSECTION,STRAIGHT,NO DEFECTS,"TWO-WAY, DIVIDED, POSITIVE MEDIAN BARRIER",39.16004667,-77.15945833,"(39.16004667, -77.15945833)"
MCP28770091,210023729,Montgomery County Police,Property Damage Crash,06/21/2021 01:00:00 PM,Yes,County,North,,1,North,50,FEET,LEVEL,78TH ST,WOODROW PL,,N/A,,DRIVER,SAME DIRECTION SIDESWIPE,CLEAR,DRY,DAYLIGHT,NO CONTROLS,"NONE DETECTED, UNKNOWN",,PARKED VEHICLE,N/A,N/A,N/A,STRAIGHT,NO DEFECTS,ONE-WAY TRAFFICWAY,38.97316015,-77.16006157,"(38.97316015, -77.16006157)"
DD5625000D,180024478,Rockville Police Departme,Property Damage Crash,05/18/2018 06:20:00 PM,No,Municipality,East,,2,East,0,FEET,LEVEL,E MIDDLE LA,MARYLAND AVE,,ROCKVILLE,,DRIVER,HEAD ON LEFT TURN,RAINING,WET,DAYLIGHT,TRAFFIC SIGNAL,NONE DETECTED,,OTHER VEHICLE,OTHER VEHICLE,INTERSECTION,FOUR-WAY INTERSECTION,STRAIGHT,NO DEFECTS,"TWO-WAY, DIVIDED, POSITIVE MEDIAN BARRIER",39.08504598,-77.15097427,"(39.08504598, -77.15097427)"
MCP9432000M,15005703,Montgomery County Police,Injury Crash,02/04/2015 03:32:00 PM,No,County,North,,1,South,0,MILE,LEVEL,CIDER BARRELL DR,CIDER PRESS PL,,N/A,,DRIVER,SINGLE VEHICLE,CLEAR,DRY,DAYLIGHT,NO CONTROLS,NONE DETECTED,,FIXED OBJECT,N/A,INTERSECTION RELATED,OTHER,CURVE RIGHT,NO DEFECTS,"TWO-WAY, NOT DIVIDED",39.18635667,-77.24127,"(39.18635667, -77.24127)"
MCP2059005D,180046255,Montgomery County Police,Property Damage Crash,09/16/2018 10:24:00 AM,Yes,,,,,,,,,,,"PARKING LOT IN FRONT OF 10504 CONNECTICUT AVE, KENSINGTON, MD",,,DRIVER,OTHER,CLOUDY,,DAYLIGHT,NO CONTROLS,"NONE DETECTED, UNKNOWN",,OTHER VEHICLE,N/A,,,,,,39.02788847,-77.07730543,"(39.02788847, -77.07730543)"
MCP2466005Z,250020509,MONTGOMERY,Injury Crash,05/09/2025 05:23:00 PM,No,County Route,Eastbound,Shoulder Area,2,West,30.3,FEET,Level,TRAVILAH RD,,,,,UNKNOWN,Single Vehicle,Clear,Dry,Daylight,No Controls,"Unknown, Unknown",,Utility Pole/Light Support,Overturn/Rollover,Non-Junction,,Straight,No Defects,Not Divided,39.08534924,-77.22339994,"(39.08534924, -77.22339994)"
MCP3337003H,240060721,MONTGOMERY,Property Damage Crash,12/19/2024 07:26:00 PM,No,County Route,"Eastbound, Westbound","Lane 1, Lane 2",2,West,12.01,FEET,Level,ARCOLA AVE,,,,,UNKNOWN,Rear To Side,Clear,Dry,Dark - Lighted,Traffic Control Signal,"Not Suspect of Alcohol Use, Not Suspect of Drug Use, Not Suspect of Alcohol Use, Not Suspect of Drug Use",,Motor Vehicle In Transport,,Non-Junction,,Straight,No Defects,"Divided, Flush Median (greater than 4ft wide)",39.03563669,-77.02586628,"(39.03563669, -77.02586628)"
MCP1534000P,240055409,MONTGOMERY,Property Damage Crash,11/19/2024 07:08:00 AM,No,County Route,"Northbound, Westbound",Lane 1,1,South,24.53,FEET,"Level, Uphill",MOUTH OF MONOCACY RD,DICKERSON RD,,,,DRIVER,Front to Front,Clear,Dry,Daylight,No Controls,"Not Suspect of Alcohol Use, Not Suspect of Drug Use, Not Suspect of Alcohol Use, Not Suspect of Drug Use",,Motor Vehicle In Transport,Embankment,Crossover-Related,,Straight,No Defects,Not Divided,39.224604,-77.426335,"(39.224604, -77.426335)"
MCP3053004V,210043917,Montgomery County Police,Injury Crash,10/31/2021 04:49:00 AM,No,Maryland (State),West,,2,East,0,FEET,LEVEL,UNIVERSITY BLVD W,INWOOD AVE,,N/A,,DRIVER,STRAIGHT MOVEMENT ANGLE,CLEAR,DRY,DARK LIGHTS ON,FLASHING TRAFFIC SIGNAL,N/A,,OTHER VEHICLE,FIXED OBJECT,INTERSECTION,FOUR-WAY INTERSECTION,STRAIGHT,NO DEFECTS,"TWO-WAY, DIVIDED, POSITIVE MEDIAN BARRIER",39.03614833,-77.03675667,"(39.03614833, -77.03675667)"
MCP29530022,210010239,Montgomery County Police,Injury Crash,03/18/2021 07:37:00 PM,No,,,,,,,,,,,"MALL RING ROAD WESTFIELD WHEATON MALL 11160 VEIRS MILL ROAD SILVER SPRING, MD 20902",,,UNKNOWN,STRAIGHT MOVEMENT ANGLE,RAINING,,DARK LIGHTS ON,TRAFFIC SIGNAL,NONE DETECTED,,OTHER VEHICLE,N/A,,,,,,39.037414,-77.053625,"(39.037414, -77.053625)"
MCP2094004V,15021482,Montgomery County Police,Injury Crash,05/06/2015 09:09:00 AM,No,Maryland (State),North,LEFT TURN LANE,3,North,40,FEET,LEVEL,OLD GEORGETOWN RD,DEMOCRACY BLVD,,N/A,,DRIVER,SAME DIRECTION SIDESWIPE,CLEAR,DRY,DAYLIGHT,TRAFFIC SIGNAL,NONE DETECTED,,OTHER VEHICLE,N/A,INTERSECTION RELATED,FOUR-WAY INTERSECTION,STRAIGHT,NO DEFECTS,"TWO-WAY, DIVIDED, POSITIVE MEDIAN BARRIER",39.02480833,-77.12576167,"(39.02480833, -77.12576167)"
MCP14360010,190034784,Montgomery County Police,Property Damage Crash,07/22/2019 11:29:00 AM,No,County,East,,2,East,300,FEET,LEVEL,RANDOLPH RD,PARKLAWN DR,,N/A,,DRIVER,HEAD ON LEFT TURN,CLEAR,DRY,DAYLIGHT,NO CONTROLS,"ALCOHOL PRESENT, NONE DETECTED",,OTHER VEHICLE,N/A,COMMERCIAL DRIVEWAY,T-INTERSECTION,STRAIGHT,NO DEFECTS,"TWO-WAY, NOT DIVIDED",39.05325667,-77.10754667,"(39.05325667, -77.10754667)"
DD5605001K,15039845,ROCKVILLE,Injury Crash,08/10/2015 07:50:00 PM,No,,,,,,,,,,,"PARKING LOT OF 9200 DARNESTOWN RD, ROCKVILLE MD.",,PEDESTRIAN,DRIVER,OTHER,CLEAR,,DAWN,NO CONTROLS,NONE DETECTED,NONE DETECTED,PEDESTRIAN,PEDESTRIAN,,,,,,39.09085333,-77.18915833,"(39.09085333, -77.18915833)"
MCP27220052,230073226,Montgomery County Police,Property Damage Crash,12/22/2023 08:31:00 PM,No,County,North,,2,North,600,FEET,LEVEL,ASPEN HILL RD,CONNECTICUT AVE,,N/A,,DRIVER,SAME DIRECTION SIDESWIPE,CLEAR,N/A,DARK LIGHTS ON,NO CONTROLS,NONE DETECTED,,OTHER VEHICLE,N/A,N/A,N/A,STRAIGHT,NO DEFECTS,"TWO-WAY, NOT DIVIDED",39.08028302,-77.07763848,"(39.08028302, -77.07763848)"
MCP2192003X,210020752,Montgomery County Police,Injury Crash,06/01/2021 02:30:00 PM,No,,,,,,,,,,,PARKIN LOT DRIVEWAY AT SHERWOOD HIGH SCHOOL,,,DRIVER,SINGLE VEHICLE,CLEAR,,DAYLIGHT,N/A,NONE DETECTED,,FIXED OBJECT,FIXED OBJECT,,,,,,39.14724333,-77.01878833,"(39.14724333, -77.01878833)"
MCP2892006V,190037685,Montgomery County Police,Property Damage Crash,08/07/2019 04:33:00 PM,Yes,Maryland (State),North,,3,South,50,FEET,LEVEL,GEORGIA AVE,MEDICAL PARK DR,,N/A,,DRIVER,SAME DIRECTION SIDESWIPE,RAINING,WET,DAYLIGHT,N/A,"NONE DETECTED, UNKNOWN",,OTHER VEHICLE,OTHER VEHICLE,N/A,N/A,STRAIGHT,NO DEFECTS,"TWO-WAY, DIVIDED, POSITIVE MEDIAN BARRIER",39.02331667,-77.04514667,"(39.02331667, -77.04514667)"
MCP22980052,15012920,Montgomery County Police,Property Damage Crash,03/20/2015 06:01:00 PM,No,Maryland (State),North,,3,North,15,FEET,HILL UPHILL,FREDERICK RD,ARCHDALE RD,,N/A,,DRIVER,SAME DIR REAR END,N/A,DRY,DAYLIGHT,NO CONTROLS,NONE DETECTED,,PARKED VEHICLE,OTHER VEHICLE,NON INTERSECTION,N/A,STRAIGHT,NO DEFECTS,"TWO-WAY, DIVIDED, POSITIVE MEDIAN BARRIER",39.17751799,-77.2383821,"(39.17751799, -77.2383821)"
MCP2565001V,15035411,MONTGOMERY,Injury Crash,07/18/2015 04:57:00 PM,No,County,West,OFF ROAD,2,West,0,FEET,LEVEL,TUCKERMAN LA,GROSVENOR PL,,N/A,,DRIVER,SINGLE VEHICLE,CLEAR,DRY,DAYLIGHT,NO CONTROLS,ALCOHOL PRESENT,,FIXED OBJECT,FIXED OBJECT,INTERSECTION,T-INTERSECTION,CURVE RIGHT,NO DEFECTS,"TWO-WAY, NOT DIVIDED",39.02891068,-77.10884213,"(39.02891068, -77.10884213)"
MCP2411002H,180051698,Montgomery County Police,Property Damage Crash,10/15/2018 08:08:00 PM,No,,,,,,,,,,,METRO ACCESS ROAD LEADING TO REDLAND RD NEAR PARKING GARAGE 1 OF SHADY GROVE METRO,,,DRIVER,SAME DIR BOTH LEFT TURN,RAINING,,DARK NO LIGHTS,NO CONTROLS,NONE DETECTED,,OTHER VEHICLE,N/A,,,,,,39.11986694,-77.16399899,"(39.11986694, -77.16399899)"
MCP29190050,180033366,Montgomery County Police,Injury Crash,07/06/2018 04:00:00 PM,No,County,South,,2,South,500,FEET,LEVEL,FLOWER AVE,PINEY BRANCH RD,,N/A,,DRIVER,SAME DIR REAR END,CLEAR,DRY,DAYLIGHT,TRAFFIC SIGNAL,NONE DETECTED,,OTHER VEHICLE,OTHER VEHICLE,N/A,FOUR-WAY INTERSECTION,STRAIGHT,NO DEFECTS,"TWO-WAY, NOT DIVIDED",38.99926833,-77.00392,"(38.99926833, -77.00392)"
MCP10210006,15007524,Montgomery County Police,Injury Crash,02/14/2015 08:28:00 PM,No,Maryland (State),East,OFF ROAD,2,East,200,FEET,GRADE DOWNHILL,CLOPPER RD,ENT TO CAMP SENECA PARK,,N/A,,DRIVER,SINGLE VEHICLE,SNOW,ICE,DARK NO LIGHTS,NO CONTROLS,NONE DETECTED,,FIXED OBJECT,FIXED OBJECT,NON INTERSECTION,N/A,CURVE RIGHT,NO DEFECTS,"TWO-WAY, NOT DIVIDED",39.17898833,-77.30137167,"(39.17898833, -77.30137167)"
MCP106400B7,200043683,Montgomery County Police,Property Damage Crash,11/05/2020 02:32:00 PM,Yes,County,South,,1,North,600,FEET,LEVEL,LOCKWOOD DR,NEW HAMPSHIRE AVE,,N/A,,DRIVER,SAME DIRECTION SIDESWIPE,CLEAR,DRY,DAYLIGHT,N/A,N/A,,OTHER VEHICLE,N/A,NON INTERSECTION,N/A,STRAIGHT,NO DEFECTS,"TWO-WAY, DIVIDED, POSITIVE MEDIAN BARRIER",39.04103333,-76.98778667,"(39.04103333, -76.98778667)"
MCP2893002S,17013002,Montgomery County Police,Injury Crash,03/12/2017 07:56:00 AM,No,Maryland (State),South,,2,North,0,FEET,LEVEL,GERMANTOWN RD,FREDERICK RD,,N/A,,DRIVER,STRAIGHT MOVEMENT ANGLE,CLEAR,DRY,DARK LIGHTS ON,TRAFFIC SIGNAL,NONE DETECTED,,OTHER VEHICLE,OTHER VEHICLE,INTERSECTION,FOUR-WAY INTERSECTION,STRAIGHT,NO DEFECTS,"TWO-WAY, DIVIDED, POSITIVE MEDIAN BARRIER",39.192165,-77.24246167,"(39.192165, -77.24246167)"
MCP3019001S,180023760,Montgomery County Police,Property Damage Crash,05/14/2018 08:15:00 PM,No,Maryland (State),South,,1,South,20,FEET,GRADE DOWNHILL,GOLDSBORO RD,RANNOCH RD,,N/A,,DRIVER,SINGLE VEHICLE,RAINING,WET,DARK LIGHTS ON,NO CONTROLS,N/A,,FIXED OBJECT,N/A,NON INTERSECTION,N/A,STRAIGHT,NO DEFECTS,"TWO-WAY, NOT DIVIDED",38.96952333,-77.132535,"(38.96952333, -77.132535)"
MCP1113002S,190026589,Montgomery County Police,Property Damage Crash,06/04/2019 07:32:00 AM,Yes,County,East,,2,East,0,FEET,HILL UPHILL,BRINK RD,GOSHEN RD,,N/A,,DRIVER,OTHER,CLEAR,DRY,DAYLIGHT,STOP SIGN,NONE DETECTED,,FIXED OBJECT,N/A,INTERSECTION,T-INTERSECTION,STRAIGHT,NO DEFECTS,"TWO-WAY, NOT DIVIDED",39.20359827,-77.18740789,"(39.20359827, -77.18740789)"
MCP26350039,16052167,Montgomery County Police,Property Damage Crash,10/10/2016 04:00:00 PM,Yes,,,,,,0,,,,,PARKING LOT OF 13850 GEORGIA AVE,,,DRIVER,OTHER,N/A,,DAYLIGHT,NO CONTROLS,N/A,,PARKED VEHICLE,N/A,,,,,,39.081625,-77.07839833,"(39.081625, -77.07839833)"
MCP3055002W,210020009,Montgomery County Police,Property Damage Crash,05/27/2021 06:35:00 AM,No,County,West,,2,West,50,FEET,GRADE DOWNHILL,BEL PRE RD,PARKER FARM WAY,,N/A,,DRIVER,OTHER,CLEAR,DRY,DAYLIGHT,TRAFFIC SIGNAL,N/A,,OTHER VEHICLE,N/A,INTERSECTION RELATED,FOUR-WAY INTERSECTION,STRAIGHT,NO DEFECTS,"TWO-WAY, NOT DIVIDED",39.09138667,-77.04712167,"(39.09138667, -77.04712167)"
MCP26410029,220016543,Montgomery County Police,Property Damage Crash,04/19/2022 09:30:00 AM,No,Maryland (State),North,,1,South,5,FEET,LEVEL,RIDGE RD,DAVIS MILL RD,,N/A,,DRIVER,STRAIGHT MOVEMENT ANGLE,CLOUDY,DRY,DAYLIGHT,NO CONTROLS,NONE DETECTED,,OTHER VEHICLE,FIXED OBJECT,INTERSECTION RELATED,T-INTERSECTION,STRAIGHT,NO DEFECTS,"TWO-WAY, DIVIDED, UNPROTECTED PAINTED MIN 4 FEET",39.24082667,-77.23513167,"(39.24082667, -77.23513167)"
MCP2203002J,180009736,Montgomery County Police,Property Damage Crash,02/25/2018 01:20:00 PM,Yes,,,,,,,,,,,PARKING LOT OF 2013 GEORGIAN WOODS,,,DRIVER,SAME DIRECTION SIDESWIPE,RAINING,,DAYLIGHT,N/A,"NONE DETECTED, UNKNOWN",,OTHER VEHICLE,N/A,,,,,,39.05584333,-77.048875,"(39.05584333, -77.048875)"
EJ7851007B,210048631,Gaithersburg Police Depar,Injury Crash,11/30/2021 05:30:00 PM,No,Maryland (State),East,,3,South,100,FEET,LEVEL,QUINCE ORCHARD RD,SPUR TO MD 355,,N/A,,DRIVER,SAME DIRECTION SIDESWIPE,CLEAR,DRY,DARK LIGHTS ON,NO CONTROLS,NONE DETECTED,,OTHER VEHICLE,N/A,NON INTERSECTION,N/A,STRAIGHT,NO DEFECTS,"TWO-WAY, DIVIDED, POSITIVE MEDIAN BARRIER",39.15117829,-77.21390304,"(39.15117829, -77.21390304)"
MCP30120016,16047296,Montgomery County Police,Injury Crash,09/15/2016 08:06:00 AM,No,County,West,,3,East,100,FEET,LEVEL,RANDOLPH RD,HEURICH RD,,N/A,,DRIVER,SAME DIR REAR END,CLEAR,DRY,DAYLIGHT,NO CONTROLS,NONE DETECTED,,OTHER VEHICLE,N/A,NON INTERSECTION,N/A,STRAIGHT,NO DEFECTS,"TWO-WAY, DIVIDED, POSITIVE MEDIAN BARRIER",39.06311833,-77.04099833,"(39.06311833, -77.04099833)"
MCP25700004,170531125,Montgomery County Police,Property Damage Crash,09/17/2017 02:43:00 PM,No,Maryland (State),North,,3,North,0,FEET,LEVEL,GEORGIA AVE,HENDERSON AVE,,N/A,,DRIVER,STRAIGHT MOVEMENT ANGLE,CLEAR,DRY,DAYLIGHT,N/A,NONE DETECTED,,OTHER VEHICLE,N/A,INTERSECTION,FOUR-WAY INTERSECTION,STRAIGHT,NO DEFECTS,"TWO-WAY, DIVIDED, POSITIVE MEDIAN BARRIER",39.05075667,-77.05152833,"(39.05075667, -77.05152833)"
MCP11190051,180009221,Montgomery County Police,Property Damage Crash,02/22/2018 12:07:00 PM,No,Maryland (State),East,,3,East,50,FEET,GRADE DOWNHILL,VEIRS MILL RD,CONNECTICUT AVE,,N/A,,DRIVER,SAME DIRECTION SIDESWIPE,CLOUDY,DRY,DAYLIGHT,YIELD SIGN,NONE DETECTED,,OTHER VEHICLE,N/A,OTHER,FOUR-WAY INTERSECTION,STRAIGHT,NO DEFECTS,"TWO-WAY, DIVIDED, UNPROTECTED PAINTED MIN 4 FEET",39.05086833,-77.07389833,"(39.05086833, -77.07389833)"
MCP2799007N,240002437,MONTGOMERY,Property Damage Crash,01/15/2024 09:00:00 PM,No,Government Route,Westbound,Lane 1,2,North,14.66,FEET,Level,SLIGO CREEK PKWY,,,,,DRIVER,Single Vehicle,Snow,Snow,Dark - Not Lighted,No Controls,"Not Suspect of Alcohol Use, Not Suspect of Drug Use",,Guardrail Face,Guardrail Face,Non-Junction,,Curve Right,No Defects,Not Divided,38.99182976,-77.00593511,"(38.99182976, -77.00593511)"
MCP31620038,190062322,Montgomery County Police,Injury Crash,12/27/2019 02:10:00 PM,No,US (State),South,,3,South,0,FEET,LEVEL,COLESVILLE RD,ROWEN RD,,N/A,,DRIVER,SAME DIRECTION SIDESWIPE,N/A,DRY,DAYLIGHT,NO CONTROLS,NONE DETECTED,,OTHER VEHICLE,N/A,N/A,N/A,STRAIGHT,NO DEFECTS,"TWO-WAY, NOT DIVIDED",39.00431333,-77.02361833,"(39.00431333, -77.02361833)"
MCP29670070,250033027,MONTGOMERY,Property Damage Crash,07/24/2025 02:54:00 PM,No,Maryland (State) Route,Northbound,"Lane 1, Lane 2",2,South,11.98,FEET,Downhill,RIVER RD (WB/L),,,,,DRIVER,"Sideswipe, Same Direction",Clear,Dry,Daylight,No Controls,"Not Suspect of Alcohol Use, Not Suspect of Drug Use, Not Suspect of Alcohol Use, Not Suspect of Drug Use",,Motor Vehicle In Transport,,Non-Junction,,Straight,No Defects,"Divided, Raised Median (curbed)",38.99104106,-77.15608571,"(38.99104106, -77.15608571)"
EJ7846003Q,190004716,Gaithersburg Police Depar,Property Damage Crash,01/30/2019 11:15:00 AM,No,County,South,OFF ROAD,1,North,0,FEET,LEVEL,DIAMONDBACK DR,ROAD END,,N/A,,DRIVER,SINGLE VEHICLE,CLEAR,WET,DAYLIGHT,STOP SIGN,NONE DETECTED,,OFF ROAD,FIXED OBJECT,INTERSECTION,T-INTERSECTION,STRAIGHT,NO DEFECTS,"TWO-WAY, NOT DIVIDED",39.11269167,-77.207755,"(39.11269167, -77.207755)"
MCP2773001M,16006102,Montgomery County Police,Property Damage Crash,02/05/2016 07:38:00 PM,No,Maryland (State),East,,2,East,0,FEET,LEVEL,UNIVERSITY BLVD E,CAPITAL BELTWAY,,N/A,,DRIVER,OTHER,N/A,DRY,DARK LIGHTS ON,NO CONTROLS,NONE DETECTED,,OTHER VEHICLE,N/A,NON INTERSECTION,N/A,STRAIGHT,NO DEFECTS,"TWO-WAY, DIVIDED, POSITIVE MEDIAN BARRIER",39.01450833,-77.00444833,"(39.01450833, -77.00444833)"
MCP3111000M,180052808,Montgomery County Police,Property Damage Crash,10/21/2018 11:29:00 PM,No,County,West,,1,East,10,FEET,LEVEL,PLYERS MILL RD,VAUGHN ST,,N/A,,DRIVER,SAME DIR REAR END,CLEAR,DRY,DARK LIGHTS ON,NO CONTROLS,NONE DETECTED,,OTHER VEHICLE,FIXED OBJECT,INTERSECTION RELATED,T-INTERSECTION,STRAIGHT,NO DEFECTS,"TWO-WAY, NOT DIVIDED",39.030995,-77.080395,"(39.030995, -77.080395)"
MCP32380028,230014923,Montgomery County Police,Property Damage Crash,03/28/2023 09:06:00 AM,No,Maryland (State),West,,2,East,0,FEET,GRADE DOWNHILL,BURLINGTON AVE,GEORGIA AVE,,N/A,,DRIVER,OTHER,CLEAR,DRY,DAYLIGHT,TRAFFIC SIGNAL,NONE DETECTED,,OTHER VEHICLE,N/A,INTERSECTION,FIVE-POINT OR MORE,CURVE LEFT,NO DEFECTS,"TWO-WAY, DIVIDED, POSITIVE MEDIAN BARRIER",38.9872955,-77.02629983,"(38.9872955, -77.02629983)"
MCP2311000P,15043871,MONTGOMERY,Property Damage Crash,09/01/2015 07:11:00 AM,No,County,South,,3,North,25,FEET,LEVEL,SHADY GROVE RD,MEDICAL CENTER WAY,,N/A,,DRIVER,SAME DIRECTION SIDESWIPE,CLEAR,DRY,DAYLIGHT,TRAFFIC SIGNAL,N/A,,OTHER VEHICLE,N/A,INTERSECTION RELATED,FOUR-WAY INTERSECTION,STRAIGHT,NO DEFECTS,"TWO-WAY, DIVIDED, POSITIVE MEDIAN BARRIER",39.09726187,-77.19487667,"(39.09726187, -77.19487667)"