Report Number,Local Case Number,Agency Name,ACRS Report Type,Crash Date/Time,Hit/Run,Route Type,Lane Direction,Lane Type,Number of Lanes,Direction,Distance,Distance Unit,Road Grade,Road Name,Cross-Street Name,Off-Road Description,Municipality,Related Non-Motorist,At Fault,Collision Type,Weather,Surface Condition,Light,Traffic Control,Driver Substance Abuse,Non-Motorist Substance Abuse,First Harmful Event,Second Harmful Event,Junction,Intersection Type,Road Alignment,Road Condition,Road Division,Latitude,Longitude,Location
MCP9419005V,250021634,MONTGOMERY,Property Damage Crash,05/16/2025 12:57:00 PM,No,Maryland (State) Route,Northbound,Lane 3,3,East,0,FEET,Level,HUNGERFORD DR,,,,,DRIVER,Front to Rear,Clear,Dry,Daylight,Traffic Control Signal,"Not Suspect of Alcohol Use, Not Suspect of Drug Use, Not Suspect of Alcohol Use, Not Suspect of Drug Use",,Motor Vehicle In Transport,,Intersection or Related,Angled/Skewed,Straight,No Defects,"Divided, Raised Median (curbed)",39.10643787,-77.15822603,"(39.10643787, -77.15822603)"
MCP2977007L,200035290,Montgomery County Police,Injury Crash,09/09/2020 07:49:00 AM,No,Maryland (State),East,,2,East,0,FEET,LEVEL,UNIVERSITY BLVD E,MERRIMAC DR,,TAKOMA PARK,,DRIVER,STRAIGHT MOVEMENT ANGLE,CLOUDY,DRY,DAYLIGHT,STOP SIGN,N/A,,OTHER VEHICLE,N/A,INTERSECTION,FOUR-WAY INTERSECTION,STRAIGHT,NO DEFECTS,"TWO-WAY, DIVIDED, POSITIVE MEDIAN BARRIER",38.99265833,-76.99136167,"(38.99265833, -76.99136167)"
MCP2536002T,200021712,Montgomery County Police,Property Damage Crash,06/01/2020 11:15:00 PM,No,County,South,,1,East,50,FEET,LEVEL,DALEWOOD DR,DEAN RD,,N/A,,DRIVER,HEAD ON,CLEAR,DRY,DARK LIGHTS ON,NO CONTROLS,ALCOHOL PRESENT,,PARKED VEHICLE,PARKED VEHICLE,NON INTERSECTION,N/A,STRAIGHT,NO DEFECTS,"TWO-WAY, NOT DIVIDED",39.0623,-77.06630833,"(39.0623, -77.06630833)"
MCP3382000D,240006666,MONTGOMERY,Property Damage Crash,02/10/2024 09:00:00 AM,,County Route,Westbound,Lane 1,4,South,17.61,FEET,Level,HOLDRIDGE RD,,,,,UNKNOWN,"Sideswipe, Opposite Direction",Clear,Dry,Daylight,No Controls,,,Motor Vehicle In Transport,,Non-Junction,,Straight,No Defects,Not Divided,39.07516161,-77.06955237,"(39.07516161, -77.06955237)"
MCP2940005S,220026092,Montgomery County Police,Injury Crash,06/17/2022 12:00:00 PM,No,Maryland (State),North,,2,East,0,FEET,HILL UPHILL,RIVER RD,COUNSELMAN RD,,N/A,,DRIVER,HEAD ON LEFT TURN,CLEAR,DRY,DAYLIGHT,TRAFFIC SIGNAL,NONE DETECTED,,OTHER VEHICLE,N/A,INTERSECTION,FOUR-WAY INTERSECTION,STRAIGHT,NO DEFECTS,"TWO-WAY, DIVIDED, POSITIVE MEDIAN BARRIER",39.01730607,-77.20770744,"(39.01730607, -77.20770744)"
MCP32430017,220023186,Montgomery County Police,Property Damage Crash,05/31/2022 04:13:00 AM,No,Maryland (State),East,,1,North,0,FEET,LEVEL,CONNECTICUT AVE,PLYERS MILL RD,,N/A,,DRIVER,SINGLE VEHICLE,CLEAR,DRY,DARK LIGHTS ON,TRAFFIC SIGNAL,NONE DETECTED,,FIXED OBJECT,N/A,INTERSECTION,FOUR-WAY INTERSECTION,STRAIGHT,NO DEFECTS,"TWO-WAY, DIVIDED, POSITIVE MEDIAN BARRIER",39.02986067,-77.0760065,"(39.02986067, -77.0760065)"
MCP29040014,15038766,MONTGOMERY,Property Damage Crash,08/04/2015 07:40:00 PM,No,County,South,,2,North,50,FEET,LEVEL,FLOWER AVE,E WAYNE AVE,,N/A,,DRIVER,SAME DIR REAR END,N/A,WET,DAYLIGHT,NO CONTROLS,"ALCOHOL PRESENT, NONE DETECTED",,OTHER VEHICLE,N/A,N/A,N/A,STRAIGHT,NO DEFECTS,"TWO-WAY, NOT DIVIDED",39.00307746,-77.00536251,"(39.00307746, -77.00536251)"
MCP27450032,240048560,MONTGOMERY,Property Damage Crash,10/11/2024 11:04:00 AM,No,Bicycle Route,Northbound,Lane 2,2,East,15.24,FEET,Level,,,,,,DRIVER,Single Vehicle,Clear,Dry,Daylight,No Controls,"Not Suspect of Alcohol Use, Not Suspect of Drug Use",,"Other Post, Pole, Or Support",,Non-Junction,,Straight,No Defects,"Divided, Depressed Median",39.13125954,-77.22589863,"(39.13125954, -77.22589863)"
MCP136600BP,220004126,Montgomery County Police,Property Damage Crash,01/31/2022 10:30:00 AM,No,,,,,,,,,,,"PARKING LOT OF
14935 SOUTHLAWN LANE
ROCKVILLE, MD 20850",,,DRIVER,SINGLE VEHICLE,CLEAR,,DAYLIGHT,N/A,NONE DETECTED,,FIXED OBJECT,N/A,,,,,,39.101775,-77.13500333,"(39.101775, -77.13500333)"
MCP2965001P,17012585,Montgomery County Police,Injury Crash,03/10/2017 08:44:00 AM,No,Maryland (State),South,,2,North,150,FEET,LEVEL,GEORGIA AVE,DAMASCUS RD,,N/A,,DRIVER,SAME DIR REAR END,SNOW,WET,DAYLIGHT,NO CONTROLS,NONE DETECTED,,OTHER VEHICLE,N/A,N/A,N/A,STRAIGHT,NO DEFECTS,"TWO-WAY, NOT DIVIDED",39.22208251,-77.05971614,"(39.22208251, -77.05971614)"
MCP3006005K,200025049,Montgomery County Police,Injury Crash,06/27/2020 02:17:00 PM,No,County,North,,2,North,20,FEET,LEVEL,VEIRS MILL SERV RD,ATHERTON DR,,N/A,,DRIVER,SAME DIRECTION SIDESWIPE,CLEAR,DRY,DAYLIGHT,NO CONTROLS,NONE DETECTED,,FIXED OBJECT,PARKED VEHICLE,NON INTERSECTION,N/A,STRAIGHT,NO DEFECTS,"TWO-WAY, DIVIDED, POSITIVE MEDIAN BARRIER",39.05374167,-77.077705,"(39.05374167, -77.077705)"
HA2389000K,16000478,Maryland-National Capital,Property Damage Crash,04/23/2016 11:12:00 AM,No,County,East,N/A,1,East,0,UNKNOWN,HILL UPHILL,KINGSTEAD RD,OAK DR,,N/A,,DRIVER,SINGLE VEHICLE,CLOUDY,WET,N/A,N/A,N/A,,FIXED OBJECT,N/A,NON INTERSECTION,N/A,STRAIGHT,N/A,"TWO-WAY, NOT DIVIDED",39.26838591,-77.23435879,"(39.26838591, -77.23435879)"
MCP2347004L,230072022,Montgomery County Police,Injury Crash,12/16/2023 07:02:00 AM,No,US (State),North,,3,North,0,FEET,LEVEL,COLUMBIA PIKE,BLACKBURN RD,,N/A,,DRIVER,HEAD ON LEFT TURN,CLEAR,DRY,DAWN,TRAFFIC SIGNAL,NONE DETECTED,,OTHER VEHICLE,OVERTURN,INTERSECTION,FOUR-WAY INTERSECTION,STRAIGHT,NO DEFECTS,"TWO-WAY, DIVIDED, POSITIVE MEDIAN BARRIER",39.10410467,-76.93306567,"(39.10410467, -76.93306567)"
MCP24180016,200043611,Montgomery County Police,Injury Crash,11/05/2020 07:38:00 AM,No,Maryland (State),South,,3,South,50,FEET,GRADE DOWNHILL,GEORGIA AVE,AUGUST DR,,N/A,,DRIVER,HEAD ON,CLEAR,DRY,DAYLIGHT,N/A,NONE DETECTED,,OTHER VEHICLE,N/A,NON INTERSECTION,N/A,STRAIGHT,NO DEFECTS,"TWO-WAY, DIVIDED, POSITIVE MEDIAN BARRIER",39.02087,-77.04453333,"(39.02087, -77.04453333)"
MCP2937002P,180052668,Montgomery County Police,Property Damage Crash,10/21/2018 01:10:00 AM,No,US (State),South,,1,South,0.25,MILE,GRADE DOWNHILL,COLUMBIA PIKE,RAMP 3 FR US 29 EB TO MD 650 NB,,N/A,,UNKNOWN,SINGLE VEHICLE,CLEAR,DRY,DARK LIGHTS ON,N/A,NONE DETECTED,,ANIMAL,N/A,N/A,N/A,CURVE LEFT,NO DEFECTS,ONE-WAY TRAFFICWAY,39.04339167,-76.99027833,"(39.04339167, -76.99027833)"
MCP0936001F,16006489,Montgomery County Police,Property Damage Crash,02/08/2016 08:06:00 AM,Yes,Maryland (State),East,,2,East,0,FEET,HILL CREST,KNOWLES AVE,PARKWOOD DR,,N/A,,DRIVER,STRAIGHT MOVEMENT ANGLE,CLEAR,DRY,DAYLIGHT,STOP SIGN,"NONE DETECTED, UNKNOWN",,OTHER VEHICLE,N/A,INTERSECTION,T-INTERSECTION,N/A,NO DEFECTS,"TWO-WAY, NOT DIVIDED",39.04420693,-77.11318329,"(39.04420693, -77.11318329)"
MCP32440013,210047572,Montgomery County Police,Property Damage Crash,11/23/2021 09:59:00 AM,No,County,West,,2,West,0,FEET,LEVEL,HILDAROSE DR,GREELEY AVE,,N/A,,DRIVER,SAME DIRECTION RIGHT TURN,CLEAR,N/A,DAYLIGHT,NO CONTROLS,NONE DETECTED,,OTHER VEHICLE,N/A,INTERSECTION,FOUR-WAY INTERSECTION,STRAIGHT,NO DEFECTS,"TWO-WAY, NOT DIVIDED",39.01973617,-77.04771783,"(39.01973617, -77.04771783)"
MCP3165002N,210013124,Montgomery County Police,Property Damage Crash,04/14/2021 09:00:00 AM,Yes,,,,,,,,,,,PARKING LOT OF 3101 AUTOMOBLIE BLVD,,,DRIVER,N/A,CLEAR,,DAYLIGHT,N/A,UNKNOWN,,FIXED OBJECT,N/A,,,,,,39.08096102,-76.94794689,"(39.08096102, -76.94794689)"
MCP3003000R,16054037,Montgomery County Police,Injury Crash,10/20/2016 03:18:00 PM,No,Maryland (State),South,,2,North,0,FEET,LEVEL,FREDERICK RD,CROSSOVER,,N/A,,DRIVER,STRAIGHT MOVEMENT ANGLE,CLEAR,DRY,DAYLIGHT,STOP SIGN,NONE DETECTED,,OTHER VEHICLE,N/A,INTERSECTION,FOUR-WAY INTERSECTION,STRAIGHT,NO DEFECTS,"TWO-WAY, DIVIDED, POSITIVE MEDIAN BARRIER",39.185145,-77.239625,"(39.185145, -77.239625)"
MCP1354000H,16032262,Montgomery County Police,Property Damage Crash,06/25/2016 09:33:00 PM,No,County,South,,1,North,500,FEET,LEVEL,CATTAIL RD,CATTAIL LA,,N/A,,DRIVER,SINGLE VEHICLE,CLEAR,DRY,DARK NO LIGHTS,N/A,ALCOHOL CONTRIBUTED,,FIXED OBJECT,FIXED OBJECT,NON INTERSECTION,N/A,STRAIGHT,NO DEFECTS,"TWO-WAY, NOT DIVIDED",39.15682833,-77.38862833,"(39.15682833, -77.38862833)"
MCP30840071,240002910,MONTGOMERY,Property Damage Crash,01/18/2024 10:50:00 PM,No,County Route,Southbound,"Lane 2, Lane 3",3,East,6.07,FEET,Level,GRACE CHURCH RD,GEORGIA AVE,,,,UNKNOWN,"Sideswipe, Same Direction",Clear,Dry,Dark - Lighted,No Controls,"Not Suspect of Alcohol Use, Not Suspect of Drug Use, Not Suspect of Alcohol Use, Not Suspect of Drug Use",,Motor Vehicle In Transport,Not Applicable,Non-Junction,,Straight,No Defects,"Divided, Raised Median (curbed)",39.00518108,-77.03787733,"(39.00518108, -77.03787733)"
DD5502005M,190060423,Rockville Police Departme,Property Damage Crash,12/15/2019 04:00:00 AM,No,Municipality,North,,1,South,200,FEET,LEVEL,TWINBROOK PKWY,MARSHALL AVE,,ROCKVILLE,,DRIVER,HEAD ON,UNKNOWN,UNKNOWN,DARK LIGHTS ON,NO CONTROLS,UNKNOWN,,PARKED VEHICLE,N/A,N/A,N/A,STRAIGHT,NO DEFECTS,"TWO-WAY, NOT DIVIDED",39.08136833,-77.11384167,"(39.08136833, -77.11384167)"
MCP3089002J,190027929,Montgomery County Police,Property Damage Crash,06/11/2019 07:16:00 PM,No,County,North,,1,North,0,FEET,N/A,ROEDER RD,FENTON ST,,N/A,,DRIVER,STRAIGHT MOVEMENT ANGLE,N/A,N/A,DAYLIGHT,N/A,N/A,,OTHER VEHICLE,N/A,N/A,N/A,STRAIGHT,N/A,"TWO-WAY, NOT DIVIDED",38.99838167,-77.02704667,"(38.99838167, -77.02704667)"
MCP3123005H,230020449,Montgomery County Police,Property Damage Crash,04/29/2023 10:19:00 AM,No,County,South,,4,South,0,FEET,LEVEL,REDLAND RD,CRABBS BRANCH WAY,,N/A,,DRIVER,SAME DIR REAR END,FOGGY,WET,DAYLIGHT,TRAFFIC SIGNAL,N/A,,OTHER VEHICLE,N/A,INTERSECTION,FOUR-WAY INTERSECTION,STRAIGHT,NO DEFECTS,"TWO-WAY, NOT DIVIDED",39.12041515,-77.1590072,"(39.12041515, -77.1590072)"
MCP28920021,17003336,Montgomery County Police,Property Damage Crash,01/19/2017 05:22:00 PM,No,County,South,,1,South,150,FEET,LEVEL,FLOWER AVE,E SCHUYLER RD,,N/A,,DRIVER,SAME DIR REAR END,CLEAR,DRY,DARK LIGHTS ON,NO CONTROLS,NONE DETECTED,,OTHER VEHICLE,N/A,NON INTERSECTION,N/A,STRAIGHT,NO DEFECTS,"TWO-WAY, NOT DIVIDED",39.00367,-77.00585333,"(39.00367, -77.00585333)"
MCP241100D0,240007002,MONTGOMERY,Property Damage Crash,02/12/2024 02:07:00 PM,No,,,,0,,,FEET,,,,Parking Lot Way        MONTROSE CROSSING SHOPPING CENTER,,,DRIVER,Other,Clear,,Daylight,,"Not Suspect of Alcohol Use, Not Suspect of Drug Use",,Motor Vehicle In Transport,Motor Vehicle In Transport,,,,,,39.05589111,-77.11746263,"(39.05589111, -77.11746263)"
MCP1309001W,180045018,Montgomery County Police,Property Damage Crash,09/09/2018 01:07:00 PM,No,County,South,,3,North,20,FEET,LEVEL,RIDGE RD,OBSERVATION DR,,N/A,,DRIVER,SAME DIR REAR END,RAINING,WET,DAYLIGHT,TRAFFIC SIGNAL,NONE DETECTED,,OTHER VEHICLE,N/A,INTERSECTION RELATED,FOUR-WAY INTERSECTION,STRAIGHT,NO DEFECTS,"TWO-WAY, DIVIDED, POSITIVE MEDIAN BARRIER",39.202175,-77.25285167,"(39.202175, -77.25285167)"
MCP2498001L,210025496,Montgomery County Police,Property Damage Crash,07/03/2021 12:28:00 AM,No,Other Public Roadway,North,,2,North,50,FEET,GRADE DOWNHILL,CRYSTAL ROCK DR,CRYSTAL ROCK CT,,N/A,,DRIVER,SAME DIR REAR END,CLEAR,DRY,DARK LIGHTS ON,NO CONTROLS,NONE DETECTED,,PARKED VEHICLE,PARKED VEHICLE,NON INTERSECTION,N/A,CURVE LEFT,NO DEFECTS,"TWO-WAY, NOT DIVIDED",39.17765833,-77.26182667,"(39.17765833, -77.26182667)"
EJ7852001L,17015203,Gaithersburg Police Depar,Property Damage Crash,03/25/2017 01:14:00 AM,No,Maryland (State),South,UNKNOWN,3,North,0,FEET,LEVEL,FREDERICK RD,PERRY PKWY,,GAITHERSBURG,,UNKNOWN,ANGLE MEETS LEFT TURN,N/A,DRY,DARK LIGHTS ON,TRAFFIC SIGNAL,"ALCOHOL PRESENT, NONE DETECTED",,OTHER VEHICLE,N/A,INTERSECTION,FOUR-WAY INTERSECTION,STRAIGHT,NO DEFECTS,"TWO-WAY, DIVIDED, POSITIVE MEDIAN BARRIER",39.15004811,-77.20908165,"(39.15004811, -77.20908165)"
MCP137800N5,180053053,Montgomery County Police,Property Damage Crash,10/23/2018 12:29:00 PM,Yes,Maryland (State),West,,2,East,0,FEET,LEVEL,W DIAMOND AVE,PERRY PKWY,,GAITHERSBURG,,DRIVER,SAME DIR REAR END,CLEAR,DRY,DAYLIGHT,TRAFFIC SIGNAL,"NONE DETECTED, UNKNOWN",,OTHER VEHICLE,N/A,INTERSECTION,FOUR-WAY INTERSECTION,STRAIGHT,NO DEFECTS,"TWO-WAY, NOT DIVIDED",39.14052739,-77.20942084,"(39.14052739, -77.20942084)"
MCP30450022,190014893,Montgomery County Police,Injury Crash,03/31/2019 01:35:00 PM,No,County,East,,1,East,0,FEET,LEVEL,DEMOCRACY BLVD,GAINSBOROUGH RD,,N/A,,DRIVER,SAME DIRECTION SIDESWIPE,CLEAR,DRY,DAYLIGHT,N/A,NONE DETECTED,,OTHER VEHICLE,OTHER VEHICLE,N/A,N/A,STRAIGHT,NO DEFECTS,"TWO-WAY, DIVIDED, UNPROTECTED PAINTED MIN 4 FEET",39.02228,-77.17193333,"(39.02228, -77.17193333)"
MCP2399001G,170542284,Montgomery County Police,Property Damage Crash,11/11/2017 08:15:00 PM,No,County,West,,1,West,0,FEET,LEVEL,QUAIL VALLEY BLVD,SANDPIPER LA,,N/A,,DRIVER,OTHER,CLEAR,DRY,DARK NO LIGHTS,N/A,NONE DETECTED,,OTHER VEHICLE,N/A,NON INTERSECTION,N/A,CURVE RIGHT,NO DEFECTS,"TWO-WAY, DIVIDED, UNPROTECTED PAINTED MIN 4 FEET",39.16077333,-77.18923167,"(39.16077333, -77.18923167)"
MCP9432003D,230011894,Montgomery County Police,Property Damage Crash,03/10/2023 11:10:00 PM,Yes,County,East,,2,East,0,FEET,HILL UPHILL,FENTON ST,ROEDER RD,,N/A,,DRIVER,SAME DIRECTION RIGHT TURN,CLEAR,DRY,DARK LIGHTS ON,TRAFFIC SIGNAL,"NONE DETECTED, UNKNOWN",,OTHER VEHICLE,N/A,N/A,T-INTERSECTION,STRAIGHT,NO DEFECTS,"TWO-WAY, NOT DIVIDED",38.997243,-77.0258285,"(38.997243, -77.0258285)"
MCP2082000X,170511668,Montgomery County Police,Injury Crash,06/04/2017 03:03:00 AM,No,,,,,,,,,,,PARKING LOT OF 11508 BUCKNELL DR,,,DRIVER,UNKNOWN,CLEAR,,DARK -- UNKNOWN LIGHTING,NO CONTROLS,"ALCOHOL CONTRIBUTED, NONE DETECTED",,OTHER VEHICLE,N/A,,,,,,39.07849333,-77.07960667,"(39.07849333, -77.07960667)"
MCP1417007R,170518595,Montgomery County Police,Injury Crash,07/12/2017 06:59:00 AM,No,Maryland (State),South,ACCELERATION LANE,3,South,30,FEET,LEVEL,QUINCE ORCHARD RD,SPUR FR MD 355,,N/A,,DRIVER,SAME DIR REAR END,N/A,DRY,DAYLIGHT,NO CONTROLS,NONE DETECTED,,OTHER VEHICLE,N/A,INTERSECTION RELATED,FOUR-WAY INTERSECTION,STRAIGHT,NO DEFECTS,"TWO-WAY, DIVIDED, POSITIVE MEDIAN BARRIER",39.15230167,-77.21271167,"(39.15230167, -77.21271167)"
MCP2726007Q,230048184,Montgomery County Police,Injury Crash,08/07/2023 11:08:00 AM,No,County,North,,5,North,25,FEET,LEVEL,SHADY GROVE RD,ZETTS AVE,,N/A,,DRIVER,SAME DIRECTION RIGHT TURN,CLEAR,DRY,DAYLIGHT,N/A,NONE DETECTED,,OTHER VEHICLE,OTHER VEHICLE,NON INTERSECTION,N/A,STRAIGHT,NO DEFECTS,"TWO-WAY, DIVIDED, POSITIVE MEDIAN BARRIER",39.12132027,-77.1786081,"(39.12132027, -77.1786081)"
MCP25820046,220049943,Montgomery County Police,Property Damage Crash,11/12/2022 12:44:00 AM,No,County,East,OFF ROAD,1,East,200,FEET,LEVEL,EDNOR RD,OLD ORCHARD RD,,N/A,,DRIVER,SINGLE VEHICLE,RAINING,WET,DARK LIGHTS ON,NO CONTROLS,NONE DETECTED,,OFF ROAD,FIXED OBJECT,NON INTERSECTION,N/A,STRAIGHT,NO DEFECTS,"TWO-WAY, NOT DIVIDED",39.12911117,-77.01391567,"(39.12911117, -77.01391567)"
MCP31250037,210037322,Montgomery County Police,Injury Crash,09/21/2021 04:40:00 PM,No,County,North,,2,South,30,FEET,HILL UPHILL,SHADY GROVE RD,WILLOW TREE DR,,N/A,,DRIVER,SINGLE VEHICLE,CLEAR,DRY,DAYLIGHT,NO CONTROLS,N/A,,FIXED OBJECT,FIXED OBJECT,NON INTERSECTION,N/A,CURVE LEFT,NO DEFECTS,"TWO-WAY, DIVIDED, POSITIVE MEDIAN BARRIER",39.09026,-77.20291667,"(39.09026, -77.20291667)"
MCP31600039,220003953,Montgomery County Police,Injury Crash,01/29/2022 08:00:00 PM,No,Maryland (State),South,,3,North,0,FEET,LEVEL,WISCONSIN AVE,BRADLEY LA,,N/A,,UNKNOWN,HEAD ON,CLEAR,DRY,DARK LIGHTS ON,TRAFFIC SIGNAL,NONE DETECTED,,OTHER VEHICLE,N/A,INTERSECTION,FOUR-WAY INTERSECTION,STRAIGHT,NO DEFECTS,"TWO-WAY, DIVIDED, POSITIVE MEDIAN BARRIER",38.97698667,-77.09069167,"(38.97698667, -77.09069167)"
MCP9130000Z,15004427,Montgomery County Police,Property Damage Crash,01/28/2015 07:14:00 AM,No,Maryland (State),West,,3,East,0,FEET,LEVEL,UNIVERSITY BLVD E,MERRIMAC DR,,TAKOMA PARK,,DRIVER,STRAIGHT MOVEMENT ANGLE,CLEAR,DRY,DAWN,NO CONTROLS,NONE DETECTED,,OTHER VEHICLE,N/A,INTERSECTION,FOUR-WAY INTERSECTION,STRAIGHT,NO DEFECTS,"TWO-WAY, DIVIDED, POSITIVE MEDIAN BARRIER",39.23211167,-77.28189833,"(39.23211167, -77.28189833)"
DD5605007R,200008087,Rockville Police Departme,Property Damage Crash,02/18/2020 12:00:00 PM,No,Municipality,South,RIGHT TURN LANE,1,East,0,FEET,LEVEL,E GUDE DR,ROTHGEB DR,,ROCKVILLE,PEDESTRIAN,DRIVER,OTHER,CLEAR,DRY,DAYLIGHT,TRAFFIC SIGNAL,NONE DETECTED,NONE DETECTED,PEDESTRIAN,N/A,INTERSECTION,T-INTERSECTION,STRAIGHT,NO DEFECTS,"TWO-WAY, DIVIDED, UNPROTECTED PAINTED MIN 4 FEET",39.09601283,-77.13369633,"(39.09601283, -77.13369633)"
MCP263900GG,240003478,MONTGOMERY,Property Damage Crash,01/23/2024 09:41:00 AM,No,,,,0,,,FEET,,,,Parking Lot Way        PARKING LOT OF 13100 SHAWNEE LANE (MCPS BUS DEPOT),,,UNKNOWN,Angle,Cloudy,,Daylight,,"Not Suspect of Alcohol Use, Not Suspect of Drug Use",,Parked Vehicle,,,,,,,39.22528114,-77.27149036,"(39.22528114, -77.27149036)"
MCP3337000D,220040017,Montgomery County Police,Property Damage Crash,09/14/2022 03:49:00 PM,No,County,North,,1,South,100,FEET,LEVEL,CONNECTICUT AVE,GRAND PRE RD,,N/A,,DRIVER,SAME DIR REAR END,CLEAR,DRY,DAYLIGHT,NO CONTROLS,NONE DETECTED,,OTHER VEHICLE,N/A,NON INTERSECTION,N/A,STRAIGHT,NO DEFECTS,"TWO-WAY, NOT DIVIDED",39.08681,-77.07422833,"(39.08681, -77.07422833)"
MCP242500HR,230027769,Montgomery County Police,Property Damage Crash,06/09/2023 02:20:00 PM,Yes,Maryland (State),South,,3,North,0,FEET,LEVEL,WISCONSIN AVE,MILLER AVE,,N/A,,DRIVER,SAME DIRECTION RIGHT TURN,CLOUDY,DRY,DAYLIGHT,NO CONTROLS,NONE DETECTED,,OTHER VEHICLE,N/A,INTERSECTION,T-INTERSECTION,STRAIGHT,NO DEFECTS,"TWO-WAY, DIVIDED, POSITIVE MEDIAN BARRIER",38.98076833,-77.09268167,"(38.98076833, -77.09268167)"
MCP2583000Q,180064937,Montgomery County Police,Injury Crash,12/28/2018 05:54:00 PM,No,County,South,LEFT TURN LANE,3,North,0,FEET,LEVEL,SHADY GROVE RD,CHOKE CHERRY RD,,ROCKVILLE,,DRIVER,HEAD ON LEFT TURN,CLEAR,DRY,DUSK,TRAFFIC SIGNAL,N/A,,OTHER VEHICLE,OTHER VEHICLE,INTERSECTION,FOUR-WAY INTERSECTION,STRAIGHT,NO DEFECTS,"TWO-WAY, DIVIDED, POSITIVE MEDIAN BARRIER",39.1146,-77.1856,"(39.1146, -77.1856)"
DD5636002S,200029180,Rockville Police Departme,Injury Crash,07/27/2020 07:02:00 PM,No,Municipality,East,,2,North,20,FEET,GRADE DOWNHILL,EDMONSTON DR,ROCKVILLE PIKE,,N/A,,DRIVER,STRAIGHT MOVEMENT ANGLE,CLEAR,DRY,DAYLIGHT,NO CONTROLS,NONE DETECTED,,OTHER VEHICLE,N/A,COMMERCIAL DRIVEWAY,OTHER,STRAIGHT,NO DEFECTS,"TWO-WAY, NOT DIVIDED",39.07474441,-77.13489472,"(39.07474441, -77.13489472)"
DD5635003W,210028558,Rockville Police Departme,Property Damage Crash,07/23/2021 02:27:00 PM,Yes,,,,,,,,,,,PARKING LOT OF 1 RESEARCH CT,,,DRIVER,OTHER,CLEAR,,DAYLIGHT,N/A,UNKNOWN,,PARKED VEHICLE,N/A,,,,,,39.10672733,-77.184559,"(39.10672733, -77.184559)"
MCP289200B9,210041559,Montgomery County Police,Property Damage Crash,10/16/2021 05:08:00 PM,No,County,South,,1,North,0,FEET,GRADE DOWNHILL,COLUMBIA BLVD,CORWIN DR,,N/A,,DRIVER,HEAD ON,RAINING,WET,DAYLIGHT,NO CONTROLS,NONE DETECTED,,OTHER VEHICLE,N/A,N/A,N/A,CURVE LEFT,NO DEFECTS,"TWO-WAY, NOT DIVIDED",39.00886333,-77.03792833,"(39.00886333, -77.03792833)"
MCP21020022,200014382,Montgomery County Police,Injury Crash,03/29/2020 11:51:00 AM,No,Maryland (State),South,,1,South,1.2,MILE,HILL CREST,DAMASCUS RD,HIPSLEY MILL RD,,N/A,,DRIVER,SINGLE VEHICLE,CLOUDY,WET,DAYLIGHT,NO CONTROLS,NONE DETECTED,,OTHER OBJECT,OFF ROAD,NON INTERSECTION,N/A,CURVE RIGHT,NO DEFECTS,"TWO-WAY, DIVIDED, UNPROTECTED PAINTED MIN 4 FEET",39.24538965,-77.1166219,"(39.24538965, -77.1166219)"
MCP2069000H,220022570,Montgomery County Police,Property Damage Crash,05/26/2022 06:04:00 PM,No,County,North,,4,South,10,FEET,LEVEL,FATHER HURLEY BLVD,WYNNFIELD DR,,N/A,,DRIVER,SAME DIR REAR END,CLOUDY,DRY,DAYLIGHT,TRAFFIC SIGNAL,"NONE DETECTED, UNKNOWN",,OTHER VEHICLE,N/A,INTERSECTION RELATED,FOUR-WAY INTERSECTION,STRAIGHT,NO DEFECTS,OTHER,39.18622453,-77.27369308,"(39.18622453, -77.27369308)"
MCP2682000R,16049644,Montgomery County Police,Property Damage Crash,09/27/2016 07:19:00 AM,Yes,County,North,SHOULDER AREA,1,South,100,FEET,LEVEL,LEWISBERRY DR,FOUNTAIN VALLEY DR,,N/A,,DRIVER,SAME DIR REAR END,N/A,UNKNOWN,UNKNOWN,N/A,UNKNOWN,,PARKED VEHICLE,N/A,NON INTERSECTION,N/A,STRAIGHT,NO DEFECTS,"TWO-WAY, NOT DIVIDED",39.184165,-77.17781667,"(39.184165, -77.17781667)"
DD55200004,15015422,Rockville Police Departme,Injury Crash,04/03/2015 07:24:00 PM,No,Maryland (State),East,LEFT TURN LANE,2,East,0,FEET,LEVEL,FIRST ST,BALTIMORE RD,,ROCKVILLE,,DRIVER,HEAD ON LEFT TURN,CLEAR,DRY,DARK LIGHTS ON,TRAFFIC SIGNAL,NONE DETECTED,,OTHER VEHICLE,N/A,INTERSECTION,FOUR-WAY INTERSECTION,STRAIGHT,NO DEFECTS,"TWO-WAY, DIVIDED, POSITIVE MEDIAN BARRIER",39.08448801,-77.13629723,"(39.08448801, -77.13629723)"
MCP1113000F,15021061,Montgomery County Police,Property Damage Crash,05/04/2015 11:35:00 AM,No,Maryland (State),South,,1,North,100,FEET,GRADE DOWNHILL,RIDGE RD,TRALEE TERR,,N/A,,DRIVER,SAME DIR REAR END,CLEAR,DRY,DAYLIGHT,NO CONTROLS,NONE DETECTED,,OTHER VEHICLE,N/A,INTERSECTION RELATED,T-INTERSECTION,STRAIGHT,NO DEFECTS,"TWO-WAY, NOT DIVIDED",39.27145912,-77.21634507,"(39.27145912, -77.21634507)"
MCP3143001F,190034926,Montgomery County Police,Injury Crash,07/23/2019 08:39:00 AM,No,County,South,,2,North,0,FEET,LEVEL,GRUBB RD,COLSTON DR,,N/A,,DRIVER,STRAIGHT MOVEMENT ANGLE,RAINING,WET,DAYLIGHT,STOP SIGN,NONE DETECTED,,OTHER VEHICLE,FIXED OBJECT,INTERSECTION,FOUR-WAY INTERSECTION,STRAIGHT,NO DEFECTS,"TWO-WAY, NOT DIVIDED",38.99297333,-77.05073333,"(38.99297333, -77.05073333)"