Report Number,Local Case Number,Agency Name,ACRS Report Type,Crash Date/Time,Hit/Run,Route Type,Lane Direction,Lane Type,Number of Lanes,Direction,Distance,Distance Unit,Road Grade,Road Name,Cross-Street Name,Off-Road Description,Municipality,Related Non-Motorist,At Fault,Collision Type,Weather,Surface Condition,Light,Traffic Control,Driver Substance Abuse,Non-Motorist Substance Abuse,First Harmful Event,Second Harmful Event,Junction,Intersection Type,Road Alignment,Road Condition,Road Division,Latitude,Longitude,Location
MCP3221001Z,220001485,Montgomery County Police,Property Damage Crash,01/12/2022 10:36:00 PM,No,Other Public Roadway,West,,1,East,50,FEET,LEVEL,MONTROSE RD,MONTROSE PKWY,,N/A,,DRIVER,SINGLE VEHICLE,CLEAR,DRY,DARK LIGHTS ON,OTHER,NONE DETECTED,,FIXED OBJECT,FIXED OBJECT,N/A,N/A,CURVE RIGHT,NO DEFECTS,"TWO-WAY, DIVIDED, POSITIVE MEDIAN BARRIER",39.05346833,-77.135765,"(39.05346833, -77.135765)"
MCP2935001D,170541533,Montgomery County Police,Property Damage Crash,11/07/2017 06:15:00 PM,No,County,South,,2,West,0.2,MILE,LEVEL,SPRING ST,CAMERON ST,,N/A,,DRIVER,OTHER,RAINING,WET,DARK LIGHTS ON,NO CONTROLS,N/A,,PARKED VEHICLE,PARKED VEHICLE,N/A,N/A,STRAIGHT,LOOSE SURFACE MATERIAL,"TWO-WAY, NOT DIVIDED",39.00001127,-77.02882782,"(39.00001127, -77.02882782)"
MCP28140026,190042963,Montgomery County Police,Property Damage Crash,09/07/2019 09:39:00 PM,No,,,,,,,,,,,"17112 FLATWOOD DR DERWOOD, MD 20855",,,DRIVER,SINGLE VEHICLE,N/A,,DARK LIGHTS ON,NO CONTROLS,NONE DETECTED,,FIXED OBJECT,N/A,,,,,,39.13952,-77.14742833,"(39.13952, -77.14742833)"
MCP3229000Y,210012194,Montgomery County Police,Injury Crash,04/01/2021 03:00:00 PM,No,County,South,,2,South,0,FEET,LEVEL,CRABBS BRANCH WAY,STANDISH PL,,N/A,,DRIVER,STRAIGHT MOVEMENT ANGLE,CLEAR,DRY,DAYLIGHT,STOP SIGN,NONE DETECTED,,OTHER VEHICLE,OFF ROAD,INTERSECTION,FOUR-WAY INTERSECTION,STRAIGHT,NO DEFECTS,"TWO-WAY, DIVIDED, POSITIVE MEDIAN BARRIER",39.10804083,-77.15242433,"(39.10804083, -77.15242433)"
MCP2251001N,16047999,Montgomery County Police,Property Damage Crash,09/18/2016 09:46:00 PM,Yes,County,South,,1,South,50,FEET,LEVEL,GRANDVIEW AVE,ENNALLS AVE,,N/A,,DRIVER,SINGLE VEHICLE,CLEAR,DRY,DARK LIGHTS ON,N/A,UNKNOWN,,FIXED OBJECT,OTHER OBJECT,INTERSECTION RELATED,FOUR-WAY INTERSECTION,STRAIGHT,NO DEFECTS,"TWO-WAY, DIVIDED, POSITIVE MEDIAN BARRIER",39.03962333,-77.052455,"(39.03962333, -77.052455)"
DM84230027,200034779,Takoma Park Police Depart,Property Damage Crash,09/05/2020 11:20:00 AM,No,Maryland (State),North,,2,North,0,FEET,HILL CREST,CARROLL AVE,LINCOLN AVE,,TAKOMA PARK,,DRIVER,STRAIGHT MOVEMENT ANGLE,CLEAR,DRY,DAYLIGHT,STOP SIGN,NONE DETECTED,,OTHER VEHICLE,N/A,INTERSECTION,FOUR-WAY INTERSECTION,STRAIGHT,NO DEFECTS,"TWO-WAY, NOT DIVIDED",38.98152833,-77.003175,"(38.98152833, -77.003175)"
MCP1378016L,230067492,Montgomery County Police,Property Damage Crash,11/20/2023 06:38:00 PM,No,Maryland (State),North,,3,North,0,FEET,GRADE DOWNHILL,FREDERICK RD,TRAVIS AVE,,GAITHERSBURG,,DRIVER,STRAIGHT MOVEMENT ANGLE,CLEAR,DRY,DARK LIGHTS ON,TRAFFIC SIGNAL,NONE DETECTED,,OTHER VEHICLE,N/A,INTERSECTION,FOUR-WAY INTERSECTION,STRAIGHT,NO DEFECTS,"TWO-WAY, DIVIDED, POSITIVE MEDIAN BARRIER",39.16138733,-77.22257217,"(39.16138733, -77.22257217)"
MCP9404001W,180049638,Montgomery County Police,Property Damage Crash,10/04/2018 02:20:00 PM,No,Municipality,North,,2,South,45,FEET,LEVEL,S SUMMIT AVE,E DIAMOND AVE,,GAITHERSBURG,,DRIVER,SAME DIR REAR END,CLEAR,DRY,DAYLIGHT,TRAFFIC SIGNAL,NONE DETECTED,,OTHER VEHICLE,N/A,INTERSECTION RELATED,FOUR-WAY INTERSECTION,STRAIGHT,NO DEFECTS,"TWO-WAY, NOT DIVIDED",39.14171833,-77.19385667,"(39.14171833, -77.19385667)"
DD5595002K,16023018,Rockville Police Departme,Injury Crash,05/09/2016 03:36:00 PM,No,County,West,,2,East,0,FEET,HILL UPHILL,DARNESTOWN RD,JERSEY LA,,ROCKVILLE,,DRIVER,STRAIGHT MOVEMENT ANGLE,RAINING,WET,DAYLIGHT,STOP SIGN,NONE DETECTED,,OTHER VEHICLE,N/A,INTERSECTION RELATED,T-INTERSECTION,CURVE RIGHT,NO DEFECTS,"TWO-WAY, DIVIDED, UNPROTECTED PAINTED MIN 4 FEET",39.09109967,-77.18833083,"(39.09109967, -77.18833083)"
MCP2187000F,200024282,Montgomery County Police,Property Damage Crash,06/21/2020 01:07:00 PM,No,Municipality,North,,4,North,0,FEET,LEVEL,BUREAU DR,ENT TO NATIONAL INSTITUTE OF STANDARDS,,N/A,,DRIVER,SINGLE VEHICLE,CLEAR,DRY,DAYLIGHT,NO CONTROLS,NONE DETECTED,,FIXED OBJECT,FIXED OBJECT,INTERSECTION,N/A,STRAIGHT,NO DEFECTS,"TWO-WAY, NOT DIVIDED WITH A CONTINUOUS LEFT TURN",39.13827833,-77.21125333,"(39.13827833, -77.21125333)"
MCP1148001B,16036710,Montgomery County Police,Property Damage Crash,07/20/2016 12:20:00 PM,No,County,North,,2,South,25,FEET,LEVEL,NORFOLK AVE,CORDELL AVE,,N/A,,DRIVER,OTHER,CLEAR,DRY,DAYLIGHT,NO CONTROLS,NONE DETECTED,,PARKED VEHICLE,N/A,NON INTERSECTION,N/A,STRAIGHT,NO DEFECTS,"TWO-WAY, NOT DIVIDED",38.98928167,-77.097745,"(38.98928167, -77.097745)"
MCP3133001P,190054720,Montgomery County Police,Property Damage Crash,11/13/2019 01:13:00 PM,No,,,,,,,,,,,BACK LOT OF FIREHOUSE RESCUE 2 LOCATED AT 2400 ARCOLA AVENUE.,,,UNKNOWN,OTHER,CLEAR,,DAYLIGHT,N/A,NONE DETECTED,,OTHER,N/A,,,,,,39.04659333,-77.05100167,"(39.04659333, -77.05100167)"
MCP93810020,17511663,Montgomery County Police,Property Damage Crash,06/03/2017 11:53:00 PM,No,County,South,,1,South,900,FEET,GRADE DOWNHILL,AVENEL FARM DR,OAKLYN DR,,N/A,,DRIVER,SINGLE VEHICLE,CLEAR,DRY,DARK LIGHTS ON,NO CONTROLS,N/A,,FIXED OBJECT,N/A,NON INTERSECTION,N/A,STRAIGHT,NO DEFECTS,"TWO-WAY, NOT DIVIDED",39.00235167,-77.20755167,"(39.00235167, -77.20755167)"
EJ786600FW,240057353,GAITHERSBURG,Property Damage Crash,11/30/2024 03:20:00 PM,No,County Route,"Eastbound, Southbound","Lane 1, Lane 2","2, 3",South,0,FEET,"Downhill, Uphill",SHADY GROVE RD,RAMP 1 FR IS 270 NB TO SHADY GROVE RD WB,,,,DRIVER,Rear To Side,Clear,Dry,Daylight,Traffic Control Signal,"Not Suspect of Alcohol Use, Not Suspect of Drug Use, Not Suspect of Alcohol Use, Not Suspect of Drug Use",,Motor Vehicle In Transport,,Intersection or Related,Angled/Skewed,"Curve Left, Straight",No Defects,"Divided, Raised Median (curbed), Not Divided",39.11184916,-77.18703012,"(39.11184916, -77.18703012)"
DD5651003F,230031979,Rockville Police Departme,Property Damage Crash,07/05/2023 08:39:00 AM,No,Maryland (State),East,ON RAMP,2,East,0,FEET,LEVEL,W MONTGOMERY AVE,RAMP 3 FR MD 28 EB TO IS 270 NB,,N/A,,DRIVER,SINGLE VEHICLE,CLEAR,DRY,DAYLIGHT,NO CONTROLS,UNKNOWN,,FIXED OBJECT,OFF ROAD,INTERCHANGE RELATED,OTHER,CURVE RIGHT,NO DEFECTS,"TWO-WAY, DIVIDED, POSITIVE MEDIAN BARRIER",39.08662337,-77.17555828,"(39.08662337, -77.17555828)"
MCP3130001G,190024880,Montgomery County Police,Injury Crash,05/25/2019 06:10:00 AM,No,County,North,,1,East,300,FEET,LEVEL,BEL PRE RD,ENT TO APARTMENTS,,N/A,,DRIVER,HEAD ON,CLEAR,DRY,DAWN,NO CONTROLS,NONE DETECTED,,OTHER VEHICLE,N/A,NON INTERSECTION,N/A,CURVE LEFT,NO DEFECTS,"TWO-WAY, NOT DIVIDED",39.09540833,-77.07498833,"(39.09540833, -77.07498833)"
MCP3076003Q,220010629,Montgomery County Police,Property Damage Crash,03/11/2022 10:35:00 PM,No,County,West,,3,West,0,FEET,LEVEL,RANDOLPH RD,SPRING TREE DR,,N/A,,DRIVER,SINGLE VEHICLE,CLEAR,DRY,DARK LIGHTS ON,NO CONTROLS,COMBINED SUBSTANCE PRESENT,,FIXED OBJECT,OFF ROAD,NON INTERSECTION,N/A,STRAIGHT,NO DEFECTS,"TWO-WAY, DIVIDED, POSITIVE MEDIAN BARRIER",39.06611865,-77.0211396,"(39.06611865, -77.0211396)"
MCP27260049,190054196,Montgomery County Police,Property Damage Crash,11/10/2019 02:07:00 PM,No,County,West,,1,West,0,FEET,LEVEL,HALPINE RD,PIER DR,,N/A,,DRIVER,STRAIGHT MOVEMENT ANGLE,CLEAR,DRY,DAYLIGHT,NO CONTROLS,N/A,,OTHER VEHICLE,N/A,INTERSECTION,T-INTERSECTION,STRAIGHT,NO DEFECTS,"TWO-WAY, NOT DIVIDED",39.06625333,-77.11571833,"(39.06625333, -77.11571833)"
MCP29860037,210005060,Montgomery County Police,Property Damage Crash,02/08/2021 06:41:00 PM,No,US (State),South,,1,North,400,FEET,LEVEL,COLESVILLE RD,SPRING ST,,N/A,,DRIVER,SAME DIRECTION LEFT TURN,CLEAR,DRY,DARK LIGHTS ON,TRAFFIC SIGNAL,NONE DETECTED,,OTHER VEHICLE,N/A,NON INTERSECTION,N/A,STRAIGHT,NO DEFECTS,"TWO-WAY, DIVIDED, UNPROTECTED PAINTED MIN 4 FEET",38.9996745,-77.025704,"(38.9996745, -77.025704)"
MCP2612004L,220029642,Montgomery County Police,Injury Crash,07/10/2022 05:50:00 PM,No,Maryland (State),South,,4,North,0,FEET,LEVEL,LAYHILL RD,NORBECK RD,,N/A,,DRIVER,HEAD ON LEFT TURN,CLEAR,DRY,DAYLIGHT,TRAFFIC SIGNAL,NONE DETECTED,,OTHER VEHICLE,N/A,INTERSECTION,FOUR-WAY INTERSECTION,STRAIGHT,NO DEFECTS,"TWO-WAY, DIVIDED, POSITIVE MEDIAN BARRIER",39.12014833,-77.034385,"(39.12014833, -77.034385)"
MCP2931000X,15062773,MONTGOMERY,Injury Crash,12/08/2015 11:38:00 PM,No,Maryland (State),South,,3,North,0,FEET,LEVEL,HUNGERFORD DR,ROCKVILLE FIRE DEPARTMENT,,N/A,,DRIVER,SAME DIR REAR END,CLEAR,DRY,DARK LIGHTS ON,TRAFFIC SIGNAL,N/A,,OTHER VEHICLE,OTHER VEHICLE,INTERSECTION,FOUR-WAY INTERSECTION,STRAIGHT,NO DEFECTS,"TWO-WAY, DIVIDED, POSITIVE MEDIAN BARRIER",39.08798333,-77.150705,"(39.08798333, -77.150705)"
MCP2791002H,16032032,Montgomery County Police,Property Damage Crash,06/24/2016 06:10:00 PM,No,,,,,,0,,,,,PARKING LOT BEHIND 13864 OLD COLUMBIA PIKE,,,DRIVER,SINGLE VEHICLE,CLOUDY,,DAYLIGHT,N/A,NONE DETECTED,,FIXED OBJECT,FIXED OBJECT,,,,,,39.08404333,-76.95262833,"(39.08404333, -76.95262833)"
MCP12210027,16024807,Montgomery County Police,Property Damage Crash,05/19/2016 06:27:00 AM,No,Interstate (State),North,,5,North,100,FEET,LEVEL,EISENHOWER MEMORIAL HWY,END C/D LANE (NB/L),,N/A,,DRIVER,SAME DIR REAR END,CLEAR,DRY,DAWN,NO CONTROLS,NONE DETECTED,,OTHER VEHICLE,N/A,N/A,N/A,STRAIGHT,NO DEFECTS,"TWO-WAY, DIVIDED, POSITIVE MEDIAN BARRIER",39.15459,-77.22302833,"(39.15459, -77.22302833)"
MCP3192001V,210015446,Montgomery County Police,Injury Crash,04/25/2021 07:14:00 PM,No,County,East,,1,West,100,FEET,LEVEL,HERMITAGE AVE,GEORGIA AVE,,N/A,,DRIVER,SINGLE VEHICLE,CLEAR,DRY,DUSK,N/A,NONE DETECTED,,FIXED OBJECT,N/A,NON INTERSECTION,N/A,STRAIGHT,NO DEFECTS,"TWO-WAY, DIVIDED, UNPROTECTED PAINTED MIN 4 FEET",39.04834217,-77.0503585,"(39.04834217, -77.0503585)"
DD5595001C,15027038,Rockville Police Departme,Property Damage Crash,06/04/2015 12:26:00 PM,No,Service Road,South,,2,North,0,FEET,LEVEL,S CAMPUS DR,MANNAKEE ST,,ROCKVILLE,,DRIVER,OTHER,RAINING,WET,DAYLIGHT,N/A,NONE DETECTED,,OTHER VEHICLE,N/A,INTERSECTION,N/A,STRAIGHT,NO DEFECTS,"TWO-WAY, DIVIDED, UNPROTECTED PAINTED MIN 4 FEET",39.09650416,-77.15755105,"(39.09650416, -77.15755105)"
HA25160003,24000487,MCPARK,Property Damage Crash,02/02/2024 10:06:00 AM,No,Government Route,"Eastbound, Southbound",Lane 1,1,South,0,FEET,Level,BEACH DR,CEDAR LA,,,,UNKNOWN,"Sideswipe, Opposite Direction",Clear,Dry,Daylight,Intersection Ahead Warning Sign,"Not Suspect of Alcohol Use, Not Suspect of Drug Use, Not Suspect of Alcohol Use, Not Suspect of Drug Use",,Motor Vehicle In Transport,,Intersection or Related,Perpendicular,Straight,,Not Divided,39.0124139,-77.09086246,"(39.0124139, -77.09086246)"
MCP3003000W,16058875,Montgomery County Police,Property Damage Crash,11/15/2016 04:14:00 PM,No,County,East,,1,East,0,FEET,LEVEL,SCENERY DR,GOLDEN MEADOW DR,,N/A,,DRIVER,SINGLE VEHICLE,CLEAR,DRY,DAYLIGHT,STOP SIGN,NONE DETECTED,,FIXED OBJECT,N/A,INTERSECTION,T-INTERSECTION,STRAIGHT,NO DEFECTS,"TWO-WAY, DIVIDED, POSITIVE MEDIAN BARRIER",39.17806833,-77.2317,"(39.17806833, -77.2317)"
MCP1099000D,15023421,Montgomery County Police,Property Damage Crash,05/16/2015 07:05:00 AM,No,Maryland (State),North,,2,North,100,FEET,LEVEL,MIDCOUNTY HWY,HIDDEN FOREST DR,,GAITHERSBURG,,UNKNOWN,N/A,CLEAR,DRY,DAYLIGHT,N/A,N/A,,ANIMAL,N/A,NON INTERSECTION,N/A,STRAIGHT,NO DEFECTS,"TWO-WAY, DIVIDED, POSITIVE MEDIAN BARRIER",39.15530333,-77.18131667,"(39.15530333, -77.18131667)"
MCP3455000X,250031842,MONTGOMERY,Injury Crash,07/16/2025 10:20:00 PM,,County Route,Westbound,Lane 3,4,South,12.65,FEET,Level,RANDOLPH RD (WB/L),,,,,DRIVER,Front to Front,Rain,Wet,Dark - Lighted,No Controls,"Not Suspect of Alcohol Use, Not Suspect of Drug Use, Suspect of Alcohol Use, Unknown",,Motor Vehicle In Transport,,Through Roadway,,Straight,No Defects,"Divided, Raised Median (curbed)",39.066593,-77.0282285,"(39.066593, -77.0282285)"
MCP28450022,16046222,Montgomery County Police,Property Damage Crash,09/09/2016 02:00:00 PM,Yes,,,,,,0,,,,,PARKING LOT IN FRONT OF 1600 ELTON RD,,,DRIVER,SAME DIR REAR END,CLEAR,,DAYLIGHT,NO CONTROLS,N/A,,PARKED VEHICLE,N/A,,,,,,39.03440667,-77.00112167,"(39.03440667, -77.00112167)"
MCP1022006X,170502758,Montgomery County Police,Injury Crash,04/18/2017 11:48:00 AM,No,County,West,,2,East,0,FEET,HILL UPHILL,SWEEPSTAKES RD,CUTSAIL DR,,N/A,,DRIVER,STRAIGHT MOVEMENT ANGLE,CLEAR,DRY,DAYLIGHT,STOP SIGN,NONE DETECTED,,OTHER VEHICLE,N/A,INTERSECTION,FOUR-WAY INTERSECTION,STRAIGHT,NO DEFECTS,"TWO-WAY, NOT DIVIDED",39.25978833,-77.21354667,"(39.25978833, -77.21354667)"
MCP3428000D,250017197,MONTGOMERY,Property Damage Crash,04/24/2025 03:10:00 AM,No,County Route,Southbound,"Lane 1, Lane 2",3,North,66.24,FEET,Level,FATHER HURLEY BLVD,,,,,DRIVER,Angle,Clear,Dry,Dark - Lighted,No Controls,"Not Suspect of Alcohol Use, Not Suspect of Drug Use, Not Suspect of Alcohol Use, Not Suspect of Drug Use",,Motor Vehicle In Transport,,Non-Junction,,Straight,No Defects,"Divided, Raised Median (curbed)",39.18261143,-77.27420998,"(39.18261143, -77.27420998)"
MCP22150013,200022730,Montgomery County Police,Injury Crash,06/08/2020 09:00:00 AM,No,Maryland (State),North,,3,North,30,FEET,LEVEL,RIDGE RD,DAMASCUS BLVD,,N/A,,DRIVER,SAME DIRECTION SIDESWIPE,CLEAR,DRY,DAYLIGHT,NO CONTROLS,"N/A, NONE DETECTED",,OTHER VEHICLE,N/A,NON INTERSECTION,N/A,STRAIGHT,NO DEFECTS,"TWO-WAY, NOT DIVIDED",39.28814339,-77.20642152,"(39.28814339, -77.20642152)"
DD561500FK,230047438,Rockville Police Departme,Injury Crash,08/02/2023 10:05:00 AM,Yes,Maryland (State),North,,3,West,300,FEET,GRADE DOWNHILL,VEIRS MILL RD,FIRST ST,,N/A,,DRIVER,SAME DIR REAR END,CLEAR,DRY,DAYLIGHT,NO CONTROLS,NONE DETECTED,,OTHER VEHICLE,OTHER VEHICLE,OTHER,N/A,STRAIGHT,NO DEFECTS,"TWO-WAY, DIVIDED, POSITIVE MEDIAN BARRIER",39.07959817,-77.13663148,"(39.07959817, -77.13663148)"
MCP3031003X,210029338,Montgomery County Police,Injury Crash,07/28/2021 10:00:00 PM,No,Maryland (State),South,,3,South,100,FEET,LEVEL,NEW HAMPSHIRE AVE,COLESVILLE MANOR DR,,N/A,,DRIVER,SAME DIRECTION RIGHT TURN,RAINING,WET,DARK LIGHTS ON,NO CONTROLS,NONE DETECTED,,OTHER VEHICLE,N/A,INTERSECTION RELATED,T-INTERSECTION,STRAIGHT,NO DEFECTS,"TWO-WAY, DIVIDED, POSITIVE MEDIAN BARRIER",39.08392333,-77.000255,"(39.08392333, -77.000255)"
MCP229800BW,17001025,Montgomery County Police,Property Damage Crash,01/06/2017 05:15:00 PM,No,County,Unknown,,2,West,0,FEET,OTHER,JOCKEY CLUB TERR,CUL DE SAC,,N/A,,DRIVER,OTHER,CLEAR,DRY,DUSK,NO CONTROLS,NONE DETECTED,,PARKED VEHICLE,N/A,OTHER,N/A,OTHER,NO DEFECTS,OTHER,39.25161667,-77.22405333,"(39.25161667, -77.22405333)"
MCP27760021,170530684,Montgomery County Police,Property Damage Crash,09/15/2017 01:04:00 AM,No,County,East,,1,West,0,FEET,LEVEL,EMORY LA,PINETREE RD,,N/A,,DRIVER,SINGLE VEHICLE,CLEAR,DRY,DARK LIGHTS ON,NO CONTROLS,ALCOHOL CONTRIBUTED,,OFF ROAD,FIXED OBJECT,INTERSECTION,T-INTERSECTION,CURVE RIGHT,NO DEFECTS,"TWO-WAY, NOT DIVIDED",39.12282167,-77.09278833,"(39.12282167, -77.09278833)"
MCP2814000S,15005211,Montgomery County Police,Property Damage Crash,02/01/2015 11:19:00 PM,Yes,,,,,,0,,,,,Jubal Pl at W Deer Park Rd (parking lot),,,DRIVER,SAME DIR REAR END,SNOW,,DARK LIGHTS ON,STOP SIGN,"NONE DETECTED, UNKNOWN",,OTHER VEHICLE,N/A,,,,,,39.128935,-77.19246,"(39.128935, -77.19246)"
MCP3230004H,230033455,Montgomery County Police,Property Damage Crash,07/13/2023 08:48:00 PM,No,County,West,,1,North,300,FEET,GRADE DOWNHILL,RIPPLING BROOK DR,GEORGIA AVE,,N/A,,DRIVER,SAME DIR REAR END,CLEAR,DRY,DAWN,NO CONTROLS,NONE DETECTED,,PARKED VEHICLE,FIXED OBJECT,NON INTERSECTION,N/A,STRAIGHT,NO DEFECTS,"TWO-WAY, NOT DIVIDED",39.07312017,-77.06336967,"(39.07312017, -77.06336967)"
MCP2682000V,17010197,Montgomery County Police,Injury Crash,02/25/2017 01:58:00 PM,No,County,West,,2,East,300,FEET,LEVEL,EAST VILLAGE AVE,WELBECK WAY,,N/A,,DRIVER,SAME DIR REAR END,CLOUDY,DRY,DAYLIGHT,N/A,NONE DETECTED,,OTHER VEHICLE,N/A,NON INTERSECTION,N/A,CURVE LEFT,NO DEFECTS,"TWO-WAY, DIVIDED, POSITIVE MEDIAN BARRIER",39.18780717,-77.178608,"(39.18780717, -77.178608)"
MCP2082000Z,170513136,Montgomery County Police,Injury Crash,06/11/2017 11:59:00 PM,No,Maryland (State),North,,3,North,10,FEET,LEVEL,GEORGIA AVE,ENNALLS AVE,,N/A,PEDESTRIAN,NONMOTORIST,SINGLE VEHICLE,CLEAR,DRY,DARK LIGHTS ON,NO CONTROLS,NONE DETECTED,ALCOHOL CONTRIBUTED,PEDESTRIAN,N/A,NON INTERSECTION,N/A,STRAIGHT,NO DEFECTS,"TWO-WAY, DIVIDED, POSITIVE MEDIAN BARRIER",39.07991333,-77.080315,"(39.07991333, -77.080315)"
MCP3312005X,240062102,MONTGOMERY,Property Damage Crash,12/30/2024 06:45:00 AM,,County Route,Southbound,Left Turn Lane,4,North,0,FEET,Level,E RANDOLPH RD,NEW HAMPSHIRE AVE,,,,UNKNOWN,Angle,Clear,Dry,Dawn,Traffic Control Signal,"Not Suspect of Alcohol Use, Not Suspect of Drug Use, Unknown, Unknown",,Motor Vehicle In Transport,,Intersection or Related,Angled/Skewed,Straight,No Defects,"Divided, Flush Median (greater than 4ft wide)",39.07554505,-77.00161402,"(39.07554505, -77.00161402)"
MCP1564000M,15026766,Montgomery County Police,Injury Crash,06/03/2015 06:30:00 AM,No,Maryland (State),West,,2,East,20,FEET,LEVEL,OLNEY SANDY SPRING RD,SLADE SCHOOL RD,,N/A,,DRIVER,SINGLE VEHICLE,RAINING,WET,DAYLIGHT,NO CONTROLS,NONE DETECTED,,OFF ROAD,FIXED OBJECT,NON INTERSECTION,N/A,CURVE LEFT,NO DEFECTS,"TWO-WAY, NOT DIVIDED",39.14469333,-77.04241167,"(39.14469333, -77.04241167)"
MCP1519000C,15037028,MONTGOMERY,Injury Crash,07/27/2015 08:12:00 AM,No,County,East,,4,East,0,FEET,LEVEL,RANDOLPH RD,PARKLAWN DR,,N/A,,DRIVER,HEAD ON LEFT TURN,CLEAR,DRY,DAYLIGHT,TRAFFIC SIGNAL,NONE DETECTED,,OTHER VEHICLE,N/A,INTERSECTION,FOUR-WAY INTERSECTION,STRAIGHT,NO DEFECTS,"TWO-WAY, DIVIDED, UNPROTECTED PAINTED MIN 4 FEET",39.05344308,-77.1067822,"(39.05344308, -77.1067822)"
MCP23350013,180037531,Montgomery County Police,Injury Crash,07/29/2018 01:45:00 AM,No,Maryland (State),South,,3,North,0,FEET,LEVEL,GERMANTOWN RD,CRYSTAL ROCK DR,,N/A,,DRIVER,STRAIGHT MOVEMENT ANGLE,CLEAR,N/A,DARK LIGHTS ON,FLASHING TRAFFIC SIGNAL,NONE DETECTED,,OTHER VEHICLE,N/A,INTERSECTION,FOUR-WAY INTERSECTION,STRAIGHT,NO DEFECTS,"TWO-WAY, DIVIDED, POSITIVE MEDIAN BARRIER",39.18115667,-77.26244667,"(39.18115667, -77.26244667)"
MCP27190010,16019496,Montgomery County Police,Injury Crash,04/20/2016 07:22:00 PM,No,Maryland (State),North,,3,North,20,FEET,LEVEL,GEORGIA AVE,UNIVERSITY BLVD W,,N/A,,DRIVER,OTHER,CLEAR,DRY,DAYLIGHT,NO CONTROLS,N/A,,OTHER VEHICLE,OTHER VEHICLE,NON INTERSECTION,N/A,STRAIGHT,NO DEFECTS,"TWO-WAY, DIVIDED, POSITIVE MEDIAN BARRIER",39.04219326,-77.05184989,"(39.04219326, -77.05184989)"
MCP29390011,16018914,Montgomery County Police,Injury Crash,04/17/2016 11:45:00 PM,No,Maryland (State),South,,2,North,100,FEET,LEVEL,WOODFIELD RD,BRINK RD,,N/A,,DRIVER,SINGLE VEHICLE,CLEAR,DRY,DARK NO LIGHTS,NO CONTROLS,NONE DETECTED,,FIXED OBJECT,N/A,NON INTERSECTION,N/A,STRAIGHT,NO DEFECTS,"TWO-WAY, DIVIDED, UNPROTECTED PAINTED MIN 4 FEET",39.21024167,-77.170085,"(39.21024167, -77.170085)"
EJ7869003L,240026197,GAITHERSBURG,Property Damage Crash,06/02/2024 04:30:00 PM,,,,,0,,,FEET,,,,Parking Stall        PARKING LOT OF YARD HOUSE 211 RIO BLVD,,,UNKNOWN,Front to Front,Clear,,Daylight,,,,Parked Vehicle,,,,,No Defects,,39.11694984,-77.20014638,"(39.11694984, -77.20014638)"
MCP1438008N,190031987,Montgomery County Police,Injury Crash,07/05/2019 01:35:00 PM,No,County,South,,1,South,100,FEET,GRADE DOWNHILL,SHADY MILL RD,MILL CREEK DR,,N/A,,DRIVER,HEAD ON,CLOUDY,DRY,DAYLIGHT,N/A,NONE DETECTED,,PARKED VEHICLE,N/A,RESIDENTIAL DRIVEWAY,N/A,CURVE RIGHT,NO DEFECTS,"TWO-WAY, NOT DIVIDED",39.14604667,-77.15941,"(39.14604667, -77.15941)"
MCP137800H3,170513228,Montgomery County Police,Injury Crash,06/12/2017 02:49:00 PM,No,Maryland (State),South,,2,East,0,FEET,LEVEL,MUNCASTER MILL RD,MILLCREST DR,,N/A,,DRIVER,SAME DIR REAR END,CLEAR,DRY,DAYLIGHT,OTHER,NONE DETECTED,,OTHER VEHICLE,N/A,INTERSECTION,FOUR-WAY INTERSECTION,CURVE LEFT,NO DEFECTS,"TWO-WAY, NOT DIVIDED",39.146985,-77.145965,"(39.146985, -77.145965)"
MCP2940003N,190017395,Montgomery County Police,Injury Crash,04/14/2019 04:45:00 AM,No,Interstate (State),South,,4,South,0.5,MILE,LEVEL,EISENHOWER MEMORIAL HWY,MONTROSE RD,,N/A,,DRIVER,SAME DIR REAR END,CLEAR,DRY,DARK LIGHTS ON,NO CONTROLS,NONE DETECTED,,OTHER VEHICLE,N/A,N/A,N/A,STRAIGHT,NO DEFECTS,"TWO-WAY, DIVIDED, POSITIVE MEDIAN BARRIER",39.05267167,-77.15319167,"(39.05267167, -77.15319167)"
MCP9399000R,16041466,Montgomery County Police,Property Damage Crash,08/15/2016 08:10:00 PM,No,,,,,,0,,,,,PARKING LOT OF 11430 FALLS RD,,,DRIVER,SINGLE VEHICLE,RAINING,,DARK LIGHTS ON,N/A,NONE DETECTED,,FIXED OBJECT,N/A,,,,,,39.04389833,-77.193625,"(39.04389833, -77.193625)"