Report Number,Local Case Number,Agency Name,ACRS Report Type,Crash Date/Time,Hit/Run,Route Type,Lane Direction,Lane Type,Number of Lanes,Direction,Distance,Distance Unit,Road Grade,Road Name,Cross-Street Name,Off-Road Description,Municipality,Related Non-Motorist,At Fault,Collision Type,Weather,Surface Condition,Light,Traffic Control,Driver Substance Abuse,Non-Motorist Substance Abuse,First Harmful Event,Second Harmful Event,Junction,Intersection Type,Road Alignment,Road Condition,Road Division,Latitude,Longitude,Location
MCP2777001P,15012905,Montgomery County Police,Property Damage Crash,03/20/2015 12:00:00 AM,Yes,Maryland (State),North,,4,North,250,FEET,GRADE DOWNHILL,CONNECTICUT AVE,RAMP 4 FR MD 185 NB TO IS 495 EB,,N/A,,DRIVER,SAME DIR REAR END,CLEAR,DRY,N/A,NO CONTROLS,"NONE DETECTED, UNKNOWN",,OTHER VEHICLE,OTHER VEHICLE,NON INTERSECTION,N/A,STRAIGHT,NO DEFECTS,"TWO-WAY, DIVIDED, POSITIVE MEDIAN BARRIER",39.00209667,-77.07695333,"(39.00209667, -77.07695333)"
MCP27800038,170531965,Montgomery County Police,Injury Crash,09/21/2017 02:51:00 PM,No,Maryland (State),South,,2,North,100,FEET,LEVEL,WOODFIELD RD,VALLEY PARK DR,,N/A,,DRIVER,HEAD ON LEFT TURN,N/A,DRY,N/A,NO CONTROLS,NONE DETECTED,,OTHER VEHICLE,FIXED OBJECT,N/A,N/A,STRAIGHT,NO DEFECTS,"TWO-WAY, NOT DIVIDED",39.27940833,-77.20326667,"(39.27940833, -77.20326667)"
MCP29590022,16059179,Montgomery County Police,Property Damage Crash,11/20/2016 05:20:00 AM,No,County,East,,1,West,15,FEET,LEVEL,GLENALLAN AVE,HEURICH RD,,N/A,,DRIVER,SINGLE VEHICLE,CLEAR,DRY,DARK NO LIGHTS,NO CONTROLS,NONE DETECTED,,FIXED OBJECT,N/A,NON INTERSECTION,N/A,STRAIGHT,NO DEFECTS,"TWO-WAY, DIVIDED, UNPROTECTED PAINTED MIN 4 FEET",39.05973,-77.038645,"(39.05973, -77.038645)"
MCP22310072,230013126,Montgomery County Police,Injury Crash,03/18/2023 06:53:00 AM,No,,West,,3,West,0,FEET,GRADE DOWNHILL,W WATKINS MILL RD,PARKVIEW AVE,,N/A,,DRIVER,STRAIGHT MOVEMENT ANGLE,CLOUDY,DRY,DARK LIGHTS ON,TRAFFIC SIGNAL,NONE DETECTED,,OTHER VEHICLE,N/A,INTERSECTION,FOUR-WAY INTERSECTION,STRAIGHT,NO DEFECTS,"TWO-WAY, DIVIDED, POSITIVE MEDIAN BARRIER",39.15570167,-77.22710667,"(39.15570167, -77.22710667)"
MCP20520031,230013832,Montgomery County Police,Property Damage Crash,03/22/2023 09:33:00 AM,No,County,North,OFF ROAD,1,South,300,FEET,HILL CREST,SHADOW OAK DR,APPLE RIDGE RD,,N/A,,DRIVER,SINGLE VEHICLE,CLEAR,DRY,DAYLIGHT,N/A,NONE DETECTED,,FIXED OBJECT,FIXED OBJECT,N/A,N/A,CURVE LEFT,NO DEFECTS,"TWO-WAY, NOT DIVIDED",39.18672667,-77.20301,"(39.18672667, -77.20301)"
MCP12210011,15016205,Montgomery County Police,Property Damage Crash,04/08/2015 07:35:00 AM,No,County,South,,2,North,0,FEET,HILL CREST,SAM EIG HWY,RAMP 6 FR SAM EIG HWY TO WASH. BLVD,,N/A,,DRIVER,SAME DIR REAR END,RAINING,WET,DAYLIGHT,TRAFFIC SIGNAL,NONE DETECTED,,OTHER VEHICLE,N/A,INTERSECTION RELATED,T-INTERSECTION,STRAIGHT,NO DEFECTS,ONE-WAY TRAFFICWAY,39.117315,-77.20659833,"(39.117315, -77.20659833)"
MCP30770025,250021529,MONTGOMERY,Injury Crash,05/15/2025 08:55:00 PM,No,County Route,Westbound,Lane 1,2,South,0,FEET,Level,TOWN COMMONS BLVD,CENTURY BLVD,,,Pedestrian,UNKNOWN,Single Vehicle,Clear,Dry,Dark - Lighted,Pedestrian Crossing,"Not Suspect of Alcohol Use, Not Suspect of Drug Use","Not Suspect of Alcohol Use, Not Suspect of Drug Use",Pedestrian,Not Applicable,Intersection or Related,Perpendicular,Straight,No Defects,Not Divided,39.18107375,-77.2671538,"(39.18107375, -77.2671538)"
MCP2864002H,17012926,Montgomery County Police,Property Damage Crash,03/12/2017 03:51:00 AM,Yes,Maryland (State),East,,2,North,0,FEET,LEVEL,ROCKVILLE PIKE,EDMONSTON DR,,ROCKVILLE,,DRIVER,SINGLE VEHICLE,CLEAR,DRY,DARK LIGHTS ON,TRAFFIC SIGNAL,ALCOHOL CONTRIBUTED,,FIXED OBJECT,OTHER OBJECT,INTERSECTION,FOUR-WAY INTERSECTION,STRAIGHT,NO DEFECTS,"TWO-WAY, DIVIDED, POSITIVE MEDIAN BARRIER",39.33255667,-77.33654,"(39.33255667, -77.33654)"
DD5621000R,17014944,Rockville Police Departme,Property Damage Crash,04/01/2017 12:13:00 PM,No,Maryland (State),North,,2,East,0,FEET,LEVEL,NORBECK RD,BALTIMORE RD,,N/A,,DRIVER,SINGLE VEHICLE,CLEAR,DRY,DAYLIGHT,TRAFFIC SIGNAL,NONE DETECTED,,FIXED OBJECT,N/A,INTERSECTION,FOUR-WAY INTERSECTION,STRAIGHT,NO DEFECTS,"TWO-WAY, DIVIDED, POSITIVE MEDIAN BARRIER",39.08447017,-77.1348125,"(39.08447017, -77.1348125)"
MCP30690050,210013154,Montgomery County Police,Injury Crash,04/08/2021 04:39:00 PM,No,Maryland (State),North,,2,South,100,FEET,LEVEL,FALLS RD,DEMOCRACY BLVD,,N/A,,DRIVER,SAME DIR REAR END,CLEAR,DRY,DAYLIGHT,TRAFFIC SIGNAL,NONE DETECTED,,OTHER VEHICLE,OTHER VEHICLE,INTERSECTION RELATED,FOUR-WAY INTERSECTION,STRAIGHT,NO DEFECTS,"TWO-WAY, NOT DIVIDED",39.02631667,-77.20447667,"(39.02631667, -77.20447667)"
MCP1378009H,16022061,Montgomery County Police,Injury Crash,05/04/2016 04:15:00 PM,No,Municipality,North,OFF ROAD,2,South,300,FEET,HILL UPHILL,RUSSELL AVE,WATKINS MILL RD,,GAITHERSBURG,,DRIVER,SINGLE VEHICLE,CLOUDY,DRY,DAYLIGHT,NO CONTROLS,NONE DETECTED,,FIXED OBJECT,FIXED OBJECT,NON INTERSECTION,N/A,STRAIGHT,NO DEFECTS,"TWO-WAY, DIVIDED, POSITIVE MEDIAN BARRIER",39.15929167,-77.21584333,"(39.15929167, -77.21584333)"
DD56280005,180000675,Rockville Police Departme,Property Damage Crash,01/05/2018 07:55:00 AM,No,Municipality,West,,3,East,40,FEET,LEVEL,E GUDE DR,TAFT CT,,ROCKVILLE,,DRIVER,SAME DIR REAR END,CLEAR,DRY,DAYLIGHT,TRAFFIC SIGNAL,NONE DETECTED,,OTHER VEHICLE,N/A,INTERSECTION RELATED,FOUR-WAY INTERSECTION,STRAIGHT,NO DEFECTS,"TWO-WAY, DIVIDED, POSITIVE MEDIAN BARRIER",39.09424244,-77.13237852,"(39.09424244, -77.13237852)"
DD5567008Q,250025833,ROCKVILLE,Property Damage Crash,06/10/2025 10:34:00 AM,No,Municipality Route,Unknown,Lane 1,1,North,46.18,FEET,Downhill,GLENMORE TERR,,,,,DRIVER,Other,Clear,Dry,Daylight,No Controls,"Not Suspect of Alcohol Use, Not Suspect of Drug Use",,Parked Vehicle,,Non-Junction,,Curve Right,No Defects,Not Divided,39.08927068,-77.18588869,"(39.08927068, -77.18588869)"
DD56200068,210003959,Rockville Police Departme,Property Damage Crash,01/31/2021 08:45:00 AM,No,Municipality,North,,1,North,0,FEET,GRADE DOWNHILL,NELSON ST,COLLEGE PKWY,,ROCKVILLE,,DRIVER,SAME DIR REAR END,SNOW,SNOW,DAYLIGHT,STOP SIGN,NONE DETECTED,,OTHER VEHICLE,N/A,N/A,N/A,STRAIGHT,NO DEFECTS,"TWO-WAY, NOT DIVIDED",39.09474,-77.16753167,"(39.09474, -77.16753167)"
MCP27550013,170549029,Montgomery County Police,Property Damage Crash,12/16/2017 11:04:00 PM,No,County,East,,2,East,10,FEET,UNKNOWN,ARCOLA AVE,UNIVERSITY BLVD W,,N/A,,DRIVER,SINGLE VEHICLE,CLEAR,N/A,DARK -- UNKNOWN LIGHTING,N/A,ALCOHOL PRESENT,,FIXED OBJECT,N/A,NON INTERSECTION,N/A,CURVE LEFT,NO DEFECTS,UNKNOWN,39.03711965,-77.02635884,"(39.03711965, -77.02635884)"
MCP137801BL,250001280,MONTGOMERY,Property Damage Crash,01/10/2025 01:43:00 PM,No,County Route,Eastbound,Lane 2,5,North,22.48,FEET,Level,RANDOLPH RD,,,,,DRIVER,"Sideswipe, Same Direction",Cloudy,Dry,Daylight,No Controls,"Not Suspect of Alcohol Use, Not Suspect of Drug Use, Not Suspect of Alcohol Use, Not Suspect of Drug Use",,Motor Vehicle In Transport,,Non-Junction,,Straight,No Defects,"Not Divided, With a Continuous Left-Turn Lane",39.05375267,-77.098495,"(39.05375267, -77.098495)"
MCP2885003X,240033429,MONTGOMERY,Injury Crash,07/15/2024 06:48:00 PM,No,Maryland (State) Route,Westbound,Lane 1,4,West,51.45,FEET,Level,UNIVERSITY BLVD W,,,,,UNKNOWN,Single Vehicle,Clear,Dry,Daylight,No Controls,"Not Suspect of Alcohol Use, Not Suspect of Drug Use",,Traffic Sign Support,Traffic Sign Support,Non-Junction,,Straight,No Defects,"Divided, Raised Median (curbed)",39.04092833,-77.04645167,"(39.04092833, -77.04645167)"
MCP2664006L,250001970,MONTGOMERY,Property Damage Crash,01/15/2025 10:18:00 AM,,County Route,"Eastbound, Northbound",Lane 1,"2, 3",North,0,FEET,Level,NOTLEY RD,NEW HAMPSHIRE AVE NOTLEY RD,,,,DRIVER,Angle,Clear,Dry,Daylight,"No Controls, Stop Sign","Not Suspect of Alcohol Use, Not Suspect of Drug Use, Not Suspect of Alcohol Use, Not Suspect of Drug Use",,Motor Vehicle In Transport,,Intersection or Related,Angled/Skewed,Straight,No Defects,"Divided, Raised Median (curbed), Not Divided",39.08041207,-77.00105141,"(39.08041207, -77.00105141)"
MCP137800M3,180040411,Montgomery County Police,Property Damage Crash,08/14/2018 02:46:00 PM,No,Maryland (State),South,,3,North,0,FEET,HILL UPHILL,MONTGOMERY VILLAGE AVE,CROSSOVER,,N/A,,DRIVER,STRAIGHT MOVEMENT ANGLE,CLOUDY,DRY,DAYLIGHT,NO CONTROLS,NONE DETECTED,,OTHER VEHICLE,N/A,CROSSOVER RELATED,T-INTERSECTION,STRAIGHT,NO DEFECTS,"TWO-WAY, DIVIDED, POSITIVE MEDIAN BARRIER",39.15361333,-77.21091,"(39.15361333, -77.21091)"
MCP2356003W,240035935,MONTGOMERY,Property Damage Crash,07/30/2024 04:32:00 PM,No,County Route,"Eastbound, Westbound","Lane 3, Left Turn Lane","3, 4",North,0,FEET,Level,PLEASANT RD,RAMP 9 FR IS 370 EB TO SHADY GROVE RD SHADY GROVE RD,,,,UNKNOWN,Angle,Clear,Dry,Daylight,Traffic Control Signal,"Not Suspect of Alcohol Use, Not Suspect of Drug Use, Not Suspect of Alcohol Use, Not Suspect of Drug Use",,Motor Vehicle In Transport,Not Applicable,Intersection or Related,Perpendicular,Straight,No Defects,"Divided, Raised Median (curbed)",39.12037435,-77.17999349,"(39.12037435, -77.17999349)"
MCP1378014N,230028960,Montgomery County Police,Injury Crash,06/16/2023 11:00:00 AM,No,Other Public Roadway,North,,1,North,0,FEET,HILL UPHILL,WOODFIELD RD EXT,SPUR TO MD 27,,N/A,,DRIVER,SAME DIR REAR END,RAINING,WET,DAYLIGHT,YIELD SIGN,NONE DETECTED,,OTHER VEHICLE,N/A,INTERSECTION RELATED,T-INTERSECTION,CURVE RIGHT,NO DEFECTS,ONE-WAY TRAFFICWAY,39.30005856,-77.19941473,"(39.30005856, -77.19941473)"
MCP2455002F,180040645,Montgomery County Police,Injury Crash,08/15/2018 05:28:00 PM,No,Maryland (State),North,,4,South,200,FEET,GRADE DOWNHILL,ROCKVILLE PIKE,FIRST ST,,N/A,,DRIVER,STRAIGHT MOVEMENT ANGLE,CLEAR,DRY,DAYLIGHT,N/A,N/A,,OTHER VEHICLE,OTHER VEHICLE,COMMERCIAL DRIVEWAY,OTHER,STRAIGHT,NO DEFECTS,"TWO-WAY, DIVIDED, POSITIVE MEDIAN BARRIER",39.076491,-77.13817933,"(39.076491, -77.13817933)"
EJ7871005Z,220053312,Gaithersburg Police Depar,Property Damage Crash,12/02/2022 10:17:00 PM,No,County,East,,3,North,0,FEET,LEVEL,MONTGOMERY VILLAGE AVE,SPUR FR MD 124,,N/A,,DRIVER,SAME DIR REAR END,CLEAR,DRY,DARK LIGHTS ON,TRAFFIC SIGNAL,"ALCOHOL PRESENT, N/A",,OTHER VEHICLE,N/A,INTERSECTION,Y-INTERSECTION,STRAIGHT,NO DEFECTS,"TWO-WAY, DIVIDED, POSITIVE MEDIAN BARRIER",39.1399841,-77.19559495,"(39.1399841, -77.19559495)"
MCP2730003C,230048369,Montgomery County Police,Property Damage Crash,08/08/2023 11:30:00 AM,No,,,,,,,,,,,PARKING LOT OF SENECA VALLEY HIGH SCHOOL @ 19401 CRYSTAL ROCK DRIVE,,,DRIVER,OTHER,CLEAR,,DAYLIGHT,NO CONTROLS,N/A,,OTHER VEHICLE,N/A,,,,,,39.17488736,-77.26533824,"(39.17488736, -77.26533824)"
MCP2783001H,170518682,Montgomery County Police,Property Damage Crash,07/12/2017 03:52:00 PM,No,Maryland (State),West,,3,West,24,FEET,LEVEL,UNIVERSITY BLVD W,VEIRS MILL RD,,N/A,,DRIVER,SAME DIR REAR END,CLEAR,DRY,DAYLIGHT,TRAFFIC SIGNAL,NONE DETECTED,,OTHER VEHICLE,OTHER VEHICLE,NON INTERSECTION,N/A,STRAIGHT,NO DEFECTS,"TWO-WAY, DIVIDED, POSITIVE MEDIAN BARRIER",39.04061167,-77.05456667,"(39.04061167, -77.05456667)"
MCP32400026,210021983,Montgomery County Police,Injury Crash,06/09/2021 04:16:00 PM,No,County,West,,2,North,0,FEET,LEVEL,OBSERVATION DR,SHAKESPEARE BLVD,,N/A,,DRIVER,STRAIGHT MOVEMENT ANGLE,CLEAR,DRY,DAYLIGHT,TRAFFIC SIGNAL,N/A,,OTHER VEHICLE,N/A,INTERSECTION,FOUR-WAY INTERSECTION,STRAIGHT,NO DEFECTS,"TWO-WAY, DIVIDED, POSITIVE MEDIAN BARRIER",39.19770655,-77.2540846,"(39.19770655, -77.2540846)"
MCP2693001V,170503436,Montgomery County Police,Injury Crash,04/21/2017 07:43:00 PM,No,Maryland (State),East,,2,East,0,FEET,LEVEL,NORBECK RD,LAYHILL RD,,N/A,,DRIVER,SAME DIR REAR END,CLEAR,DRY,DUSK,TRAFFIC SIGNAL,NONE DETECTED,,OTHER VEHICLE,N/A,INTERSECTION,FOUR-WAY INTERSECTION,STRAIGHT,NO DEFECTS,"TWO-WAY, DIVIDED, POSITIVE MEDIAN BARRIER",39.12067833,-77.03467167,"(39.12067833, -77.03467167)"
MCP2516002H,190013556,Montgomery County Police,Property Damage Crash,03/24/2019 10:53:00 AM,No,,,,,,,,,,,18419 STONE HOLLOW DR,,,DRIVER,OTHER,CLEAR,,DAYLIGHT,NO CONTROLS,N/A,,PARKED VEHICLE,N/A,,,,,,39.15782833,-77.26751167,"(39.15782833, -77.26751167)"
MCP3301000L,210039188,Montgomery County Police,Property Damage Crash,10/02/2021 08:19:00 PM,No,Maryland (State),North,,3,North,0,FEET,HILL UPHILL,PINEY BRANCH RD,UNIVERSITY BLVD E,,N/A,,DRIVER,SAME DIR REAR END,CLEAR,DRY,DARK LIGHTS ON,TRAFFIC SIGNAL,"ALCOHOL PRESENT, NONE DETECTED",,OTHER VEHICLE,N/A,INTERSECTION,FOUR-WAY INTERSECTION,STRAIGHT,NO DEFECTS,"TWO-WAY, DIVIDED, UNPROTECTED PAINTED MIN 4 FEET",38.99926308,-76.99655261,"(38.99926308, -76.99655261)"
MCP1233001M,170506882,Montgomery County Police,Property Damage Crash,05/09/2017 05:53:00 PM,No,Maryland (State),North,,3,North,50,FEET,LEVEL,CONNECTICUT AVE,LAWRENCE AVE,,N/A,,DRIVER,SAME DIR REAR END,CLEAR,DRY,DAYLIGHT,N/A,NONE DETECTED,,OTHER VEHICLE,N/A,INTERSECTION RELATED,OTHER,STRAIGHT,NO DEFECTS,"TWO-WAY, DIVIDED, POSITIVE MEDIAN BARRIER",39.03632,-77.07505833,"(39.03632, -77.07505833)"
MCP30370033,200023136,Montgomery County Police,Property Damage Crash,06/12/2020 04:59:00 PM,Yes,County,North,,1,North,0,FEET,N/A,WAYFARER RD,WATKINS MEADOW DR,,N/A,,DRIVER,SAME DIR REAR END,N/A,DRY,DAYLIGHT,NO CONTROLS,ALCOHOL PRESENT,,PARKED VEHICLE,N/A,NON INTERSECTION,N/A,STRAIGHT,NO DEFECTS,"TWO-WAY, NOT DIVIDED",39.19583167,-77.22245333,"(39.19583167, -77.22245333)"
MCP2552002X,190009166,Montgomery County Police,Property Damage Crash,02/26/2019 03:50:00 PM,No,County,North,LEFT TURN LANE,3,South,15,FEET,LEVEL,TWINBROOK PKWY,PARKLAWN DR,,N/A,,DRIVER,SAME DIR REAR END,N/A,DRY,DAYLIGHT,NO CONTROLS,N/A,,OTHER VEHICLE,N/A,NON INTERSECTION,N/A,STRAIGHT,NO DEFECTS,"TWO-WAY, DIVIDED, POSITIVE MEDIAN BARRIER",39.06112167,-77.11642167,"(39.06112167, -77.11642167)"
DD5595007Y,190045842,Rockville Police Departme,Property Damage Crash,09/24/2019 06:02:00 PM,Yes,Maryland (State),East,,2,West,50,FEET,GRADE DOWNHILL,VEIRS MILL RD,CLAGETT DR,,ROCKVILLE,,DRIVER,OTHER,CLOUDY,DRY,DAYLIGHT,NO CONTROLS,"NONE DETECTED, UNKNOWN",,OTHER VEHICLE,N/A,INTERSECTION RELATED,FOUR-WAY INTERSECTION,STRAIGHT,NO DEFECTS,"TWO-WAY, DIVIDED, POSITIVE MEDIAN BARRIER",39.07794464,-77.12821087,"(39.07794464, -77.12821087)"
MCP32820013,220007098,Montgomery County Police,Property Damage Crash,02/18/2022 04:20:00 AM,No,County,West,,3,East,0,FEET,LEVEL,MIDDLEBROOK RD,GREAT SENECA HWY,,N/A,,DRIVER,HEAD ON LEFT TURN,CLEAR,DRY,DARK LIGHTS ON,FLASHING TRAFFIC SIGNAL,NONE DETECTED,,OTHER VEHICLE,FIXED OBJECT,INTERSECTION,T-INTERSECTION,STRAIGHT,NO DEFECTS,"TWO-WAY, DIVIDED, POSITIVE MEDIAN BARRIER",39.17507667,-77.261535,"(39.17507667, -77.261535)"
MCP94420038,230066292,Montgomery County Police,Property Damage Crash,11/14/2023 02:01:00 PM,No,County,North,,2,North,50,FEET,LEVEL,MONTGOMERY VILLAGE AVE,WIGHTMAN RD,,N/A,,DRIVER,SAME DIR REAR END,CLEAR,DRY,DAYLIGHT,N/A,NONE DETECTED,,OTHER VEHICLE,N/A,NON INTERSECTION,N/A,STRAIGHT,NO DEFECTS,"TWO-WAY, DIVIDED, POSITIVE MEDIAN BARRIER",39.19035333,-77.1925855,"(39.19035333, -77.1925855)"
MCP2286005B,230049262,Montgomery County Police,Injury Crash,08/13/2023 03:15:00 PM,No,Maryland (State),South,,3,North,0,FEET,LEVEL,FREDERICK RD,W GUDE DR,,ROCKVILLE,,DRIVER,SAME DIR REAR END,CLEAR,DRY,DAYLIGHT,TRAFFIC SIGNAL,NONE DETECTED,,OTHER VEHICLE,N/A,INTERSECTION,FOUR-WAY INTERSECTION,STRAIGHT,NO DEFECTS,"TWO-WAY, DIVIDED, POSITIVE MEDIAN BARRIER",39.10639517,-77.15849067,"(39.10639517, -77.15849067)"
MCP1453004T,170537316,Montgomery County Police,Property Damage Crash,10/18/2017 09:36:00 AM,No,Maryland (State),North,,2,North,0,FEET,LEVEL,FREDERICK RD,GERMANTOWN RD,,N/A,,DRIVER,SAME DIR REAR END,CLEAR,DRY,DAYLIGHT,TRAFFIC SIGNAL,NONE DETECTED,,OTHER VEHICLE,N/A,INTERSECTION,FOUR-WAY INTERSECTION,STRAIGHT,NO DEFECTS,"TWO-WAY, DIVIDED, POSITIVE MEDIAN BARRIER",39.192465,-77.24267333,"(39.192465, -77.24267333)"
MCP2231007Z,240029587,MONTGOMERY,Property Damage Crash,06/22/2024 12:10:00 PM,,Maryland (State) Route,Eastbound,Left Turn Lane,4,South,52.38,FEET,Level,GREAT SENECA HWY (SB/L),,,,,DRIVER,Front to Rear,Clear,Dry,Daylight,Traffic Control Signal,"Not Suspect of Alcohol Use, Not Suspect of Drug Use, Unknown, Unknown",,Motor Vehicle In Transport,,Non-Junction,,Straight,,"Divided, Flush Median (greater than 4ft wide)",39.10876566,-77.21245424,"(39.10876566, -77.21245424)"
EJ7858006Y,220025097,Gaithersburg Police Depar,Property Damage Crash,06/11/2022 01:47:00 PM,No,Municipality,North,,2,North,0.5,MILE,LEVEL,PERRY PKWY,ENT TO SHOPPING CENTER,,N/A,,DRIVER,SAME DIR REAR END,CLOUDY,WET,DAYLIGHT,NO CONTROLS,NONE DETECTED,,OTHER VEHICLE,N/A,NON INTERSECTION,N/A,STRAIGHT,NO DEFECTS,"TWO-WAY, DIVIDED, UNPROTECTED PAINTED MIN 4 FEET",39.14363488,-77.21187669,"(39.14363488, -77.21187669)"
MCP30480023,170541832,Montgomery County Police,Property Damage Crash,11/09/2017 08:00:00 AM,Yes,Maryland (State),South,,1,South,25,FEET,LEVEL,GEORGIA AVE,CONNECTICUT AVE,,N/A,,DRIVER,SAME DIRECTION SIDESWIPE,CLOUDY,DRY,DUSK,NO CONTROLS,"NONE DETECTED, UNKNOWN",,OTHER VEHICLE,N/A,N/A,FOUR-WAY INTERSECTION,STRAIGHT,NO DEFECTS,"TWO-WAY, NOT DIVIDED",39.08398001,-77.07841516,"(39.08398001, -77.07841516)"
DD5527001T,180057201,Rockville Police Departme,Property Damage Crash,10/08/2018 10:45:00 AM,No,Municipality,West,,3,East,0,FEET,LEVEL,E GUDE DR,REDGATE FARMS CT,,N/A,,DRIVER,SAME DIR REAR END,CLEAR,DRY,DAYLIGHT,NO CONTROLS,NONE DETECTED,,OTHER VEHICLE,OTHER VEHICLE,INTERSECTION,T-INTERSECTION,STRAIGHT,NO DEFECTS,"TWO-WAY, DIVIDED, POSITIVE MEDIAN BARRIER",39.083455,-77.15377,"(39.083455, -77.15377)"
MCP26750022,190016621,Montgomery County Police,Injury Crash,04/10/2019 01:15:00 AM,No,County,East,,1,South,0.2,MILE,HILL UPHILL,ASPEN HILL RD,ARCTIC AVE,,N/A,,DRIVER,SAME DIR REAR END,CLEAR,DRY,DARK LIGHTS ON,N/A,NONE DETECTED,,PARKED VEHICLE,FIXED OBJECT,NON INTERSECTION,N/A,STRAIGHT,NO DEFECTS,"TWO-WAY, DIVIDED, UNPROTECTED PAINTED MIN 4 FEET",39.07112167,-77.100415,"(39.07112167, -77.100415)"
DD5649003B,230033780,Rockville Police Departme,Property Damage Crash,07/15/2023 09:13:00 PM,No,Municipality,South,,1,West,0,FEET,LEVEL,NORTH ST,MCLANE CT,,ROCKVILLE,,DRIVER,OTHER,N/A,DRY,DARK LIGHTS ON,NO CONTROLS,NONE DETECTED,,PARKED VEHICLE,N/A,INTERSECTION,T-INTERSECTION,STRAIGHT,NO DEFECTS,ONE-WAY TRAFFICWAY,39.09039485,-77.15759088,"(39.09039485, -77.15759088)"
DD5641001P,210002505,Rockville Police Departme,Property Damage Crash,01/20/2021 03:45:00 PM,No,Municipality,East,,1,North,250,FEET,LEVEL,COLLEGE PKWY,RUTGERS ST,,ROCKVILLE,,DRIVER,STRAIGHT MOVEMENT ANGLE,CLEAR,DRY,DAYLIGHT,NO CONTROLS,NONE DETECTED,,OTHER VEHICLE,N/A,COMMERCIAL DRIVEWAY,OTHER,STRAIGHT,NO DEFECTS,"TWO-WAY, NOT DIVIDED",39.10265808,-77.15745759,"(39.10265808, -77.15745759)"
MCP1595002V,250008610,MONTGOMERY,Injury Crash,02/26/2025 10:24:00 PM,No,Maryland (State) Route,Westbound,Lane 1,2,East,0,FEET,Downhill,VEIRS MILL RD (WB/L),ROBINDALE DR,,,,DRIVER,Front to Rear,Clear,Dry,Dark - Lighted,Traffic Control Signal,"Not Suspect of Alcohol Use, Not Suspect of Drug Use, Not Suspect of Alcohol Use, Not Suspect of Drug Use",,Motor Vehicle In Transport,,Intersection or Related,Perpendicular,Straight,No Defects,"Divided, Raised Median (curbed)",39.06311373,-77.09484109,"(39.06311373, -77.09484109)"
MCP3094003C,230063837,Montgomery County Police,Property Damage Crash,11/01/2023 04:48:00 PM,No,,,,,,,,,,,"PARKING LOT OF 7638 AIRPARK RD, GAITHERSBURG, MD 20879",,,DRIVER,STRAIGHT MOVEMENT ANGLE,N/A,,DAYLIGHT,NO CONTROLS,NONE DETECTED,,OTHER VEHICLE,N/A,,,,,,39.16962833,-77.15615167,"(39.16962833, -77.15615167)"
MCP28530011,15037141,MONTGOMERY,Property Damage Crash,07/27/2015 07:37:00 PM,No,Maryland (State),East,,4,East,0,FEET,LEVEL,UNIVERSITY BLVD E,MERRIMAC DR,,N/A,,DRIVER,STRAIGHT MOVEMENT ANGLE,CLEAR,DRY,DAYLIGHT,STOP SIGN,N/A,,OTHER VEHICLE,OTHER VEHICLE,INTERSECTION RELATED,FOUR-WAY INTERSECTION,STRAIGHT,NO DEFECTS,"TWO-WAY, DIVIDED, POSITIVE MEDIAN BARRIER",38.99263333,-76.99148833,"(38.99263333, -76.99148833)"
DD56380041,220042997,Rockville Police Departme,Property Damage Crash,10/02/2022 07:12:00 PM,No,Maryland (State),South,,3,South,0,FEET,LEVEL,ROCKVILLE PIKE,CROSSOVER,,N/A,,DRIVER,STRAIGHT MOVEMENT ANGLE,RAINING,WET,DARK LIGHTS ON,NO CONTROLS,N/A,,OTHER VEHICLE,N/A,COMMERCIAL DRIVEWAY,OTHER,STRAIGHT,NO DEFECTS,"TWO-WAY, DIVIDED, POSITIVE MEDIAN BARRIER",39.06574983,-77.1273455,"(39.06574983, -77.1273455)"
MCP271700J1,180029271,Montgomery County Police,Property Damage Crash,06/13/2018 08:00:00 PM,No,Maryland (State),North,,3,South,50,FEET,LEVEL,GEORGIA AVE,DENNIS AVE,,N/A,,DRIVER,SAME DIR REAR END,CLEAR,DRY,DAYLIGHT,TRAFFIC SIGNAL,NONE DETECTED,,OTHER VEHICLE,OTHER VEHICLE,INTERSECTION RELATED,FOUR-WAY INTERSECTION,STRAIGHT,NO DEFECTS,"TWO-WAY, DIVIDED, POSITIVE MEDIAN BARRIER",39.0249505,-77.04597183,"(39.0249505, -77.04597183)"
MCP2937004N,220057621,Montgomery County Police,Property Damage Crash,12/28/2022 10:30:00 PM,No,US (State),East,,3,North,0,FEET,HILL CREST,COLUMBIA PIKE,GREENCASTLE RD,,N/A,,DRIVER,STRAIGHT MOVEMENT ANGLE,CLEAR,N/A,DARK LIGHTS ON,TRAFFIC SIGNAL,NONE DETECTED,,N/A,N/A,INTERSECTION,FOUR-WAY INTERSECTION,STRAIGHT,NO DEFECTS,"TWO-WAY, DIVIDED, POSITIVE MEDIAN BARRIER",39.09559964,-76.93795998,"(39.09559964, -76.93795998)"