Report Number,Local Case Number,Agency Name,ACRS Report Type,Crash Date/Time,Hit/Run,Route Type,Lane Direction,Lane Type,Number of Lanes,Direction,Distance,Distance Unit,Road Grade,Road Name,Cross-Street Name,Off-Road Description,Municipality,Related Non-Motorist,At Fault,Collision Type,Weather,Surface Condition,Light,Traffic Control,Driver Substance Abuse,Non-Motorist Substance Abuse,First Harmful Event,Second Harmful Event,Junction,Intersection Type,Road Alignment,Road Condition,Road Division,Latitude,Longitude,Location
MCP2861005K,220043894,Montgomery County Police,Injury Crash,10/07/2022 05:00:00 PM,No,County,South,,1,North,0,FEET,LEVEL,FERNWOOD RD,LONE OAK DR,,N/A,,DRIVER,SAME DIR REAR END,CLEAR,DRY,DAYLIGHT,NO CONTROLS,NONE DETECTED,,OTHER VEHICLE,OTHER VEHICLE,INTERSECTION,FOUR-WAY INTERSECTION,STRAIGHT,NO DEFECTS,"TWO-WAY, NOT DIVIDED",39.01980417,-77.13415767,"(39.01980417, -77.13415767)"
MCP3134004Q,240020040,MONTGOMERY,Property Damage Crash,04/29/2024 04:40:00 PM,No,County Route,Northbound,Lane 2,2,South,6.49,FEET,Level,AUTOMOBILE BLVD (NB/L),,,,,DRIVER,Front to Front,Clear,Dry,Daylight,No Controls,"Not Suspect of Alcohol Use, Not Suspect of Drug Use, Not Suspect of Alcohol Use, Not Suspect of Drug Use",,Motor Vehicle In Transport,,Non-Junction,,Straight,No Defects,"Divided, Raised Median (curbed)",39.08080767,-76.94689767,"(39.08080767, -76.94689767)"
MCP2987004M,190003323,Montgomery County Police,Injury Crash,01/22/2019 08:29:00 AM,No,Maryland (State),West,,3,West,20,FEET,LEVEL,UNIVERSITY BLVD E,RAMP 1 FR MD 193 NB TO IS 495 WB,,N/A,,DRIVER,SAME DIR REAR END,CLEAR,DRY,DAYLIGHT,NO CONTROLS,NONE DETECTED,,OTHER VEHICLE,OTHER VEHICLE,NON INTERSECTION,N/A,STRAIGHT,NO DEFECTS,"TWO-WAY, DIVIDED, POSITIVE MEDIAN BARRIER",39.01488833,-77.00458833,"(39.01488833, -77.00458833)"
EJ7858005J,200046121,Gaithersburg Police Depar,Injury Crash,11/22/2020 12:06:00 PM,Yes,Maryland (State),North,LEFT TURN LANE,3,North,0,FEET,LEVEL,FREDERICK RD,MONTGOMERY VILLAGE AVE,,N/A,,DRIVER,SAME DIR REAR END,CLOUDY,DRY,DAYLIGHT,TRAFFIC SIGNAL,"NONE DETECTED, UNKNOWN",,OTHER VEHICLE,N/A,INTERSECTION,FOUR-WAY INTERSECTION,STRAIGHT,NO DEFECTS,"TWO-WAY, DIVIDED, POSITIVE MEDIAN BARRIER",39.1523964,-77.21178679,"(39.1523964, -77.21178679)"
EJ7826002C,170523488,Gaithersburg Police Depar,Injury Crash,08/07/2017 01:37:00 PM,No,County,South,,2,North,300,FEET,LEVEL,LOST KNIFE RD,ODENDHAL AVE,,N/A,PEDESTRIAN,DRIVER,OTHER,RAINING,WET,DAYLIGHT,NO CONTROLS,N/A,N/A,PEDESTRIAN,N/A,N/A,N/A,STRAIGHT,NO DEFECTS,"TWO-WAY, NOT DIVIDED",39.15290833,-77.19897667,"(39.15290833, -77.19897667)"
MCP2813008G,200025317,Montgomery County Police,Injury Crash,06/29/2020 05:30:00 PM,No,County,East,,1,East,100,FEET,LEVEL,MEDWAY ST,LYTLE ST,,N/A,,DRIVER,HEAD ON,CLEAR,DRY,DAYLIGHT,N/A,N/A,,OTHER VEHICLE,N/A,N/A,N/A,CURVE RIGHT,NO DEFECTS,"TWO-WAY, NOT DIVIDED",39.050495,-77.06283167,"(39.050495, -77.06283167)"
MCP2886000X,15054189,MONTGOMERY,Injury Crash,10/25/2015 04:08:00 PM,No,County,North,RIGHT TURN LANE,2,South,50,FEET,GRADE DOWNHILL,BALTIMORE RD,NORBECK RD,,N/A,,DRIVER,SAME DIR REAR END,CLEAR,DRY,DAYLIGHT,N/A,NONE DETECTED,,OTHER VEHICLE,N/A,N/A,N/A,STRAIGHT,N/A,"TWO-WAY, NOT DIVIDED",39.094675,-77.11251833,"(39.094675, -77.11251833)"
MCP3298000J,210035957,Montgomery County Police,Property Damage Crash,09/13/2021 12:00:00 AM,Yes,County,North,,2,North,200,FEET,GRADE DOWNHILL,GAME PRESERVE RD,FREDERICK RD,,N/A,,DRIVER,OTHER,N/A,DRY,UNKNOWN,N/A,N/A,,OFF ROAD,N/A,NON INTERSECTION,N/A,STRAIGHT,NO DEFECTS,"TWO-WAY, NOT DIVIDED",39.16468833,-77.22779833,"(39.16468833, -77.22779833)"
MCP21600003,15031605,Montgomery County Police,Injury Crash,06/28/2015 04:34:00 PM,No,County,North,,1,South,0,FEET,LEVEL,WIGHTMAN RD,STRATH HAVEN DR,,N/A,,DRIVER,STRAIGHT MOVEMENT ANGLE,N/A,DRY,DAYLIGHT,NO CONTROLS,NONE DETECTED,,OTHER VEHICLE,OTHER VEHICLE,INTERSECTION,T-INTERSECTION,STRAIGHT,NO DEFECTS,"TWO-WAY, NOT DIVIDED",39.1926,-77.19353,"(39.1926, -77.19353)"
MCP2971000Y,16007071,Montgomery County Police,Property Damage Crash,02/11/2016 10:08:00 AM,Yes,Municipality,South,,2,South,5,FEET,LEVEL,CHICAGO AVE,ISLINGTON ST,,N/A,,DRIVER,OPPOSITE DIRECTION SIDESWIPE,CLEAR,DRY,DAYLIGHT,NO CONTROLS,"NONE DETECTED, UNKNOWN",,OTHER VEHICLE,N/A,NON INTERSECTION,N/A,STRAIGHT,NO DEFECTS,"TWO-WAY, NOT DIVIDED",38.98605022,-77.02192783,"(38.98605022, -77.02192783)"
EJ7809000P,15057514,GAITHERSBURG,Property Damage Crash,11/11/2015 10:36:00 AM,No,Maryland (State),South,ON RAMP,0,North,0,FEET,LEVEL,MONTGOMERY VILLAGE AVE,SPUR TO RUSSELL AVE,,N/A,,DRIVER,SAME DIR REAR END,CLEAR,DRY,DAYLIGHT,NO CONTROLS,NONE DETECTED,,OTHER VEHICLE,N/A,INTERCHANGE RELATED,FOUR-WAY INTERSECTION,CURVE RIGHT,NO DEFECTS,N/A,39.15409159,-77.20929623,"(39.15409159, -77.20929623)"
DD5606001X,15017948,Rockville Police Departme,Property Damage Crash,04/17/2015 11:40:00 AM,No,Maryland (State),South,RIGHT TURN LANE,5,North,20,FEET,LEVEL,HUNGERFORD DR,W GUDE DR,,N/A,,DRIVER,OTHER,CLEAR,DRY,DAYLIGHT,TRAFFIC SIGNAL,NONE DETECTED,,OTHER VEHICLE,N/A,INTERSECTION RELATED,FOUR-WAY INTERSECTION,STRAIGHT,NO DEFECTS,"TWO-WAY, DIVIDED, POSITIVE MEDIAN BARRIER",39.10464667,-77.157275,"(39.10464667, -77.157275)"
MCP271700R4,190054987,Montgomery County Police,Injury Crash,11/14/2019 06:15:00 PM,Yes,County,North,,2,North,0,FEET,LEVEL,WOODHAVEN BLVD,POE RD,,N/A,PEDESTRIAN,DRIVER,OTHER,CLEAR,DRY,DARK LIGHTS ON,NO CONTROLS,UNKNOWN,NONE DETECTED,PEDESTRIAN,N/A,INTERSECTION,N/A,STRAIGHT,N/A,"TWO-WAY, DIVIDED, UNPROTECTED PAINTED MIN 4 FEET",38.99310167,-77.131288,"(38.99310167, -77.131288)"
MCP3181002F,240004538,MONTGOMERY,Injury Crash,01/29/2024 01:24:00 AM,No,County Route,Westbound,Lane 1,3,North,13.43,FEET,Uphill,RANDOLPH RD (WB/L),,,,,UNKNOWN,Single Vehicle,Clear,Wet,Dark - Lighted,No Controls,"Suspect of Alcohol Use, Not Suspect of Drug Use",,Curb,,Non-Junction,,Curve Right,No Defects,"Divided, Raised Median (curbed)",39.05787419,-77.05336368,"(39.05787419, -77.05336368)"
MCP3353002D,240019026,MONTGOMERY,Property Damage Crash,04/23/2024 08:10:00 PM,No,County Route,Westbound,Lane 1,1,West,26.78,FEET,Level,ADRIAN ST,,,,,DRIVER,Other,Clear,Dry,Dark - Lighted,No Controls,"Not Suspect of Alcohol Use, Not Suspect of Drug Use",,Parked Vehicle,Parked Vehicle,Non-Junction,,Straight,,Not Divided,39.06725783,-77.10050217,"(39.06725783, -77.10050217)"
MCP3303001C,230031583,Montgomery County Police,Injury Crash,07/02/2023 03:04:00 PM,No,County,West,,3,South,0,FEET,LEVEL,RIDGE RD,RAMP 3 FR RIDGE RD EB TO IS 270 NB,,N/A,,DRIVER,SAME DIR REAR END,RAINING,WET,DAYLIGHT,TRAFFIC SIGNAL,NONE DETECTED,,OTHER VEHICLE,N/A,INTERSECTION,T-INTERSECTION,STRAIGHT,NO DEFECTS,"TWO-WAY, DIVIDED, POSITIVE MEDIAN BARRIER",39.19912708,-77.26072606,"(39.19912708, -77.26072606)"
MCP2516001J,180006284,Montgomery County Police,Property Damage Crash,02/06/2018 08:08:00 AM,No,Maryland (State),East,,1,West,0.25,MILE,LEVEL,LAYTONSVILLE RD,BRINK RD,,N/A,,DRIVER,SAME DIR REAR END,CLOUDY,DRY,DAYLIGHT,NO CONTROLS,N/A,,OTHER VEHICLE,FIXED OBJECT,NON INTERSECTION,N/A,STRAIGHT,NO DEFECTS,"TWO-WAY, NOT DIVIDED",39.183955,-77.26379333,"(39.183955, -77.26379333)"
MCP23980022,170549919,Montgomery County Police,Injury Crash,12/21/2017 12:14:00 PM,No,Maryland (State),North,LEFT TURN LANE,5,North,0,FEET,LEVEL,QUINCE ORCHARD RD,BANK ST,,GAITHERSBURG,,DRIVER,SAME DIR REAR END,CLEAR,DRY,DAYLIGHT,TRAFFIC SIGNAL,NONE DETECTED,,OTHER VEHICLE,OTHER VEHICLE,INTERSECTION,T-INTERSECTION,STRAIGHT,NO DEFECTS,"TWO-WAY, DIVIDED, UNPROTECTED PAINTED MIN 4 FEET",39.13987833,-77.221955,"(39.13987833, -77.221955)"
MCP1305001F,17506024,Montgomery County Police,Property Damage Crash,05/05/2017 08:42:00 AM,No,County,West,,1,West,0,FEET,GRADE DOWNHILL,STEDWICK RD,CAPEHART DR,,N/A,,DRIVER,SINGLE VEHICLE,RAINING,WET,DAWN,NO CONTROLS,N/A,,FIXED OBJECT,N/A,INTERSECTION RELATED,T-INTERSECTION,CURVE LEFT,NO DEFECTS,"TWO-WAY, DIVIDED, UNPROTECTED PAINTED MIN 4 FEET",39.17112928,-77.21545324,"(39.17112928, -77.21545324)"
MCP3060001K,180035493,Montgomery County Police,Property Damage Crash,07/18/2018 08:07:00 AM,No,Maryland (State),South,,3,North,10,FEET,LEVEL,16TH ST,SPRING ST,,N/A,,DRIVER,SAME DIRECTION SIDESWIPE,CLEAR,DRY,DAYLIGHT,TRAFFIC SIGNAL,N/A,,OTHER VEHICLE,N/A,INTERSECTION RELATED,T-INTERSECTION,CURVE RIGHT,NO DEFECTS,"TWO-WAY, DIVIDED, POSITIVE MEDIAN BARRIER",38.99711167,-77.03705667,"(38.99711167, -77.03705667)"
DM84470013,16045531,Takoma Park Police Depart,Property Damage Crash,09/06/2016 12:20:00 PM,Yes,,,,,,0,,,,,"1159 UNIVERSITY BLVD (PARKING LOT) TAKOMA PARK, MARYLAND 20912",,,DRIVER,OTHER,CLEAR,,DAYLIGHT,NO CONTROLS,UNKNOWN,,PARKED VEHICLE,N/A,,,,,,38.988793,-76.989519,"(38.988793, -76.989519)"
MCP3026006K,210024935,Montgomery County Police,Property Damage Crash,06/29/2021 11:20:00 AM,Yes,,,,,,,,,,,PARKING LOT 7027 BROOKVILLE RD.,,,DRIVER,OTHER,CLEAR,,DAYLIGHT,NO CONTROLS,NONE DETECTED,,PARKED VEHICLE,N/A,,,,,,38.9811182,-77.0712172,"(38.9811182, -77.0712172)"
MCP2603006D,240036778,MONTGOMERY,Property Damage Crash,08/04/2024 05:37:00 PM,No,,,,0,,,FEET,,,,Private Road        PARKING LOT OF 18371 LOST KNIFE ROAD,,,DRIVER,Angle,Clear,,Daylight,,"Not Suspect of Alcohol Use, Not Suspect of Drug Use, Unknown, Not Suspect of Drug Use",,Motor Vehicle In Transport,Not Applicable,,,,,,39.15898167,-77.19902167,"(39.15898167, -77.19902167)"
MCP30600030,210008429,Montgomery County Police,Injury Crash,03/06/2021 02:27:00 AM,No,Maryland (State),North,UNKNOWN,3,East,5,FEET,LEVEL,RIVER RD,WILSON LA,,N/A,,DRIVER,SINGLE VEHICLE,N/A,DRY,DARK LIGHTS ON,TRAFFIC SIGNAL,UNKNOWN,,FIXED OBJECT,FIXED OBJECT,INTERSECTION RELATED,FOUR-WAY INTERSECTION,STRAIGHT,NO DEFECTS,"TWO-WAY, DIVIDED, POSITIVE MEDIAN BARRIER",38.983895,-77.13740833,"(38.983895, -77.13740833)"
MCP9428005G,240058350,MONTGOMERY,Property Damage Crash,12/06/2024 11:06:00 AM,,,,,0,,,FEET,,,,Parking Lot Way        STUDENT PARKING LOT OF DAMASCUS HIGH SCHOOL,,,UNKNOWN,"Sideswipe, Same Direction",Clear,,Daylight,,"Not Suspect of Alcohol Use, Not Suspect of Drug Use",,Parked Vehicle,,,,,,,39.283775,-77.21010333,"(39.283775, -77.21010333)"
MCP9133001D,17013675,Montgomery County Police,Property Damage Crash,03/17/2017 08:31:00 AM,No,Maryland (State),South,,3,North,50,FEET,LEVEL,FREDERICK RD,PLUMMER DR,,N/A,,DRIVER,SINGLE VEHICLE,CLEAR,SNOW,DAYLIGHT,NO CONTROLS,NONE DETECTED,,FIXED OBJECT,FIXED OBJECT,NON INTERSECTION,N/A,STRAIGHT,NO DEFECTS,"TWO-WAY, DIVIDED, POSITIVE MEDIAN BARRIER",39.17184667,-77.23619333,"(39.17184667, -77.23619333)"
MCP28640036,190033801,Montgomery County Police,Property Damage Crash,07/16/2019 06:27:00 PM,No,County,East,,3,East,300,FEET,LEVEL,E GUDE DR,SOUTHLAWN LA,,N/A,,DRIVER,SAME DIR REAR END,CLOUDY,DRY,DAYLIGHT,NO CONTROLS,NONE DETECTED,,OTHER VEHICLE,N/A,NON INTERSECTION,N/A,STRAIGHT,NO DEFECTS,"TWO-WAY, DIVIDED, POSITIVE MEDIAN BARRIER",39.09708667,-77.13572,"(39.09708667, -77.13572)"
MCP34270007,240037985,MONTGOMERY,Injury Crash,08/12/2024 09:54:00 AM,No,County Route,Northbound,Lane 1,2,South,0,FEET,Level,LONGDRAFT RD,GREAT SENECA HWY,,,,DRIVER,Angle,Clear,Dry,Daylight,Traffic Control Signal,"Not Suspect of Alcohol Use, Not Suspect of Drug Use, Not Suspect of Alcohol Use, Not Suspect of Drug Use",,Motor Vehicle In Transport,Not Applicable,Intersection or Related,Angled/Skewed,Straight,No Defects,Not Divided,39.13324709,-77.24479708,"(39.13324709, -77.24479708)"
MCP3301000Z,220000076,Montgomery County Police,Property Damage Crash,01/01/2022 02:51:00 PM,No,Ramp,West,ON RAMP,1,West,10,FEET,GRADE DOWNHILL,RAMP 3 FR IS 495 EB TO MD 97 NB,CAPITAL BELTWAY,,N/A,,DRIVER,SINGLE VEHICLE,RAINING,WET,DAYLIGHT,OTHER,NONE DETECTED,,FIXED OBJECT,N/A,INTERCHANGE RELATED,N/A,CURVE RIGHT,NO DEFECTS,ONE-WAY TRAFFICWAY,39.01268333,-77.04065833,"(39.01268333, -77.04065833)"
MCP3067001F,190023644,Montgomery County Police,Injury Crash,05/19/2019 03:32:00 AM,No,County,West,,1,East,100,FEET,GRADE DOWNHILL,BRINK RD,GOSHEN RD,,N/A,,DRIVER,SINGLE VEHICLE,CLEAR,DRY,DARK NO LIGHTS,N/A,NONE DETECTED,,FIXED OBJECT,N/A,NON INTERSECTION,N/A,STRAIGHT,NO DEFECTS,"TWO-WAY, NOT DIVIDED",39.20500042,-77.18658605,"(39.20500042, -77.18658605)"
MCP271700Y8,230066916,Montgomery County Police,Property Damage Crash,11/17/2023 02:50:00 PM,No,Maryland (State),South,,3,North,0,FEET,LEVEL,NEW HAMPSHIRE AVE,RANDOLPH RD,,N/A,,DRIVER,OTHER,CLEAR,DRY,DAYLIGHT,TRAFFIC SIGNAL,NONE DETECTED,,OTHER VEHICLE,FIXED OBJECT,INTERSECTION,FOUR-WAY INTERSECTION,STRAIGHT,NO DEFECTS,"TWO-WAY, DIVIDED, POSITIVE MEDIAN BARRIER",38.99700833,-77.03159,"(38.99700833, -77.03159)"
MCP2867001Z,16005973,Montgomery County Police,Property Damage Crash,02/05/2016 08:23:00 AM,Yes,Maryland (State),South,,3,North,25,FEET,LEVEL,NEW HAMPSHIRE AVE,RODNEY RD,,N/A,,DRIVER,SAME DIRECTION LEFT TURN,CLEAR,WET,DAYLIGHT,NO CONTROLS,"NONE DETECTED, UNKNOWN",,OTHER VEHICLE,N/A,NON INTERSECTION,N/A,STRAIGHT,NO DEFECTS,"TWO-WAY, DIVIDED, POSITIVE MEDIAN BARRIER",39.041715,-76.99492667,"(39.041715, -76.99492667)"
MCP30530008,170527371,Montgomery County Police,Property Damage Crash,08/28/2017 05:50:00 PM,No,County,East,,8,East,0,FEET,LEVEL,RANDOLPH RD,DEWEY RD,,N/A,,DRIVER,HEAD ON LEFT TURN,CLEAR,DRY,DAYLIGHT,TRAFFIC SIGNAL,NONE DETECTED,,OTHER VEHICLE,N/A,INTERSECTION,FOUR-WAY INTERSECTION,STRAIGHT,NO DEFECTS,"TWO-WAY, DIVIDED, POSITIVE MEDIAN BARRIER",39.05331915,-77.08944306,"(39.05331915, -77.08944306)"
MCP2436005D,180027438,Montgomery County Police,Property Damage Crash,06/04/2018 01:04:00 PM,No,Maryland (State),South,,3,North,0,FEET,LEVEL,NEW HAMPSHIRE AVE,NORTHAMPTON DR,,N/A,,DRIVER,SAME DIR REAR END,CLEAR,DRY,DAYLIGHT,TRAFFIC SIGNAL,N/A,,OTHER VEHICLE,N/A,INTERSECTION,T-INTERSECTION,STRAIGHT,NO DEFECTS,"TWO-WAY, DIVIDED, POSITIVE MEDIAN BARRIER",39.00688551,-76.9803375,"(39.00688551, -76.9803375)"
MCP3412001P,250011445,MONTGOMERY,Property Damage Crash,03/15/2025 11:17:00 PM,No,County Route,"Northbound, Southbound","Lane 1, Left Turn Lane","4, 6",South,0,FEET,Level,,CONNECTICUT AVE,,,,UNKNOWN,Angle,Clear,Dry,Dark - Lighted,Traffic Control Signal,"Not Suspect of Alcohol Use, Not Suspect of Drug Use, Not Suspect of Alcohol Use, Not Suspect of Drug Use",,Motor Vehicle In Transport,,Intersection or Related,Perpendicular,Straight,No Defects,"Divided, Raised Median (curbed)",39.08031093,-77.08034194,"(39.08031093, -77.08034194)"
MCP24360084,190038812,Montgomery County Police,Injury Crash,08/14/2019 12:35:00 PM,No,Maryland (State),South,LEFT TURN LANE,3,North,0,FEET,LEVEL,NEW HAMPSHIRE AVE,POWDER MILL RD,,N/A,,DRIVER,SAME DIR REAR END,CLEAR,DRY,DAYLIGHT,TRAFFIC SIGNAL,NONE DETECTED,,OTHER VEHICLE,N/A,INTERSECTION,FOUR-WAY INTERSECTION,STRAIGHT,NO DEFECTS,"TWO-WAY, DIVIDED, POSITIVE MEDIAN BARRIER",39.02215167,-76.97777333,"(39.02215167, -76.97777333)"
MCP3409000M,240061601,MONTGOMERY,Injury Crash,12/26/2024 12:45:00 PM,No,Municipality Route,"Eastbound, Southbound","Lane 2, Lane 3","4, 6",North,0,FEET,Level,RESEARCH BLVD,SHADY GROVE RD,,,,UNKNOWN,Angle,Clear,Dry,Daylight,Traffic Control Signal,"Not Suspect of Alcohol Use, Not Suspect of Drug Use, Not Suspect of Alcohol Use, Not Suspect of Drug Use",,Motor Vehicle In Transport,,Intersection or Related,Perpendicular,Straight,No Defects,"Divided, Raised Median (curbed)",39.1049981,-77.19027347,"(39.1049981, -77.19027347)"
MCP2844008B,240061429,MONTGOMERY,Property Damage Crash,12/24/2024 11:30:00 AM,,Local Route,Unknown,"Other, Unknown",0,East,39.52,FEET,Level,TOWN CENTER DR,,,,,UNKNOWN,Front to Rear,Clear,Wet,Daylight,No Controls,"Unknown, Unknown",,Parked Vehicle,,Non-Junction,,Straight,No Defects,Not Divided,39.15332309,-77.06286319,"(39.15332309, -77.06286319)"
MCP3127004K,250019269,MONTGOMERY,Property Damage Crash,05/02/2025 04:09:00 PM,No,County Route,"Northbound, Southbound",Lane 1,1,East,19.44,FEET,"Downhill, Uphill",KENHOWE DR,,,,,UNKNOWN,"Sideswipe, Opposite Direction",Clear,Wet,Daylight,No Controls,"Not Suspect of Alcohol Use, Not Suspect of Drug Use, Not Suspect of Alcohol Use, Not Suspect of Drug Use",,Motor Vehicle In Transport,,Through Roadway,,Straight,No Defects,Not Divided,38.9725555,-77.13428433,"(38.9725555, -77.13428433)"
EJ7886001F,220023865,Gaithersburg Police Depar,Property Damage Crash,06/03/2022 09:02:00 PM,No,Municipality,East,,1,South,250,FEET,LEVEL,MONTGOMERY AVE,FREDERICK RD,,N/A,,DRIVER,SAME DIRECTION SIDESWIPE,CLEAR,DRY,DARK LIGHTS ON,NO CONTROLS,NONE DETECTED,,PARKED VEHICLE,PARKED VEHICLE,N/A,N/A,STRAIGHT,NO DEFECTS,"TWO-WAY, NOT DIVIDED",39.14640567,-77.2026795,"(39.14640567, -77.2026795)"
MCP31740031,210002359,Montgomery County Police,Injury Crash,01/19/2021 03:28:00 PM,No,County,East,,2,North,0,FEET,HILL CREST,WATKINS MILL RD,APPLE RIDGE RD,,N/A,,DRIVER,HEAD ON LEFT TURN,CLEAR,DRY,DAYLIGHT,TRAFFIC SIGNAL,NONE DETECTED,,OTHER VEHICLE,N/A,INTERSECTION,FOUR-WAY INTERSECTION,STRAIGHT,NO DEFECTS,"TWO-WAY, NOT DIVIDED",39.18419833,-77.21089333,"(39.18419833, -77.21089333)"
MCP12130079,230002537,Montgomery County Police,Property Damage Crash,01/16/2023 04:25:00 PM,No,County,West,,2,East,0,FEET,HILL UPHILL,BRIGGS CHANEY RD,CREST HILL LA,,N/A,,DRIVER,SAME DIR REAR END,CLEAR,DRY,DAYLIGHT,NO CONTROLS,NONE DETECTED,,OTHER VEHICLE,N/A,INTERSECTION,T-INTERSECTION,STRAIGHT,NO DEFECTS,"TWO-WAY, NOT DIVIDED",39.09102,-76.96659333,"(39.09102, -76.96659333)"
MCP27610051,230069444,Montgomery County Police,Property Damage Crash,12/02/2023 09:45:00 AM,No,Maryland (State),East,,1,East,50,FEET,LEVEL,CLOPPER RD,MATENEY RD,,N/A,,DRIVER,SAME DIR REAR END,CLOUDY,WET,DAYLIGHT,NO CONTROLS,NONE DETECTED,,OTHER VEHICLE,N/A,NON INTERSECTION,N/A,STRAIGHT,NO DEFECTS,"TWO-WAY, NOT DIVIDED",39.15673617,-77.26732333,"(39.15673617, -77.26732333)"
MCP0613000T,180041728,Montgomery County Police,Property Damage Crash,08/22/2018 07:35:00 AM,No,County,West,,3,East,0,FEET,LEVEL,RANDOLPH RD,KIMBLEWICK DR,,N/A,,DRIVER,SAME DIR REAR END,CLEAR,N/A,DAYLIGHT,N/A,"NONE DETECTED, UNKNOWN",,OTHER VEHICLE,OTHER VEHICLE,NON INTERSECTION,N/A,STRAIGHT,NO DEFECTS,"TWO-WAY, DIVIDED, POSITIVE MEDIAN BARRIER",39.07107333,-77.01304,"(39.07107333, -77.01304)"
MCP2639009Y,200040433,Montgomery County Police,Injury Crash,10/14/2020 08:10:00 AM,No,,,,,,,,,,,PARKING LOT OF 14101 GEORGIA AVE,,PEDESTRIAN,UNKNOWN,STRAIGHT MOVEMENT ANGLE,CLEAR,,DAYLIGHT,NO CONTROLS,UNKNOWN,NONE DETECTED,PEDESTRIAN,N/A,,,,,,39.08526063,-77.07821539,"(39.08526063, -77.07821539)"
MCP1174006R,240012521,MONTGOMERY,Property Damage Crash,03/15/2024 04:11:00 PM,No,County Route,Southbound,Lane 2,2,North,9.94,FEET,Level,SEVEN LOCKS RD,,,,,UNKNOWN,"Sideswipe, Same Direction",Clear,Dry,Daylight,No Controls,"Not Suspect of Alcohol Use, Not Suspect of Drug Use, Not Suspect of Alcohol Use, Not Suspect of Drug Use",,Motor Vehicle In Transport,,Driveway Access or Related,,Straight,,Not Divided,39.0125134,-77.16012582,"(39.0125134, -77.16012582)"
MCP12350040,220020263,Montgomery County Police,Property Damage Crash,05/13/2022 07:19:00 PM,Yes,,,,,,,,,,,PARKING LOT OF 10151 NEW HAMPSHIRE AVENUE,,,DRIVER,OTHER,CLEAR,,DAYLIGHT,NO CONTROLS,UNKNOWN,,PARKED VEHICLE,N/A,,,,,,39.02172653,-76.97578427,"(39.02172653, -76.97578427)"
MCP12330039,190048743,Montgomery County Police,Injury Crash,10/10/2019 07:26:00 PM,No,,,,,,,,,,,10526 CONNECTICUT AVE. (PARKING LOT) KENSINGTON,,PEDESTRIAN,DRIVER,HEAD ON LEFT TURN,CLEAR,,DARK NO LIGHTS,NO CONTROLS,NONE DETECTED,NONE DETECTED,PEDESTRIAN,N/A,,,,,,39.02790167,-77.07686167,"(39.02790167, -77.07686167)"
MCP3377000V,230069033,Montgomery County Police,Injury Crash,11/30/2023 05:15:00 AM,No,Maryland (State),South,,4,North,0,FEET,LEVEL,ROCKVILLE PIKE,CEDAR LA,,N/A,,DRIVER,SAME DIR REAR END,CLEAR,DRY,DARK LIGHTS ON,TRAFFIC SIGNAL,"N/A, NONE DETECTED",,OTHER VEHICLE,N/A,INTERSECTION,FOUR-WAY INTERSECTION,STRAIGHT,NO DEFECTS,OTHER,39.0055565,-77.09783183,"(39.0055565, -77.09783183)"
MCP9106000Z,16021270,Montgomery County Police,Injury Crash,04/30/2016 10:21:00 AM,No,Maryland (State),South,,1,North,0,FEET,HILL CREST,FREDERICK RD,BRINK RD,,N/A,,DRIVER,SAME DIR REAR END,CLOUDY,DRY,DAYLIGHT,NO CONTROLS,NONE DETECTED,,OTHER VEHICLE,N/A,INTERSECTION,Y-INTERSECTION,CURVE RIGHT,NO DEFECTS,"TWO-WAY, NOT DIVIDED",39.213755,-77.24921167,"(39.213755, -77.24921167)"
DD5605001P,15045950,ROCKVILLE,Property Damage Crash,09/11/2015 02:50:00 PM,No,Maryland (State),West,,3,East,10,FEET,LEVEL,KEY WEST AVE,SPUR FR SHADY GROVE RD,,N/A,,DRIVER,SAME DIR REAR END,CLEAR,DRY,DAYLIGHT,TRAFFIC SIGNAL,NONE DETECTED,,OTHER VEHICLE,N/A,INTERSECTION RELATED,FOUR-WAY INTERSECTION,STRAIGHT,NO DEFECTS,"TWO-WAY, DIVIDED, POSITIVE MEDIAN BARRIER",39.10340333,-77.19041333,"(39.10340333, -77.19041333)"
MCP1417006P,17007273,Montgomery County Police,Injury Crash,02/10/2017 10:35:00 AM,No,Maryland (State),South,RIGHT TURN LANE,3,North,0,FEET,LEVEL,FREDERICK RD,SPUR TO MD 124,,N/A,,DRIVER,SAME DIR REAR END,CLEAR,DRY,DAYLIGHT,YIELD SIGN,NONE DETECTED,,OTHER VEHICLE,N/A,INTERSECTION,FOUR-WAY INTERSECTION,CURVE RIGHT,NO DEFECTS,"TWO-WAY, DIVIDED, POSITIVE MEDIAN BARRIER",39.15231,-77.21275667,"(39.15231, -77.21275667)"
DM8338000L,16058266,Takoma Park Police Depart,Property Damage Crash,11/11/2016 09:05:00 PM,Yes,Municipality,West,N/A,1,East,500,FEET,HILL UPHILL,COLUMBIA AVE,CARROLL AVE,,N/A,,DRIVER,OTHER,CLEAR,N/A,DARK LIGHTS ON,N/A,"N/A, NONE DETECTED",,PARKED VEHICLE,N/A,NON INTERSECTION,N/A,STRAIGHT,NO DEFECTS,"TWO-WAY, NOT DIVIDED",38.97540402,-77.00837731,"(38.97540402, -77.00837731)"