Report Number,Local Case Number,Agency Name,ACRS Report Type,Crash Date/Time,Hit/Run,Route Type,Lane Direction,Lane Type,Number of Lanes,Direction,Distance,Distance Unit,Road Grade,Road Name,Cross-Street Name,Off-Road Description,Municipality,Related Non-Motorist,At Fault,Collision Type,Weather,Surface Condition,Light,Traffic Control,Driver Substance Abuse,Non-Motorist Substance Abuse,First Harmful Event,Second Harmful Event,Junction,Intersection Type,Road Alignment,Road Condition,Road Division,Latitude,Longitude,Location
MCP2738002C,170512755,Montgomery County Police,Property Damage Crash,06/09/2017 06:15:00 PM,No,Maryland (State),West,,2,West,50,FEET,LEVEL,SANDY SPRING RD,MCKNEW RD,,N/A,,DRIVER,SAME DIR REAR END,CLEAR,DRY,DAYLIGHT,NO CONTROLS,N/A,,OTHER VEHICLE,N/A,N/A,N/A,CURVE RIGHT,NO DEFECTS,"TWO-WAY, DIVIDED, POSITIVE MEDIAN BARRIER",39.10701333,-76.92027167,"(39.10701333, -76.92027167)"
DD5610002G,17009783,Rockville Police Departme,Injury Crash,02/23/2017 01:54:00 PM,No,Maryland (State),North,LEFT TURN LANE,2,North,0,FEET,LEVEL,HUNGERFORD DR,N WASHINGTON ST,,ROCKVILLE,,DRIVER,HEAD ON LEFT TURN,CLEAR,DRY,DAYLIGHT,TRAFFIC SIGNAL,N/A,,OTHER VEHICLE,OTHER VEHICLE,INTERSECTION RELATED,FOUR-WAY INTERSECTION,STRAIGHT,N/A,"TWO-WAY, DIVIDED, POSITIVE MEDIAN BARRIER",39.091645,-77.15349,"(39.091645, -77.15349)"
MCP2794001B,16017532,Montgomery County Police,Property Damage Crash,04/10/2016 03:00:00 PM,No,,,,,,0,,,,,DRIVEWAY OF 2400 ARCOLA AVE,,,DRIVER,SINGLE VEHICLE,CLEAR,,DAYLIGHT,N/A,N/A,,BACKING,FIXED OBJECT,,,,,,39.04951333,-77.04489667,"(39.04951333, -77.04489667)"
MCP3123002R,210035316,Montgomery County Police,Injury Crash,09/08/2021 04:04:00 PM,No,County,North,,2,North,400,FEET,LEVEL,TRAVILAH RD,BRIARBUSH LA,,N/A,,DRIVER,SAME DIR REAR END,CLEAR,DRY,DAYLIGHT,NO CONTROLS,N/A,,OTHER VEHICLE,N/A,NON INTERSECTION,N/A,STRAIGHT,NO DEFECTS,"TWO-WAY, NOT DIVIDED",39.07426717,-77.25967167,"(39.07426717, -77.25967167)"
EJ7893000K,220009774,Gaithersburg Police Depar,Property Damage Crash,03/07/2022 10:48:00 AM,No,Maryland (State),South,,3,North,0,FEET,LEVEL,S FREDERICK RD,PEONY DR,,GAITHERSBURG,,DRIVER,STRAIGHT MOVEMENT ANGLE,CLEAR,DRY,DAYLIGHT,STOP SIGN,NONE DETECTED,,OTHER VEHICLE,N/A,INTERSECTION RELATED,T-INTERSECTION,STRAIGHT,NO DEFECTS,"TWO-WAY, DIVIDED, POSITIVE MEDIAN BARRIER",39.13652995,-77.192741,"(39.13652995, -77.192741)"
MCP2872002G,170548759,Montgomery County Police,Property Damage Crash,12/15/2017 01:55:00 PM,No,County,East,,1,East,40,FEET,GRADE DOWNHILL,CENTERWAY RD,MARSH HAWK LA,,N/A,,DRIVER,HEAD ON LEFT TURN,SNOW,SNOW,DAYLIGHT,NO CONTROLS,NONE DETECTED,,OTHER VEHICLE,OTHER OBJECT,NON INTERSECTION,N/A,CURVE LEFT,NO DEFECTS,"TWO-WAY, DIVIDED, UNPROTECTED PAINTED MIN 4 FEET",39.16995333,-77.18035167,"(39.16995333, -77.18035167)"
MCP31340025,190046506,Montgomery County Police,Property Damage Crash,09/28/2019 10:39:00 AM,Yes,,,,,,,,,,,"PARKING LOT ON OUTLET DRIVE
13847 OUTLET DRIVE SILVER SPRING MD 20904",,,DRIVER,SAME DIR REAR END,CLEAR,,DAYLIGHT,NO CONTROLS,N/A,,OTHER VEHICLE,N/A,,,,,,39.08268302,-76.94634993,"(39.08268302, -76.94634993)"
MCP25520077,240020015,MONTGOMERY,Injury Crash,04/29/2024 05:27:00 PM,No,County Route,Northbound,Lane 2,3,North,21.04,FEET,Level,SHADY GROVE RD,,,,,UNKNOWN,Front to Rear,Clear,Dry,Daylight,No Controls,"Not Suspect of Alcohol Use, Not Suspect of Drug Use, Not Suspect of Alcohol Use, Not Suspect of Drug Use, Not Suspect of Alcohol Use, Not Suspect of Drug Use",,Motor Vehicle In Transport,,Non-Junction,,Straight,No Defects,"Divided, Raised Median (curbed)",39.12794167,-77.1704,"(39.12794167, -77.1704)"
MCP2358006S,190045551,Montgomery County Police,Property Damage Crash,09/23/2019 11:15:00 AM,No,Maryland (State),North,,1,North,0,FEET,GRADE DOWNHILL,BRADLEY BLVD,BURNING TREE RD,,N/A,,DRIVER,STRAIGHT MOVEMENT ANGLE,CLEAR,DRY,DAYLIGHT,STOP SIGN,NONE DETECTED,,OTHER VEHICLE,N/A,INTERSECTION,FOUR-WAY INTERSECTION,STRAIGHT,NO DEFECTS,"TWO-WAY, NOT DIVIDED",39.003645,-77.13733667,"(39.003645, -77.13733667)"
MCP2358001P,15058644,Montgomery County Police,Property Damage Crash,11/17/2015 09:59:00 AM,No,County,East,,2,East,20,FEET,LEVEL,POOKS HILL RD,LINDEN AVE,,N/A,,DRIVER,SAME DIR REND LEFT TURN,CLEAR,DRY,DAYLIGHT,NO CONTROLS,NONE DETECTED,,OTHER VEHICLE,N/A,INTERSECTION RELATED,T-INTERSECTION,CURVE RIGHT,NO DEFECTS,"TWO-WAY, NOT DIVIDED",39.01473667,-77.10477833,"(39.01473667, -77.10477833)"
MCP25090015,16017135,Montgomery County Police,Injury Crash,04/08/2016 11:24:00 AM,No,US (State),South,,3,North,100,FEET,GRADE DOWNHILL,COLUMBIA PIKE,BURNT MILLS AVE,,N/A,,DRIVER,SAME DIRECTION RIGHT TURN,CLEAR,DRY,DAYLIGHT,NO CONTROLS,NONE DETECTED,,OTHER VEHICLE,FIXED OBJECT,N/A,N/A,STRAIGHT,NO DEFECTS,"TWO-WAY, DIVIDED, POSITIVE MEDIAN BARRIER",39.03637333,-77.00042833,"(39.03637333, -77.00042833)"
MCP9130005T,180038651,Montgomery County Police,Injury Crash,08/04/2018 10:13:00 AM,No,Maryland (State),West,,3,East,40,FEET,LEVEL,UNIVERSITY BLVD E,LANGLEY DR,,N/A,,DRIVER,SAME DIR REAR END,CLEAR,DRY,DAYLIGHT,NO CONTROLS,NONE DETECTED,,OTHER VEHICLE,FIXED OBJECT,NON INTERSECTION,N/A,STRAIGHT,NO DEFECTS,"TWO-WAY, DIVIDED, POSITIVE MEDIAN BARRIER",39.00114333,-76.99550667,"(39.00114333, -76.99550667)"
MCP24360017,16008136,Montgomery County Police,Property Damage Crash,02/18/2016 08:30:00 AM,Yes,,,,,,0,,,,,"REAR PARKING LOT OF 8601 MANCHESTER ROAD, SILVER SPRING, MD 20903 (PARK BRADFORD APARTMENTS)",,,DRIVER,OTHER,CLEAR,,UNKNOWN,N/A,UNKNOWN,,PARKED VEHICLE,N/A,,,,,,38.99936717,-77.00901031,"(38.99936717, -77.00901031)"
MCP3230000Q,200014998,Montgomery County Police,Property Damage Crash,04/04/2020 03:20:00 PM,No,County,Unknown,N/A,2,North,0,FEET,LEVEL,ASPEN HILL RD,PARKLAND DR,,N/A,,DRIVER,STRAIGHT MOVEMENT ANGLE,CLEAR,DRY,DAYLIGHT,TRAFFIC SIGNAL,NONE DETECTED,,OTHER VEHICLE,N/A,INTERSECTION,FOUR-WAY INTERSECTION,STRAIGHT,NO DEFECTS,"TWO-WAY, NOT DIVIDED",39.07909667,-77.087145,"(39.07909667, -77.087145)"
DM8421002R,200051345,Takoma Park Police Depart,Injury Crash,12/30/2020 01:37:00 PM,No,Maryland (State),East,,2,East,5,FEET,LEVEL,PHILADELPHIA AVE,CHESTNUT AVE,,TAKOMA PARK,,DRIVER,ANGLE MEETS LEFT TURN,CLEAR,DRY,DAYLIGHT,STOP SIGN,NONE DETECTED,,OTHER VEHICLE,N/A,NON INTERSECTION,N/A,STRAIGHT,NO DEFECTS,"TWO-WAY, DIVIDED, UNPROTECTED PAINTED MIN 4 FEET",38.983035,-77.01490167,"(38.983035, -77.01490167)"
MCP0613000D,15014297,Montgomery County Police,Property Damage Crash,03/28/2015 02:28:00 PM,Yes,County,North,,2,North,40,FEET,LEVEL,CONNECTICUT AVE,BEL PRE RD,,N/A,,DRIVER,OTHER,CLEAR,DRY,DAYLIGHT,NO CONTROLS,"NONE DETECTED, UNKNOWN",,OTHER VEHICLE,N/A,INTERSECTION RELATED,FOUR-WAY INTERSECTION,STRAIGHT,NO DEFECTS,"TWO-WAY, NOT DIVIDED",39.091925,-77.070495,"(39.091925, -77.070495)"
MCP2450001W,180023261,Montgomery County Police,Property Damage Crash,05/11/2018 07:35:00 PM,Yes,County,South,,1,East,50,FEET,LEVEL,SEEK LA,UNIVERSITY BLVD E,,N/A,,DRIVER,SAME DIR REAR END,CLEAR,N/A,DAYLIGHT,NO CONTROLS,NONE DETECTED,,OTHER VEHICLE,N/A,INTERSECTION RELATED,T-INTERSECTION,STRAIGHT,NO DEFECTS,"TWO-WAY, NOT DIVIDED",38.9972222,-76.99430913,"(38.9972222, -76.99430913)"
MCP3208000G,190046064,Montgomery County Police,Property Damage Crash,10/01/2019 02:49:00 PM,Yes,,,,,,,,,,,"SUNTRUST BANK - REAR LOT AT DRIVE UP ATM
1700 ELTON RD.
SILVER SPRING, MD 20903",,,DRIVER,SAME DIR REAR END,CLEAR,,DAYLIGHT,N/A,"NONE DETECTED, UNKNOWN",,OTHER VEHICLE,N/A,,,,,,39.02025772,-76.97477533,"(39.02025772, -76.97477533)"
MCP2658001D,16061111,Montgomery County Police,Injury Crash,11/28/2016 06:45:00 PM,No,US (State),North,,3,North,0,FEET,LEVEL,COLUMBIA PIKE,TECH RD,,N/A,PEDESTRIAN,NONMOTORIST,SINGLE VEHICLE,CLEAR,DRY,DARK LIGHTS ON,TRAFFIC SIGNAL,NONE DETECTED,NONE DETECTED,PEDESTRIAN,N/A,INTERSECTION,FOUR-WAY INTERSECTION,STRAIGHT,NO DEFECTS,"TWO-WAY, DIVIDED, POSITIVE MEDIAN BARRIER",39.05784618,-76.96839496,"(39.05784618, -76.96839496)"
MCP27670070,190040855,Montgomery County Police,Property Damage Crash,08/26/2019 04:28:00 PM,No,County,West,,3,East,25,FEET,GRADE DOWNHILL,RANDOLPH RD,LINDELL ST,,N/A,,DRIVER,SAME DIR REAR END,CLOUDY,DRY,DAYLIGHT,NO CONTROLS,NONE DETECTED,,OTHER VEHICLE,N/A,INTERSECTION RELATED,FOUR-WAY INTERSECTION,CURVE LEFT,NO DEFECTS,"TWO-WAY, DIVIDED, POSITIVE MEDIAN BARRIER",39.059515,-77.06164833,"(39.059515, -77.06164833)"
MCP2712004H,200006111,Montgomery County Police,Property Damage Crash,02/10/2020 02:00:00 PM,Yes,,,,,,,,,,,"WESTECH CORNER PARKING LOT

12200 BLOCK TECH ROAD",,,DRIVER,SAME DIRECTION RIGHT TURN,CLOUDY,,DAYLIGHT,N/A,"NONE DETECTED, UNKNOWN",,PARKED VEHICLE,N/A,,,,,,39.05737788,-76.96740243,"(39.05737788, -76.96740243)"
MCP2278003T,210053164,Montgomery County Police,Property Damage Crash,12/30/2021 09:40:00 AM,No,Other Public Roadway,East,,2,East,100,FEET,LEVEL,MONTROSE PKWY,MONTROSE RD,,N/A,,DRIVER,SAME DIR REAR END,CLOUDY,WET,DAYLIGHT,NO CONTROLS,NONE DETECTED,,OTHER VEHICLE,N/A,OTHER,N/A,CURVE LEFT,NO DEFECTS,"TWO-WAY, DIVIDED, POSITIVE MEDIAN BARRIER",39.05164293,-77.1347739,"(39.05164293, -77.1347739)"
EJ785600B3,220008745,Gaithersburg Police Depar,Injury Crash,02/28/2022 10:46:00 PM,No,Municipality,South,,2,North,300,FEET,LEVEL,WATKINS MILL RD,FREDERICK RD,,N/A,,DRIVER,SINGLE VEHICLE,CLEAR,DRY,DARK LIGHTS ON,N/A,N/A,,FIXED OBJECT,OVERTURN,N/A,N/A,STRAIGHT,NO DEFECTS,"TWO-WAY, DIVIDED, POSITIVE MEDIAN BARRIER",39.15755195,-77.22172228,"(39.15755195, -77.22172228)"
MCP29410029,170535176,Montgomery County Police,Property Damage Crash,10/06/2017 05:26:00 PM,No,County,North,,2,North,0,FEET,HILL UPHILL,CEDAR ST,ELLSWORTH DR,,N/A,,DRIVER,SAME DIR REAR END,CLEAR,DRY,DAYLIGHT,NO CONTROLS,NONE DETECTED,,OTHER VEHICLE,N/A,NON INTERSECTION,N/A,STRAIGHT,NO DEFECTS,"TWO-WAY, NOT DIVIDED",38.99908167,-77.02474667,"(38.99908167, -77.02474667)"
MCP28810031,180058317,Montgomery County Police,Injury Crash,11/20/2018 10:08:00 PM,No,Maryland (State),North,,1,North,0,FEET,LEVEL,FREDERICK RD,BRINK RD,,N/A,,DRIVER,SAME DIR REAR END,CLEAR,DRY,DARK NO LIGHTS,N/A,N/A,,OTHER VEHICLE,N/A,N/A,Y-INTERSECTION,CURVE RIGHT,NO DEFECTS,"TWO-WAY, NOT DIVIDED",39.21403667,-77.24939,"(39.21403667, -77.24939)"
MCP0685001N,15061157,MONTGOMERY,Injury Crash,11/30/2015 04:01:00 PM,No,County,East,,1,West,200,FEET,GRADE DOWNHILL,MONTROSE RD,WHITES FORD WAY,,N/A,,DRIVER,SAME DIR REAR END,RAINING,WET,DUSK,TRAFFIC SIGNAL,NONE DETECTED,,OTHER VEHICLE,N/A,INTERSECTION RELATED,FOUR-WAY INTERSECTION,STRAIGHT,NO DEFECTS,"TWO-WAY, DIVIDED, UNPROTECTED PAINTED MIN 4 FEET",39.05635667,-77.168185,"(39.05635667, -77.168185)"
MCP3030004M,220006206,Montgomery County Police,Injury Crash,02/12/2022 03:04:00 PM,No,County,West,,1,South,50,FEET,LEVEL,MACARTHUR BLVD,77TH ST,,N/A,,DRIVER,HEAD ON LEFT TURN,CLEAR,DRY,DAYLIGHT,NO CONTROLS,N/A,,OTHER VEHICLE,N/A,NON INTERSECTION,N/A,STRAIGHT,NO DEFECTS,"TWO-WAY, DIVIDED, UNPROTECTED PAINTED MIN 4 FEET",38.97355783,-77.15778117,"(38.97355783, -77.15778117)"
MCP2008005X,190009996,Montgomery County Police,Injury Crash,03/03/2019 06:12:00 PM,No,Maryland (State),North,,3,North,0,FEET,LEVEL,OLD GEORGETOWN RD,CEDAR LA,,N/A,,DRIVER,ANGLE MEETS RIGHT TURN,RAINING,WET,DARK LIGHTS ON,TRAFFIC SIGNAL,NONE DETECTED,,OTHER VEHICLE,N/A,INTERSECTION,FOUR-WAY INTERSECTION,STRAIGHT,NO DEFECTS,"TWO-WAY, DIVIDED, POSITIVE MEDIAN BARRIER",39.00475167,-77.11064667,"(39.00475167, -77.11064667)"
MCP9428002F,190049809,Montgomery County Police,Property Damage Crash,10/17/2019 12:30:00 PM,Yes,,,,,,,,,,,PARKING LOT OF 11522 MIDDLEBROOK ROAD GERMANTOWN MD 20876,,,DRIVER,SAME DIRECTION SIDESWIPE,CLEAR,,DAYLIGHT,N/A,UNKNOWN,,OTHER VEHICLE,N/A,,,,,,39.17942178,-77.239105,"(39.17942178, -77.239105)"
MCP1309000K,170517984,Montgomery County Police,Property Damage Crash,07/08/2017 01:25:00 PM,No,,,,,,,,,,,SAFEWAY PARKING LOT,,,DRIVER,OTHER,CLEAR,,DAYLIGHT,N/A,NONE DETECTED,,PARKED VEHICLE,N/A,,,,,,39.18036024,-77.26703882,"(39.18036024, -77.26703882)"
MCP31090029,190018951,Montgomery County Police,Injury Crash,04/23/2019 07:45:00 AM,No,US (State),South,,4,North,0,FEET,LEVEL,COLESVILLE RD,GEORGIA AVE,,N/A,,DRIVER,SAME DIRECTION LEFT TURN,CLEAR,DRY,DAYLIGHT,OTHER,NONE DETECTED,,OTHER VEHICLE,N/A,INTERSECTION,FOUR-WAY INTERSECTION,STRAIGHT,NO DEFECTS,"TWO-WAY, DIVIDED, UNPROTECTED PAINTED MIN 4 FEET",38.99669783,-77.0277445,"(38.99669783, -77.0277445)"
MCP136600BF,210022960,Montgomery County Police,Property Damage Crash,06/16/2021 07:25:00 AM,No,Maryland (State),South,,3,South,50,FEET,LEVEL,FREDERICK RD,REDLAND BLVD,,ROCKVILLE,,DRIVER,SAME DIRECTION SIDESWIPE,CLEAR,DRY,DAYLIGHT,N/A,NONE DETECTED,,OTHER VEHICLE,FIXED OBJECT,NON INTERSECTION,N/A,STRAIGHT,NO DEFECTS,"TWO-WAY, DIVIDED, POSITIVE MEDIAN BARRIER",39.11534749,-77.16585109,"(39.11534749, -77.16585109)"
MCP9118002F,200047740,Montgomery County Police,Property Damage Crash,12/07/2020 02:49:00 AM,Yes,County,West,,1,East,200,FEET,GRADE DOWNHILL,MEDWAY ST,MILTON ST,,N/A,,DRIVER,SAME DIRECTION SIDESWIPE,CLEAR,DRY,DARK -- UNKNOWN LIGHTING,NO CONTROLS,UNKNOWN,,PARKED VEHICLE,N/A,NON INTERSECTION,N/A,STRAIGHT,NO DEFECTS,ONE-WAY TRAFFICWAY,39.05342035,-77.06657249,"(39.05342035, -77.06657249)"
MCP2952001Y,16026364,Montgomery County Police,Property Damage Crash,05/27/2016 08:30:00 AM,No,US (State),South,,4,North,0,FEET,LEVEL,COLESVILLE RD,N NOYES DR,,N/A,,DRIVER,SAME DIRECTION SIDESWIPE,CLEAR,DRY,DAYLIGHT,OTHER,NONE DETECTED,,OTHER VEHICLE,N/A,NON INTERSECTION,N/A,STRAIGHT,NO DEFECTS,"TWO-WAY, NOT DIVIDED",39.00180806,-77.02501506,"(39.00180806, -77.02501506)"
MCP285300B0,240060668,MONTGOMERY,Property Damage Crash,12/19/2024 02:24:00 PM,No,Maryland (State) Route,Southbound,Lane 3,3,East,22.56,FEET,Level,NEW HAMPSHIRE AVE (SB/L),,,,,DRIVER,"Sideswipe, Opposite Direction",Clear,Dry,Daylight,No Controls,"Not Suspect of Alcohol Use, Not Suspect of Drug Use, Not Suspect of Alcohol Use, Not Suspect of Drug Use",,Motor Vehicle In Transport,,Entrance/Exit Ramp or Related,,Straight,No Defects,"Divided, Raised Median (curbed)",39.02200654,-76.97750951,"(39.02200654, -76.97750951)"
MCP3330002W,250016733,MONTGOMERY,Injury Crash,04/17/2025 02:18:00 PM,No,Maryland (State) Route,Northbound,Other,2,South,0,FEET,Level,VEIRS MILL RD,FERRARA AVE FERRARA AVE (SB/L),,,Pedestrian,DRIVER,Single Vehicle,Clear,Dry,Daylight,Pedestrian Crossing Sign,"Not Suspect of Alcohol Use, Not Suspect of Drug Use","Unknown, Unknown",Pedestrian,,Intersection or Related,Perpendicular,Straight,No Defects,Not Divided,39.05295634,-77.07696162,"(39.05295634, -77.07696162)"
MCP30510083,240061648,MONTGOMERY,Injury Crash,12/26/2024 05:28:00 PM,No,,,,0,,,FEET,,,,Parking Lot Way        PARKING LOT OF 7125 DEMOCRACY BLVD ( MACYS AT MONTGOMERY MALL),,Pedestrian,UNKNOWN,Single Vehicle,Clear,,Dark - Lighted,,"Not Suspect of Alcohol Use, Not Suspect of Drug Use","Not Suspect of Alcohol Use, Not Suspect of Drug Use",Pedestrian,Not Applicable,,,,,,39.02383832,-77.14829107,"(39.02383832, -77.14829107)"
DD55950039,16064756,Rockville Police Departme,Injury Crash,12/17/2016 06:37:00 PM,No,Municipality,West,,1,East,6,FEET,LEVEL,ELMCROFT BLVD,REDLAND BLVD,,ROCKVILLE,PEDESTRIAN,DRIVER,OTHER,CLEAR,WET,DARK LIGHTS ON,NO CONTROLS,NONE DETECTED,NONE DETECTED,PEDESTRIAN,N/A,INTERSECTION RELATED,FIVE-POINT OR MORE,STRAIGHT,NO DEFECTS,"TWO-WAY, DIVIDED, POSITIVE MEDIAN BARRIER",39.11449667,-77.167116,"(39.11449667, -77.167116)"
MCP2907002X,230074240,Montgomery County Police,Property Damage Crash,12/30/2023 03:06:00 AM,No,County,South,,1,South,100,FEET,LEVEL,SUNDALE DR,QUINTON RD,,N/A,,DRIVER,SAME DIRECTION SIDESWIPE,CLEAR,DRY,DARK NO LIGHTS,NO CONTROLS,ALCOHOL CONTRIBUTED,,N/A,OTHER VEHICLE,NON INTERSECTION,N/A,CURVE LEFT,NO DEFECTS,"TWO-WAY, DIVIDED, POSITIVE MEDIAN BARRIER",39.00005583,-77.04639967,"(39.00005583, -77.04639967)"
MCP2450004N,230055638,Montgomery County Police,Property Damage Crash,09/18/2023 08:30:00 PM,Yes,Interstate (State),North,,4,North,400,FEET,UNKNOWN,EISENHOWER MEMORIAL HWY,SHADY GROVE RD,,N/A,,DRIVER,SAME DIRECTION SIDESWIPE,N/A,N/A,DARK -- UNKNOWN LIGHTING,UNKNOWN,"NONE DETECTED, UNKNOWN",,OTHER VEHICLE,N/A,N/A,N/A,UNKNOWN,N/A,"TWO-WAY, DIVIDED, POSITIVE MEDIAN BARRIER",39.10976417,-77.1865733,"(39.10976417, -77.1865733)"
MCP2608000M,15002586,Montgomery County Police,Property Damage Crash,01/16/2015 03:56:00 PM,No,County,East,,1,East,200,FEET,LEVEL,MEDICAL PARK DR,FLOWERING TREE TERR,,N/A,,DRIVER,OTHER,CLEAR,DRY,DAYLIGHT,NO CONTROLS,"N/A, NONE DETECTED",,OTHER VEHICLE,N/A,NON INTERSECTION,N/A,STRAIGHT,NO DEFECTS,"TWO-WAY, NOT DIVIDED",39.02399333,-77.041335,"(39.02399333, -77.041335)"
MCP3193000G,190047768,Montgomery County Police,Injury Crash,10/05/2019 03:02:00 AM,No,County,West,,3,North,0,FEET,LEVEL,GRANDVIEW AVE,UNIVERSITY BLVD W,,N/A,,DRIVER,STRAIGHT MOVEMENT ANGLE,CLEAR,DRY,DARK LIGHTS ON,FLASHING TRAFFIC SIGNAL,NONE DETECTED,,OTHER VEHICLE,OTHER VEHICLE,INTERSECTION,FOUR-WAY INTERSECTION,STRAIGHT,NO DEFECTS,"TWO-WAY, NOT DIVIDED",39.04101499,-77.0529995,"(39.04101499, -77.0529995)"
HA24150004,15001329,MCPARK,Property Damage Crash,12/01/2015 02:30:00 PM,No,,,,,,,,,,,"Parking Lot of 9500 Brunett Ave Silver Spring, MD 20901",,,DRIVER,OTHER,RAINING,,DAYLIGHT,NO CONTROLS,NONE DETECTED,,BACKING,PARKED VEHICLE,,,,,,39.06498,-77.0464,"(39.06498, -77.0464)"
MCP3019002M,190046221,Montgomery County Police,Injury Crash,09/26/2019 05:35:00 PM,No,County,West,,4,East,50,FEET,LEVEL,TUCKERMAN LA,KINGS RIDING WAY,,N/A,,DRIVER,SAME DIR REAR END,CLEAR,DRY,DAYLIGHT,WARNING SIGN,NONE DETECTED,,OTHER VEHICLE,N/A,INTERSECTION RELATED,N/A,STRAIGHT,NO DEFECTS,"TWO-WAY, DIVIDED, POSITIVE MEDIAN BARRIER",39.02992667,-77.11244833,"(39.02992667, -77.11244833)"
MCP14380048,17009723,Montgomery County Police,Property Damage Crash,02/23/2017 09:05:00 AM,No,County,South,,3,East,0,FEET,LEVEL,GAITHER RD,SHADY GROVE RD,,N/A,,DRIVER,SAME DIR REAR END,CLEAR,DRY,DAYLIGHT,TRAFFIC SIGNAL,NONE DETECTED,,OTHER VEHICLE,N/A,INTERSECTION,FOUR-WAY INTERSECTION,STRAIGHT,NO DEFECTS,"TWO-WAY, DIVIDED, UNPROTECTED PAINTED MIN 4 FEET",39.11741333,-77.18440167,"(39.11741333, -77.18440167)"
DD5538000T,15025940,Rockville Police Departme,Property Damage Crash,05/29/2015 03:45:00 PM,No,Maryland (State),South,,3,North,25,FEET,LEVEL,ROCKVILLE PIKE,ENT TO WOODMONT COUNTRY CLUB,,N/A,,DRIVER,SAME DIRECTION SIDESWIPE,CLEAR,DRY,DAYLIGHT,TRAFFIC SIGNAL,NONE DETECTED,,OTHER VEHICLE,N/A,NON INTERSECTION,N/A,STRAIGHT,NO DEFECTS,"TWO-WAY, DIVIDED, POSITIVE MEDIAN BARRIER",39.06925667,-77.131165,"(39.06925667, -77.131165)"
MCP13090037,200002694,Montgomery County Police,Property Damage Crash,01/16/2020 02:45:00 PM,No,County,East,,1,East,0,FEET,GRADE DOWNHILL,FOREMAN BLVD,TIMBER CREEK LA,,N/A,,DRIVER,SAME DIR REAR END,CLEAR,DRY,DAYLIGHT,NO CONTROLS,NONE DETECTED,,OTHER VEHICLE,OTHER VEHICLE,INTERSECTION,FOUR-WAY INTERSECTION,STRAIGHT,NO DEFECTS,"TWO-WAY, NOT DIVIDED",39.22956367,-77.26299733,"(39.22956367, -77.26299733)"
MCP3325000Y,220030579,Montgomery County Police,Property Damage Crash,07/16/2022 03:42:00 PM,No,US (State),South,,3,South,30,FEET,LEVEL,COLUMBIA PIKE,BLACKBURN RD,,N/A,,DRIVER,SAME DIR REAR END,CLEAR,DRY,DAYLIGHT,TRAFFIC SIGNAL,NONE DETECTED,,OTHER VEHICLE,N/A,NON INTERSECTION,N/A,STRAIGHT,NO DEFECTS,"TWO-WAY, DIVIDED, POSITIVE MEDIAN BARRIER",39.10502833,-76.93277167,"(39.10502833, -76.93277167)"
MCP2556001H,170523034,Montgomery County Police,Property Damage Crash,08/04/2017 05:35:00 PM,Yes,County,North,N/A,0,North,0,FEET,LEVEL,ASPEN HILL RD,CONNECTICUT AVE,,N/A,,DRIVER,STRAIGHT MOVEMENT ANGLE,CLEAR,DRY,DAYLIGHT,NO CONTROLS,UNKNOWN,,OTHER VEHICLE,N/A,COMMERCIAL DRIVEWAY,OTHER,STRAIGHT,NO DEFECTS,N/A,39.13261833,-77.17061167,"(39.13261833, -77.17061167)"
MCP23860015,17003834,Montgomery County Police,Injury Crash,01/22/2017 05:53:00 PM,No,Maryland (State),East,,3,East,0,MILE,LEVEL,UNIVERSITY BLVD E,LANGLEY DR,,N/A,,DRIVER,SAME DIR REAR END,FOGGY,WET,DARK LIGHTS ON,NO CONTROLS,"ALCOHOL PRESENT, NONE DETECTED",,OTHER VEHICLE,OTHER VEHICLE,NON INTERSECTION,N/A,STRAIGHT,NO DEFECTS,"TWO-WAY, DIVIDED, POSITIVE MEDIAN BARRIER",39.00135157,-76.99569046,"(39.00135157, -76.99569046)"
MCP32850021,230034826,Montgomery County Police,Property Damage Crash,07/21/2023 10:38:00 PM,No,County,North,,2,North,20,FEET,GRADE DOWNHILL,FATHER HURLEY BLVD,MIDDLEBROOK RD,,N/A,,DRIVER,SAME DIR REAR END,CLEAR,DRY,DARK LIGHTS ON,NO CONTROLS,NONE DETECTED,,OTHER VEHICLE,N/A,N/A,FOUR-WAY INTERSECTION,CURVE RIGHT,NO DEFECTS,"TWO-WAY, DIVIDED, POSITIVE MEDIAN BARRIER",39.18443167,-77.27353167,"(39.18443167, -77.27353167)"
MCP0617000P,16028733,Montgomery County Police,Property Damage Crash,06/08/2016 08:10:00 AM,No,County,East,,2,South,0,FEET,LEVEL,OLD BALTIMORE RD,MENDEN FARM DR,,N/A,,DRIVER,SAME DIR REAR END,CLEAR,DRY,DAYLIGHT,NO CONTROLS,NONE DETECTED,,OTHER VEHICLE,N/A,INTERSECTION,T-INTERSECTION,STRAIGHT,NO DEFECTS,"TWO-WAY, DIVIDED, UNPROTECTED PAINTED MIN 4 FEET",39.13701,-77.06656667,"(39.13701, -77.06656667)"