Report Number,Local Case Number,Agency Name,ACRS Report Type,Crash Date/Time,Hit/Run,Route Type,Lane Direction,Lane Type,Number of Lanes,Direction,Distance,Distance Unit,Road Grade,Road Name,Cross-Street Name,Off-Road Description,Municipality,Related Non-Motorist,At Fault,Collision Type,Weather,Surface Condition,Light,Traffic Control,Driver Substance Abuse,Non-Motorist Substance Abuse,First Harmful Event,Second Harmful Event,Junction,Intersection Type,Road Alignment,Road Condition,Road Division,Latitude,Longitude,Location
MCP29690050,180043612,Montgomery County Police,Property Damage Crash,09/01/2018 10:00:00 AM,No,Maryland (State),West,,2,East,150,FEET,GRADE DOWNHILL,SPENCERVILLE RD,NEW HAMPSHIRE AVE,,N/A,,DRIVER,SAME DIRECTION SIDESWIPE,N/A,DRY,DAYLIGHT,NO CONTROLS,NONE DETECTED,,OTHER VEHICLE,OTHER VEHICLE,N/A,N/A,STRAIGHT,NO DEFECTS,"TWO-WAY, DIVIDED, POSITIVE MEDIAN BARRIER",39.12112167,-76.98888167,"(39.12112167, -76.98888167)"
MCP23940036,190028343,Montgomery County Police,Property Damage Crash,06/13/2019 11:21:00 PM,No,County,East,,3,West,15,FEET,LEVEL,MONTROSE RD,RAMP 6 FR MONTROSE RD EB TO IS 270 SB,,N/A,,UNKNOWN,SAME DIR REAR END,CLEAR,DRY,DARK LIGHTS ON,NO CONTROLS,NONE DETECTED,,OTHER VEHICLE,N/A,NON INTERSECTION,N/A,STRAIGHT,NO DEFECTS,"TWO-WAY, DIVIDED, POSITIVE MEDIAN BARRIER",39.05703167,-77.15916667,"(39.05703167, -77.15916667)"
MCP3112006B,230067286,Montgomery County Police,Property Damage Crash,11/19/2023 05:55:00 PM,No,Maryland (State),North,,2,North,0,FEET,LEVEL,OLD GEORGETOWN RD,SPUR TO EXECUTIVE BLVD,,N/A,,DRIVER,HEAD ON LEFT TURN,CLEAR,DRY,DUSK,TRAFFIC SIGNAL,"N/A, NONE DETECTED",,OTHER VEHICLE,FIXED OBJECT,INTERSECTION,FOUR-WAY INTERSECTION,STRAIGHT,NO DEFECTS,"TWO-WAY, DIVIDED, POSITIVE MEDIAN BARRIER",39.04911,-77.11687667,"(39.04911, -77.11687667)"
MCP2919006C,190048512,Montgomery County Police,Property Damage Crash,10/09/2019 04:24:00 PM,No,US (State),North,,3,North,200,FEET,LEVEL,COLESVILLE RD,UNIVERSITY BLVD E,,N/A,,DRIVER,SAME DIRECTION SIDESWIPE,CLEAR,DRY,DAYLIGHT,N/A,NONE DETECTED,,OTHER VEHICLE,OTHER VEHICLE,N/A,N/A,STRAIGHT,NO DEFECTS,"TWO-WAY, DIVIDED, POSITIVE MEDIAN BARRIER",39.01870833,-77.01386667,"(39.01870833, -77.01386667)"
MCP2438001R,180030532,Montgomery County Police,Property Damage Crash,06/20/2018 09:04:00 AM,Yes,,,,,,,,,,,PARKING LOT OF 11120 NEW HAMPSHIRE AVENUE,,,DRIVER,OTHER,CLOUDY,,DAYLIGHT,N/A,N/A,,PARKED VEHICLE,N/A,,,,,,39.03799,-76.99054333,"(39.03799, -76.99054333)"
MCP32830018,220009222,Montgomery County Police,Property Damage Crash,02/23/2022 07:00:00 PM,Yes,,,,,,,,,,,"PARKING LOT OF 5234 RIVER ROAD, BETHESDA MD",,,DRIVER,SINGLE VEHICLE,CLEAR,,DUSK,NO CONTROLS,NONE DETECTED,,FIXED OBJECT,N/A,,,,,,38.96506716,-77.10471475,"(38.96506716, -77.10471475)"
MCP30030045,190045739,Montgomery County Police,Injury Crash,09/24/2019 12:00:00 PM,No,County,North,,2,North,0,FEET,LEVEL,FERNWOOD RD,GREYSWOOD RD,,N/A,,DRIVER,STRAIGHT MOVEMENT ANGLE,CLEAR,DRY,DAYLIGHT,TRAFFIC SIGNAL,NONE DETECTED,,OTHER VEHICLE,OTHER VEHICLE,INTERSECTION,FOUR-WAY INTERSECTION,STRAIGHT,NO DEFECTS,"TWO-WAY, DIVIDED, UNPROTECTED PAINTED MIN 4 FEET",39.01813,-77.13300667,"(39.01813, -77.13300667)"
DD5606002R,15063781,ROCKVILLE,Injury Crash,12/14/2015 07:37:00 AM,No,Maryland (State),North,N/A,3,North,0,FEET,LEVEL,ROCKVILLE PIKE,VEIRS MILL RD,,N/A,,DRIVER,SAME DIR REAR END,CLEAR,WET,DAYLIGHT,YIELD SIGN,NONE DETECTED,,OTHER VEHICLE,N/A,N/A,OTHER,STRAIGHT,NO DEFECTS,"TWO-WAY, DIVIDED, POSITIVE MEDIAN BARRIER",39.081655,-77.14565667,"(39.081655, -77.14565667)"
MCP30300069,240018348,MONTGOMERY,Property Damage Crash,04/19/2024 04:47:00 PM,No,Other Public Roadway,Southbound,Lane 1,1,North,30.86,FEET,Downhill,WANETA RD,,,,,DRIVER,Single Vehicle,Clear,Dry,Daylight,No Controls,"Not Suspect of Alcohol Use, Not Suspect of Drug Use",,Utility Pole/Light Support,,Non-Junction,,Straight,No Defects,Not Divided,38.96139803,-77.12776396,"(38.96139803, -77.12776396)"
MCP3162000H,180045260,Montgomery County Police,Property Damage Crash,09/10/2018 10:55:00 PM,No,US (State),East,,3,North,0,FEET,LEVEL,COLESVILLE RD,UNIVERSITY BLVD E,,N/A,,DRIVER,STRAIGHT MOVEMENT ANGLE,N/A,WET,DARK LIGHTS ON,TRAFFIC SIGNAL,"ALCOHOL PRESENT, NONE DETECTED",,OTHER VEHICLE,N/A,INTERSECTION,FOUR-WAY INTERSECTION,STRAIGHT,NO DEFECTS,"TWO-WAY, DIVIDED, POSITIVE MEDIAN BARRIER",39.01983998,-77.01333782,"(39.01983998, -77.01333782)"
MCP3036001P,200025362,Montgomery County Police,Injury Crash,06/29/2020 09:24:00 PM,No,County,East,,2,North,0,FEET,LEVEL,MUDDY BRANCH RD,HARMONY HALL RD,,N/A,,DRIVER,STRAIGHT MOVEMENT ANGLE,CLEAR,DRY,DARK LIGHTS ON,TRAFFIC SIGNAL,NONE DETECTED,,OTHER VEHICLE,N/A,INTERSECTION,FOUR-WAY INTERSECTION,STRAIGHT,NO DEFECTS,"TWO-WAY, DIVIDED, POSITIVE MEDIAN BARRIER",39.13654333,-77.20558167,"(39.13654333, -77.20558167)"
HA24790002,20000595,Maryland-National Capital,Property Damage Crash,03/08/2020 08:14:00 PM,No,Government,South,,2,West,150,FEET,LEVEL,SLIGO CREEK PKWY,PARK VALLEY RD,,N/A,,DRIVER,SINGLE VEHICLE,CLEAR,DRY,DUSK,NO CONTROLS,NONE DETECTED,,OTHER CONVEYANCE,OTHER CONVEYANCE,NON INTERSECTION,N/A,CURVE LEFT,NO DEFECTS,"TWO-WAY, NOT DIVIDED",38.99117967,-77.005956,"(38.99117967, -77.005956)"
MCP3149001J,190054339,Montgomery County Police,Injury Crash,11/11/2019 01:23:00 PM,No,Maryland (State),East,RIGHT TURN LANE,1,East,0,FEET,LEVEL,UNIVERSITY BLVD E,WILLIAMSBURG DR,,N/A,PEDESTRIAN,DRIVER,SINGLE VEHICLE,CLEAR,DRY,DAYLIGHT,TRAFFIC SIGNAL,N/A,N/A,PEDESTRIAN,N/A,INTERSECTION,FOUR-WAY INTERSECTION,STRAIGHT,NO DEFECTS,"TWO-WAY, NOT DIVIDED",39.01794833,-77.006905,"(39.01794833, -77.006905)"
MCP26890075,200035303,Montgomery County Police,Property Damage Crash,09/09/2020 09:13:00 AM,No,Maryland (State),North,,1,North,150,FEET,LEVEL,FALLS RD,MONTROSE RD,,N/A,,DRIVER,SAME DIR REAR END,CLOUDY,DRY,DAYLIGHT,N/A,NONE DETECTED,,OTHER VEHICLE,N/A,NON INTERSECTION,N/A,STRAIGHT,NO DEFECTS,"TWO-WAY, NOT DIVIDED",39.05641,-77.179165,"(39.05641, -77.179165)"
MCP3117000W,180029261,Montgomery County Police,Property Damage Crash,06/13/2018 06:25:00 PM,Yes,,,,,,,,,,,PARKING LOT OF MILESTONE TOWING,,,DRIVER,OTHER,CLEAR,,N/A,NO CONTROLS,N/A,,OTHER VEHICLE,N/A,,,,,,39.09556326,-77.14067459,"(39.09556326, -77.14067459)"
MCP2973003B,170515952,Montgomery County Police,Injury Crash,06/27/2017 07:56:00 AM,No,County,West,,3,East,0,FEET,LEVEL,RANDOLPH RD,BUSHEY DR,,N/A,,DRIVER,SAME DIRECTION SIDESWIPE,CLEAR,DRY,DAYLIGHT,NO CONTROLS,NONE DETECTED,,OTHER VEHICLE,N/A,INTERSECTION RELATED,FOUR-WAY INTERSECTION,STRAIGHT,NO DEFECTS,"TWO-WAY, DIVIDED, POSITIVE MEDIAN BARRIER",39.05750667,-77.07784667,"(39.05750667, -77.07784667)"
MCP2372004H,220025209,Montgomery County Police,Injury Crash,06/12/2022 07:58:00 AM,No,Interstate (State),East,,5,East,0.75,MILE,LEVEL,CAPITAL BELTWAY,CONNECTICUT AVE,,N/A,,DRIVER,SINGLE VEHICLE,RAINING,WET,DAYLIGHT,N/A,NONE DETECTED,,FIXED OBJECT,N/A,N/A,N/A,CURVE LEFT,NO DEFECTS,"TWO-WAY, DIVIDED, POSITIVE MEDIAN BARRIER",39.011444,-77.0917375,"(39.011444, -77.0917375)"
MCP3009008F,240057328,MONTGOMERY,Injury Crash,11/30/2024 12:28:00 PM,Yes,,,,0,,,FEET,,,,"Parking Aisle        IN FRONT OF 19204 MONTGOMERY VILLAGE AVE MONTGOMERY VILLAGE, MD 20886",,Pedestrian,BOTH,Single Vehicle,Clear,,Daylight,,"Not Suspect of Alcohol Use, Not Suspect of Drug Use","Not Suspect of Alcohol Use, Not Suspect of Drug Use",Pedestrian,,,,,,,39.17177164,-77.20502716,"(39.17177164, -77.20502716)"
MCP3369000Y,230020840,Montgomery County Police,Property Damage Crash,05/01/2023 08:42:00 PM,No,Maryland (State),South,,2,North,0,FEET,LEVEL,NEW HAMPSHIRE AVE,LOCKWOOD DR,,N/A,,DRIVER,STRAIGHT MOVEMENT ANGLE,CLOUDY,DRY,DARK LIGHTS ON,TRAFFIC SIGNAL,NONE DETECTED,,OTHER VEHICLE,FIXED OBJECT,INTERSECTION,OTHER,STRAIGHT,NO DEFECTS,"TWO-WAY, DIVIDED, POSITIVE MEDIAN BARRIER",39.0442375,-76.9922355,"(39.0442375, -76.9922355)"
DD55270023,190004548,Rockville Police Departme,Property Damage Crash,01/29/2019 12:20:00 PM,No,Maryland (State),South,,3,North,0,FEET,LEVEL,HUNGERFORD DR,BEALL AVE #2,,ROCKVILLE,,DRIVER,SAME DIR REAR END,CLOUDY,DRY,DAYLIGHT,TRAFFIC SIGNAL,NONE DETECTED,,OTHER VEHICLE,OTHER VEHICLE,INTERSECTION,FOUR-WAY INTERSECTION,STRAIGHT,NO DEFECTS,"TWO-WAY, DIVIDED, UNPROTECTED PAINTED MIN 4 FEET",39.08384333,-77.15351333,"(39.08384333, -77.15351333)"
MCP2298005Y,15042478,MONTGOMERY,Injury Crash,08/24/2015 05:30:00 PM,No,Maryland (State),North,,3,North,0,FEET,HILL UPHILL,GERMANTOWN RD,CRYSTAL ROCK DR,,N/A,,DRIVER,SAME DIR REAR END,RAINING,WET,DAYLIGHT,TRAFFIC SIGNAL,NONE DETECTED,,OTHER VEHICLE,N/A,INTERSECTION,FOUR-WAY INTERSECTION,STRAIGHT,NO DEFECTS,"TWO-WAY, DIVIDED, POSITIVE MEDIAN BARRIER",39.1809424,-77.26242542,"(39.1809424, -77.26242542)"
DM8504001K,230073211,Takoma Park Police Depart,Property Damage Crash,12/22/2023 07:00:00 PM,Yes,Municipality,South,,1,South,0,FEET,LEVEL,GLENSIDE DR,GLENSIDE DR,,TAKOMA PARK,,DRIVER,SAME DIRECTION SIDESWIPE,CLEAR,DRY,DARK NO LIGHTS,NO CONTROLS,N/A,,OTHER VEHICLE,N/A,N/A,N/A,STRAIGHT,NO DEFECTS,"TWO-WAY, NOT DIVIDED",38.98501,-76.992115,"(38.98501, -76.992115)"
MCP2617009V,210045763,Montgomery County Police,Property Damage Crash,11/11/2021 06:10:00 PM,No,Maryland (State),East,,1,East,50,FEET,GRADE DOWNHILL,VEIRS MILL RD,CONNECTICUT AVE,,N/A,,DRIVER,SAME DIR REAR END,CLEAR,DRY,DARK NO LIGHTS,NO CONTROLS,NONE DETECTED,,OTHER VEHICLE,FIXED OBJECT,INTERSECTION RELATED,FOUR-WAY INTERSECTION,CURVE RIGHT,NO DEFECTS,ONE-WAY TRAFFICWAY,39.04003399,-77.05584751,"(39.04003399, -77.05584751)"
MCP1017000P,15001870,Montgomery County Police,Property Damage Crash,01/12/2015 03:45:00 PM,Yes,Maryland (State),West,,2,East,0,FEET,LEVEL,MONTGOMERY AVE,MONTGOMERY LA (BACK),,N/A,,DRIVER,SAME DIRECTION SIDESWIPE,RAINING,WET,DAYLIGHT,TRAFFIC SIGNAL,NONE DETECTED,,OTHER VEHICLE,N/A,INTERSECTION,FOUR-WAY INTERSECTION,STRAIGHT,NO DEFECTS,"TWO-WAY, DIVIDED, POSITIVE MEDIAN BARRIER",38.98474924,-77.09399343,"(38.98474924, -77.09399343)"
MCP2110000G,15037924,MONTGOMERY,Property Damage Crash,07/31/2015 03:24:00 PM,No,Municipality,West,,2,North,50,FEET,GRADE DOWNHILL,PERRY PKWY,ENT TO SHOPPING CENTER,,N/A,,DRIVER,SAME DIRECTION LEFT TURN,CLEAR,DRY,DAYLIGHT,N/A,N/A,,OTHER VEHICLE,N/A,NON INTERSECTION,N/A,CURVE RIGHT,NO DEFECTS,"TWO-WAY, NOT DIVIDED",39.14875667,-77.21186667,"(39.14875667, -77.21186667)"
MCP2535001L,190000280,Montgomery County Police,Injury Crash,01/02/2019 05:30:00 AM,No,County,West,,3,East,0,FEET,HILL UPHILL,RANDOLPH RD,BUSHEY DR,,N/A,,DRIVER,HEAD ON LEFT TURN,CLEAR,DRY,DARK LIGHTS ON,NO CONTROLS,NONE DETECTED,,OTHER VEHICLE,N/A,INTERSECTION,FOUR-WAY INTERSECTION,STRAIGHT,NO DEFECTS,"TWO-WAY, DIVIDED, POSITIVE MEDIAN BARRIER",39.05763167,-77.07791333,"(39.05763167, -77.07791333)"
MCP2964001G,16020032,Montgomery County Police,Property Damage Crash,04/23/2016 04:30:00 PM,Yes,,,,,,0,,,,,PARKING LOT OF 602 QUINCE ORCHARD ROAD,,,DRIVER,OTHER,CLEAR,,DAYLIGHT,NO CONTROLS,NONE DETECTED,,PARKED VEHICLE,N/A,,,,,,39.14251796,-77.22263217,"(39.14251796, -77.22263217)"
MCP3262004W,240048254,MONTGOMERY,Property Damage Crash,10/09/2024 04:31:00 PM,No,County Route,Westbound,Lane 1,4,East,38.41,FEET,Level,BROADBIRCH DR,,,,,DRIVER,Front to Rear,Clear,Dry,Daylight,Traffic Control Signal,"Not Suspect of Alcohol Use, Not Suspect of Drug Use, Not Suspect of Alcohol Use, Not Suspect of Drug Use",,Motor Vehicle In Transport,,,,Straight,No Defects,Not Divided,39.05554819,-76.95728705,"(39.05554819, -76.95728705)"
MCP304800CD,240024548,MONTGOMERY,Property Damage Crash,05/24/2024 07:10:00 AM,No,County Route,Eastbound,Lane 1,"1, 2",West,51.4,FEET,Level,BLAINE DR,,,,,UNKNOWN,"Sideswipe, Same Direction",Clear,Dry,Daylight,Stop Sign,"Not Suspect of Alcohol Use, Not Suspect of Drug Use",,Parked Vehicle,,"Other Location Not Listed Above Within an Interchange Area (median,
shoulder and roadside)",,Straight,No Defects,Not Divided,38.99097283,-77.05793633,"(38.99097283, -77.05793633)"
MCP203900BT,240040172,MONTGOMERY,Injury Crash,08/25/2024 07:32:00 AM,No,Maryland (State) Route,Northbound,Lane 1,3,West,45.35,FEET,Level,CONNECTICUT AVE,,,,,DRIVER,Single Vehicle,Clear,Dry,Daylight,Traffic Control Signal,"Unknown, Unknown",,Concrete Traffic Barrier,,Non-Junction,,Straight,No Defects,"Divided, Raised Median (curbed)",39.08324636,-77.07863684,"(39.08324636, -77.07863684)"
MCP1113004N,220053508,Montgomery County Police,Property Damage Crash,12/04/2022 11:16:00 AM,No,County,North,,2,South,0.25,MILE,GRADE DOWNHILL,LOG HOUSE RD,BUSH HILL RD,,N/A,,DRIVER,SINGLE VEHICLE,CLEAR,DRY,DAYLIGHT,NO CONTROLS,NONE DETECTED,,OTHER OBJECT,N/A,NON INTERSECTION,N/A,CURVE LEFT,NO DEFECTS,"TWO-WAY, NOT DIVIDED",39.24674667,-77.20297,"(39.24674667, -77.20297)"
MCP2776004M,230024557,Montgomery County Police,Injury Crash,05/22/2023 03:51:00 PM,No,Maryland (State),East,,2,West,100,FEET,LEVEL,OLNEY SANDY SPRING RD,OLD BALTIMORE RD,,N/A,,DRIVER,SAME DIR REAR END,CLEAR,DRY,DAYLIGHT,NO CONTROLS,N/A,,OTHER VEHICLE,N/A,NON INTERSECTION,N/A,STRAIGHT,NO DEFECTS,"TWO-WAY, DIVIDED, POSITIVE MEDIAN BARRIER",39.14574333,-77.04899833,"(39.14574333, -77.04899833)"
MCP1564003H,190001719,Montgomery County Police,Injury Crash,01/11/2019 08:58:00 AM,No,County,West,,1,East,0,FEET,LEVEL,PARKER AVE,NEWPORT MILL RD,,N/A,,DRIVER,SAME DIR REAR END,CLEAR,DRY,DAYLIGHT,STOP SIGN,NONE DETECTED,,OTHER VEHICLE,N/A,INTERSECTION,T-INTERSECTION,STRAIGHT,NO DEFECTS,"TWO-WAY, NOT DIVIDED",39.04631833,-77.06425,"(39.04631833, -77.06425)"
MCP33130012,220029725,Montgomery County Police,Injury Crash,07/11/2022 09:38:00 AM,No,County,West,,2,West,0,FEET,LEVEL,BEL PRE RD,CONNECTICUT AVE,,N/A,,DRIVER,SAME DIR REAR END,CLEAR,DRY,DAYLIGHT,TRAFFIC SIGNAL,NONE DETECTED,,OTHER VEHICLE,N/A,INTERSECTION,FOUR-WAY INTERSECTION,STRAIGHT,NO DEFECTS,"TWO-WAY, DIVIDED, POSITIVE MEDIAN BARRIER",39.0923,-77.0708,"(39.0923, -77.0708)"
MCP13420014,16044627,Montgomery County Police,Injury Crash,09/01/2016 11:00:00 AM,No,Maryland (State),East,,2,West,450,FEET,GRADE DOWNHILL,DARNESTOWN RD,BERRYVILLE RD,,N/A,,DRIVER,HEAD ON LEFT TURN,CLOUDY,DRY,DAYLIGHT,NO CONTROLS,NONE DETECTED,,OTHER VEHICLE,N/A,NON INTERSECTION,N/A,STRAIGHT,NO DEFECTS,"TWO-WAY, DIVIDED, UNPROTECTED PAINTED MIN 4 FEET",39.117435,-77.315075,"(39.117435, -77.315075)"
MCP2888000Z,15051790,MONTGOMERY,Injury Crash,10/12/2015 06:03:00 PM,No,County,South,,2,South,500,FEET,LEVEL,TRAVILAH RD,PINEY MEETINGHOUSE RD,,N/A,BICYCLIST,DRIVER,STRAIGHT MOVEMENT ANGLE,CLEAR,DRY,DAYLIGHT,N/A,N/A,N/A,BICYCLE,N/A,N/A,N/A,STRAIGHT,NO DEFECTS,"TWO-WAY, NOT DIVIDED",39.08636177,-77.21926332,"(39.08636177, -77.21926332)"
MCP3086006T,220024711,Montgomery County Police,Property Damage Crash,06/09/2022 06:55:00 AM,No,County,East,,2,East,0,FEET,GRADE DOWNHILL,CENTERWAY RD,STRAWBERRY KNOLL RD,,N/A,,DRIVER,ANGLE MEETS LEFT TURN,CLEAR,WET,DAYLIGHT,STOP SIGN,NONE DETECTED,,OTHER VEHICLE,N/A,INTERSECTION,FOUR-WAY INTERSECTION,CURVE RIGHT,NO DEFECTS,"TWO-WAY, NOT DIVIDED",39.170015,-77.17887,"(39.170015, -77.17887)"
MCP2967000M,15042289,MONTGOMERY,Injury Crash,08/23/2015 04:10:00 PM,No,County,West,,1,West,75,FEET,GRADE DOWNHILL,DURBIN RD,BRADLEY BLVD,,N/A,,DRIVER,SINGLE VEHICLE,CLEAR,DRY,DAYLIGHT,N/A,NONE DETECTED,,DOWNHILL RUNAWAY,N/A,N/A,N/A,STRAIGHT,NO DEFECTS,"TWO-WAY, NOT DIVIDED",38.98326833,-77.11451333,"(38.98326833, -77.11451333)"
MCP10640040,16009590,Montgomery County Police,Property Damage Crash,02/26/2016 12:20:00 PM,No,,,,,,0,,,,,"WEST FARM BUS DEPOT----LOT
11920 BOURNEFIELD WAY
SILVER SPRING, MD 20904",,,DRIVER,OTHER,CLEAR,,DAYLIGHT,N/A,N/A,,PARKED VEHICLE,N/A,,,,,,39.053885,-76.96346667,"(39.053885, -76.96346667)"
MCP2689005Y,190048688,Montgomery County Police,Property Damage Crash,10/10/2019 03:12:00 PM,No,County,North,,2,North,600,FEET,LEVEL,SEVEN LOCKS RD,MONTROSE RD,,N/A,,DRIVER,SAME DIRECTION SIDESWIPE,CLEAR,DRY,DAYLIGHT,NO CONTROLS,NONE DETECTED,,OTHER VEHICLE,N/A,NON INTERSECTION,N/A,STRAIGHT,NO DEFECTS,"TWO-WAY, DIVIDED, POSITIVE MEDIAN BARRIER",39.05760949,-77.16132402,"(39.05760949, -77.16132402)"
MCP13820029,15033159,MONTGOMERY,Property Damage Crash,07/07/2015 10:12:00 AM,No,US (State),South,,3,South,200,FEET,HILL UPHILL,COLESVILLE RD,CRESTMOOR DR,,N/A,,DRIVER,SAME DIR REAR END,CLEAR,DRY,DAYLIGHT,NO CONTROLS,NONE DETECTED,,OTHER VEHICLE,N/A,NON INTERSECTION,N/A,CURVE LEFT,NO DEFECTS,"TWO-WAY, DIVIDED, POSITIVE MEDIAN BARRIER",39.02882167,-77.00827667,"(39.02882167, -77.00827667)"
MCP229800QR,200006218,Montgomery County Police,Injury Crash,02/06/2020 06:14:00 PM,No,County,East,,2,East,0.25,MILE,LEVEL,HAWKINS CREAMERY RD,LAYTONSVILLE RD,,N/A,,DRIVER,SINGLE VEHICLE,RAINING,WET,DARK NO LIGHTS,NO CONTROLS,NONE DETECTED,,FIXED OBJECT,N/A,NON INTERSECTION,N/A,CURVE LEFT,NO DEFECTS,"TWO-WAY, NOT DIVIDED",39.24632541,-77.14592704,"(39.24632541, -77.14592704)"
MCP30290024,180035456,Montgomery County Police,Property Damage Crash,07/17/2018 09:00:00 PM,Yes,Maryland (State),West,,1,North,0,FEET,LEVEL,NEW HAMPSHIRE AVE,LOCKWOOD DR,,N/A,,DRIVER,SAME DIRECTION SIDESWIPE,CLOUDY,DRY,DARK LIGHTS ON,TRAFFIC SIGNAL,"N/A, UNKNOWN",,OTHER VEHICLE,N/A,INTERSECTION,FOUR-WAY INTERSECTION,STRAIGHT,NO DEFECTS,"TWO-WAY, DIVIDED, POSITIVE MEDIAN BARRIER",39.03966496,-76.99068949,"(39.03966496, -76.99068949)"
MCP1563003S,170514068,Montgomery County Police,Property Damage Crash,06/16/2017 02:48:00 PM,No,Maryland (State),East,,2,East,0,FEET,GRADE DOWNHILL,EAST WEST HWY,GLENDALE RD,,N/A,,DRIVER,STRAIGHT MOVEMENT ANGLE,CLOUDY,DRY,DAYLIGHT,STOP SIGN,NONE DETECTED,,OTHER VEHICLE,N/A,INTERSECTION,FOUR-WAY INTERSECTION,STRAIGHT,NO DEFECTS,"TWO-WAY, NOT DIVIDED",38.98836856,-77.07512543,"(38.98836856, -77.07512543)"
MCP3228005R,240017107,MONTGOMERY,Injury Crash,04/12/2024 09:35:00 PM,No,US (State),"Northbound, Southbound","Lane 1, Lane 3",3,North,0,FEET,Hillcrest,,13TH ST BURLINGTON AVE,,,,DRIVER,Front to Front,Clear,Dry,Dark - Lighted,Traffic Control Signal,"Not Suspect of Alcohol Use, Not Suspect of Drug Use, Not Suspect of Alcohol Use, Not Suspect of Drug Use",,Motor Vehicle In Transport,,Intersection or Related,Angled/Skewed,Straight,No Defects,Not Divided,38.98739033,-77.02664617,"(38.98739033, -77.02664617)"
MCP3080003R,230065619,Montgomery County Police,Injury Crash,09/23/2023 05:40:00 PM,No,Maryland (State),South,,1,East,0,FEET,LEVEL,CLOPPER RD,WARING STATION RD,,N/A,,DRIVER,OTHER,N/A,WET,DAYLIGHT,NO CONTROLS,NONE DETECTED,,N/A,N/A,NON INTERSECTION,N/A,STRAIGHT,NO DEFECTS,"TWO-WAY, NOT DIVIDED",39.15411746,-77.25346935,"(39.15411746, -77.25346935)"
MCP26890018,15052340,MONTGOMERY,Property Damage Crash,10/15/2015 12:25:00 PM,No,Municipality,East,,1,East,50,FEET,LEVEL,BALTIMORE RD,FIRST ST,,N/A,,DRIVER,SAME DIRECTION SIDESWIPE,CLEAR,DRY,DAYLIGHT,TRAFFIC SIGNAL,NONE DETECTED,,OTHER VEHICLE,N/A,INTERSECTION RELATED,FOUR-WAY INTERSECTION,STRAIGHT,NO DEFECTS,"TWO-WAY, NOT DIVIDED",39.08454167,-77.13577667,"(39.08454167, -77.13577667)"
MCP20520030,230010720,Montgomery County Police,Property Damage Crash,03/04/2023 02:22:00 PM,No,County,North,,2,North,50,FEET,LEVEL,MUDDY BRANCH RD,HARMONY HALL RD,,N/A,,DRIVER,SAME DIR REAR END,CLEAR,DRY,DAYLIGHT,N/A,NONE DETECTED,,OTHER VEHICLE,N/A,NON INTERSECTION,N/A,STRAIGHT,NO DEFECTS,"TWO-WAY, DIVIDED, UNPROTECTED PAINTED MIN 4 FEET",39.13696,-77.20562833,"(39.13696, -77.20562833)"
MCP2771003B,240003512,MONTGOMERY,Injury Crash,01/26/2024 12:34:00 PM,No,,,,0,,,FEET,,,,"Driveway        PARKING LOT OF GIANT AT AT 13781 CONNECTICUT AVENUE, SILVER SPRING, MD.",,Pedestrian,BOTH,Single Vehicle,Clear,,Daylight,,"Not Suspect of Alcohol Use, Not Suspect of Drug Use","Not Suspect of Alcohol Use, Not Suspect of Drug Use",Pedestrian,Not Applicable,,,,,,39.07979336,-77.07961771,"(39.07979336, -77.07961771)"
DD5617001M,180027101,Rockville Police Departme,Injury Crash,06/02/2018 03:13:00 AM,No,Municipality,West,,1,North,20,FEET,LEVEL,FALLSGROVE DR,W MONTGOMERY AVE,,N/A,OTHER,DRIVER,SAME DIRECTION SIDESWIPE,RAINING,WET,DARK LIGHTS ON,NO CONTROLS,UNKNOWN,N/A,N/A,N/A,N/A,N/A,CURVE LEFT,NO DEFECTS,"TWO-WAY, DIVIDED, POSITIVE MEDIAN BARRIER",39.09979305,-77.18738794,"(39.09979305, -77.18738794)"
MCP3285000J,210008013,Montgomery County Police,Property Damage Crash,03/03/2021 12:09:00 PM,No,County,North,,2,North,0,FEET,LEVEL,CENTURY BLVD,CLOVERLEAF CENTER DR,,N/A,,DRIVER,STRAIGHT MOVEMENT ANGLE,CLEAR,DRY,DAYLIGHT,STOP SIGN,NONE DETECTED,,OTHER VEHICLE,N/A,INTERSECTION,FOUR-WAY INTERSECTION,STRAIGHT,NO DEFECTS,"TWO-WAY, DIVIDED, POSITIVE MEDIAN BARRIER",39.191155,-77.26476,"(39.191155, -77.26476)"
MCP2475001L,17009074,Montgomery County Police,Property Damage Crash,02/19/2017 08:00:00 PM,Yes,Maryland (State),North,,2,North,0,FEET,LEVEL,NEW HAMPSHIRE AVE,CAPITAL BELTWAY,,N/A,,DRIVER,SAME DIR REAR END,N/A,DRY,DARK LIGHTS ON,TRAFFIC SIGNAL,"N/A, UNKNOWN",,OTHER VEHICLE,N/A,INTERSECTION,OTHER,CURVE RIGHT,NO DEFECTS,ONE-WAY TRAFFICWAY,39.02013394,-76.97634101,"(39.02013394, -76.97634101)"
DD56690017,250022434,ROCKVILLE,Injury Crash,05/20/2025 11:24:00 PM,,Municipality Route,Westbound,Lane 1,1,East,28.87,FEET,Level,FIRST ST,,,,Pedestrian,UNKNOWN,Front to Rear,Clear,Dry,Dark - Lighted,No Controls,"Unknown, Unknown","Not Suspect of Alcohol Use, Not Suspect of Drug Use",Parked Vehicle,,Through Roadway,,Straight,No Defects,Not Divided,39.0887569,-77.1361305,"(39.0887569, -77.1361305)"