Report Number,Local Case Number,Agency Name,ACRS Report Type,Crash Date/Time,Hit/Run,Route Type,Lane Direction,Lane Type,Number of Lanes,Direction,Distance,Distance Unit,Road Grade,Road Name,Cross-Street Name,Off-Road Description,Municipality,Related Non-Motorist,At Fault,Collision Type,Weather,Surface Condition,Light,Traffic Control,Driver Substance Abuse,Non-Motorist Substance Abuse,First Harmful Event,Second Harmful Event,Junction,Intersection Type,Road Alignment,Road Condition,Road Division,Latitude,Longitude,Location
EJ7873002D,190062871,Gaithersburg Police Depar,Property Damage Crash,12/31/2019 10:18:00 AM,No,,South,,1,North,0,FEET,LEVEL,N SUMMIT AVE,CRESTWOOD DR,,N/A,,DRIVER,ANGLE MEETS LEFT TURN,CLOUDY,DRY,DAYLIGHT,STOP SIGN,NONE DETECTED,,OTHER VEHICLE,N/A,INTERSECTION,T-INTERSECTION,STRAIGHT,NO DEFECTS,"TWO-WAY, NOT DIVIDED",39.14692281,-77.19274216,"(39.14692281, -77.19274216)"
MCP3253000N,200041031,Montgomery County Police,Property Damage Crash,10/18/2020 12:50:00 AM,No,Municipality,West,,3,North,0,FEET,GRADE DOWNHILL,S SUMMIT AVE,S FREDERICK RD,,N/A,,DRIVER,STRAIGHT MOVEMENT ANGLE,CLEAR,DRY,DARK LIGHTS ON,TRAFFIC SIGNAL,NONE DETECTED,,OTHER VEHICLE,N/A,INTERSECTION,FOUR-WAY INTERSECTION,CURVE LEFT,NO DEFECTS,"TWO-WAY, DIVIDED, POSITIVE MEDIAN BARRIER",39.13809833,-77.19414,"(39.13809833, -77.19414)"
MCP2917004H,190028801,Montgomery County Police,Property Damage Crash,06/19/2019 08:28:00 PM,Yes,County,West,,1,North,100,FEET,HILL CREST,WELLER RD,ELBY ST,,N/A,,DRIVER,SAME DIRECTION SIDESWIPE,CLEAR,DRY,DARK NO LIGHTS,NO CONTROLS,NONE DETECTED,,PARKED VEHICLE,PARKED VEHICLE,NON INTERSECTION,N/A,CURVE RIGHT,NO DEFECTS,"TWO-WAY, NOT DIVIDED",39.06149315,-77.08270919,"(39.06149315, -77.08270919)"
DD55740002,15018462,Rockville Police Departme,Property Damage Crash,04/20/2015 09:23:00 AM,No,Municipality,West,,2,East,0,FEET,LEVEL,BALTIMORE RD,FIRST ST,,N/A,,DRIVER,HEAD ON LEFT TURN,RAINING,WET,DAYLIGHT,TRAFFIC SIGNAL,N/A,,OTHER VEHICLE,OTHER VEHICLE,INTERSECTION,FOUR-WAY INTERSECTION,STRAIGHT,N/A,"TWO-WAY, DIVIDED, POSITIVE MEDIAN BARRIER",39.08445167,-77.13640333,"(39.08445167, -77.13640333)"
DM8421000M,16040882,Takoma Park Police Depart,Injury Crash,08/12/2016 10:27:00 AM,No,Maryland (State),South,,3,North,0,FEET,GRADE DOWNHILL,NEW HAMPSHIRE AVE,SLIGO CREEK PKWY,,N/A,,DRIVER,SAME DIR REAR END,CLEAR,DRY,DAYLIGHT,TRAFFIC SIGNAL,NONE DETECTED,,OTHER VEHICLE,N/A,INTERSECTION,FOUR-WAY INTERSECTION,STRAIGHT,NO DEFECTS,"TWO-WAY, DIVIDED, POSITIVE MEDIAN BARRIER",38.98053833,-76.98994333,"(38.98053833, -76.98994333)"
MCP287100C2,250006719,MONTGOMERY,Injury Crash,02/14/2025 06:49:00 PM,No,Maryland (State) Route,Eastbound,Left Turn Lane,3,East,20.53,FEET,Level,KNOWLES AVE,,,,Pedestrian,NONMOTORIST,Single Vehicle,Clear,Dry,Dark - Lighted,No Controls,"Not Suspect of Alcohol Use, Not Suspect of Drug Use","Not Suspect of Alcohol Use, Not Suspect of Drug Use",Pedestrian,,Non-Junction,,Straight,No Defects,"Divided, Flush Median (greater than 4ft wide)",39.0276535,-77.07755733,"(39.0276535, -77.07755733)"
MCP2388000K,15059773,MONTGOMERY,Injury Crash,11/22/2015 10:57:00 PM,No,Maryland (State),South,,6,North,0,FEET,LEVEL,FREDERICK RD,KING FARM BLVD,,ROCKVILLE,,DRIVER,HEAD ON LEFT TURN,CLEAR,DRY,DARK LIGHTS ON,TRAFFIC SIGNAL,N/A,,OTHER VEHICLE,N/A,INTERSECTION,FOUR-WAY INTERSECTION,STRAIGHT,NO DEFECTS,"TWO-WAY, DIVIDED, POSITIVE MEDIAN BARRIER",39.11722574,-77.16906309,"(39.11722574, -77.16906309)"
MCP285900D4,230018904,Montgomery County Police,Property Damage Crash,04/20/2023 03:20:00 PM,No,County,South,,2,South,20,FEET,LEVEL,MUDDY BRANCH RD,GREAT SENECA HWY,,N/A,,DRIVER,SAME DIRECTION SIDESWIPE,CLEAR,DRY,DAYLIGHT,NO CONTROLS,NONE DETECTED,,OTHER VEHICLE,N/A,NON INTERSECTION,N/A,STRAIGHT,NO DEFECTS,"TWO-WAY, DIVIDED, POSITIVE MEDIAN BARRIER",39.10972167,-77.2176595,"(39.10972167, -77.2176595)"
MCP2496001H,200021397,Montgomery County Police,Property Damage Crash,05/29/2020 08:16:00 PM,Yes,Maryland (State),West,,3,East,0,FEET,LEVEL,UNIVERSITY BLVD E,COLESVILLE RD,,N/A,,DRIVER,STRAIGHT MOVEMENT ANGLE,CLEAR,DRY,DUSK,TRAFFIC SIGNAL,"NONE DETECTED, UNKNOWN",,OTHER VEHICLE,N/A,INTERSECTION,FOUR-WAY INTERSECTION,STRAIGHT,NO DEFECTS,"TWO-WAY, DIVIDED, POSITIVE MEDIAN BARRIER",39.02028763,-77.01264566,"(39.02028763, -77.01264566)"
MCP10220069,17006519,Montgomery County Police,Property Damage Crash,02/06/2017 04:41:00 PM,No,County,West,,3,East,0,FEET,HILL CREST,MIDDLEBROOK RD,CRYSTAL ROCK DR,,N/A,,DRIVER,STRAIGHT MOVEMENT ANGLE,CLEAR,DRY,DAYLIGHT,TRAFFIC SIGNAL,NONE DETECTED,,OTHER VEHICLE,FIXED OBJECT,INTERSECTION,FOUR-WAY INTERSECTION,STRAIGHT,NO DEFECTS,"TWO-WAY, DIVIDED, POSITIVE MEDIAN BARRIER",39.176885,-77.26408333,"(39.176885, -77.26408333)"
MCP2607004J,190042207,Montgomery County Police,Injury Crash,09/03/2019 06:05:00 PM,No,Maryland (State),North,,3,North,0,FEET,LEVEL,FREDERICK RD,S WESTLAND DR,,GAITHERSBURG,PEDESTRIAN,DRIVER,OTHER,CLEAR,DRY,DAYLIGHT,TRAFFIC SIGNAL,NONE DETECTED,NONE DETECTED,PEDESTRIAN,N/A,INTERSECTION,FOUR-WAY INTERSECTION,STRAIGHT,NO DEFECTS,"TWO-WAY, DIVIDED, POSITIVE MEDIAN BARRIER",39.12633333,-77.18285667,"(39.12633333, -77.18285667)"
MCP3199001R,200011602,Montgomery County Police,Property Damage Crash,02/27/2020 01:00:00 PM,Yes,,,,,,,,,,,PARKING LOT AT 3950 FERRARA DR,,,DRIVER,UNKNOWN,UNKNOWN,,UNKNOWN,NO CONTROLS,UNKNOWN,,OTHER VEHICLE,N/A,,,,,,39.05026,-77.07696,"(39.05026, -77.07696)"
EJ7873009Q,240034445,GAITHERSBURG,Injury Crash,07/21/2024 04:24:00 PM,No,Maryland (State) Route,Northbound,Lane 2,2,West,33.82,FEET,Level,QUINCE ORCHARD RD (SB/L),,,,,UNKNOWN,Other,Clear,Dry,Daylight,Traffic Control Signal,"Not Suspect of Alcohol Use, Not Suspect of Drug Use, Not Suspect of Alcohol Use, Not Suspect of Drug Use, Not Suspect of Alcohol Use, Not Suspect of Drug Use",,Motor Vehicle In Transport,Motor Vehicle In Transport,Non-Junction,,Straight,No Defects,"Divided, Raised Median (curbed)",39.14724984,-77.21883798,"(39.14724984, -77.21883798)"
MCP2102004Q,240051070,MONTGOMERY,Property Damage Crash,10/25/2024 08:00:00 AM,No,County Route,Northbound,Lane 1,1,South,0,FEET,Level,FAIR GARDEN LA,LITTLE SENECA PKWY,,,,DRIVER,Single Vehicle,Clear,Dry,Daylight,Stop Sign,"Not Suspect of Alcohol Use, Not Suspect of Drug Use",,Guardrail Face,,Intersection or Related,Perpendicular,Straight,No Defects,"Divided, Raised Median (curbed)",39.2176089,-77.26751958,"(39.2176089, -77.26751958)"
MCP2845005V,190058345,Montgomery County Police,Property Damage Crash,12/04/2019 07:00:00 AM,No,Maryland (State),North,,3,North,0,FEET,LEVEL,NEW HAMPSHIRE AVE,CHALMERS RD,,N/A,,DRIVER,ANGLE MEETS LEFT TURN,CLOUDY,WET,DAWN,TRAFFIC SIGNAL,NONE DETECTED,,OTHER VEHICLE,FIXED OBJECT,INTERSECTION,T-INTERSECTION,STRAIGHT,NO DEFECTS,"TWO-WAY, DIVIDED, POSITIVE MEDIAN BARRIER",39.03050333,-76.98371833,"(39.03050333, -76.98371833)"
MCP2686006S,230071736,Montgomery County Police,Property Damage Crash,12/14/2023 03:04:00 PM,Yes,Other Public Roadway,East,,2,West,20,FEET,LEVEL,SHAWNEE LA,GATEWAY CENTER DR,,N/A,,DRIVER,SAME DIRECTION SIDESWIPE,CLEAR,DRY,DAYLIGHT,N/A,"N/A, NONE DETECTED",,OTHER VEHICLE,N/A,N/A,N/A,STRAIGHT,NO DEFECTS,"TWO-WAY, DIVIDED, POSITIVE MEDIAN BARRIER",39.22554117,-77.2755655,"(39.22554117, -77.2755655)"
MCP1213007P,230025930,Montgomery County Police,Property Damage Crash,05/30/2023 04:30:00 PM,No,County,East,,2,West,10,FEET,LEVEL,COLESVILLE MANOR DR,NEW HAMPSHIRE AVE,,N/A,,DRIVER,SAME DIR REAR END,CLEAR,DRY,DAYLIGHT,NO CONTROLS,NONE DETECTED,,OTHER VEHICLE,N/A,NON INTERSECTION,N/A,STRAIGHT,NO DEFECTS,"TWO-WAY, NOT DIVIDED",39.0857,-77.00017167,"(39.0857, -77.00017167)"
DD5647001J,210050910,Rockville Police Departme,Property Damage Crash,12/15/2021 12:03:00 AM,No,Maryland (State),South,,2,East,0,FEET,LEVEL,VEIRS MILL RD,EDMONSTON DR,,ROCKVILLE,,DRIVER,SINGLE VEHICLE,CLEAR,DRY,DARK LIGHTS ON,TRAFFIC SIGNAL,N/A,,FIXED OBJECT,N/A,INTERSECTION,FOUR-WAY INTERSECTION,STRAIGHT,NO DEFECTS,"TWO-WAY, DIVIDED, POSITIVE MEDIAN BARRIER",39.07846617,-77.129744,"(39.07846617, -77.129744)"
MCP3140001F,200005735,Montgomery County Police,Property Damage Crash,02/04/2020 02:51:00 AM,No,Maryland (State),North,MEDIAN AREA,3,North,1,FEET,LEVEL,CONNECTICUT AVE,WILLIAMS LA,,CHEVY CHASE #5,,DRIVER,SINGLE VEHICLE,N/A,DRY,DARK LIGHTS ON,N/A,NONE DETECTED,,FIXED OBJECT,N/A,INTERSECTION RELATED,FOUR-WAY INTERSECTION,STRAIGHT,NO DEFECTS,"TWO-WAY, DIVIDED, POSITIVE MEDIAN BARRIER",38.98380665,-77.07715588,"(38.98380665, -77.07715588)"
DD55400026,220040978,Rockville Police Departme,Property Damage Crash,09/20/2022 04:37:00 PM,No,Municipality,North,,1,South,75,FEET,LEVEL,CHAPMAN AVE,THOMPSON AVE,,ROCKVILLE,,DRIVER,SAME DIR REAR END,N/A,DRY,DAYLIGHT,NO CONTROLS,NONE DETECTED,,OTHER VEHICLE,N/A,INTERSECTION RELATED,FOUR-WAY INTERSECTION,STRAIGHT,NO DEFECTS,"TWO-WAY, DIVIDED, UNPROTECTED PAINTED MIN 4 FEET",39.06593383,-77.11830167,"(39.06593383, -77.11830167)"
MCP2395002V,240059554,MONTGOMERY,Property Damage Crash,12/13/2024 05:55:00 AM,No,Maryland (State) Route,Southbound,Lane 3,6,North,48.1,FEET,Level,FREDERICK RD,,,,,UNKNOWN,Single Vehicle,Clear,Ice/Frost,Dark - Lighted,No Controls,"Not Suspect of Alcohol Use, Not Suspect of Drug Use",,Overturn/Rollover,Overturn/Rollover,Non-Junction,,Straight,No Defects,"Divided, Raised Median (curbed)",39.12077771,-77.174765,"(39.12077771, -77.174765)"
MCP2475005B,200041138,Montgomery County Police,Injury Crash,10/18/2020 08:23:00 PM,Yes,Maryland (State),North,,3,North,0,FEET,HILL UPHILL,NEW HAMPSHIRE AVE,OAKVIEW DR,,N/A,,DRIVER,SAME DIR REAR END,N/A,DRY,DARK LIGHTS ON,NO CONTROLS,"NONE DETECTED, UNKNOWN",,OTHER VEHICLE,OTHER VEHICLE,NON INTERSECTION,N/A,STRAIGHT,N/A,"TWO-WAY, DIVIDED, POSITIVE MEDIAN BARRIER",39.0139,-76.978175,"(39.0139, -76.978175)"
MCP3401001C,240036942,MONTGOMERY,Property Damage Crash,08/05/2024 04:14:00 PM,,County Route,Southbound,Lane 1,2,West,38.23,FEET,Level,KINLOCH RD,,,,,UNKNOWN,Front to Rear,Clear,Dry,Daylight,No Controls,"Not Suspect of Alcohol Use, Not Suspect of Drug Use, Unknown, Unknown",,Motor Vehicle In Transport,,Non-Junction,,Straight,No Defects,Not Divided,39.02587157,-76.96896312,"(39.02587157, -76.96896312)"
MCP28610044,190031575,Montgomery County Police,Property Damage Crash,07/02/2019 05:59:00 PM,No,County,South,LEFT TURN LANE,2,South,0,FEET,LEVEL,FERNWOOD RD,ROCK SPRING DR,,N/A,,DRIVER,SINGLE VEHICLE,RAINING,WET,DAYLIGHT,TRAFFIC SIGNAL,NONE DETECTED,,N/A,N/A,NON INTERSECTION,N/A,STRAIGHT,NO DEFECTS,"TWO-WAY, DIVIDED, POSITIVE MEDIAN BARRIER",39.025735,-77.13649833,"(39.025735, -77.13649833)"
MCP2231008F,250001227,MONTGOMERY,Injury Crash,01/10/2025 08:09:00 AM,No,Maryland (State) Route,Eastbound,Lane 2,2,South,11.4,FEET,Downhill,CLOPPER RD,,,,,DRIVER,Front to Rear,Clear,Dry,Daylight,No Controls,"Not Suspect of Alcohol Use, Not Suspect of Drug Use, Not Suspect of Alcohol Use, Not Suspect of Drug Use, Not Suspect of Alcohol Use, Not Suspect of Drug Use",,Motor Vehicle In Transport,Motor Vehicle In Transport,Non-Junction,,Straight,No Defects,Not Divided,39.14593667,-77.228135,"(39.14593667, -77.228135)"
MCP2641001M,200035025,Montgomery County Police,Injury Crash,09/07/2020 12:12:00 PM,No,Maryland (State),West,,1,East,500,FEET,HILL UPHILL,DAMASCUS RD,JARL DR,,N/A,,UNKNOWN,OTHER,CLEAR,DRY,DAYLIGHT,N/A,NONE DETECTED,,ANIMAL,N/A,NON INTERSECTION,N/A,STRAIGHT,NO DEFECTS,"TWO-WAY, DIVIDED, UNPROTECTED PAINTED MIN 4 FEET",39.27791667,-77.16574333,"(39.27791667, -77.16574333)"
MCP10860006,200049197,Montgomery County Police,Property Damage Crash,12/14/2020 09:20:00 AM,No,Other Public Roadway,West,,2,South,0,FEET,LEVEL,STRINGTOWN RD,GATEWAY CENTER DR,,N/A,,DRIVER,SINGLE VEHICLE,RAINING,WET,DAYLIGHT,N/A,NONE DETECTED,,FIXED OBJECT,N/A,N/A,FOUR-WAY INTERSECTION,STRAIGHT,NO DEFECTS,"TWO-WAY, DIVIDED, POSITIVE MEDIAN BARRIER",39.23450333,-77.28156,"(39.23450333, -77.28156)"
MCP3070001D,200005831,Montgomery County Police,Injury Crash,02/04/2020 04:40:00 PM,No,Maryland (State),North,,3,North,0,FEET,LEVEL,WISCONSIN AVE,S CHELSEA LA,,N/A,,DRIVER,STRAIGHT MOVEMENT ANGLE,CLOUDY,DRY,DAYLIGHT,NO CONTROLS,N/A,,OTHER VEHICLE,N/A,INTERSECTION,T-INTERSECTION,STRAIGHT,NO DEFECTS,"TWO-WAY, DIVIDED, POSITIVE MEDIAN BARRIER",38.994385,-77.09563833,"(38.994385, -77.09563833)"
MCP3023003K,200001643,Montgomery County Police,Property Damage Crash,01/10/2020 10:15:00 AM,No,County,West,,1,East,900,FEET,LEVEL,EVERTON ST,DALEWOOD DR,,N/A,,DRIVER,SAME DIR REAR END,CLEAR,DRY,DAYLIGHT,NO CONTROLS,NONE DETECTED,,PARKED VEHICLE,OTHER VEHICLE,NON INTERSECTION,N/A,STRAIGHT,NO DEFECTS,"TWO-WAY, NOT DIVIDED",39.05996667,-77.07004917,"(39.05996667, -77.07004917)"
MCP3112001B,180059570,Montgomery County Police,Property Damage Crash,11/28/2018 07:58:00 PM,No,Maryland (State),North,,4,South,10,FEET,LEVEL,ROCKVILLE PIKE,SOUTH DR,,N/A,,DRIVER,SAME DIRECTION SIDESWIPE,CLEAR,DRY,DARK LIGHTS ON,TRAFFIC SIGNAL,NONE DETECTED,,OTHER VEHICLE,N/A,INTERSECTION RELATED,FOUR-WAY INTERSECTION,STRAIGHT,LOOSE SURFACE MATERIAL,"TWO-WAY, DIVIDED, POSITIVE MEDIAN BARRIER",38.9989405,-77.09682567,"(38.9989405, -77.09682567)"
MCP2737004F,200020534,Montgomery County Police,Property Damage Crash,05/23/2020 02:55:00 AM,Yes,,,,,,,,,,,PARKING LOT OF 17901 GEORGIA AVE OLNEY MD 20832,,,DRIVER,OTHER,RAINING,,DARK LIGHTS ON,NO CONTROLS,NONE DETECTED,,OTHER VEHICLE,N/A,,,,,,39.15070639,-77.06624424,"(39.15070639, -77.06624424)"
MCP23510022,180020613,Montgomery County Police,Injury Crash,04/27/2018 01:09:00 PM,No,County,East,UNKNOWN,3,East,125,FEET,GRADE DOWNHILL,E GUDE DR,DOVER RD,,N/A,,UNKNOWN,SINGLE VEHICLE,CLOUDY,DRY,DAYLIGHT,NO CONTROLS,NONE DETECTED,,UNKNOWN,OTHER OBJECT,INTERSECTION RELATED,OTHER,OTHER,NO DEFECTS,"TWO-WAY, DIVIDED, POSITIVE MEDIAN BARRIER",39.10071,-77.14042167,"(39.10071, -77.14042167)"
MCP2917004D,190026196,Montgomery County Police,Property Damage Crash,06/03/2019 08:00:00 PM,Yes,County,East,SHOULDER AREA,1,East,100,FEET,LEVEL,LITTLETON ST,BUSHEY DR,,N/A,,DRIVER,OTHER,CLEAR,DRY,DAYLIGHT,NO CONTROLS,NONE DETECTED,,PARKED VEHICLE,PARKED VEHICLE,N/A,N/A,STRAIGHT,NO DEFECTS,"TWO-WAY, NOT DIVIDED",39.067881,-77.081679,"(39.067881, -77.081679)"
DM8370001L,190026255,Takoma Park Police Depart,Property Damage Crash,06/02/2019 06:37:00 AM,No,Municipality,East,,1,South,100,FEET,HILL CREST,WILDWOOD DR,ANNE AVE,,TAKOMA PARK,,UNKNOWN,OTHER,CLEAR,DRY,DAYLIGHT,NO CONTROLS,,,PARKED VEHICLE,N/A,NON INTERSECTION,N/A,STRAIGHT,NO DEFECTS,"TWO-WAY, NOT DIVIDED",38.98905333,-76.99244167,"(38.98905333, -76.99244167)"
EJ7856008T,2000447744,Gaithersburg Police Depar,Property Damage Crash,11/13/2020 07:34:00 AM,No,Municipality,East,,2,South,200,FEET,LEVEL,PERRY PKWY,STRUC OV CSX R/R,,N/A,,DRIVER,SINGLE VEHICLE,CLEAR,WET,DAYLIGHT,N/A,N/A,,FIXED OBJECT,FIXED OBJECT,N/A,N/A,STRAIGHT,NO DEFECTS,"TWO-WAY, NOT DIVIDED",39.14391655,-77.21257032,"(39.14391655, -77.21257032)"
EJ7913000Y,250032790,GAITHERSBURG,Property Damage Crash,07/22/2025 07:27:00 PM,,Municipality Route,"Eastbound, Westbound",Other,1,West,43.3,FEET,"Downhill, Uphill",BRIGHT MEADOW DR,,,,,DRIVER,Front to Front,Clear,Dry,Daylight,Stop Sign,"Unknown, Unknown",,Parked Vehicle,,Driveway Access or Related,,"Curve Left, Curve Right",No Defects,Not Divided,39.11538817,-77.23107683,"(39.11538817, -77.23107683)"
MCP29210036,190034722,Montgomery County Police,Injury Crash,07/21/2019 09:07:00 PM,No,County,East,,1,North,150,FEET,LEVEL,BRANDERMILL DR,BENT CREEK TERR,,N/A,,DRIVER,SINGLE VEHICLE,RAINING,WET,DARK LIGHTS ON,NO CONTROLS,N/A,,FIXED OBJECT,FIXED OBJECT,NON INTERSECTION,N/A,CURVE RIGHT,NO DEFECTS,"TWO-WAY, DIVIDED, UNPROTECTED PAINTED MIN 4 FEET",39.19131667,-77.237125,"(39.19131667, -77.237125)"
MCP2046004N,15065455,MONTGOMERY,Property Damage Crash,12/22/2015 09:52:00 AM,No,Maryland (State),East,,3,East,20,FEET,LEVEL,SANDY SPRING RD,US 29 (SB/L),,N/A,,DRIVER,SAME DIR REAR END,RAINING,WET,DAYLIGHT,TRAFFIC SIGNAL,NONE DETECTED,,OTHER VEHICLE,N/A,INTERSECTION RELATED,FOUR-WAY INTERSECTION,STRAIGHT,NO DEFECTS,"TWO-WAY, DIVIDED, POSITIVE MEDIAN BARRIER",39.11114893,-76.93232059,"(39.11114893, -76.93232059)"
MCP3227002L,210032187,Montgomery County Police,Injury Crash,08/18/2021 06:03:00 PM,No,County,South,,1,South,100,FEET,LEVEL,CARROLL AVE,UNIVERSITY BLVD E,,N/A,PEDESTRIAN,NONMOTORIST,SINGLE VEHICLE,CLEAR,DRY,DAYLIGHT,NO CONTROLS,NONE DETECTED,NONE DETECTED,PEDESTRIAN,N/A,INTERSECTION RELATED,FOUR-WAY INTERSECTION,CURVE RIGHT,NO DEFECTS,"TWO-WAY, DIVIDED, UNPROTECTED PAINTED MIN 4 FEET",38.99366283,-76.99300267,"(38.99366283, -76.99300267)"
DD5594002Y,170523705,Rockville Police Departme,Property Damage Crash,08/08/2017 06:14:00 PM,No,Municipality,South,,2,East,0,FEET,LEVEL,DAWSON AVE,N WASHINGTON ST,,ROCKVILLE,,DRIVER,ANGLE MEETS LEFT HEAD ON,CLEAR,DRY,DAYLIGHT,N/A,"N/A, NONE DETECTED",,OTHER VEHICLE,N/A,INTERSECTION,FOUR-WAY INTERSECTION,STRAIGHT,NO DEFECTS,"TWO-WAY, NOT DIVIDED",39.08847,-77.15354167,"(39.08847, -77.15354167)"
MCP20160061,220005978,Montgomery County Police,Injury Crash,02/11/2022 10:12:00 AM,No,Maryland (State),South,,3,North,10,FEET,LEVEL,ROCKVILLE PIKE,ENT TO FEDERAL PLAZA S.C.,,N/A,,DRIVER,SAME DIRECTION SIDESWIPE,N/A,DRY,DAYLIGHT,TRAFFIC SIGNAL,N/A,,OTHER VEHICLE,N/A,INTERSECTION RELATED,FOUR-WAY INTERSECTION,STRAIGHT,NO DEFECTS,"TWO-WAY, DIVIDED, POSITIVE MEDIAN BARRIER",39.05765167,-77.12053333,"(39.05765167, -77.12053333)"
EJ7870000V,180052214,Gaithersburg Police Depar,Property Damage Crash,10/18/2018 03:30:00 PM,Yes,Maryland (State),West,,6,North,0,FEET,LEVEL,MONTGOMERY VILLAGE AVE,RUSSELL AVE,,GAITHERSBURG,,DRIVER,SAME DIRECTION SIDESWIPE,CLEAR,DRY,DAYLIGHT,TRAFFIC SIGNAL,"NONE DETECTED, UNKNOWN",,OTHER VEHICLE,N/A,INTERSECTION,FOUR-WAY INTERSECTION,STRAIGHT,NO DEFECTS,"TWO-WAY, DIVIDED, POSITIVE MEDIAN BARRIER",39.15455972,-77.20928487,"(39.15455972, -77.20928487)"
EJ78020007,15034286,GAITHERSBURG,Property Damage Crash,07/12/2015 10:00:00 PM,Yes,Municipality,East,,1,North,15,FEET,GRADE DOWNHILL,RUSSELL AVE,BROOKS AVE,,GAITHERSBURG,,DRIVER,OTHER,CLEAR,DRY,DARK LIGHTS ON,N/A,ALCOHOL PRESENT,,PARKED VEHICLE,PARKED VEHICLE,NON INTERSECTION,N/A,STRAIGHT,NO DEFECTS,"TWO-WAY, NOT DIVIDED",39.144005,-77.19568667,"(39.144005, -77.19568667)"
MCP3136005T,230008837,Montgomery County Police,Property Damage Crash,02/22/2023 07:12:00 AM,Yes,County,North,,1,West,0,FEET,LEVEL,DIVISION ST,GREENWOOD AVE,,N/A,,DRIVER,OPPOSITE DIRECTION SIDESWIPE,CLOUDY,DRY,DAYLIGHT,STOP SIGN,"N/A, NONE DETECTED",,OTHER VEHICLE,N/A,INTERSECTION RELATED,T-INTERSECTION,STRAIGHT,NO DEFECTS,"TWO-WAY, NOT DIVIDED",38.98699374,-77.00011771,"(38.98699374, -77.00011771)"
MCP3160003C,220010593,Montgomery County Police,Property Damage Crash,03/11/2022 06:30:00 PM,No,Maryland (State),South,,2,South,0,FEET,LEVEL,WISCONSIN AVE,WISCONSIN CIR,,N/A,,DRIVER,SAME DIRECTION SIDESWIPE,CLEAR,DRY,DARK LIGHTS ON,OTHER,NONE DETECTED,,OTHER VEHICLE,N/A,NON INTERSECTION,N/A,CURVE RIGHT,NO DEFECTS,"TWO-WAY, DIVIDED, POSITIVE MEDIAN BARRIER",38.96203833,-77.085475,"(38.96203833, -77.085475)"
MCP22010014,180008254,Montgomery County Police,Property Damage Crash,02/16/2018 06:36:00 PM,No,Maryland (State),West,,3,East,200,FEET,LEVEL,COLESVILLE RD,GEORGIA AVE,,N/A,,DRIVER,OTHER,N/A,DRY,DARK LIGHTS ON,TRAFFIC SIGNAL,NONE DETECTED,,PARKED VEHICLE,N/A,NON INTERSECTION,N/A,STRAIGHT,NO DEFECTS,"TWO-WAY, NOT DIVIDED",38.99113714,-77.02714205,"(38.99113714, -77.02714205)"
MCP24010010,180052122,Montgomery County Police,Property Damage Crash,10/18/2018 01:10:00 AM,No,Municipality,East,,2,East,0,FEET,LEVEL,WOOTTON PKWY,BEGIN BRIDGE,,N/A,,DRIVER,SINGLE VEHICLE,CLEAR,DRY,DARK LIGHTS ON,NO CONTROLS,NONE DETECTED,,ANIMAL,N/A,NON INTERSECTION,N/A,STRAIGHT,NO DEFECTS,"TWO-WAY, DIVIDED, POSITIVE MEDIAN BARRIER",39.06688,-77.15581167,"(39.06688, -77.15581167)"
MCP9118001Y,190051632,Montgomery County Police,Property Damage Crash,10/27/2019 03:25:00 AM,Yes,County,East,OFF ROAD,1,North,50,FEET,LEVEL,VEIRS MILL RD,MONTERREY DR,,N/A,,DRIVER,HEAD ON,RAINING,WET,DARK -- UNKNOWN LIGHTING,NO CONTROLS,ALCOHOL CONTRIBUTED,,OTHER OBJECT,PARKED VEHICLE,N/A,T-INTERSECTION,STRAIGHT,NO DEFECTS,"TWO-WAY, DIVIDED, UNPROTECTED PAINTED MIN 4 FEET",39.04783101,-77.06802847,"(39.04783101, -77.06802847)"
MCP23620019,17004321,Montgomery County Police,Property Damage Crash,01/25/2017 12:08:00 PM,No,Maryland (State),North,,3,South,0,MILE,HILL UPHILL,NEW HAMPSHIRE AVE,OAKVIEW DR,,N/A,,DRIVER,SAME DIR REAR END,CLEAR,DRY,DAYLIGHT,NO CONTROLS,NONE DETECTED,,OTHER VEHICLE,N/A,NON INTERSECTION,N/A,STRAIGHT,NO DEFECTS,"TWO-WAY, DIVIDED, POSITIVE MEDIAN BARRIER",39.01297,-76.97844833,"(39.01297, -76.97844833)"
MCP2959003W,180007316,Montgomery County Police,Property Damage Crash,02/12/2018 09:47:00 AM,No,County,West,,1,West,20,FEET,HILL UPHILL,LIVINGSTON ST,RADIUS RD,,N/A,,DRIVER,SAME DIR REAR END,RAINING,WET,DAYLIGHT,NO CONTROLS,NONE DETECTED,,OTHER VEHICLE,N/A,N/A,N/A,STRAIGHT,NO DEFECTS,"TWO-WAY, NOT DIVIDED",39.05386833,-77.06048,"(39.05386833, -77.06048)"
MCP2671001W,180043318,Montgomery County Police,Injury Crash,08/30/2018 06:11:00 PM,No,US (State),South,,6,South,100,FEET,LEVEL,COLESVILLE RD,FENTON ST,,N/A,,DRIVER,HEAD ON LEFT TURN,N/A,DRY,DAYLIGHT,NO CONTROLS,NONE DETECTED,,OTHER VEHICLE,N/A,NON INTERSECTION,N/A,STRAIGHT,NO DEFECTS,"TWO-WAY, NOT DIVIDED",38.99734667,-77.02734167,"(38.99734667, -77.02734167)"