Report Number,Local Case Number,Agency Name,ACRS Report Type,Crash Date/Time,Hit/Run,Route Type,Lane Direction,Lane Type,Number of Lanes,Direction,Distance,Distance Unit,Road Grade,Road Name,Cross-Street Name,Off-Road Description,Municipality,Related Non-Motorist,At Fault,Collision Type,Weather,Surface Condition,Light,Traffic Control,Driver Substance Abuse,Non-Motorist Substance Abuse,First Harmful Event,Second Harmful Event,Junction,Intersection Type,Road Alignment,Road Condition,Road Division,Latitude,Longitude,Location
MCP2717002S,15047903,MONTGOMERY,Injury Crash,09/21/2015 07:20:00 PM,No,Maryland (State),West,,3,East,0,FEET,LEVEL,RIVER RD,GOLDSBORO RD,,N/A,,DRIVER,SAME DIR REAR END,RAINING,WET,DARK LIGHTS ON,TRAFFIC SIGNAL,NONE DETECTED,,OTHER VEHICLE,N/A,INTERSECTION RELATED,FOUR-WAY INTERSECTION,STRAIGHT,NO DEFECTS,"TWO-WAY, DIVIDED, POSITIVE MEDIAN BARRIER",38.97379007,-77.12256432,"(38.97379007, -77.12256432)"
MCP11190023,16007226,Montgomery County Police,Property Damage Crash,02/12/2016 10:25:00 AM,No,Maryland (State),South,,2,North,0,FEET,LEVEL,GEORGIA AVE,EMORY CHURCH RD,,N/A,,DRIVER,SAME DIR REAR END,CLEAR,DRY,DAYLIGHT,TRAFFIC SIGNAL,NONE DETECTED,,OTHER VEHICLE,OTHER VEHICLE,INTERSECTION,FOUR-WAY INTERSECTION,STRAIGHT,NO DEFECTS,"TWO-WAY, DIVIDED, UNPROTECTED PAINTED MIN 4 FEET",39.13077667,-77.07101667,"(39.13077667, -77.07101667)"
MCP1366002S,15012085,Montgomery County Police,Property Damage Crash,03/16/2015 02:00:00 PM,No,County,East,,4,East,0,FEET,LEVEL,PARKLAWN DR,WICOMICO AVE,,N/A,,DRIVER,STRAIGHT MOVEMENT ANGLE,CLEAR,DRY,DAYLIGHT,STOP SIGN,NONE DETECTED,,OTHER VEHICLE,N/A,INTERSECTION,FOUR-WAY INTERSECTION,STRAIGHT,NO DEFECTS,"TWO-WAY, NOT DIVIDED",39.08181,-77.079805,"(39.08181, -77.079805)"
MCP9301004L,230050284,Montgomery County Police,Injury Crash,08/19/2023 08:00:00 PM,No,Maryland (State),West,RIGHT TURN LANE,3,East,0,FEET,LEVEL,W DIAMOND AVE,BUREAU DR,,GAITHERSBURG,BICYCLIST,NONMOTORIST,OTHER,N/A,DRY,DARK LIGHTS ON,TRAFFIC SIGNAL,N/A,N/A,PEDESTRIAN,N/A,INTERSECTION,FOUR-WAY INTERSECTION,STRAIGHT,NO DEFECTS,"TWO-WAY, DIVIDED, POSITIVE MEDIAN BARRIER",39.14180941,-77.21738014,"(39.14180941, -77.21738014)"
MCP12100044,190052656,Montgomery County Police,Injury Crash,11/01/2019 04:06:00 PM,No,County,South,,4,North,0,FEET,GRADE DOWNHILL,SHADY GROVE RD,OAKMONT AVE,,N/A,,DRIVER,HEAD ON LEFT TURN,CLEAR,DRY,DAYLIGHT,TRAFFIC SIGNAL,NONE DETECTED,,OTHER VEHICLE,OTHER VEHICLE,INTERSECTION,FOUR-WAY INTERSECTION,STRAIGHT,NO DEFECTS,"TWO-WAY, DIVIDED, POSITIVE MEDIAN BARRIER",39.1271,-77.173275,"(39.1271, -77.173275)"
MCP2813000W,15001851,Montgomery County Police,Injury Crash,01/12/2015 03:20:00 PM,No,Maryland (State),West,,3,East,0,FEET,LEVEL,UNIVERSITY BLVD W,ELKIN ST,,N/A,,DRIVER,SAME DIR REAR END,RAINING,WET,DAYLIGHT,NO CONTROLS,"N/A, NONE DETECTED",,OTHER VEHICLE,N/A,INTERSECTION,OTHER,STRAIGHT,NO DEFECTS,"TWO-WAY, DIVIDED, POSITIVE MEDIAN BARRIER",39.04162833,-77.05074167,"(39.04162833, -77.05074167)"
MCP0113002T,190008698,Montgomery County Police,Injury Crash,02/23/2019 12:50:00 PM,No,Interstate (State),West,,4,East,50,FEET,HILL UPHILL,CAPITAL BELTWAY,RAMP 2 FR IS 495 WB TO MD 97 NB,,N/A,,DRIVER,SAME DIR REAR END,RAINING,WET,DAYLIGHT,N/A,NONE DETECTED,,OTHER VEHICLE,N/A,NON INTERSECTION,N/A,STRAIGHT,NO DEFECTS,"TWO-WAY, DIVIDED, POSITIVE MEDIAN BARRIER",39.01346721,-77.03876137,"(39.01346721, -77.03876137)"
MCP2927004S,250008180,MONTGOMERY,Property Damage Crash,02/24/2025 04:00:00 PM,,Maryland (State) Route,Northbound,"Lane 1, Lane 2",2,South,4.01,FEET,Level,BONIFANT ST,GEORGIA AVE,,,,UNKNOWN,"Sideswipe, Same Direction",Clear,Dry,Daylight,No Controls,"Not Suspect of Alcohol Use, Not Suspect of Drug Use, Unknown, Unknown",,Motor Vehicle In Transport,Not Applicable,Through Roadway,,Straight,No Defects,Unknown,38.99339947,-77.02659363,"(38.99339947, -77.02659363)"
MCP2047001Z,170543394,Montgomery County Police,Property Damage Crash,11/17/2017 01:34:00 PM,No,County,North,RIGHT TURN LANE,2,South,180,FEET,LEVEL,E JEFFERSON ST,ENT TO FEDERAL PLAZA SC,,N/A,,DRIVER,HEAD ON LEFT TURN,CLEAR,DRY,DAYLIGHT,NO CONTROLS,NONE DETECTED,,OTHER VEHICLE,N/A,CROSSOVER RELATED,OTHER,STRAIGHT,NO DEFECTS,"TWO-WAY, NOT DIVIDED",39.058075,-77.12633833,"(39.058075, -77.12633833)"
MCP1379005B,180063050,Montgomery County Police,Injury Crash,12/17/2018 06:38:00 PM,No,Maryland (State),West,,2,East,30,FEET,LEVEL,OLNEY LAYTONSVILLE RD,QUEEN ELIZABETH DR,,N/A,,DRIVER,SAME DIR REAR END,CLEAR,DRY,DARK NO LIGHTS,N/A,NONE DETECTED,,OTHER VEHICLE,OTHER VEHICLE,NON INTERSECTION,N/A,STRAIGHT,NO DEFECTS,"TWO-WAY, DIVIDED, POSITIVE MEDIAN BARRIER",39.063025,-77.050265,"(39.063025, -77.050265)"
MCP1152000C,180060789,Montgomery County Police,Property Damage Crash,12/05/2018 07:30:00 AM,Yes,,,,,,,,,,,PARKING LOT,,,DRIVER,HEAD ON,CLEAR,,DAYLIGHT,NO CONTROLS,"NONE DETECTED, UNKNOWN",,PARKED VEHICLE,BACKING,,,,,,38.9809141,-77.09318851,"(38.9809141, -77.09318851)"
MCP3442000B,250018331,MONTGOMERY,Property Damage Crash,04/27/2025 04:45:00 PM,,,,,0,,,FEET,,,,Parking Lot Way        STARBUCKS PARKING LOT AT 19290 MONTGOMERY VILLAGE AVE,,,UNKNOWN,Front to Rear,Clear,,Daylight,,"Not Suspect of Alcohol Use, Not Suspect of Drug Use, Unknown, Unknown",,Motor Vehicle In Transport,,,,,,,39.17186739,-77.20424882,"(39.17186739, -77.20424882)"
MCP2603002S,190026646,Montgomery County Police,Property Damage Crash,06/04/2019 12:54:00 PM,No,County,Unknown,OTHER,1,West,0,FEET,LEVEL,DARNESTOWN RD,TRAVILAH RD,,N/A,,DRIVER,OTHER,CLEAR,DRY,DAYLIGHT,NO CONTROLS,N/A,,PARKED VEHICLE,N/A,N/A,N/A,STRAIGHT,NO DEFECTS,N/A,39.09609167,-77.20698333,"(39.09609167, -77.20698333)"
MCP28200020,16005410,Montgomery County Police,Injury Crash,02/02/2016 09:49:00 AM,No,County,West,,3,East,0,FEET,HILL UPHILL,RANDOLPH RD,ATHERTON DR,,N/A,,DRIVER,ANGLE MEETS RIGHT TURN,CLEAR,DRY,DAYLIGHT,STOP SIGN,NONE DETECTED,,OTHER VEHICLE,FIXED OBJECT,INTERSECTION,FOUR-WAY INTERSECTION,CURVE RIGHT,NO DEFECTS,"TWO-WAY, DIVIDED, POSITIVE MEDIAN BARRIER",39.05744833,-77.07697,"(39.05744833, -77.07697)"
MCP33950022,240045898,MONTGOMERY,Property Damage Crash,09/26/2024 09:55:00 AM,No,County Route,Westbound,Lane 1,1,South,51.48,FEET,Uphill,MONTROSE RD (WB/L),,,,,DRIVER,Single Vehicle,Rain,Wet,Daylight,Pedestrian Crossing Sign,"Not Suspect of Alcohol Use, Not Suspect of Drug Use",,Utility Pole/Light Support,,Non-Junction,,Curve Right,No Defects,"Divided, Raised Median (curbed)",39.05359667,-77.1355,"(39.05359667, -77.1355)"
MCP29660028,16034039,Montgomery County Police,Property Damage Crash,07/05/2016 06:14:00 PM,No,Maryland (State),West,,2,East,200,FEET,LEVEL,NORBECK RD,BAUER DR,,N/A,,DRIVER,SAME DIR REAR END,CLEAR,DRY,DAYLIGHT,NO CONTROLS,NONE DETECTED,,OTHER VEHICLE,N/A,NON INTERSECTION,N/A,STRAIGHT,NO DEFECTS,"TWO-WAY, DIVIDED, POSITIVE MEDIAN BARRIER",39.09687667,-77.107855,"(39.09687667, -77.107855)"
MCP3010004F,190044523,Montgomery County Police,Injury Crash,09/17/2019 01:23:00 PM,No,Maryland (State),South,SHOULDER AREA,4,North,0,FEET,LEVEL,ROCKVILLE PIKE,ENT TO WHITE FLINT MALL,,N/A,OTHER CONVEYANCE,DRIVER,OTHER,CLEAR,DRY,DAYLIGHT,YIELD SIGN,N/A,N/A,PEDESTRIAN,N/A,INTERSECTION,OTHER,STRAIGHT,NO DEFECTS,"TWO-WAY, DIVIDED, POSITIVE MEDIAN BARRIER",39.043295,-77.11060167,"(39.043295, -77.11060167)"
MCP2181002R,190042091,Montgomery County Police,Property Damage Crash,09/03/2019 08:25:00 AM,No,Maryland (State),North,,2,North,0,FEET,LEVEL,RIDGE RD,HAWKES RD,,N/A,,DRIVER,HEAD ON LEFT TURN,CLEAR,DRY,DAYLIGHT,STOP SIGN,N/A,,OTHER VEHICLE,N/A,INTERSECTION,T-INTERSECTION,STRAIGHT,NO DEFECTS,"TWO-WAY, NOT DIVIDED",39.24697833,-77.23418,"(39.24697833, -77.23418)"
MCP3163004B,220014514,Montgomery County Police,Property Damage Crash,04/05/2022 04:30:00 PM,No,County,North,,1,West,0,FEET,LEVEL,TUCKERMAN LA,CLOISTER DR,,N/A,,DRIVER,HEAD ON LEFT TURN,RAINING,WET,DAYLIGHT,STOP SIGN,"N/A, NONE DETECTED",,OTHER VEHICLE,N/A,INTERSECTION,FOUR-WAY INTERSECTION,STRAIGHT,NO DEFECTS,"TWO-WAY, DIVIDED, UNPROTECTED PAINTED MIN 4 FEET",39.0300744,-77.10110581,"(39.0300744, -77.10110581)"
MCP3084005W,220026411,Montgomery County Police,Injury Crash,06/19/2022 10:30:00 AM,No,Maryland (State),South,,3,North,0,FEET,LEVEL,CONNECTICUT AVE,VIRGILIA ST,,CHEVY CHASE #4,,DRIVER,SAME DIR REAR END,CLEAR,DRY,DAYLIGHT,NO CONTROLS,NONE DETECTED,,OTHER VEHICLE,N/A,NON INTERSECTION,N/A,STRAIGHT,NO DEFECTS,"TWO-WAY, DIVIDED, POSITIVE MEDIAN BARRIER",38.98397,-77.07721167,"(38.98397, -77.07721167)"
MCP1022009W,180050246,Montgomery County Police,Property Damage Crash,10/08/2018 07:28:00 AM,No,Maryland (State),North,,2,South,0.21,MILE,LEVEL,GREAT SENECA HWY,COTTAGE GARDEN DR,,N/A,,DRIVER,SINGLE VEHICLE,CLOUDY,DRY,DAYLIGHT,NO CONTROLS,NONE DETECTED,,FIXED OBJECT,FIXED OBJECT,NON INTERSECTION,N/A,CURVE RIGHT,NO DEFECTS,"TWO-WAY, DIVIDED, POSITIVE MEDIAN BARRIER",39.15076667,-77.27782,"(39.15076667, -77.27782)"
MCP2353008Q,200051327,Montgomery County Police,Property Damage Crash,12/30/2020 12:06:00 PM,No,Maryland (State),North,,1,North,200,FEET,LEVEL,GOLDSBORO RD,MACARTHUR BLVD,,N/A,,DRIVER,SAME DIR REAR END,CLOUDY,DRY,DAYLIGHT,NO CONTROLS,NONE DETECTED,,OTHER VEHICLE,N/A,NON INTERSECTION,N/A,STRAIGHT,NO DEFECTS,"TWO-WAY, DIVIDED, UNPROTECTED PAINTED MIN 4 FEET",38.96923667,-77.13825333,"(38.96923667, -77.13825333)"
MCP2358006K,190037781,Montgomery County Police,Property Damage Crash,08/08/2019 08:43:00 AM,No,County,North,,1,North,0,FEET,LEVEL,PERSIMMON TREE RD,OAKLYN DR,,N/A,,DRIVER,STRAIGHT MOVEMENT ANGLE,CLEAR,DRY,DAYLIGHT,STOP SIGN,NONE DETECTED,,OTHER VEHICLE,N/A,INTERSECTION,FOUR-WAY INTERSECTION,STRAIGHT,NO DEFECTS,"TWO-WAY, NOT DIVIDED",38.99776333,-77.18888,"(38.99776333, -77.18888)"
MCP1378019P,240052273,MONTGOMERY,Property Damage Crash,10/31/2024 03:04:00 PM,No,Maryland (State) Route,Southbound,Other,6,North,25.64,FEET,Level,GEORGIA AVE (SB/L),,,,,DRIVER,Front to Rear,Clear,Dry,Daylight,No Controls,"Not Suspect of Alcohol Use, Not Suspect of Drug Use, Not Suspect of Alcohol Use, Not Suspect of Drug Use",,Motor Vehicle In Transport,,Non-Junction,,Curve Right,No Defects,"Divided, Raised Median (curbed)",39.05904508,-77.05034043,"(39.05904508, -77.05034043)"
MCP31330041,220043463,Montgomery County Police,Property Damage Crash,10/05/2022 01:44:00 PM,No,Maryland (State),East,,2,East,0,FEET,LEVEL,NORBECK RD,BAUER DR,,N/A,,DRIVER,SAME DIR REAR END,RAINING,WET,DAYLIGHT,TRAFFIC SIGNAL,NONE DETECTED,,OTHER VEHICLE,OTHER VEHICLE,INTERSECTION RELATED,FOUR-WAY INTERSECTION,STRAIGHT,NO DEFECTS,"TWO-WAY, DIVIDED, POSITIVE MEDIAN BARRIER",39.097215,-77.10587333,"(39.097215, -77.10587333)"
EJ7888007X,250029640,GAITHERSBURG,Property Damage Crash,07/03/2025 03:00:00 PM,,,,,0,,,FEET,,,,Parking Aisle        PARKING LOT OF 600 N FREDERICK AVE,,,UNKNOWN,Rear To Rear,Clear,,Daylight,,"Not Suspect of Alcohol Use, Not Suspect of Drug Use, Unknown, Unknown",,Motor Vehicle In Transport,,,,,,,39.15056293,-77.21059744,"(39.15056293, -77.21059744)"
EJ7851005H,200011001,Gaithersburg Police Depar,Injury Crash,03/05/2020 07:45:00 PM,No,Maryland (State),West,LEFT TURN LANE,4,North,50,FEET,LEVEL,MONTGOMERY VILLAGE AVE,RUSSELL AVE,,GAITHERSBURG,,DRIVER,SAME DIR REAR END,CLEAR,DRY,DARK LIGHTS ON,TRAFFIC SIGNAL,NONE DETECTED,,OTHER VEHICLE,N/A,INTERSECTION RELATED,FOUR-WAY INTERSECTION,STRAIGHT,NO DEFECTS,"TWO-WAY, DIVIDED, POSITIVE MEDIAN BARRIER",39.15501167,-77.20869,"(39.15501167, -77.20869)"
MCP2401000X,180048383,Montgomery County Police,Injury Crash,09/27/2018 10:36:00 AM,No,Maryland (State),North,UNKNOWN,2,North,0,FEET,LEVEL,FALLS RD,WOOTTON PKWY,,ROCKVILLE,,UNKNOWN,STRAIGHT MOVEMENT ANGLE,RAINING,WET,DARK LIGHTS ON,TRAFFIC SIGNAL,NONE DETECTED,,OTHER VEHICLE,N/A,INTERSECTION,FOUR-WAY INTERSECTION,STRAIGHT,NO DEFECTS,"TWO-WAY, DIVIDED, POSITIVE MEDIAN BARRIER",39.069555,-77.16967667,"(39.069555, -77.16967667)"
MCP32710018,210030988,Montgomery County Police,Property Damage Crash,08/09/2021 06:00:00 PM,No,Maryland (State),West,,2,West,15,MILE,LEVEL,RIVER RD,RIVER RD,,N/A,,DRIVER,SAME DIR REAR END,CLOUDY,DRY,DAYLIGHT,TRAFFIC SIGNAL,NONE DETECTED,,OTHER VEHICLE,N/A,INTERSECTION RELATED,FOUR-WAY INTERSECTION,STRAIGHT,NO DEFECTS,"TWO-WAY, DIVIDED, POSITIVE MEDIAN BARRIER",38.98406812,-77.1380859,"(38.98406812, -77.1380859)"
MCP2639006D,190014295,Montgomery County Police,Property Damage Crash,03/28/2019 06:10:00 AM,No,County,East,,2,West,150,FEET,LEVEL,BRIGGS CHANEY RD,LEAR LA,,N/A,,DRIVER,SAME DIRECTION LEFT TURN,CLEAR,DRY,DARK NO LIGHTS,NO CONTROLS,NONE DETECTED,,OTHER VEHICLE,N/A,NON INTERSECTION,N/A,STRAIGHT,NO DEFECTS,"TWO-WAY, DIVIDED, UNPROTECTED PAINTED MIN 4 FEET",39.10561333,-76.99065833,"(39.10561333, -76.99065833)"
MCP3322002N,240023446,MONTGOMERY,Property Damage Crash,05/18/2024 05:00:00 AM,No,County Route,"Eastbound, Southbound","Lane 1, Lane 2","1, 3",West,0,FEET,Level,INDEPENDENCE ST,CONNECTICUT AVE (SB/L) INDEPENDENCE ST,,,,UNKNOWN,Angle,Rain,Wet,Dark - Lighted,Flashing Traffic Control Signal,"Not Suspect of Alcohol Use, Not Suspect of Drug Use, Not Suspect of Alcohol Use, Not Suspect of Drug Use",,Motor Vehicle In Transport,,Intersection or Related,Perpendicular,Straight,No Defects,"Divided, Raised Median (curbed), Not Divided",39.07646185,-77.08005118,"(39.07646185, -77.08005118)"
MCP28800010,15016782,Montgomery County Police,Property Damage Crash,04/11/2015 11:00:00 AM,Yes,,,,,,0,,,,,Parking Lot,,,DRIVER,SAME DIR REAR END,CLEAR,,DAYLIGHT,NO CONTROLS,"NONE DETECTED, UNKNOWN",,PARKED VEHICLE,N/A,,,,,,39.1411949,-77.1931386,"(39.1411949, -77.1931386)"
MCP32550052,240002837,MONTGOMERY,Property Damage Crash,01/18/2024 03:30:00 PM,No,County Route,Northbound,Lane 1,1,North,62.92,FEET,Level,PARK MILL DR,,,,,DRIVER,Front to Rear,Clear,Dry,Daylight,No Controls,"Not Suspect of Alcohol Use, Not Suspect of Drug Use, Not Suspect of Alcohol Use, Not Suspect of Drug Use",,Motor Vehicle In Transport,Not Applicable,Non-Junction,,Straight,,Not Divided,39.14683967,-77.1525545,"(39.14683967, -77.1525545)"
MCP2938000V,16032098,Montgomery County Police,Injury Crash,06/24/2016 11:44:00 PM,No,Maryland (State),West,,3,North,0,FEET,LEVEL,ROCKVILLE PIKE,JONES BRIDGE RD,,N/A,,DRIVER,SAME DIR REAR END,CLEAR,DRY,DARK LIGHTS ON,TRAFFIC SIGNAL,"ALCOHOL PRESENT, NONE DETECTED",,OTHER VEHICLE,OTHER VEHICLE,INTERSECTION RELATED,FOUR-WAY INTERSECTION,STRAIGHT,NO DEFECTS,"TWO-WAY, NOT DIVIDED",38.996895,-77.09573833,"(38.996895, -77.09573833)"
MCP2866006R,210015159,Montgomery County Police,Property Damage Crash,04/23/2021 04:00:00 PM,Yes,Maryland (State),North,,3,North,100,FEET,LEVEL,CONNECTICUT AVE,BLACKTHORN ST,,N/A,,DRIVER,SAME DIRECTION SIDESWIPE,CLEAR,DRY,DAYLIGHT,NO CONTROLS,"NONE DETECTED, UNKNOWN",,OTHER VEHICLE,N/A,NON INTERSECTION,N/A,STRAIGHT,NO DEFECTS,"TWO-WAY, DIVIDED, POSITIVE MEDIAN BARRIER",38.98725619,-77.07686817,"(38.98725619, -77.07686817)"
EJ79060009,240002543,GAITHERSBURG,Property Damage Crash,01/16/2024 04:40:00 PM,,Municipality Route,Unknown,Lane 1,1,East,21.03,FEET,Level,FIRSTFIELD RD (EB/L),,,,,UNKNOWN,Front to Front,Clear,Wet,Daylight,No Controls,"Not Suspect of Alcohol Use, Not Suspect of Drug Use, Unknown, Unknown",,Motor Vehicle In Transport,,Non-Junction,,Straight,,Not Divided,39.14499195,-77.22281799,"(39.14499195, -77.22281799)"
MCP3360000J,230031984,Montgomery County Police,Property Damage Crash,07/06/2023 07:54:00 AM,Yes,County,West,,1,East,400,FEET,LEVEL,HADLEY FARMS DR,FILBERT DR,,N/A,,UNKNOWN,SINGLE VEHICLE,CLEAR,DRY,DAYLIGHT,NO CONTROLS,UNKNOWN,,N/A,N/A,N/A,N/A,CURVE LEFT,NO DEFECTS,"TWO-WAY, NOT DIVIDED",39.18085949,-77.15699585,"(39.18085949, -77.15699585)"
MCP3296001T,230027820,Montgomery County Police,Property Damage Crash,06/09/2023 06:02:00 PM,No,US (State),East,CROSSOVER AREA,2,North,0,FEET,LEVEL,COLUMBIA PIKE,BLACKBURN RD,,N/A,,DRIVER,HEAD ON LEFT TURN,N/A,DRY,DAYLIGHT,TRAFFIC SIGNAL,NONE DETECTED,,OTHER VEHICLE,N/A,INTERSECTION,FOUR-WAY INTERSECTION,STRAIGHT,NO DEFECTS,"TWO-WAY, NOT DIVIDED",39.1043945,-76.93303333,"(39.1043945, -76.93303333)"
MCP2764003H,240037511,MONTGOMERY,Injury Crash,08/08/2024 08:45:00 PM,Yes,County Route,Eastbound,Lane 1,1,West,0,FEET,Level,MANOR RD,CONNECTICUT AVE,,,Pedestrian,UNKNOWN,Single Vehicle,Rain,Wet,Dark - Lighted,Pedestrian Crossing,"Unknown, Unknown","Not Suspect of Alcohol Use, Not Suspect of Drug Use",Pedestrian,,Intersection or Related,Perpendicular,Straight,Unknown,Not Divided,38.99612451,-77.07707977,"(38.99612451, -77.07707977)"
MCP2607002N,170519601,Montgomery County Police,Property Damage Crash,07/17/2017 05:11:00 PM,No,County,West,RIGHT TURN LANE,2,West,40,FEET,LEVEL,RAILROAD ST,E DIAMOND AVE,,GAITHERSBURG,,DRIVER,STRAIGHT MOVEMENT ANGLE,RAINING,WET,DAYLIGHT,NO CONTROLS,NONE DETECTED,,OTHER VEHICLE,OTHER VEHICLE,NON INTERSECTION,N/A,STRAIGHT,N/A,"TWO-WAY, DIVIDED, UNPROTECTED PAINTED MIN 4 FEET",39.13886,-77.17965333,"(39.13886, -77.17965333)"
MCP3045002H,190043361,Montgomery County Police,Property Damage Crash,09/10/2019 02:51:00 PM,No,County,South,,2,South,400,FEET,LEVEL,ROCKLEDGE DR,DEMOCRACY BLVD,,N/A,,DRIVER,SAME DIRECTION SIDESWIPE,CLEAR,DRY,DAYLIGHT,NO CONTROLS,NONE DETECTED,,OTHER VEHICLE,PARKED VEHICLE,N/A,N/A,STRAIGHT,NO DEFECTS,"TWO-WAY, DIVIDED, POSITIVE MEDIAN BARRIER",39.02443,-77.13268167,"(39.02443, -77.13268167)"
MCP1221003X,170530270,Montgomery County Police,Injury Crash,09/13/2017 06:54:00 AM,No,County,North,,2,North,0,FEET,LEVEL,MONTGOMERY VILLAGE AVE,MIDCOUNTY HWY,,N/A,,DRIVER,HEAD ON LEFT TURN,RAINING,WET,DAWN,TRAFFIC SIGNAL,NONE DETECTED,,OTHER VEHICLE,N/A,INTERSECTION,T-INTERSECTION,STRAIGHT,NO DEFECTS,"TWO-WAY, DIVIDED, POSITIVE MEDIAN BARRIER",39.16023833,-77.20206167,"(39.16023833, -77.20206167)"
MCP2719000L,15038443,MONTGOMERY,Injury Crash,08/03/2015 12:01:00 PM,No,County,South,,2,West,0,FEET,LEVEL,NORWOOD RD,NEW HAMPSHIRE AVE,,N/A,,DRIVER,OTHER,CLEAR,DRY,DAYLIGHT,TRAFFIC SIGNAL,NONE DETECTED,,OTHER VEHICLE,OTHER VEHICLE,INTERSECTION,T-INTERSECTION,STRAIGHT,NO DEFECTS,"TWO-WAY, DIVIDED, POSITIVE MEDIAN BARRIER",39.10594667,-77.00149667,"(39.10594667, -77.00149667)"
MCP3009000C,16018735,Montgomery County Police,Property Damage Crash,04/17/2016 09:15:00 PM,Yes,,,,,,0,,,,,"SENOR TEQUILA'S
PARKING LOT
20021 CENTURY BLVD GERMANTOWN, MD 20874",,,DRIVER,OTHER,N/A,,DARK LIGHTS ON,NO CONTROLS,N/A,,PARKED VEHICLE,N/A,,,,,,39.18368667,-77.25942667,"(39.18368667, -77.25942667)"
MCP3018003Z,210010768,Montgomery County Police,Property Damage Crash,03/22/2021 03:00:00 PM,No,,,,,,,,,,,PARKING LOT OF WHEATON PLAZA,,,DRIVER,SAME DIRECTION SIDESWIPE,CLEAR,,DAYLIGHT,NO CONTROLS,NONE DETECTED,,PARKED VEHICLE,N/A,,,,,,39.03736168,-77.05675342,"(39.03736168, -77.05675342)"
MCP3031006B,240058911,MONTGOMERY,Injury Crash,12/09/2024 06:00:00 PM,No,County Route,Eastbound,Lane 2,2,North,0,FEET,Level,BONIFANT RD,CATOCTIN DR,,,Pedestrian,NONMOTORIST,Single Vehicle,Clear,Wet,Dark - Lighted,No Controls,"Not Suspect of Alcohol Use, Not Suspect of Drug Use","Not Suspect of Alcohol Use, Not Suspect of Drug Use",Pedestrian,,Intersection or Related,Perpendicular,Straight,No Defects,Not Divided,39.09092059,-77.0437445,"(39.09092059, -77.0437445)"
MCP3123007P,250001057,MONTGOMERY,Property Damage Crash,01/09/2025 08:00:00 AM,,Maryland (State) Route,Southbound,"Acceleration Lane, Shoulder Area",3,East,17.83,FEET,Downhill,VEIRS MILL RD,,,,,UNKNOWN,"Sideswipe, Same Direction",Clear,Dry,Daylight,No Controls,"Not Suspect of Alcohol Use, Not Suspect of Drug Use, Unknown, Unknown",,Motor Vehicle In Transport,,"Other Location Not Listed Above Within an Interchange Area (median,
shoulder and roadside)",,Straight,No Defects,"Divided, Raised Median (curbed)",39.07314167,-77.11156167,"(39.07314167, -77.11156167)"
MCP3010004W,190060262,Montgomery County Police,Injury Crash,12/14/2019 10:05:00 AM,No,Maryland (State),North,,3,North,0,FEET,LEVEL,OLD GEORGETOWN RD,ENT TO WILDWOOD SHOPPING CENTER,,N/A,,UNKNOWN,STRAIGHT MOVEMENT ANGLE,RAINING,WET,DAYLIGHT,TRAFFIC SIGNAL,N/A,,OTHER VEHICLE,N/A,INTERSECTION,FOUR-WAY INTERSECTION,STRAIGHT,NO DEFECTS,"TWO-WAY, DIVIDED, POSITIVE MEDIAN BARRIER",39.02521,-77.125425,"(39.02521, -77.125425)"
MCP29710008,15018754,Montgomery County Police,Injury Crash,04/21/2015 05:46:00 PM,No,Maryland (State),North,,2,North,100,FEET,LEVEL,PINEY BRANCH RD,SILVER SPRING AVE,,N/A,,DRIVER,SAME DIR REAR END,CLEAR,DRY,DAYLIGHT,NO CONTROLS,NONE DETECTED,,OTHER VEHICLE,OTHER VEHICLE,NON INTERSECTION,N/A,STRAIGHT,NO DEFECTS,"TWO-WAY, NOT DIVIDED",38.99225454,-77.00973988,"(38.99225454, -77.00973988)"
MCP2291007D,240000769,MONTGOMERY,Injury Crash,01/05/2024 02:22:00 PM,No,County Route,Northbound,Lane 1,2,East,0,FEET,Level,,LONE OAK DR,,,,UNKNOWN,Angle,Clear,Dry,Daylight,"No Controls, Stop Sign","Not Suspect of Alcohol Use, Not Suspect of Drug Use, Not Suspect of Alcohol Use, Not Suspect of Drug Use",,Motor Vehicle In Transport,Not Applicable,Intersection or Related,Perpendicular,Straight,,Not Divided,39.019786,-77.13439763,"(39.019786, -77.13439763)"