Report Number,Local Case Number,Agency Name,ACRS Report Type,Crash Date/Time,Hit/Run,Route Type,Lane Direction,Lane Type,Number of Lanes,Direction,Distance,Distance Unit,Road Grade,Road Name,Cross-Street Name,Off-Road Description,Municipality,Related Non-Motorist,At Fault,Collision Type,Weather,Surface Condition,Light,Traffic Control,Driver Substance Abuse,Non-Motorist Substance Abuse,First Harmful Event,Second Harmful Event,Junction,Intersection Type,Road Alignment,Road Condition,Road Division,Latitude,Longitude,Location
MCP29280022,170550454,Montgomery County Police,Property Damage Crash,12/23/2017 10:01:00 PM,No,US (State),North,,3,South,15,FEET,LEVEL,COLUMBIA PIKE,STEWART LA,,N/A,,DRIVER,SAME DIR REAR END,CLEAR,N/A,DARK LIGHTS ON,NO CONTROLS,NONE DETECTED,,OTHER VEHICLE,OTHER VEHICLE,NON INTERSECTION,N/A,STRAIGHT,NO DEFECTS,"TWO-WAY, DIVIDED, POSITIVE MEDIAN BARRIER",39.04765833,-76.98492167,"(39.04765833, -76.98492167)"
MCP3280004F,230071615,Montgomery County Police,Injury Crash,12/14/2023 06:15:00 AM,No,US (State),South,,4,South,300,FEET,LEVEL,COLUMBIA PIKE,FAIRLAND RD,,N/A,,DRIVER,SAME DIR REAR END,CLEAR,DRY,DARK NO LIGHTS,NO CONTROLS,NONE DETECTED,,OTHER VEHICLE,N/A,NON INTERSECTION,N/A,STRAIGHT,NO DEFECTS,"TWO-WAY, DIVIDED, POSITIVE MEDIAN BARRIER",39.071487,-76.95714667,"(39.071487, -76.95714667)"
MCP1580006F,16056087,Montgomery County Police,Injury Crash,10/31/2016 03:28:00 PM,No,Municipality,North,,2,South,300,FEET,LEVEL,CHRISTOPHER AVE,RUSSELL AVE,,GAITHERSBURG,,DRIVER,STRAIGHT MOVEMENT ANGLE,CLEAR,DRY,DAYLIGHT,STOP SIGN,NONE DETECTED,,OTHER VEHICLE,FIXED OBJECT,COMMERCIAL DRIVEWAY,T-INTERSECTION,STRAIGHT,NO DEFECTS,"TWO-WAY, DIVIDED, POSITIVE MEDIAN BARRIER",39.15709333,-77.21442833,"(39.15709333, -77.21442833)"
MCP29230087,220042485,Montgomery County Police,Injury Crash,09/29/2022 01:06:00 PM,No,Maryland (State),North,,3,South,500,FEET,LEVEL,GEORGIA AVE,REEDIE DR,,N/A,,DRIVER,SAME DIR REAR END,CLEAR,DRY,DAYLIGHT,NO CONTROLS,NONE DETECTED,,OTHER VEHICLE,OTHER VEHICLE,NON INTERSECTION,N/A,STRAIGHT,NO DEFECTS,"TWO-WAY, DIVIDED, POSITIVE MEDIAN BARRIER",39.03761667,-77.05036,"(39.03761667, -77.05036)"
MCP31640063,220035951,Montgomery County Police,Property Damage Crash,08/20/2022 10:10:00 AM,No,County,West,,1,West,50,FEET,LEVEL,FLORAL ST,CENTERHILL ST,,N/A,,DRIVER,SAME DIRECTION SIDESWIPE,N/A,DRY,DAYLIGHT,NO CONTROLS,NONE DETECTED,,OTHER VEHICLE,N/A,NON INTERSECTION,N/A,STRAIGHT,NO DEFECTS,"TWO-WAY, NOT DIVIDED",39.05411435,-77.03647337,"(39.05411435, -77.03647337)"
MCP22370009,16017399,Montgomery County Police,Property Damage Crash,04/09/2016 06:20:00 PM,No,,,,,,0,,,,,IN FRONT OF 2575 ENNALS AVE (PARKING LOT),,,DRIVER,SINGLE VEHICLE,CLOUDY,,DAYLIGHT,N/A,N/A,,FIXED OBJECT,N/A,,,,,,39.03956167,-77.05411333,"(39.03956167, -77.05411333)"
MCP3225004Z,240050230,MONTGOMERY,Property Damage Crash,10/20/2024 07:45:00 PM,No,County Route,Eastbound,Lane 1,1,North,0,FEET,Uphill,BARBARA RD,COLIE DR,,,,DRIVER,"Sideswipe, Same Direction",Clear,Dry,Dark - Lighted,No Controls,"Not Suspect of Alcohol Use, Not Suspect of Drug Use, Suspect of Alcohol Use, Not Suspect of Drug Use",,Motor Vehicle In Transport,"Other Fixed Object (wall, building, tunnel, etc.)",Intersection or Related,Perpendicular,Straight,No Defects,Not Divided,39.0582055,-77.08204817,"(39.0582055, -77.08204817)"
EJ785600BK,220035409,Gaithersburg Police Depar,Property Damage Crash,08/16/2022 08:02:00 PM,No,Municipality,East,,3,North,100,FEET,HILL UPHILL,PERRY PKWY,SPUR TO MD 355,,N/A,,DRIVER,STRAIGHT MOVEMENT ANGLE,CLEAR,DRY,DUSK,STOP SIGN,N/A,,OTHER VEHICLE,N/A,COMMERCIAL DRIVEWAY,T-INTERSECTION,STRAIGHT,NO DEFECTS,"TWO-WAY, DIVIDED, POSITIVE MEDIAN BARRIER",39.1499596,-77.2093409,"(39.1499596, -77.2093409)"
MCP3179000N,190025487,Montgomery County Police,Injury Crash,05/29/2019 03:15:00 AM,No,County,East,,1,East,30,FEET,LEVEL,MCCOMAS AVE,BENTLEY LA,,N/A,,DRIVER,SINGLE VEHICLE,CLEAR,DRY,DARK NO LIGHTS,N/A,ALCOHOL PRESENT,,FIXED OBJECT,N/A,NON INTERSECTION,N/A,STRAIGHT,NO DEFECTS,"TWO-WAY, NOT DIVIDED",39.032825,-77.061576,"(39.032825, -77.061576)"
MCP3031002Y,180062582,Montgomery County Police,Property Damage Crash,12/14/2018 10:20:00 PM,No,County,West,LEFT TURN LANE,3,East,0,FEET,LEVEL,RANDOLPH RD,GLENMONT CIR #1,,N/A,,DRIVER,SINGLE VEHICLE,RAINING,WET,DARK LIGHTS ON,TRAFFIC SIGNAL,NONE DETECTED,,FIXED OBJECT,N/A,INTERSECTION,FOUR-WAY INTERSECTION,STRAIGHT,NO DEFECTS,"TWO-WAY, DIVIDED, POSITIVE MEDIAN BARRIER",39.058885,-77.04761667,"(39.058885, -77.04761667)"
MCP2300000J,170511234,Montgomery County Police,Injury Crash,06/01/2017 11:08:00 AM,No,County,North,,1,East,25,FEET,LEVEL,KENTBURY DR,NEWDALE RD,,N/A,,DRIVER,SINGLE VEHICLE,CLEAR,DRY,DARK LIGHTS ON,N/A,ALCOHOL CONTRIBUTED,,OTHER OBJECT,N/A,INTERSECTION RELATED,T-INTERSECTION,STRAIGHT,NO DEFECTS,"TWO-WAY, NOT DIVIDED",38.99083333,-77.08440833,"(38.99083333, -77.08440833)"
MCP2055000L,15035859,MONTGOMERY,Property Damage Crash,07/22/2015 09:30:00 AM,No,,,,,,,,,,,"Abandoned Auto Parking lot, 305 Metropolitan Grove Road Gaithersburg MD 20878",,OTHER,NONMOTORIST,N/A,CLEAR,,DAYLIGHT,N/A,,NONE DETECTED,PARKED VEHICLE,N/A,,,,,,39.14896648,-77.22641945,"(39.14896648, -77.22641945)"
MCP23850008,15015606,Montgomery County Police,Property Damage Crash,04/04/2015 10:18:00 PM,No,Ramp,North,ON RAMP,1,North,0,MILE,LEVEL,RAMP 4 FR IS 270 NB TO RIDGE RD EB,RIDGE RD,,N/A,,DRIVER,SAME DIR REAR END,CLEAR,DRY,DARK LIGHTS ON,NO CONTROLS,NONE DETECTED,,OTHER VEHICLE,N/A,INTERCHANGE RELATED,Y-INTERSECTION,STRAIGHT,NO DEFECTS,ONE-WAY TRAFFICWAY,39.19698667,-77.26010667,"(39.19698667, -77.26010667)"
MCP29020064,230025043,Montgomery County Police,Property Damage Crash,05/25/2023 09:37:00 AM,No,County,North,,2,East,10,FEET,LEVEL,STEEPLE RD,HOPKINS RD,,N/A,,DRIVER,SAME DIRECTION SIDESWIPE,CLEAR,DRY,DAYLIGHT,NO CONTROLS,N/A,,OTHER VEHICLE,N/A,N/A,N/A,STRAIGHT,NO DEFECTS,"TWO-WAY, NOT DIVIDED",39.17074167,-77.289085,"(39.17074167, -77.289085)"
MCP33500013,230052223,Montgomery County Police,Property Damage Crash,08/30/2023 01:10:00 PM,No,Maryland (State),East,,2,East,0,FEET,LEVEL,MONTGOMERY AVE,PEARL ST,,N/A,,DRIVER,STRAIGHT MOVEMENT ANGLE,CLEAR,DRY,DAYLIGHT,TRAFFIC SIGNAL,NONE DETECTED,,OTHER VEHICLE,N/A,INTERSECTION,OTHER,STRAIGHT,NO DEFECTS,"TWO-WAY, DIVIDED, UNPROTECTED PAINTED MIN 4 FEET",38.98365,-77.09195,"(38.98365, -77.09195)"
DM84800012,220044547,Takoma Park Police Depart,Property Damage Crash,10/12/2022 02:42:00 AM,No,Municipality,South,,3,North,0,FEET,LEVEL,GLENSIDE DR,NEW HAMPSHIRE AVE,,N/A,,DRIVER,STRAIGHT MOVEMENT ANGLE,CLEAR,DRY,DARK LIGHTS ON,TRAFFIC SIGNAL,"NONE DETECTED, UNKNOWN",,OTHER VEHICLE,OTHER VEHICLE,INTERSECTION,FOUR-WAY INTERSECTION,STRAIGHT,NO DEFECTS,"TWO-WAY, DIVIDED, POSITIVE MEDIAN BARRIER",38.981755,-76.98887833,"(38.981755, -76.98887833)"
MCP2270004R,250019207,MONTGOMERY,Property Damage Crash,05/02/2025 11:10:00 AM,No,Maryland (State) Route,Southbound,"Crossover Area, Lane 3",3,East,0,FEET,Level,OLD GEORGETOWN RD (SB/L),GREENTREE RD,,,,DRIVER,Angle,Clear,Dry,Daylight,Traffic Control Signal,"Not Suspect of Alcohol Use, Not Suspect of Drug Use, Not Suspect of Alcohol Use, Not Suspect of Drug Use",,Motor Vehicle In Transport,,Intersection or Related,Angled/Skewed,Straight,No Defects,"Divided, Raised Median (curbed)",39.00015049,-77.10993223,"(39.00015049, -77.10993223)"
MCP3004000V,16052515,Montgomery County Police,Property Damage Crash,10/12/2016 04:54:00 PM,No,County,South,,2,North,5,FEET,LEVEL,MACARTHUR BLVD,BELFAST RD,,N/A,,DRIVER,SAME DIR REAR END,CLEAR,DRY,DAYLIGHT,N/A,NONE DETECTED,,OTHER VEHICLE,N/A,INTERSECTION RELATED,T-INTERSECTION,STRAIGHT,NO DEFECTS,"TWO-WAY, DIVIDED, UNPROTECTED PAINTED MIN 4 FEET",38.98867399,-77.22574621,"(38.98867399, -77.22574621)"
MCP3139000R,180046022,Montgomery County Police,Injury Crash,09/14/2018 08:50:00 PM,No,US (State),North,,3,North,0,FEET,HILL UPHILL,COLUMBIA PIKE,LOCKWOOD DR,,N/A,,DRIVER,OTHER,N/A,N/A,DARK NO LIGHTS,TRAFFIC SIGNAL,N/A,,OTHER VEHICLE,OTHER VEHICLE,N/A,T-INTERSECTION,STRAIGHT,NO DEFECTS,"TWO-WAY, DIVIDED, POSITIVE MEDIAN BARRIER",39.03362333,-77.00232167,"(39.03362333, -77.00232167)"
MCP3085005C,240055372,MONTGOMERY,Injury Crash,11/18/2024 07:32:00 PM,No,Bicycle Route,Northbound,Left Turn Lane,2,East,18.3,FEET,Level,,,,,,UNKNOWN,"Sideswipe, Same Direction",Clear,Dry,Dark - Lighted,No Controls,"Not Suspect of Alcohol Use, Not Suspect of Drug Use, Not Suspect of Alcohol Use, Not Suspect of Drug Use",,Motor Vehicle In Transport,,Non-Junction,,Curve Right,No Defects,Not Divided,38.99988667,-77.19999333,"(38.99988667, -77.19999333)"
MCP2671003B,220042882,Montgomery County Police,Property Damage Crash,10/01/2022 08:45:00 PM,Yes,County,West,SHOULDER AREA,1,West,50,FEET,GRADE DOWNHILL,SPRING ST,FIRST AVE,,N/A,,DRIVER,SAME DIR REAR END,RAINING,WET,DARK LIGHTS ON,NO CONTROLS,N/A,,PARKED VEHICLE,PARKED VEHICLE,NON INTERSECTION,N/A,STRAIGHT,NO DEFECTS,"TWO-WAY, DIVIDED, POSITIVE MEDIAN BARRIER",38.99850242,-77.03358065,"(38.99850242, -77.03358065)"
MCP2717002J,15046890,MONTGOMERY,Property Damage Crash,09/16/2015 12:00:00 PM,No,Maryland (State),West,,2,West,200,FEET,LEVEL,RIVER RD,BRAEBURN PKWY,,N/A,,DRIVER,SAME DIR REAR END,CLEAR,DRY,DAYLIGHT,NO CONTROLS,NONE DETECTED,,OTHER VEHICLE,N/A,NON INTERSECTION,N/A,STRAIGHT,NO DEFECTS,"TWO-WAY, DIVIDED, POSITIVE MEDIAN BARRIER",39.10483833,-76.94985,"(39.10483833, -76.94985)"
MCP31630011,180057718,Montgomery County Police,Property Damage Crash,11/17/2018 01:39:00 PM,No,County,South,,1,North,100,FEET,LEVEL,NORFOLK AVE,ST ELMO AVE,,N/A,,DRIVER,SAME DIRECTION LEFT TURN,CLEAR,DRY,DAYLIGHT,NO CONTROLS,NONE DETECTED,,OTHER VEHICLE,N/A,N/A,N/A,STRAIGHT,NO DEFECTS,"TWO-WAY, NOT DIVIDED",38.98825,-77.097915,"(38.98825, -77.097915)"
MCP2771003L,240016490,MONTGOMERY,Injury Crash,04/09/2024 10:52:00 AM,No,Other Public Roadway,"Eastbound, Northbound, Westbound","Lane 1, Left Turn Lane",2,West,0,FEET,"Level, Uphill",NORBECK BLVD,NORBECK RD,,,,UNKNOWN,Rear To Side,Cloudy,Dry,Daylight,Traffic Control Signal,"Not Suspect of Alcohol Use, Not Suspect of Drug Use, Not Suspect of Alcohol Use, Not Suspect of Drug Use, Not Suspect of Alcohol Use, Not Suspect of Drug Use",,Motor Vehicle In Transport,Motor Vehicle In Transport,Intersection or Related,Perpendicular,Straight,No Defects,"Divided, Raised Median (curbed), Not Divided",39.11248204,-77.07010524,"(39.11248204, -77.07010524)"
MCP2964003F,190009024,Montgomery County Police,Property Damage Crash,02/25/2019 05:27:00 PM,No,Maryland (State),North,LEFT TURN LANE,2,North,0,FEET,LEVEL,GREAT SENECA HWY,DAWSON FARM RD,,N/A,,DRIVER,SAME DIR REAR END,CLEAR,DRY,DAYLIGHT,TRAFFIC SIGNAL,NONE DETECTED,,OTHER VEHICLE,N/A,INTERSECTION RELATED,FOUR-WAY INTERSECTION,STRAIGHT,NO DEFECTS,"TWO-WAY, DIVIDED, POSITIVE MEDIAN BARRIER",39.16627667,-77.27142,"(39.16627667, -77.27142)"
MCP2402000N,200031856,Montgomery County Police,Injury Crash,08/15/2020 04:00:00 PM,No,County,North,,1,North,0,FEET,LEVEL,OMEGA DR,KEY WEST AVE,,N/A,BICYCLIST,DRIVER,STRAIGHT MOVEMENT ANGLE,CLEAR,DRY,DAYLIGHT,TRAFFIC SIGNAL,N/A,N/A,BICYCLE,PEDESTRIAN,INTERSECTION,FOUR-WAY INTERSECTION,STRAIGHT,NO DEFECTS,"TWO-WAY, DIVIDED, POSITIVE MEDIAN BARRIER",39.10562833,-77.19711833,"(39.10562833, -77.19711833)"
MCP3063000L,180004146,Montgomery County Police,Property Damage Crash,01/24/2015 05:33:00 PM,Yes,County,East,,2,West,300,FEET,LEVEL,JONES BRIDGE RD,CONNECTICUT AVE,,N/A,,DRIVER,SAME DIR REAR END,CLEAR,DRY,N/A,TRAFFIC SIGNAL,"N/A, UNKNOWN",,OTHER VEHICLE,N/A,N/A,FOUR-WAY INTERSECTION,STRAIGHT,N/A,"TWO-WAY, DIVIDED, POSITIVE MEDIAN BARRIER",38.99991434,-77.07780227,"(38.99991434, -77.07780227)"
MCP2043000Q,16052582,Montgomery County Police,Property Damage Crash,10/11/2016 05:00:00 PM,Yes,,,,,,0,,,,,PARKING LOT OF THE GIANT FOODSTORE AT 20044 GOSHEN RD. MONTGOMERY VILLAGE MD 20886,,,DRIVER,OTHER,CLOUDY,,DAYLIGHT,N/A,UNKNOWN,,PARKED VEHICLE,N/A,,,,,,39.18615333,-77.18846167,"(39.18615333, -77.18846167)"
MCP2788002M,220016222,Montgomery County Police,Property Damage Crash,04/16/2022 10:40:00 PM,No,County,West,,1,West,50,FEET,HILL UPHILL,PLYERS MILL RD,HUTTING PL,,N/A,,DRIVER,OTHER,CLEAR,DRY,DARK LIGHTS ON,NO CONTROLS,ALCOHOL PRESENT,,PARKED VEHICLE,N/A,N/A,N/A,STRAIGHT,NO DEFECTS,"TWO-WAY, NOT DIVIDED",39.02930139,-77.05337878,"(39.02930139, -77.05337878)"
MCP1221001B,15046149,MONTGOMERY,Injury Crash,09/14/2015 10:18:00 AM,No,County,North,,3,North,0,FEET,LEVEL,SHADY GROVE RD,FREDERICK RD,,N/A,,DRIVER,STRAIGHT MOVEMENT ANGLE,CLEAR,DRY,DAYLIGHT,TRAFFIC SIGNAL,NONE DETECTED,,OTHER VEHICLE,OTHER VEHICLE,INTERSECTION,FOUR-WAY INTERSECTION,STRAIGHT,NO DEFECTS,"TWO-WAY, DIVIDED, POSITIVE MEDIAN BARRIER",39.12284167,-77.179015,"(39.12284167, -77.179015)"
EJ7856004C,170550549,Gaithersburg Police Depar,Property Damage Crash,12/24/2017 03:17:00 PM,Yes,Maryland (State),East,,3,South,100,FEET,LEVEL,MONTGOMERY VILLAGE AVE,SPUR FR RUSSELL AVE,,N/A,,DRIVER,SAME DIR REAR END,CLEAR,DRY,DAYLIGHT,TRAFFIC SIGNAL,N/A,,OTHER VEHICLE,N/A,INTERSECTION RELATED,FOUR-WAY INTERSECTION,STRAIGHT,NO DEFECTS,"TWO-WAY, DIVIDED, POSITIVE MEDIAN BARRIER",39.15414151,-77.20968246,"(39.15414151, -77.20968246)"
EJ7854000Z,16041213,Gaithersburg Police Depar,Property Damage Crash,08/14/2016 11:30:00 AM,Yes,,,,,,0,,,,,8 FEDERAL COURT GAITHERSBURG MD,,,DRIVER,OTHER,CLEAR,,DARK LIGHTS ON,NO CONTROLS,UNKNOWN,,PARKED VEHICLE,PARKED VEHICLE,,,,,,39.14286333,-77.18076667,"(39.14286333, -77.18076667)"
MCP29710026,16063097,Montgomery County Police,Injury Crash,12/08/2016 07:45:00 PM,No,County,West,,2,East,0,FEET,LEVEL,BRIGGS CHANEY RD,RAMP 1 FR US29 NB TO BRIGGS CHANEY RD WB,,N/A,,UNKNOWN,STRAIGHT MOVEMENT ANGLE,N/A,DRY,DARK LIGHTS ON,TRAFFIC SIGNAL,NONE DETECTED,,OTHER VEHICLE,N/A,INTERSECTION,OTHER,STRAIGHT,NO DEFECTS,"TWO-WAY, DIVIDED, POSITIVE MEDIAN BARRIER",39.08304311,-76.94816038,"(39.08304311, -76.94816038)"
MCP2764001K,170546307,Montgomery County Police,Property Damage Crash,12/02/2017 11:15:00 PM,Yes,County,West,,2,West,100,FEET,HILL UPHILL,ENNALLS AVE,GRANDVIEW AVE,,N/A,,DRIVER,SAME DIR REAR END,CLEAR,DRY,DARK LIGHTS ON,NO CONTROLS,UNKNOWN,,PARKED VEHICLE,N/A,NON INTERSECTION,N/A,STRAIGHT,NO DEFECTS,"TWO-WAY, NOT DIVIDED",39.03995,-77.05312833,"(39.03995, -77.05312833)"
EJ7826002H,170527516,Gaithersburg Police Depar,Property Damage Crash,08/29/2017 10:11:00 AM,No,Maryland (State),North,,4,North,100,FEET,LEVEL,QUINCE ORCHARD RD,SPUR FR MD 355,,N/A,,DRIVER,SAME DIRECTION SIDESWIPE,RAINING,WET,DAYLIGHT,N/A,N/A,,OTHER VEHICLE,N/A,N/A,N/A,STRAIGHT,NO DEFECTS,"TWO-WAY, DIVIDED, POSITIVE MEDIAN BARRIER",39.15214167,-77.21273333,"(39.15214167, -77.21273333)"
MCP31630048,220011321,Montgomery County Police,Property Damage Crash,03/16/2022 03:30:00 PM,No,Maryland (State),North,,3,North,0,FEET,HILL UPHILL,ROCKVILLE PIKE,LOCUST HILL RD,,N/A,,DRIVER,SAME DIR REAR END,CLEAR,DRY,DAYLIGHT,NO CONTROLS,NONE DETECTED,,OTHER VEHICLE,N/A,NON INTERSECTION,N/A,STRAIGHT,NO DEFECTS,"TWO-WAY, DIVIDED, POSITIVE MEDIAN BARRIER",39.00683043,-77.09747846,"(39.00683043, -77.09747846)"
MCP3165002M,210011026,Montgomery County Police,Injury Crash,03/24/2021 07:35:00 AM,No,County,South,,3,North,0,FEET,LEVEL,OLD COLUMBIA PIKE,AVONSHIRE DR,,N/A,,DRIVER,HEAD ON LEFT TURN,RAINING,WET,DAWN,NO CONTROLS,NONE DETECTED,,OTHER VEHICLE,N/A,INTERSECTION,FOUR-WAY INTERSECTION,STRAIGHT,NO DEFECTS,"TWO-WAY, NOT DIVIDED",39.08327333,-76.95223833,"(39.08327333, -76.95223833)"
MCP2904007T,210002467,Montgomery County Police,Injury Crash,01/20/2021 12:15:00 PM,No,US (State),North,,3,South,0,FEET,LEVEL,COLESVILLE RD,NOYES DR,,N/A,,DRIVER,HEAD ON LEFT TURN,CLEAR,DRY,DAYLIGHT,NO CONTROLS,NONE DETECTED,,OTHER VEHICLE,N/A,N/A,T-INTERSECTION,STRAIGHT,NO DEFECTS,"TWO-WAY, NOT DIVIDED",39.00007333,-77.02569333,"(39.00007333, -77.02569333)"
MCP1522000K,15029251,Montgomery County Police,Property Damage Crash,06/16/2015 06:28:00 AM,No,Maryland (State),South,,1,North,20,FEET,LEVEL,RIDGE RD,DAMASCUS BLVD,,N/A,,DRIVER,SAME DIR REAR END,CLEAR,DRY,DAYLIGHT,NO CONTROLS,N/A,,OTHER VEHICLE,N/A,NON INTERSECTION,N/A,STRAIGHT,NO DEFECTS,"TWO-WAY, NOT DIVIDED",39.287585,-77.20692,"(39.287585, -77.20692)"
MCP23390069,210036104,Montgomery County Police,Property Damage Crash,09/13/2021 09:10:00 PM,No,County,North,,1,North,0.1,MILE,LEVEL,ARDENNES AVE,TWINBROOK PKWY,,N/A,,DRIVER,HEAD ON,CLEAR,DRY,DARK LIGHTS ON,NO CONTROLS,NONE DETECTED,,OTHER VEHICLE,N/A,N/A,T-INTERSECTION,STRAIGHT,NO DEFECTS,"TWO-WAY, NOT DIVIDED",39.06454667,-77.117405,"(39.06454667, -77.117405)"
MCP3263003S,230062529,Montgomery County Police,Property Damage Crash,10/25/2023 03:30:00 PM,No,Maryland (State),North,,3,South,50,FEET,LEVEL,WISCONSIN AVE,MIDDLETON LA,,N/A,,DRIVER,SAME DIRECTION LEFT TURN,CLEAR,DRY,DAYLIGHT,NO CONTROLS,NONE DETECTED,,OTHER VEHICLE,N/A,NON INTERSECTION,N/A,STRAIGHT,NO DEFECTS,"TWO-WAY, DIVIDED, POSITIVE MEDIAN BARRIER",38.98599333,-77.09456667,"(38.98599333, -77.09456667)"
MCP3021001C,170532651,Montgomery County Police,Property Damage Crash,09/23/2017 04:30:00 AM,No,,,,,,,,,,,IFO 1511 HEATHER HOLLOW CIRCLE APTS,,,DRIVER,SINGLE VEHICLE,CLEAR,,DARK LIGHTS ON,N/A,NONE DETECTED,,FIXED OBJECT,N/A,,,,,,39.04017167,-76.982165,"(39.04017167, -76.982165)"
MCP30220034,190054054,Montgomery County Police,Injury Crash,11/09/2019 03:41:00 PM,No,Maryland (State),West,,2,East,200,FEET,GRADE DOWNHILL,DAMASCUS RD,JARL DR,,N/A,,DRIVER,SINGLE VEHICLE,CLOUDY,DRY,DAYLIGHT,OTHER,N/A,,FIXED OBJECT,FIXED OBJECT,NON INTERSECTION,N/A,CURVE RIGHT,NO DEFECTS,"TWO-WAY, NOT DIVIDED",39.277915,-77.165765,"(39.277915, -77.165765)"
MCP2916000X,15045119,MONTGOMERY,Property Damage Crash,09/07/2015 03:19:00 PM,Yes,,,,,,,,,,,"Parking lot of 11311 Lockwood Drive Silver Spring, MD 20904",,,DRIVER,OTHER,CLEAR,,DAYLIGHT,NO CONTROLS,NONE DETECTED,,OTHER VEHICLE,N/A,,,,,,39.04008735,-76.98919281,"(39.04008735, -76.98919281)"
MCP2877004J,170544272,Montgomery County Police,Property Damage Crash,11/22/2017 10:00:00 AM,No,Maryland (State),South,,4,South,50,FEET,GRADE DOWNHILL,GEORGIA AVE,CAPITAL BELTWAY,,N/A,,DRIVER,SAME DIRECTION SIDESWIPE,CLEAR,DRY,DAYLIGHT,TRAFFIC SIGNAL,NONE DETECTED,,OTHER VEHICLE,N/A,N/A,N/A,STRAIGHT,NO DEFECTS,"TWO-WAY, DIVIDED, UNPROTECTED PAINTED MIN 4 FEET",39.01369833,-77.04221167,"(39.01369833, -77.04221167)"
MCP2954003W,170528361,Montgomery County Police,Property Damage Crash,09/02/2017 04:00:00 PM,Yes,,,,,,,,,,,8523 PINEY BRANCH RD TAKMA PARK MD 20901,,,DRIVER,OPPOSITE DIRECTION SIDESWIPE,RAINING,,DAYLIGHT,NO CONTROLS,"NONE DETECTED, UNKNOWN",,OTHER VEHICLE,N/A,,,,,,38.99815816,-77.00261593,"(38.99815816, -77.00261593)"
MCP91060033,230008429,Montgomery County Police,Property Damage Crash,02/19/2023 07:10:00 PM,No,County,West,,1,East,200,FEET,LEVEL,NEWCUT RD,FREDERICK RD,,N/A,,DRIVER,SINGLE VEHICLE,N/A,DRY,DARK NO LIGHTS,N/A,NONE DETECTED,,FIXED OBJECT,N/A,NON INTERSECTION,N/A,CURVE RIGHT,NO DEFECTS,"TWO-WAY, NOT DIVIDED",39.22196167,-77.259665,"(39.22196167, -77.259665)"
MCP9118002G,200051136,Montgomery County Police,Property Damage Crash,12/28/2020 11:53:00 PM,Yes,County,South,,1,North,100,FEET,GRADE DOWNHILL,SELFRIDGE RD,HIGHVIEW DR,,N/A,,DRIVER,SAME DIRECTION SIDESWIPE,CLEAR,DRY,DARK NO LIGHTS,NO CONTROLS,UNKNOWN,,PARKED VEHICLE,N/A,NON INTERSECTION,N/A,STRAIGHT,NO DEFECTS,"TWO-WAY, NOT DIVIDED",39.04990575,-77.07979171,"(39.04990575, -77.07979171)"
MCP32700025,230058209,Montgomery County Police,Property Damage Crash,10/03/2023 05:35:00 AM,No,US (State),South,,3,North,0,FEET,LEVEL,COLUMBIA PIKE,PRELUDE DR,,N/A,,DRIVER,SAME DIR REAR END,CLEAR,DRY,DARK LIGHTS ON,TRAFFIC SIGNAL,NONE DETECTED,,OTHER VEHICLE,N/A,INTERSECTION,T-INTERSECTION,STRAIGHT,NO DEFECTS,"TWO-WAY, DIVIDED, POSITIVE MEDIAN BARRIER",39.03928167,-76.99795333,"(39.03928167, -76.99795333)"
MCP93180019,200046986,Montgomery County Police,Injury Crash,11/28/2020 06:04:00 PM,No,US (State),South,,3,North,100,FEET,LEVEL,COLUMBIA PIKE,OAK LEAF DR,,N/A,,DRIVER,SAME DIR REAR END,CLEAR,DRY,DARK LIGHTS ON,TRAFFIC SIGNAL,NONE DETECTED,,OTHER VEHICLE,N/A,NON INTERSECTION,N/A,STRAIGHT,NO DEFECTS,"TWO-WAY, DIVIDED, POSITIVE MEDIAN BARRIER",39.04067837,-76.99554008,"(39.04067837, -76.99554008)"
MCP2717001M,15033804,MONTGOMERY,Property Damage Crash,07/10/2015 12:24:00 PM,No,,,,,,,,,,,Rear Parking Lot of Tilden Middle School (11211 Old Georgetown Road),,,DRIVER,OTHER,CLEAR,,DAYLIGHT,NO CONTROLS,NONE DETECTED,,PARKED VEHICLE,N/A,,,,,,39.03857167,-77.121225,"(39.03857167, -77.121225)"
EJ78730064,220045806,Gaithersburg Police Depar,Property Damage Crash,10/19/2022 07:29:00 AM,No,Municipality,South,,1,North,0,FEET,LEVEL,PARK AVE,LEE ST,,GAITHERSBURG,,DRIVER,ANGLE MEETS LEFT TURN,CLEAR,DRY,DAYLIGHT,STOP SIGN,NONE DETECTED,,OTHER VEHICLE,N/A,INTERSECTION,T-INTERSECTION,STRAIGHT,NO DEFECTS,"TWO-WAY, NOT DIVIDED",39.14483729,-77.19510281,"(39.14483729, -77.19510281)"
MCP2930005D,250021694,MONTGOMERY,Property Damage Crash,05/16/2025 05:00:00 PM,No,County Route,"Eastbound, Westbound",Lane 1,1,East,41.51,FEET,Level,WENDY LA,,,,,UNKNOWN,"Sideswipe, Opposite Direction",Clear,Wet,Daylight,No Controls,"Not Suspect of Alcohol Use, Not Suspect of Drug Use",,Parked Vehicle,,Non-Junction,,Straight,No Defects,Not Divided,39.0789252,-77.075849,"(39.0789252, -77.075849)"