Report Number,Local Case Number,Agency Name,ACRS Report Type,Crash Date/Time,Hit/Run,Route Type,Lane Direction,Lane Type,Number of Lanes,Direction,Distance,Distance Unit,Road Grade,Road Name,Cross-Street Name,Off-Road Description,Municipality,Related Non-Motorist,At Fault,Collision Type,Weather,Surface Condition,Light,Traffic Control,Driver Substance Abuse,Non-Motorist Substance Abuse,First Harmful Event,Second Harmful Event,Junction,Intersection Type,Road Alignment,Road Condition,Road Division,Latitude,Longitude,Location
MCP302600C6,230072327,Montgomery County Police,Property Damage Crash,12/18/2023 09:01:00 AM,No,,,,,,,,,,,PARKING LOT AND BUS DROP OFF LANE OF 5701 GROSVENOR LANE,,,DRIVER,SAME DIRECTION RIGHT TURN,CLEAR,,DAYLIGHT,NO CONTROLS,NONE DETECTED,,PARKED VEHICLE,N/A,,,,,,39.02265767,-77.11451517,"(39.02265767, -77.11451517)"
MCP32080046,230015604,Montgomery County Police,Injury Crash,04/01/2023 03:14:00 AM,Yes,County,East,,1,East,100,FEET,HILL CREST,FENTON ST,SLIGO AVE,,N/A,,DRIVER,SAME DIR REAR END,RAINING,WET,DARK LIGHTS ON,NO CONTROLS,UNKNOWN,,OTHER VEHICLE,N/A,NON INTERSECTION,N/A,STRAIGHT,NO DEFECTS,"TWO-WAY, NOT DIVIDED",38.99052667,-77.02400333,"(38.99052667, -77.02400333)"
MCP29680046,220003539,Montgomery County Police,Property Damage Crash,01/27/2022 09:07:00 AM,No,County,North,,1,East,5,FEET,LEVEL,MARSEILLE DR,ROUEN LA,,N/A,,DRIVER,SINGLE VEHICLE,CLEAR,DRY,DAYLIGHT,N/A,N/A,,OTHER OBJECT,FIXED OBJECT,N/A,N/A,STRAIGHT,NO DEFECTS,"TWO-WAY, NOT DIVIDED",39.041755,-77.189265,"(39.041755, -77.189265)"
MCP27610052,230069462,Montgomery County Police,Property Damage Crash,12/02/2023 11:29:00 AM,No,County,West,CROSSOVER AREA,1,West,0,FEET,LEVEL,MIDDLEBROOK RD,FATHER HURLEY BLVD,,N/A,,DRIVER,SAME DIR REAR END,CLEAR,DRY,DAYLIGHT,NO CONTROLS,NONE DETECTED,,OTHER VEHICLE,N/A,INTERCHANGE RELATED,Y-INTERSECTION,CURVE RIGHT,NO DEFECTS,"TWO-WAY, DIVIDED, POSITIVE MEDIAN BARRIER",39.18428317,-77.27340483,"(39.18428317, -77.27340483)"
EJ7856005P,180047550,Gaithersburg Police Depar,Property Damage Crash,09/23/2018 01:49:00 PM,No,Municipality,South,,2,North,0,FEET,LEVEL,RUSSELL AVE,CHRISTOPHER AVE,,GAITHERSBURG,,DRIVER,ANGLE MEETS LEFT TURN,RAINING,WET,DAYLIGHT,TRAFFIC SIGNAL,N/A,,OTHER VEHICLE,N/A,INTERSECTION,FOUR-WAY INTERSECTION,STRAIGHT,NO DEFECTS,"TWO-WAY, DIVIDED, POSITIVE MEDIAN BARRIER",39.15760667,-77.21377167,"(39.15760667, -77.21377167)"
MCP2635007J,220041497,Montgomery County Police,Injury Crash,09/23/2022 02:47:00 PM,No,County,South,,2,North,0,FEET,HILL CREST,WOODWELL RD,WOODWELL TERR,,N/A,PEDESTRIAN,DRIVER,OTHER,CLEAR,DRY,DAYLIGHT,STOP SIGN,N/A,N/A,PEDESTRIAN,N/A,INTERSECTION,FOUR-WAY INTERSECTION,STRAIGHT,HOLES RUTS ETC,"TWO-WAY, NOT DIVIDED",39.08707833,-77.03712667,"(39.08707833, -77.03712667)"
MCP2981004B,250032319,MONTGOMERY,Property Damage Crash,07/19/2025 10:07:00 PM,No,County Route,Westbound,Lane 1,1,South,25.8,FEET,Level,CHEVY CHASE LAKE DR,,,,,UNKNOWN,Single Vehicle,Clear,Dry,Dark - Lighted,No Controls,"Not Suspect of Alcohol Use, Not Suspect of Drug Use",,"Other Fixed Object (wall, building, tunnel, etc.)",Concrete Traffic Barrier,Through Roadway,,Straight,Holes Ruts Etc,Not Divided,38.99542333,-77.07243667,"(38.99542333, -77.07243667)"
MCP2939003M,190022092,Montgomery County Police,Property Damage Crash,05/10/2019 03:26:00 PM,No,Maryland (State),South,,1,North,20,FEET,LEVEL,GERMANTOWN RD,RICHTER FARM RD,,N/A,,DRIVER,SAME DIR REAR END,CLOUDY,WET,DAYLIGHT,TRAFFIC SIGNAL,"N/A, NONE DETECTED",,OTHER VEHICLE,N/A,INTERSECTION RELATED,FOUR-WAY INTERSECTION,STRAIGHT,NO DEFECTS,"TWO-WAY, DIVIDED, UNPROTECTED PAINTED MIN 4 FEET",39.15454833,-77.28698833,"(39.15454833, -77.28698833)"
MCP2843000M,15064990,MONTGOMERY,Property Damage Crash,12/19/2015 07:54:00 PM,No,Maryland (State),South,,3,North,0,FEET,LEVEL,FREDERICK RD,S WESTLAND DR,,GAITHERSBURG,,DRIVER,SAME DIR REAR END,CLEAR,N/A,DARK LIGHTS ON,TRAFFIC SIGNAL,NONE DETECTED,,OTHER VEHICLE,N/A,N/A,FOUR-WAY INTERSECTION,STRAIGHT,NO DEFECTS,"TWO-WAY, DIVIDED, POSITIVE MEDIAN BARRIER",39.12601122,-77.18291,"(39.12601122, -77.18291)"
MCP93010028,180019785,Montgomery County Police,Property Damage Crash,04/23/2018 07:30:00 AM,No,County,North,,4,North,0,FEET,LEVEL,OMEGA DR,MEDICAL CENTER DR (BACK),,N/A,,DRIVER,SAME DIRECTION SIDESWIPE,CLEAR,DRY,DAYLIGHT,NO CONTROLS,N/A,,OTHER VEHICLE,N/A,INTERSECTION,OTHER,STRAIGHT,NO DEFECTS,"TWO-WAY, DIVIDED, UNPROTECTED PAINTED MIN 4 FEET",39.10654833,-77.19603,"(39.10654833, -77.19603)"
MCP30550023,190022202,Montgomery County Police,Property Damage Crash,05/11/2019 05:30:00 AM,No,Maryland (State),South,,3,South,15,FEET,LEVEL,GEORGIA AVE,ASPEN HILL RD,,N/A,,DRIVER,ANGLE MEETS RIGHT TURN,CLEAR,WET,DARK LIGHTS ON,TRAFFIC SIGNAL,N/A,,OTHER VEHICLE,N/A,INTERSECTION RELATED,FOUR-WAY INTERSECTION,STRAIGHT,NO DEFECTS,"TWO-WAY, NOT DIVIDED",39.08009667,-77.07415,"(39.08009667, -77.07415)"
MCP2968004Z,230034062,Montgomery County Police,Property Damage Crash,07/17/2023 05:00:00 PM,Yes,Maryland (State),Unknown,,1,North,200,FEET,LEVEL,ROCKVILLE PIKE,BOU AVE,,N/A,,UNKNOWN,OTHER,CLEAR,DRY,DAYLIGHT,N/A,N/A,,OTHER VEHICLE,N/A,NON INTERSECTION,N/A,STRAIGHT,NO DEFECTS,N/A,39.057011,-77.11935386,"(39.057011, -77.11935386)"
EJ7863000M,16054451,Gaithersburg Police Depar,Property Damage Crash,10/22/2016 05:56:00 PM,No,Municipality,North,,2,North,25,FEET,LEVEL,S SUMMIT AVE,HUTTON ST,,GAITHERSBURG,,DRIVER,SAME DIR REAR END,CLEAR,N/A,DAYLIGHT,NO CONTROLS,NONE DETECTED,,OTHER VEHICLE,N/A,NON INTERSECTION,N/A,STRAIGHT,NO DEFECTS,"TWO-WAY, NOT DIVIDED",39.13968874,-77.19391108,"(39.13968874, -77.19391108)"
MCP31230016,190019489,Montgomery County Police,Property Damage Crash,04/26/2019 12:44:00 AM,No,Municipality,East,,1,West,0,FEET,LEVEL,W MONTGOMERY AVE,N VAN BUREN ST,,ROCKVILLE,,DRIVER,SINGLE VEHICLE,RAINING,WET,DARK LIGHTS ON,TRAFFIC SIGNAL,ALCOHOL PRESENT,,FIXED OBJECT,N/A,INTERSECTION,FOUR-WAY INTERSECTION,CURVE RIGHT,NO DEFECTS,"TWO-WAY, DIVIDED, POSITIVE MEDIAN BARRIER",39.08408833,-77.15644833,"(39.08408833, -77.15644833)"
MCP3199003X,220028078,Montgomery County Police,Injury Crash,06/30/2022 07:20:00 AM,No,Maryland (State),North,CROSSOVER AREA,3,North,0,FEET,LEVEL,GEORGIA AVE,HEATHFIELD RD,,N/A,,DRIVER,STRAIGHT MOVEMENT ANGLE,CLEAR,DRY,DAYLIGHT,TRAFFIC SIGNAL,NONE DETECTED,,OTHER VEHICLE,OTHER VEHICLE,INTERSECTION,FOUR-WAY INTERSECTION,STRAIGHT,NO DEFECTS,"TWO-WAY, DIVIDED, POSITIVE MEDIAN BARRIER",39.08723667,-77.079415,"(39.08723667, -77.079415)"
MCP2656004H,200004867,Montgomery County Police,Injury Crash,01/29/2020 08:15:00 PM,No,County,North,,2,North,0,FEET,LEVEL,RIDING STABLE RD,JERALD RD,,N/A,,DRIVER,HEAD ON LEFT TURN,N/A,DRY,DARK NO LIGHTS,N/A,N/A,,OTHER VEHICLE,N/A,INTERSECTION,FOUR-WAY INTERSECTION,STRAIGHT,NO DEFECTS,"TWO-WAY, NOT DIVIDED",39.11286167,-76.90527,"(39.11286167, -76.90527)"
MCP22030025,170544657,Montgomery County Police,Injury Crash,11/24/2017 02:05:00 PM,No,Maryland (State),South,,3,South,1,FEET,LEVEL,CONNECTICUT AVE,RANDOLPH RD,,N/A,,DRIVER,SAME DIR REAR END,CLEAR,DRY,DAYLIGHT,TRAFFIC SIGNAL,"N/A, NONE DETECTED",,OTHER VEHICLE,N/A,INTERSECTION RELATED,FOUR-WAY INTERSECTION,STRAIGHT,NO DEFECTS,"TWO-WAY, DIVIDED, POSITIVE MEDIAN BARRIER",39.05743333,-77.073645,"(39.05743333, -77.073645)"
MCP32840019,220023890,Montgomery County Police,Property Damage Crash,06/04/2022 12:50:00 AM,No,Maryland (State),West,,2,West,0.1,MILE,LEVEL,SPENCERVILLE RD,THOMPSON RD,,N/A,,DRIVER,SINGLE VEHICLE,CLEAR,DRY,DARK NO LIGHTS,NO CONTROLS,NONE DETECTED,,FIXED OBJECT,N/A,N/A,N/A,STRAIGHT,NO DEFECTS,"TWO-WAY, NOT DIVIDED",39.11760367,-76.970841,"(39.11760367, -76.970841)"
MCP1220005T,170535158,Montgomery County Police,Property Damage Crash,10/06/2017 03:54:00 PM,No,Maryland (State),East,,3,East,0,FEET,LEVEL,UNIVERSITY BLVD E,LEXINGTON DR,,N/A,,UNKNOWN,SINGLE VEHICLE,CLEAR,N/A,DAYLIGHT,TRAFFIC SIGNAL,NONE DETECTED,,FIXED OBJECT,N/A,INTERSECTION,OTHER,STRAIGHT,NO DEFECTS,"TWO-WAY, DIVIDED, POSITIVE MEDIAN BARRIER",39.01907833,-77.01136667,"(39.01907833, -77.01136667)"
MCP93790035,210028375,Montgomery County Police,Injury Crash,07/22/2021 01:21:00 PM,No,County,East,,4,South,200,FEET,LEVEL,REDLAND RD,FREDERICK RD,,N/A,,DRIVER,ANGLE MEETS RIGHT TURN,CLEAR,DRY,DAYLIGHT,NO CONTROLS,"N/A, NONE DETECTED",,OTHER VEHICLE,N/A,INTERSECTION RELATED,T-INTERSECTION,STRAIGHT,NO DEFECTS,"TWO-WAY, NOT DIVIDED",39.11640667,-77.16594667,"(39.11640667, -77.16594667)"
MCP3201005D,240001273,MONTGOMERY,Property Damage Crash,01/09/2024 06:30:00 AM,No,Maryland (State) Route,Eastbound,Lane 1,1,East,0,FEET,Downhill,OLD HUNDRED RD,FREDERICK RD,,,,DRIVER,Front to Rear,Cloudy,Wet,Dark - Lighted,Traffic Control Signal,"Not Suspect of Alcohol Use, Not Suspect of Drug Use, Not Suspect of Alcohol Use, Not Suspect of Drug Use",,Motor Vehicle In Transport,Curb,Intersection or Related,Perpendicular,Straight,,Not Divided,39.28086256,-77.31501271,"(39.28086256, -77.31501271)"
MCP3339003F,240003988,MONTGOMERY,Property Damage Crash,01/25/2024 05:35:00 PM,No,Maryland (State) Route,Southbound,Lane 3,"3, 4",North,0,FEET,Level,GEORGIA AVE (SB/L),RALPH RD,,,,UNKNOWN,Rear To Side,Rain,Wet,Dark - Lighted,No Controls,"Not Suspect of Alcohol Use, Not Suspect of Drug Use, Not Suspect of Alcohol Use, Not Suspect of Drug Use",,Motor Vehicle In Transport,Not Applicable,Intersection or Related,Perpendicular,Straight,No Defects,"Divided, Flush Median (greater than 4ft wide)",39.07812317,-77.07209933,"(39.07812317, -77.07209933)"
MCP00360086,180042144,Montgomery County Police,Property Damage Crash,08/24/2018 07:18:00 AM,No,County,East,,2,West,50,FEET,HILL CREST,SWEEPSTAKES RD,NEWBURY RD,,N/A,,DRIVER,OPPOSITE DIRECTION SIDESWIPE,CLEAR,DRY,DAYLIGHT,NO CONTROLS,NONE DETECTED,,OTHER VEHICLE,N/A,NON INTERSECTION,N/A,STRAIGHT,NO DEFECTS,"TWO-WAY, NOT DIVIDED",39.2603026,-77.20961453,"(39.2603026, -77.20961453)"
MCP3381002K,250022000,MONTGOMERY,Property Damage Crash,05/18/2025 06:57:00 PM,No,County Route,Southbound,Lane 1,1,North,35.87,FEET,Level,BURNT HILL RD,,,,,DRIVER,Single Vehicle,Clear,Dry,Daylight,Stop Sign,"Suspect of Alcohol Use, Not Suspect of Drug Use",,"Other Fixed Object (wall, building, tunnel, etc.)",,Through Roadway,,Curve Left,No Defects,Not Divided,39.24830744,-77.27402631,"(39.24830744, -77.27402631)"
MCP32630049,240007389,MONTGOMERY,Property Damage Crash,02/14/2024 07:50:00 PM,No,Maryland (State) Route,Northbound,"Lane 2, Lane 3",3,North,23.6,FEET,Downhill,CONNECTICUT AVE,,,,,UNKNOWN,Front to Rear,Clear,Dry,Dark - Lighted,No Controls,"Not Suspect of Alcohol Use, Not Suspect of Drug Use, Not Suspect of Alcohol Use, Not Suspect of Drug Use",,Motor Vehicle In Transport,Motor Vehicle In Transport,Through Roadway,,Straight,No Defects,"Divided, Flush Median (greater than 4ft wide), Divided, Raised Median (curbed)",39.00147167,-77.076995,"(39.00147167, -77.076995)"
MCP9366000P,16080829,Montgomery County Police,Injury Crash,11/26/2016 11:40:00 PM,No,Maryland (State),East,LEFT TURN LANE,5,North,0,FEET,LEVEL,GEORGIA AVE,NORBECK RD,,N/A,,DRIVER,ANGLE MEETS LEFT HEAD ON,CLEAR,DRY,DARK LIGHTS ON,TRAFFIC SIGNAL,"ALCOHOL PRESENT, NONE DETECTED",,OTHER VEHICLE,N/A,INTERSECTION,FOUR-WAY INTERSECTION,STRAIGHT,NO DEFECTS,"TWO-WAY, DIVIDED, UNPROTECTED PAINTED MIN 4 FEET",39.10996167,-77.07599667,"(39.10996167, -77.07599667)"
MCP22910012,15012342,Montgomery County Police,Injury Crash,03/17/2015 05:58:00 PM,No,Maryland (State),East,,2,East,30,FEET,LEVEL,EAST WEST HWY,CYPRESS PL,,N/A,,DRIVER,SAME DIR REAR END,CLEAR,DRY,DAYLIGHT,NO CONTROLS,NONE DETECTED,,OTHER VEHICLE,N/A,NON INTERSECTION,N/A,STRAIGHT,NO DEFECTS,"TWO-WAY, NOT DIVIDED",39.16934667,-77.264415,"(39.16934667, -77.264415)"
MCP2627000T,15059900,MONTGOMERY,Property Damage Crash,11/23/2015 04:19:00 PM,No,County,North,SHOULDER AREA,2,East,100,FEET,LEVEL,WISCONSIN CIR,WISCONSIN AVE,,N/A,,DRIVER,SAME DIRECTION SIDESWIPE,CLEAR,DRY,DAYLIGHT,NO CONTROLS,NONE DETECTED,,OTHER VEHICLE,N/A,NON INTERSECTION,N/A,CURVE RIGHT,NO DEFECTS,"TWO-WAY, DIVIDED, POSITIVE MEDIAN BARRIER",38.96167667,-77.08491,"(38.96167667, -77.08491)"
MCP30210063,210040975,Montgomery County Police,Property Damage Crash,10/13/2021 12:00:00 PM,Yes,,,,,,,,,,,12012 CHERRY HILL RD PARKING LOT,,,DRIVER,STRAIGHT MOVEMENT ANGLE,CLOUDY,,DAYLIGHT,NO CONTROLS,"N/A, UNKNOWN",,OTHER VEHICLE,N/A,,,,,,39.05278667,-76.95642,"(39.05278667, -76.95642)"
MCP3301000Y,210052806,Montgomery County Police,Property Damage Crash,12/27/2021 03:22:00 PM,No,Maryland (State),North,,3,North,0,FEET,GRADE DOWNHILL,GEORGIA AVE,16TH ST,,N/A,,DRIVER,SAME DIRECTION SIDESWIPE,CLEAR,DRY,DAYLIGHT,TRAFFIC SIGNAL,NONE DETECTED,,OTHER VEHICLE,N/A,INTERSECTION,FOUR-WAY INTERSECTION,STRAIGHT,NO DEFECTS,"TWO-WAY, DIVIDED, POSITIVE MEDIAN BARRIER",39.00630428,-77.03891536,"(39.00630428, -77.03891536)"
MCP2753001Y,17008824,Montgomery County Police,Injury Crash,02/18/2017 09:51:00 AM,No,County,West,,2,North,0,FEET,LEVEL,HATHAWAY DR,BELLE CREST LA,,N/A,,DRIVER,SINGLE VEHICLE,N/A,DRY,DAYLIGHT,NO CONTROLS,NONE DETECTED,,FIXED OBJECT,FIXED OBJECT,INTERSECTION,T-INTERSECTION,CURVE LEFT,NO DEFECTS,"TWO-WAY, DIVIDED, UNPROTECTED PAINTED MIN 4 FEET",39.07526009,-77.05354571,"(39.07526009, -77.05354571)"
MCP31500027,230022448,Montgomery County Police,Property Damage Crash,05/10/2023 04:51:00 PM,Yes,Maryland (State),South,,2,East,40,FEET,LEVEL,COLESVILLE RD,WAYNE AVE,,N/A,,DRIVER,OTHER,CLEAR,DRY,DAYLIGHT,TRAFFIC SIGNAL,"N/A, UNKNOWN",,OTHER VEHICLE,OTHER VEHICLE,NON INTERSECTION,N/A,STRAIGHT,NO DEFECTS,"TWO-WAY, DIVIDED, POSITIVE MEDIAN BARRIER",38.99508738,-77.02986082,"(38.99508738, -77.02986082)"
DD5611002R,170506643,Rockville Police Departme,Property Damage Crash,05/08/2017 04:15:00 PM,No,Maryland (State),West,RIGHT TURN LANE,2,South,20,FEET,LEVEL,HUNGERFORD DR,BEALL AVE #2,,ROCKVILLE,,DRIVER,SINGLE VEHICLE,CLEAR,DRY,DAYLIGHT,NO CONTROLS,NONE DETECTED,,FIXED OBJECT,N/A,N/A,FOUR-WAY INTERSECTION,STRAIGHT,NO DEFECTS,"TWO-WAY, DIVIDED, POSITIVE MEDIAN BARRIER",39.08535167,-77.148355,"(39.08535167, -77.148355)"
DD5638000Y,190053483,Rockville Police Departme,Property Damage Crash,11/06/2019 03:00:00 PM,Yes,Maryland (State),South,,3,North,10,FEET,LEVEL,ROCKVILLE PIKE,W EDMONSTON DR,,ROCKVILLE,,DRIVER,SAME DIR REAR END,CLEAR,DRY,DAYLIGHT,TRAFFIC SIGNAL,"NONE DETECTED, UNKNOWN",,OTHER VEHICLE,OTHER VEHICLE,INTERSECTION RELATED,FOUR-WAY INTERSECTION,STRAIGHT,NO DEFECTS,OTHER,39.07388833,-77.13688,"(39.07388833, -77.13688)"
MCP157500DL,230065278,Montgomery County Police,Property Damage Crash,11/09/2023 06:50:00 AM,No,Municipality,East,,2,West,0.1,MILE,LEVEL,W GUDE DR,GAITHER RD,,ROCKVILLE,,UNKNOWN,SINGLE VEHICLE,CLEAR,DRY,DAWN,NO CONTROLS,NONE DETECTED,,ANIMAL,N/A,NON INTERSECTION,N/A,STRAIGHT,NO DEFECTS,"TWO-WAY, DIVIDED, POSITIVE MEDIAN BARRIER",39.10245689,-77.17549017,"(39.10245689, -77.17549017)"
MCP2450000Q,16015150,Montgomery County Police,Injury Crash,03/28/2016 01:00:00 PM,Yes,US (State),North,,3,North,0,FEET,LEVEL,COLUMBIA PIKE,PRELUDE DR,,N/A,,DRIVER,HEAD ON LEFT TURN,N/A,DRY,DAYLIGHT,TRAFFIC SIGNAL,"N/A, UNKNOWN",,OTHER VEHICLE,PARKED VEHICLE,INTERSECTION,T-INTERSECTION,STRAIGHT,NO DEFECTS,"TWO-WAY, DIVIDED, POSITIVE MEDIAN BARRIER",39.03996333,-76.99711167,"(39.03996333, -76.99711167)"
MCP3058002C,180059146,Montgomery County Police,Property Damage Crash,11/26/2018 06:00:00 PM,No,County,South,,1,North,0,FEET,HILL UPHILL,SEVEN LOCKS RD,INSPECTION HOUSE RD,,N/A,,DRIVER,SAME DIR REAR END,CLOUDY,WET,DARK LIGHTS ON,NO CONTROLS,NONE DETECTED,,OTHER VEHICLE,OTHER VEHICLE,INTERSECTION,FOUR-WAY INTERSECTION,STRAIGHT,NO DEFECTS,"TWO-WAY, NOT DIVIDED",39.05419,-77.16319,"(39.05419, -77.16319)"
MCP1389002F,190038721,Montgomery County Police,Property Damage Crash,08/13/2019 08:55:00 PM,Yes,,,,,,,,,,,PARKING LOT OF 880 RUSSELL AVENUE (COSTCO),,,DRIVER,HEAD ON,N/A,,DARK LIGHTS ON,N/A,UNKNOWN,,PARKED VEHICLE,N/A,,,,,,39.15497167,-77.21421333,"(39.15497167, -77.21421333)"
MCP2886001P,16033606,Montgomery County Police,Property Damage Crash,07/02/2016 10:53:00 PM,No,County,East,,4,East,5,FEET,LEVEL,NORBECK RD,HANNANS WAY,,N/A,,UNKNOWN,SINGLE VEHICLE,CLEAR,DRY,DARK LIGHTS ON,N/A,NONE DETECTED,,FIXED OBJECT,N/A,N/A,N/A,STRAIGHT,NO DEFECTS,"TWO-WAY, DIVIDED, POSITIVE MEDIAN BARRIER",39.10622167,-77.08454833,"(39.10622167, -77.08454833)"
MCP3395000L,240009489,MONTGOMERY,Property Damage Crash,02/28/2024 07:45:00 AM,,Municipality Route,Eastbound,"Lane 2, Lane 3",4,South,0,FEET,Level,HURLEY AVE,W MONTGOMERY AVE W MONTGOMERY AVE (WB/L),,,,DRIVER,"Sideswipe, Same Direction",Clear,Dry,Daylight,Traffic Control Signal,"Not Suspect of Alcohol Use, Not Suspect of Drug Use, Unknown, Unknown",,Motor Vehicle In Transport,,Intersection or Related,Perpendicular,Straight,No Defects,"Divided, Raised Median (curbed)",39.08927334,-77.17788483,"(39.08927334, -77.17788483)"
MCP295400B4,220004566,Montgomery County Police,Property Damage Crash,02/02/2022 04:06:00 PM,Yes,Maryland (State),South,UNKNOWN,3,North,0,FEET,LEVEL,NEW HAMPSHIRE AVE,RAMP 6 FR IS 495 EB TO MD 650 SB,,N/A,,DRIVER,SAME DIR REAR END,CLEAR,DRY,DAYLIGHT,TRAFFIC SIGNAL,"NONE DETECTED, UNKNOWN",,OTHER VEHICLE,N/A,INTERSECTION,Y-INTERSECTION,STRAIGHT,NO DEFECTS,"TWO-WAY, DIVIDED, POSITIVE MEDIAN BARRIER",39.01772752,-76.97708285,"(39.01772752, -76.97708285)"
MCP25160045,230028808,Montgomery County Police,Injury Crash,06/15/2023 12:42:00 PM,No,Other Public Roadway,South,OTHER,2,South,100,FEET,LEVEL,OBSERVATION DR,BOLAND FARM RD,,N/A,,DRIVER,SINGLE VEHICLE,CLEAR,DRY,DAYLIGHT,NO CONTROLS,N/A,,FIXED OBJECT,FIXED OBJECT,NON INTERSECTION,N/A,STRAIGHT,NO DEFECTS,"TWO-WAY, DIVIDED, POSITIVE MEDIAN BARRIER",39.19276145,-77.24807161,"(39.19276145, -77.24807161)"
MCP2565001B,15003921,Montgomery County Police,Injury Crash,01/24/2015 07:32:00 PM,No,Maryland (State),South,,4,North,0,FEET,LEVEL,ROCKVILLE PIKE,HILLERY WAY,,N/A,,DRIVER,SAME DIR REAR END,CLEAR,DRY,DARK LIGHTS ON,NO CONTROLS,"N/A, NONE DETECTED",,OTHER VEHICLE,N/A,NON INTERSECTION,N/A,STRAIGHT,NO DEFECTS,"TWO-WAY, NOT DIVIDED",39.03907667,-77.108985,"(39.03907667, -77.108985)"
MCP25980024,180059921,Montgomery County Police,Property Damage Crash,11/30/2018 04:01:00 PM,Yes,Maryland (State),West,,2,East,100,FEET,LEVEL,EAST WEST HWY,BLAIR MILL RD,,N/A,,DRIVER,SAME DIR REAR END,CLEAR,DRY,DAYLIGHT,NO CONTROLS,"ALCOHOL PRESENT, NONE DETECTED",,OTHER VEHICLE,OTHER VEHICLE,NON INTERSECTION,N/A,STRAIGHT,NO DEFECTS,"TWO-WAY, NOT DIVIDED",38.99063167,-77.02952167,"(38.99063167, -77.02952167)"
DD5610001P,16025509,Rockville Police Departme,Property Damage Crash,05/22/2016 10:08:00 PM,Yes,Municipality,South,,1,East,15,FEET,LEVEL,MCAULIFFE DR,FARRAGUT AVE,,ROCKVILLE,,DRIVER,SAME DIR REAR END,RAINING,WET,DARK LIGHTS ON,NO CONTROLS,N/A,,PARKED VEHICLE,PARKED VEHICLE,N/A,N/A,STRAIGHT,NO DEFECTS,"TWO-WAY, NOT DIVIDED",39.076204,-77.1151635,"(39.076204, -77.1151635)"
MCP3230000P,200014439,Montgomery County Police,Property Damage Crash,03/30/2020 12:50:00 AM,No,Maryland (State),Unknown,N/A,0,North,300,FEET,N/A,GEORGIA AVE,HEATHFIELD RD,,N/A,,DRIVER,OTHER,FOGGY,DRY,DARK LIGHTS ON,NO CONTROLS,NONE DETECTED,,PARKED VEHICLE,N/A,N/A,N/A,N/A,NO DEFECTS,N/A,39.08963833,-77.07953,"(39.08963833, -77.07953)"
MCP27770054,190004019,Montgomery County Police,Property Damage Crash,01/25/2019 06:06:00 PM,No,Maryland (State),North,,3,North,0,FEET,LEVEL,CONNECTICUT AVE,WASHINGTON ST,,KENSINGTON,,DRIVER,SAME DIR REAR END,CLEAR,DRY,DARK LIGHTS ON,FLASHING TRAFFIC SIGNAL,NONE DETECTED,,OTHER VEHICLE,N/A,INTERSECTION,FOUR-WAY INTERSECTION,STRAIGHT,NO DEFECTS,"TWO-WAY, DIVIDED, POSITIVE MEDIAN BARRIER",39.02249653,-77.07630601,"(39.02249653, -77.07630601)"
MCP3051000X,170538908,Montgomery County Police,Injury Crash,10/26/2017 05:10:00 AM,Yes,County,East,,2,East,0,FEET,LEVEL,MONTROSE RD,E JEFFERSON ST,,N/A,,DRIVER,STRAIGHT MOVEMENT ANGLE,CLEAR,DRY,DARK LIGHTS ON,FLASHING TRAFFIC SIGNAL,NONE DETECTED,,OTHER VEHICLE,N/A,N/A,FOUR-WAY INTERSECTION,STRAIGHT,NO DEFECTS,"TWO-WAY, DIVIDED, POSITIVE MEDIAN BARRIER",39.05264272,-77.12621145,"(39.05264272, -77.12621145)"
MCP2892008K,200028905,Montgomery County Police,Property Damage Crash,07/25/2020 04:48:00 PM,Yes,Maryland (State),East,LEFT TURN LANE,3,East,5,FEET,LEVEL,UNIVERSITY BLVD E,E WAYNE AVE,,N/A,,DRIVER,SAME DIR REAR END,CLEAR,DRY,DAYLIGHT,TRAFFIC SIGNAL,"NONE DETECTED, UNKNOWN",,OTHER VEHICLE,N/A,INTERSECTION RELATED,FOUR-WAY INTERSECTION,STRAIGHT,NO DEFECTS,"TWO-WAY, DIVIDED, POSITIVE MEDIAN BARRIER",39.00616996,-76.99761282,"(39.00616996, -76.99761282)"
MCP3148002L,200008917,Montgomery County Police,Property Damage Crash,02/22/2020 08:55:00 PM,No,,,,,,,,,,,11311 ROCKVILLE PIKE PARKING LOT,,,UNKNOWN,OPPOSITE DIRECTION SIDESWIPE,CLEAR,,DARK LIGHTS ON,N/A,NONE DETECTED,,OTHER VEHICLE,N/A,,,,,,39.04126833,-77.10864067,"(39.04126833, -77.10864067)"
DD5595005V,180023186,Rockville Police Departme,Property Damage Crash,05/11/2018 02:10:00 PM,No,Maryland (State),West,OTHER,1,East,2,FEET,GRADE DOWNHILL,VEIRS MILL RD,JEFFERSON PLAZA,,ROCKVILLE,,DRIVER,SAME DIR REAR END,CLOUDY,DRY,DAYLIGHT,YIELD SIGN,NONE DETECTED,,OTHER VEHICLE,N/A,INTERSECTION RELATED,FIVE-POINT OR MORE,CURVE RIGHT,NO DEFECTS,"TWO-WAY, DIVIDED, POSITIVE MEDIAN BARRIER",39.081677,-77.14561783,"(39.081677, -77.14561783)"