Report Number,Local Case Number,Agency Name,ACRS Report Type,Crash Date/Time,Hit/Run,Route Type,Lane Direction,Lane Type,Number of Lanes,Direction,Distance,Distance Unit,Road Grade,Road Name,Cross-Street Name,Off-Road Description,Municipality,Related Non-Motorist,At Fault,Collision Type,Weather,Surface Condition,Light,Traffic Control,Driver Substance Abuse,Non-Motorist Substance Abuse,First Harmful Event,Second Harmful Event,Junction,Intersection Type,Road Alignment,Road Condition,Road Division,Latitude,Longitude,Location
MCP2832004J,180063321,Montgomery County Police,Property Damage Crash,12/19/2018 08:33:00 AM,Yes,County,South,,1,South,100,FEET,HILL UPHILL,GRUBB RD,DONNYBROOK DR,,N/A,,DRIVER,OTHER,CLEAR,DRY,DAYLIGHT,NO CONTROLS,UNKNOWN,,PARKED VEHICLE,N/A,NON INTERSECTION,N/A,STRAIGHT,NO DEFECTS,"TWO-WAY, NOT DIVIDED",38.99599833,-77.05573667,"(38.99599833, -77.05573667)"
MCP2516001S,180028284,Montgomery County Police,Property Damage Crash,06/08/2018 11:18:00 AM,No,Ramp,East,ON RAMP,1,North,0,FEET,GRADE DOWNHILL,RAMP 4 FR IS 270 NB TO MIDDLEBROOK RD EB,MIDDLEBROOK RD,,N/A,,DRIVER,SAME DIR REAR END,CLEAR,DRY,DAYLIGHT,YIELD SIGN,N/A,,OTHER VEHICLE,N/A,INTERCHANGE RELATED,OTHER,CURVE RIGHT,NO DEFECTS,ONE-WAY TRAFFICWAY,39.17656,-77.24482333,"(39.17656, -77.24482333)"
MCP2411001Y,180007597,Montgomery County Police,Property Damage Crash,02/13/2018 05:55:00 PM,No,Maryland (State),North,,3,South,500,FEET,LEVEL,ROCKVILLE PIKE,TEMPLETON PL,,ROCKVILLE,,DRIVER,SAME DIR REAR END,RAINING,WET,DARK -- UNKNOWN LIGHTING,NO CONTROLS,NONE DETECTED,,OTHER VEHICLE,N/A,NON INTERSECTION,N/A,STRAIGHT,NO DEFECTS,"TWO-WAY, DIVIDED, POSITIVE MEDIAN BARRIER",39.069045,-77.13021167,"(39.069045, -77.13021167)"
MCP2059003G,17011935,Montgomery County Police,Property Damage Crash,03/07/2017 05:53:00 AM,No,Maryland (State),North,,3,North,0,FEET,LEVEL,CONNECTICUT AVE,BEACH DR,,N/A,,DRIVER,STRAIGHT MOVEMENT ANGLE,RAINING,WET,DARK LIGHTS ON,TRAFFIC SIGNAL,NONE DETECTED,,OTHER VEHICLE,N/A,INTERSECTION,FOUR-WAY INTERSECTION,STRAIGHT,NO DEFECTS,"TWO-WAY, DIVIDED, POSITIVE MEDIAN BARRIER",39.00806832,-77.08018139,"(39.00806832, -77.08018139)"
MCP22910066,220039404,Montgomery County Police,Property Damage Crash,09/10/2022 07:55:00 PM,No,Maryland (State),East,,2,East,0,FEET,LEVEL,RIVER RD,RAMP 4 FR IS 495 NB TO MD 190 EB,,N/A,,DRIVER,STRAIGHT MOVEMENT ANGLE,CLEAR,DRY,DARK NO LIGHTS,TRAFFIC SIGNAL,NONE DETECTED,,OTHER VEHICLE,N/A,INTERSECTION,T-INTERSECTION,STRAIGHT,NO DEFECTS,"TWO-WAY, DIVIDED, POSITIVE MEDIAN BARRIER",38.990036,-77.15384,"(38.990036, -77.15384)"
MCP2849002D,17010763,Montgomery County Police,Property Damage Crash,02/28/2017 05:15:00 PM,Yes,Maryland (State),North,,2,North,0,FEET,LEVEL,NEW HAMPSHIRE AVE,EDNOR RD,,N/A,,DRIVER,STRAIGHT MOVEMENT ANGLE,RAINING,WET,DARK LIGHTS ON,TRAFFIC SIGNAL,NONE DETECTED,,OTHER VEHICLE,N/A,INTERSECTION,FOUR-WAY INTERSECTION,STRAIGHT,NO DEFECTS,"TWO-WAY, NOT DIVIDED",39.13593667,-76.99529667,"(39.13593667, -76.99529667)"
MCP9106000P,15066111,MONTGOMERY,Property Damage Crash,12/25/2015 10:06:00 AM,No,County,West,,2,West,200,FEET,GRADE DOWNHILL,WATERS LANDING DR,WYNNFIELD DR,,N/A,,DRIVER,SAME DIRECTION RIGHT TURN,CLOUDY,WET,DAYLIGHT,N/A,"N/A, NONE DETECTED",,PARKED VEHICLE,N/A,NON INTERSECTION,N/A,CURVE RIGHT,NO DEFECTS,"TWO-WAY, NOT DIVIDED",39.191415,-77.28106333,"(39.191415, -77.28106333)"
MCP1212001Q,190028602,Montgomery County Police,Property Damage Crash,06/15/2019 10:44:00 AM,No,County,West,,1,North,300,FEET,HILL UPHILL,BURNT HILL RD,PRICES DISTILLERY RD,,N/A,,DRIVER,HEAD ON LEFT TURN,N/A,DRY,DAYLIGHT,NO CONTROLS,NONE DETECTED,,OTHER VEHICLE,N/A,NON INTERSECTION,N/A,CURVE RIGHT,NO DEFECTS,"TWO-WAY, DIVIDED, UNPROTECTED PAINTED MIN 4 FEET",39.27928667,-77.24745833,"(39.27928667, -77.24745833)"
MCP32940033,250033186,MONTGOMERY,Injury Crash,07/25/2025 03:00:00 PM,No,Maryland (State) Route,Northbound,Lane 1,2,West,37.35,FEET,Level,MIDCOUNTY HWY,,,,,DRIVER,Front to Rear,Clear,Dry,Daylight,Traffic Control Signal,"Not Suspect of Alcohol Use, Not Suspect of Drug Use, Not Suspect of Alcohol Use, Not Suspect of Drug Use",,Motor Vehicle In Transport,,Non-Junction,,Straight,No Defects,Not Divided,39.15925767,-77.19822217,"(39.15925767, -77.19822217)"
MCP2641002H,220019285,Montgomery County Police,Injury Crash,05/06/2022 01:00:00 PM,No,Interstate (State),North,,3,North,450,FEET,LEVEL,EISENHOWER MEMORIAL HWY,CLARKSBURG RD,,N/A,,DRIVER,SAME DIR REAR END,RAINING,WET,DAYLIGHT,N/A,NONE DETECTED,,OTHER VEHICLE,N/A,NON INTERSECTION,N/A,STRAIGHT,NO DEFECTS,"TWO-WAY, DIVIDED, POSITIVE MEDIAN BARRIER",39.23461833,-77.28679,"(39.23461833, -77.28679)"
MCP3208004V,230064794,Montgomery County Police,Property Damage Crash,11/06/2023 02:45:00 AM,Yes,US (State),North,SHOULDER AREA,3,South,100,FEET,LEVEL,GEORGIA AVE,THAYER AVE,,N/A,,DRIVER,SAME DIR REAR END,CLEAR,DRY,DARK LIGHTS ON,NO CONTROLS,N/A,,OTHER VEHICLE,N/A,NON INTERSECTION,N/A,STRAIGHT,NO DEFECTS,"TWO-WAY, DIVIDED, POSITIVE MEDIAN BARRIER",38.99271747,-77.02652262,"(38.99271747, -77.02652262)"
MCP27830059,240017353,MONTGOMERY,Injury Crash,04/14/2024 01:48:00 PM,No,County Route,Westbound,Lane 1,1,North,12.94,FEET,Level,BONIFANT RD,,,,,DRIVER,Single Vehicle,Clear,Dry,Daylight,No Controls,"Not Suspect of Alcohol Use, Not Suspect of Drug Use",,Mailbox,,Non-Junction,,Curve Left,No Defects,Not Divided,39.09425717,-77.02072733,"(39.09425717, -77.02072733)"
MCP20460086,180016029,Montgomery County Police,Injury Crash,04/03/2018 07:30:00 AM,No,County,West,RIGHT TURN LANE,1,North,15,FEET,HILL UPHILL,GREENCASTLE RD,COLUMBIA PIKE,,N/A,,DRIVER,SAME DIR REAR END,CLOUDY,DRY,DAYLIGHT,TRAFFIC SIGNAL,NONE DETECTED,,OTHER VEHICLE,N/A,INTERSECTION RELATED,FOUR-WAY INTERSECTION,STRAIGHT,NO DEFECTS,"TWO-WAY, NOT DIVIDED",39.095565,-76.93765833,"(39.095565, -76.93765833)"
MCP2973000K,15045930,MONTGOMERY,Property Damage Crash,09/11/2015 01:04:00 PM,No,Maryland (State),North,,3,North,0,FEET,GRADE DOWNHILL,CONNECTICUT AVE,DEAN RD,,N/A,,DRIVER,SAME DIRECTION RIGHT TURN,CLEAR,DRY,DAYLIGHT,NO CONTROLS,NONE DETECTED,,OTHER VEHICLE,N/A,INTERSECTION,T-INTERSECTION,STRAIGHT,NO DEFECTS,"TWO-WAY, DIVIDED, POSITIVE MEDIAN BARRIER",39.06901307,-77.0753172,"(39.06901307, -77.0753172)"
MCP2269002C,230009596,Montgomery County Police,Property Damage Crash,02/26/2023 09:32:00 AM,No,Maryland (State),South,OFF ROAD,4,North,0,FEET,LEVEL,FREDERICK RD,S WESTLAND DR,,GAITHERSBURG,,DRIVER,SINGLE VEHICLE,CLOUDY,DRY,DAYLIGHT,N/A,NONE DETECTED,,OTHER,N/A,N/A,FOUR-WAY INTERSECTION,STRAIGHT,NO DEFECTS,"TWO-WAY, DIVIDED, POSITIVE MEDIAN BARRIER",39.12611914,-77.18339297,"(39.12611914, -77.18339297)"
MCP28370064,240017895,MONTGOMERY,Injury Crash,04/17/2024 10:46:00 AM,No,County Route,"Southbound, Westbound",Lane 1,1,North,46.03,FEET,Level,JONES LA,TRIPLE CROWN RD,,,,DRIVER,Angle,Rain,Wet,Daylight,"No Controls, Stop Sign","Not Suspect of Alcohol Use, Not Suspect of Drug Use, Not Suspect of Alcohol Use, Not Suspect of Drug Use",,Motor Vehicle In Transport,Motor Vehicle In Transport,Crossover-Related,,Straight,No Defects,Not Divided,39.09702,-77.26548667,"(39.09702, -77.26548667)"
MCP3073000J,170541520,Montgomery County Police,Property Damage Crash,11/07/2017 04:20:00 PM,No,Maryland (State),North,,3,North,0,FEET,LEVEL,GEORGIA AVE,CONNECTICUT AVE,,N/A,,DRIVER,STRAIGHT MOVEMENT ANGLE,RAINING,WET,DAYLIGHT,TRAFFIC SIGNAL,UNKNOWN,,OTHER VEHICLE,N/A,INTERSECTION,FOUR-WAY INTERSECTION,STRAIGHT,NO DEFECTS,"TWO-WAY, DIVIDED, POSITIVE MEDIAN BARRIER",39.08437667,-77.07759667,"(39.08437667, -77.07759667)"
MCP29300056,250002976,MONTGOMERY,Property Damage Crash,01/21/2025 08:07:00 PM,No,County Route,Westbound,"Lane 1, Shoulder Area",1,West,32.01,FEET,Level,HEWITT AVE,,,,,UNKNOWN,Front to Rear,Clear,Dry,Dark - Lighted,No Controls,"Not Suspect of Alcohol Use, Not Suspect of Drug Use",,Parked Vehicle,,Non-Junction,,Straight,No Defects,Not Divided,39.08015512,-77.06167706,"(39.08015512, -77.06167706)"
MCP31810016,190052046,Montgomery County Police,Injury Crash,10/29/2019 01:30:00 PM,No,Maryland (State),North,,3,West,0,FEET,LEVEL,VEIRS MILL RD,GAIL AVE,,ROCKVILLE,,DRIVER,SAME DIR REAR END,CLOUDY,DRY,DAYLIGHT,OTHER,N/A,,OTHER VEHICLE,N/A,NON INTERSECTION,N/A,STRAIGHT,N/A,"TWO-WAY, DIVIDED, POSITIVE MEDIAN BARRIER",39.04953667,-77.070605,"(39.04953667, -77.070605)"
MCP27280054,180006710,Montgomery County Police,Property Damage Crash,02/08/2018 04:39:00 PM,No,County,North,,2,North,0,FEET,LEVEL,13TH ST,GEORGIA AVE,,N/A,,DRIVER,HEAD ON LEFT TURN,CLEAR,DRY,DAYLIGHT,TRAFFIC SIGNAL,NONE DETECTED,,OTHER VEHICLE,N/A,INTERSECTION,FOUR-WAY INTERSECTION,STRAIGHT,NO DEFECTS,"TWO-WAY, NOT DIVIDED",38.98812667,-77.02617,"(38.98812667, -77.02617)"
MCP3089003N,230014305,Montgomery County Police,Property Damage Crash,03/26/2023 04:16:00 PM,Yes,Maryland (State),North,,3,North,0,FEET,N/A,GEORGIA AVE,DEXTER AVE,,N/A,,DRIVER,OTHER,RAINING,WET,DAYLIGHT,N/A,N/A,,OTHER VEHICLE,N/A,N/A,N/A,STRAIGHT,N/A,"TWO-WAY, DIVIDED, POSITIVE MEDIAN BARRIER",39.00584167,-77.01385,"(39.00584167, -77.01385)"
MCP3374000T,230026748,Montgomery County Police,Injury Crash,06/04/2023 12:33:00 AM,No,County,North,,1,South,0.3,MILE,LEVEL,MACARTHUR BLVD,EGGERT DR,,N/A,,DRIVER,SINGLE VEHICLE,CLEAR,DRY,DARK NO LIGHTS,NO CONTROLS,NONE DETECTED,,FIXED OBJECT,N/A,NON INTERSECTION,N/A,STRAIGHT,NO DEFECTS,"TWO-WAY, NOT DIVIDED",38.97523183,-77.17706467,"(38.97523183, -77.17706467)"
DM85140022,250020742,TAKOMA,Property Damage Crash,05/09/2025 10:00:00 AM,,Municipality Route,Southbound,"Lane 1, Shoulder Area",2,East,11.83,FEET,Level,GARLAND AVE,,,,,UNKNOWN,"Sideswipe, Same Direction",Clear,Dry,Daylight,No Controls,"Not Suspect of Alcohol Use, Not Suspect of Drug Use, Unknown, Unknown",,Motor Vehicle In Transport,Parked Vehicle,Non-Junction,,Straight,No Defects,Not Divided,38.98549677,-76.9948447,"(38.98549677, -76.9948447)"
MCP29830045,190048158,Montgomery County Police,Injury Crash,10/07/2019 03:57:00 PM,No,Maryland (State),South,,3,North,0,FEET,LEVEL,GEORGIA AVE,SPRING ST,,N/A,,DRIVER,STRAIGHT MOVEMENT ANGLE,CLEAR,DRY,DAYLIGHT,TRAFFIC SIGNAL,NONE DETECTED,,OTHER VEHICLE,N/A,INTERSECTION,FOUR-WAY INTERSECTION,STRAIGHT,NO DEFECTS,"TWO-WAY, DIVIDED, POSITIVE MEDIAN BARRIER",38.999275,-77.03228833,"(38.999275, -77.03228833)"
MCP2782002Q,180054874,Montgomery County Police,Property Damage Crash,11/01/2018 08:44:00 PM,No,County,South,,1,South,75,FEET,GRADE DOWNHILL,ASPEN HILL RD,BALTIC AVE,,N/A,,DRIVER,SAME DIRECTION SIDESWIPE,CLEAR,DRY,DARK LIGHTS ON,NO CONTROLS,NONE DETECTED,,PARKED VEHICLE,N/A,NON INTERSECTION,N/A,CURVE LEFT,NO DEFECTS,"TWO-WAY, NOT DIVIDED",39.0706973,-77.10292743,"(39.0706973, -77.10292743)"
DD5671000Z,250015500,ROCKVILLE,Property Damage Crash,04/09/2025 05:45:00 PM,No,,,,0,,,FEET,,,,Parking Aisle        RCPD CITY STATION PARKING LOT,,,UNKNOWN,Front to Rear,Clear,,Daylight,,"Not Suspect of Alcohol Use, Not Suspect of Drug Use",,Motor Vehicle In Transport,,,,,,,39.08386529,-77.15333996,"(39.08386529, -77.15333996)"
MCP26860028,170548446,Montgomery County Police,Property Damage Crash,12/09/2017 01:10:00 AM,No,,,,,,,,,,,"BACK PARKING LOT OF 5D LOCATED AT 20000 AIRCRAFT DRIVE, GERMANTOWN MD 20874",,,DRIVER,OTHER,CLEAR,,DARK LIGHTS ON,N/A,N/A,,OTHER VEHICLE,N/A,,,,,,39.18427833,-77.263135,"(39.18427833, -77.263135)"
MCP3311001V,230023925,Montgomery County Police,Property Damage Crash,05/18/2023 06:38:00 PM,Yes,Maryland (State),East,,2,East,0,FEET,HILL UPHILL,MONTGOMERY AVE,EAST WEST HWY,,N/A,,DRIVER,SAME DIRECTION RIGHT TURN,CLEAR,DRY,DAYLIGHT,NO CONTROLS,N/A,,OTHER VEHICLE,N/A,INTERSECTION,Y-INTERSECTION,CURVE RIGHT,NO DEFECTS,"TWO-WAY, NOT DIVIDED",38.98587344,-77.08669513,"(38.98587344, -77.08669513)"
MCP2286000F,15035929,MONTGOMERY,Property Damage Crash,07/21/2015 04:34:00 PM,No,Maryland (State),North,,2,West,200,FEET,LEVEL,SENECA RD,OXMOOR PL,,N/A,,DRIVER,SINGLE VEHICLE,CLEAR,DRY,DAYLIGHT,NO CONTROLS,NONE DETECTED,,FIXED OBJECT,FIXED OBJECT,NON INTERSECTION,N/A,CURVE RIGHT,NO DEFECTS,"TWO-WAY, NOT DIVIDED",39.0815,-77.3166,"(39.0815, -77.3166)"
MCP2270004V,250024338,MONTGOMERY,Injury Crash,06/01/2025 01:59:00 PM,No,County Route,"Eastbound, Southbound","Crossover Area, Lane 1",1,South,0,FEET,Level,ABERDEEN RD,BRADLEY BLVD,,,,DRIVER,Rear To Side,Clear,Dry,Daylight,"No Controls, Stop Sign","Not Suspect of Alcohol Use, Not Suspect of Drug Use, Not Suspect of Alcohol Use, Not Suspect of Drug Use",,Motor Vehicle In Transport,,Intersection or Related,Angled/Skewed,Straight,No Defects,"Divided, Flush Median (greater than 4ft wide), Not Divided",38.99133838,-77.11771523,"(38.99133838, -77.11771523)"
DD5633001N,190024564,Rockville Police Departme,Property Damage Crash,05/23/2019 04:30:00 PM,No,Maryland (State),West,,3,East,100,FEET,LEVEL,MONTROSE RD,TOWER OAKS BLVD,,ROCKVILLE,,DRIVER,SAME DIR REAR END,CLOUDY,WET,DAYLIGHT,NO CONTROLS,NONE DETECTED,,OTHER VEHICLE,OTHER VEHICLE,INTERSECTION RELATED,T-INTERSECTION,STRAIGHT,NO DEFECTS,"TWO-WAY, DIVIDED, POSITIVE MEDIAN BARRIER",39.05541833,-77.14791333,"(39.05541833, -77.14791333)"
MCP28210020,200026864,Montgomery County Police,Injury Crash,07/10/2020 10:03:00 PM,No,County,North,,1,North,500,FEET,LEVEL,SNOUFFERS SCHOOL RD,CENTERWAY RD,,N/A,,DRIVER,SINGLE VEHICLE,CLEAR,DRY,DARK NO LIGHTS,NO CONTROLS,ALCOHOL PRESENT,,FIXED OBJECT,FIXED OBJECT,NON INTERSECTION,N/A,CURVE RIGHT,NO DEFECTS,"TWO-WAY, NOT DIVIDED",39.17123,-77.17772,"(39.17123, -77.17772)"
MCP3223001W,230024159,Montgomery County Police,Property Damage Crash,05/20/2023 02:13:00 AM,No,US (State),East,,3,North,0,FEET,LEVEL,COLESVILLE RD,UNIVERSITY BLVD E,,N/A,,DRIVER,STRAIGHT MOVEMENT ANGLE,CLEAR,DRY,DARK LIGHTS ON,TRAFFIC SIGNAL,NONE DETECTED,,OTHER VEHICLE,N/A,INTERSECTION,FOUR-WAY INTERSECTION,STRAIGHT,NO DEFECTS,"TWO-WAY, DIVIDED, POSITIVE MEDIAN BARRIER",39.0205365,-77.013323,"(39.0205365, -77.013323)"
EJ78760063,230049837,Gaithersburg Police Depar,Property Damage Crash,08/16/2023 09:00:00 PM,Yes,Maryland (State),West,,2,West,10,FEET,GRADE DOWNHILL,CLOPPER RD,SULLNICK WAY,,N/A,,DRIVER,OTHER,CLEAR,DRY,DARK LIGHTS ON,NO CONTROLS,"ALCOHOL CONTRIBUTED, NONE DETECTED",,OTHER VEHICLE,OTHER VEHICLE,INTERSECTION RELATED,T-INTERSECTION,STRAIGHT,NO DEFECTS,"TWO-WAY, DIVIDED, UNPROTECTED PAINTED MIN 4 FEET",39.14842797,-77.23710963,"(39.14842797, -77.23710963)"
MCP1119004P,180001117,Montgomery County Police,Property Damage Crash,01/08/2018 01:00:00 PM,No,County,West,,1,West,75,FEET,HILL UPHILL,DAHILL RD,ROUND HILL RD,,N/A,,DRIVER,OTHER,SLEET,WET,DAYLIGHT,NO CONTROLS,NONE DETECTED,,OTHER VEHICLE,N/A,N/A,OTHER,STRAIGHT,NO DEFECTS,"TWO-WAY, NOT DIVIDED",39.04792667,-77.08343167,"(39.04792667, -77.08343167)"
MCP2855005J,250010893,MONTGOMERY,Property Damage Crash,03/12/2025 03:18:00 PM,No,County Route,Southbound,Lane 2,3,South,0,FEET,Level,OAKVIEW DR,NEW HAMPSHIRE AVE (SB/L),,,,DRIVER,"Sideswipe, Same Direction",Clear,Dry,Daylight,Traffic Control Signal,"Not Suspect of Alcohol Use, Not Suspect of Drug Use, Not Suspect of Alcohol Use, Not Suspect of Drug Use, Not Suspect of Alcohol Use, Not Suspect of Drug Use",,Motor Vehicle In Transport,Motor Vehicle In Transport,Intersection or Related,Perpendicular,Straight,No Defects,"Divided, Flush Median (greater than 4ft wide)",39.01543246,-76.97812883,"(39.01543246, -76.97812883)"
MCP3090007W,240037126,MONTGOMERY,Property Damage Crash,08/06/2024 08:23:00 PM,No,County Route,Northbound,Lane 1,1,East,0,FEET,Level,EAST VILLAGE AVE,WOODFIELD RD,,,,UNKNOWN,Single Vehicle,Clear,Dry,Dark - Not Lighted,No Controls,"Not Suspect of Alcohol Use, Not Suspect of Drug Use",,Utility Pole/Light Support,,Intersection or Related,Perpendicular,Straight,No Defects,Not Divided,39.19162986,-77.15264285,"(39.19162986, -77.15264285)"
MCP3037005C,230059187,Montgomery County Police,Property Damage Crash,10/07/2023 08:10:00 PM,No,,,,,,,,,,,PARKING LOT OF 20633 BOLAND FARM RD,,,DRIVER,SINGLE VEHICLE,CLEAR,,DARK LIGHTS ON,NO CONTROLS,NONE DETECTED,,FIXED OBJECT,N/A,,,,,,39.194215,-77.245225,"(39.194215, -77.245225)"
MCP209400B9,180017399,Montgomery County Police,Injury Crash,04/10/2018 11:57:00 AM,No,,,,,,,,,,,"PARKING LOT OF
10215 FERNWOOD RD",,PEDESTRIAN,BOTH,OTHER,CLEAR,,DAYLIGHT,N/A,NONE DETECTED,NONE DETECTED,PEDESTRIAN,N/A,,,,,,39.023845,-77.135055,"(39.023845, -77.135055)"
MCP3068002W,200032557,Montgomery County Police,Injury Crash,08/20/2020 04:35:00 PM,No,Maryland (State),West,CROSSOVER AREA,2,North,0,FEET,LEVEL,BRADLEY BLVD,ARLINGTON RD,,N/A,,DRIVER,HEAD ON LEFT TURN,CLEAR,DRY,DAYLIGHT,TRAFFIC SIGNAL,N/A,,OTHER VEHICLE,N/A,INTERSECTION,FOUR-WAY INTERSECTION,STRAIGHT,NO DEFECTS,"TWO-WAY, DIVIDED, POSITIVE MEDIAN BARRIER",38.97811167,-77.09877667,"(38.97811167, -77.09877667)"
MCP2639002P,170550830,Montgomery County Police,Property Damage Crash,12/27/2017 01:58:00 AM,No,,,,,,,,,,,"11219 GRANDVIEW AVE. SILVER SPRING, MD (PARKING LOT)",,,DRIVER,OTHER,CLEAR,,DARK LIGHTS ON,NO CONTROLS,ALCOHOL CONTRIBUTED,,PARKED VEHICLE,N/A,,,,,,39.03987833,-77.05223667,"(39.03987833, -77.05223667)"
MCP3073001D,180016752,Montgomery County Police,Property Damage Crash,04/06/2018 04:20:00 PM,No,County,West,,1,South,0,FEET,LEVEL,EADES ST,ASPEN HILL RD,,N/A,,DRIVER,STRAIGHT MOVEMENT ANGLE,N/A,DRY,DAYLIGHT,STOP SIGN,N/A,,OTHER VEHICLE,N/A,INTERSECTION,FOUR-WAY INTERSECTION,STRAIGHT,NO DEFECTS,"TWO-WAY, DIVIDED, UNPROTECTED PAINTED MIN 4 FEET",39.073605,-77.09509833,"(39.073605, -77.09509833)"
DD56430038,230068278,Rockville Police Departme,Property Damage Crash,11/26/2023 12:15:00 AM,No,Municipality,East,,4,West,0,FEET,LEVEL,WOOTTON PKWY,SEVEN LOCKS RD,,ROCKVILLE,,DRIVER,STRAIGHT MOVEMENT ANGLE,N/A,DRY,N/A,FLASHING TRAFFIC SIGNAL,NONE DETECTED,,OTHER VEHICLE,N/A,INTERSECTION,FOUR-WAY INTERSECTION,STRAIGHT,NO DEFECTS,"TWO-WAY, NOT DIVIDED",39.06681659,-77.16172714,"(39.06681659, -77.16172714)"
MCP3382001B,240033277,MONTGOMERY,Property Damage Crash,07/15/2024 02:18:00 AM,Yes,Private Route,Unknown,Off Road,0,East,10.95,FEET,Level,,,,,,UNKNOWN,Single Vehicle,Clear,Dry,Dark - Lighted,No Controls,,,"Other Fixed Object (wall, building, tunnel, etc.)",,Non-Junction,,Straight,No Defects,Not Divided,39.06198115,-77.04499574,"(39.06198115, -77.04499574)"
MCP2627000D,15012919,Montgomery County Police,Property Damage Crash,03/20/2015 06:02:00 PM,No,Maryland (State),South,,2,East,0,FEET,LEVEL,RIVER RD,DORSET AVE,,N/A,,DRIVER,HEAD ON LEFT TURN,RAINING,WET,DAYLIGHT,STOP SIGN,NONE DETECTED,,OTHER VEHICLE,N/A,INTERSECTION,T-INTERSECTION,STRAIGHT,NO DEFECTS,"TWO-WAY, DIVIDED, POSITIVE MEDIAN BARRIER",38.96880667,-77.10964667,"(38.96880667, -77.10964667)"
MCP29540032,17010663,Montgomery County Police,Injury Crash,02/28/2017 09:31:00 AM,Yes,US (State),South,,2,North,0,FEET,LEVEL,COLESVILLE RD,UNIVERSITY BLVD E,,N/A,PEDESTRIAN,DRIVER,SINGLE VEHICLE,CLEAR,DRY,DAYLIGHT,TRAFFIC SIGNAL,UNKNOWN,NONE DETECTED,PEDESTRIAN,N/A,INTERSECTION,FOUR-WAY INTERSECTION,STRAIGHT,NO DEFECTS,"TWO-WAY, DIVIDED, POSITIVE MEDIAN BARRIER",39.01980052,-77.01337695,"(39.01980052, -77.01337695)"
MCP2900003V,220005768,Montgomery County Police,Property Damage Crash,02/10/2022 06:28:00 AM,No,County,East,LEFT TURN LANE,3,North,20,FEET,LEVEL,SHADY GROVE RD,MUNCASTER MILL RD,,N/A,,DRIVER,SAME DIR REAR END,CLEAR,DRY,DAWN,TRAFFIC SIGNAL,N/A,,OTHER VEHICLE,N/A,INTERSECTION RELATED,FOUR-WAY INTERSECTION,STRAIGHT,NO DEFECTS,"TWO-WAY, DIVIDED, POSITIVE MEDIAN BARRIER",39.14798981,-77.14804196,"(39.14798981, -77.14804196)"
MCP3214001K,220014001,Montgomery County Police,Property Damage Crash,04/02/2022 02:45:00 AM,Yes,Other Public Roadway,South,,2,North,50,FEET,LEVEL,CIDER BARRELL DR,REGENTS PARK DR,,N/A,,DRIVER,SAME DIRECTION SIDESWIPE,CLEAR,DRY,DARK LIGHTS ON,NO CONTROLS,ALCOHOL PRESENT,,PARKED VEHICLE,PARKED VEHICLE,NON INTERSECTION,N/A,STRAIGHT,NO DEFECTS,"TWO-WAY, NOT DIVIDED",39.18894,-77.24329333,"(39.18894, -77.24329333)"
MCP003600DY,200049788,Montgomery County Police,Property Damage Crash,12/18/2020 03:45:00 PM,Yes,County,East,,2,West,20,FEET,LEVEL,WISTERIA DR,GERMANTOWN RD,,N/A,,DRIVER,SAME DIRECTION SIDESWIPE,CLOUDY,WET,DAYLIGHT,TRAFFIC SIGNAL,"NONE DETECTED, UNKNOWN",,OTHER VEHICLE,N/A,INTERSECTION RELATED,FOUR-WAY INTERSECTION,STRAIGHT,NO DEFECTS,"TWO-WAY, NOT DIVIDED",39.177155,-77.27062,"(39.177155, -77.27062)"
DD56140032,170519615,Rockville Police Departme,Injury Crash,07/17/2017 07:30:00 PM,Yes,Maryland (State),North,,3,South,200,FEET,LEVEL,FREDERICK RD,E GUDE DR,,N/A,,DRIVER,SAME DIR REAR END,CLEAR,DRY,DAYLIGHT,NO CONTROLS,"NONE DETECTED, UNKNOWN",,OTHER VEHICLE,N/A,N/A,N/A,STRAIGHT,NO DEFECTS,"TWO-WAY, DIVIDED, POSITIVE MEDIAN BARRIER",39.10598531,-77.15785883,"(39.10598531, -77.15785883)"
MCP2759001D,190031531,Montgomery County Police,Property Damage Crash,07/02/2019 02:45:00 PM,No,Maryland (State),South,LEFT TURN LANE,5,North,0,FEET,LEVEL,NEW HAMPSHIRE AVE,RANDOLPH RD,,N/A,,DRIVER,SAME DIR BOTH LEFT TURN,CLEAR,N/A,DAYLIGHT,TRAFFIC SIGNAL,N/A,,OTHER VEHICLE,N/A,INTERSECTION,FOUR-WAY INTERSECTION,STRAIGHT,NO DEFECTS,"TWO-WAY, DIVIDED, POSITIVE MEDIAN BARRIER",39.07605333,-77.001495,"(39.07605333, -77.001495)"