Report Number,Local Case Number,Agency Name,ACRS Report Type,Crash Date/Time,Hit/Run,Route Type,Lane Direction,Lane Type,Number of Lanes,Direction,Distance,Distance Unit,Road Grade,Road Name,Cross-Street Name,Off-Road Description,Municipality,Related Non-Motorist,At Fault,Collision Type,Weather,Surface Condition,Light,Traffic Control,Driver Substance Abuse,Non-Motorist Substance Abuse,First Harmful Event,Second Harmful Event,Junction,Intersection Type,Road Alignment,Road Condition,Road Division,Latitude,Longitude,Location
MCP23350029,240046566,MONTGOMERY,Property Damage Crash,09/29/2024 10:40:00 PM,No,Maryland (State) Route,Westbound,Lane 1,2,East,26.08,FEET,Level,CLARKSBURG RD,,,,,UNKNOWN,Single Vehicle,Clear,Wet,Dark - Not Lighted,No Controls,"Not Suspect of Alcohol Use, Not Suspect of Drug Use",,Animal (live),,Non-Junction,,Straight,No Defects,Not Divided,39.21251,-77.29925,"(39.21251, -77.29925)"
MCP2877005Y,180042615,Montgomery County Police,Injury Crash,08/27/2018 09:50:00 AM,Yes,County,East,,1,East,40,FEET,LEVEL,FENTON ST,THAYER AVE,,N/A,,DRIVER,SAME DIR REAR END,CLEAR,DRY,DAYLIGHT,NO CONTROLS,"NONE DETECTED, UNKNOWN",,OTHER VEHICLE,N/A,N/A,N/A,STRAIGHT,NO DEFECTS,"TWO-WAY, NOT DIVIDED",38.99339,-77.02401,"(38.99339, -77.02401)"
MCP2761004Q,230054981,Montgomery County Police,Property Damage Crash,09/15/2023 07:14:00 AM,No,Maryland (State),North,,1,North,0,FEET,LEVEL,RIDGE RD,HAWKES RD,,N/A,,DRIVER,SAME DIR REAR END,CLEAR,DRY,DAYLIGHT,NO CONTROLS,NONE DETECTED,,OTHER VEHICLE,N/A,INTERSECTION RELATED,T-INTERSECTION,STRAIGHT,NO DEFECTS,"TWO-WAY, NOT DIVIDED",39.24713733,-77.23407,"(39.24713733, -77.23407)"
MCP2717009H,17007092,Montgomery County Police,Injury Crash,02/09/2017 12:10:00 PM,No,US (State),South,,3,North,500,FEET,LEVEL,COLESVILLE RD,CRESTMOOR DR,,N/A,,DRIVER,SAME DIR REAR END,CLEAR,DRY,DAYLIGHT,NO CONTROLS,NONE DETECTED,,OTHER VEHICLE,N/A,NON INTERSECTION,N/A,STRAIGHT,NO DEFECTS,"TWO-WAY, DIVIDED, POSITIVE MEDIAN BARRIER",39.03153217,-77.00444017,"(39.03153217, -77.00444017)"
MCP3210000X,190059549,Montgomery County Police,Injury Crash,12/10/2019 05:25:00 PM,No,Maryland (State),West,,2,West,10,FEET,LEVEL,NORBECK RD,MUNCASTER MILL RD,,N/A,,DRIVER,ANGLE MEETS LEFT TURN,RAINING,WET,DARK LIGHTS ON,TRAFFIC SIGNAL,NONE DETECTED,,OTHER VEHICLE,FIXED OBJECT,INTERSECTION RELATED,FOUR-WAY INTERSECTION,STRAIGHT,NO DEFECTS,"TWO-WAY, DIVIDED, POSITIVE MEDIAN BARRIER",39.10897159,-77.08025788,"(39.10897159, -77.08025788)"
MCP31450044,230057320,Montgomery County Police,Injury Crash,09/28/2023 03:20:00 PM,No,County,North,,2,East,0,FEET,GRADE DOWNHILL,POWDER MILL RD,ENT TO BUSINESS,,N/A,,DRIVER,SAME DIRECTION LEFT TURN,CLEAR,DRY,DAYLIGHT,STOP SIGN,NONE DETECTED,,OTHER VEHICLE,FIXED OBJECT,N/A,T-INTERSECTION,STRAIGHT,NO DEFECTS,"TWO-WAY, DIVIDED, POSITIVE MEDIAN BARRIER",39.022745,-76.97627333,"(39.022745, -76.97627333)"
MCP32940013,230002256,Montgomery County Police,Property Damage Crash,01/14/2023 03:00:00 PM,No,County,West,,2,East,0,FEET,LEVEL,FRAMINGHAM DR,FARMINGHAM CT,,N/A,,DRIVER,HEAD ON,CLEAR,DRY,DAYLIGHT,NO CONTROLS,NONE DETECTED,,PARKED VEHICLE,PARKED VEHICLE,NON INTERSECTION,N/A,CURVE LEFT,NO DEFECTS,"TWO-WAY, NOT DIVIDED",39.17492833,-77.18625,"(39.17492833, -77.18625)"
MCP31260020,200015094,Montgomery County Police,Property Damage Crash,04/05/2020 06:40:00 PM,No,County,South,,1,East,0,FEET,LEVEL,FLAMINGO TERR,CUL DE SAC,,N/A,,DRIVER,OPPOSITE DIRECTION SIDESWIPE,CLEAR,DRY,DAYLIGHT,NO CONTROLS,NONE DETECTED,,OTHER VEHICLE,N/A,NON INTERSECTION,N/A,STRAIGHT,NO DEFECTS,"TWO-WAY, NOT DIVIDED",39.25656806,-77.20195143,"(39.25656806, -77.20195143)"
MCP2615002N,180042261,Montgomery County Police,Property Damage Crash,08/24/2018 08:00:00 PM,Yes,County,East,,1,South,1,FEET,HILL CREST,LOCKWOOD DR,DECEMBER DR,,N/A,,DRIVER,SAME DIRECTION RIGHT TURN,CLEAR,DRY,DARK LIGHTS ON,NO CONTROLS,"NONE DETECTED, UNKNOWN",,OTHER VEHICLE,N/A,N/A,FOUR-WAY INTERSECTION,CURVE LEFT,NO DEFECTS,"TWO-WAY, DIVIDED, UNPROTECTED PAINTED MIN 4 FEET",39.04164479,-76.98127023,"(39.04164479, -76.98127023)"
EJ7833007C,220044627,Gaithersburg Police Depar,Property Damage Crash,10/12/2022 12:24:00 PM,No,Municipality,East,,1,East,0,FEET,LEVEL,W DEER PARK RD,BRIGHTON DR,,GAITHERSBURG,,DRIVER,STRAIGHT MOVEMENT ANGLE,CLOUDY,DRY,DAYLIGHT,NO CONTROLS,NONE DETECTED,,OTHER VEHICLE,N/A,INTERSECTION,T-INTERSECTION,STRAIGHT,NO DEFECTS,"TWO-WAY, DIVIDED, POSITIVE MEDIAN BARRIER",39.12797245,-77.19514017,"(39.12797245, -77.19514017)"
MCP2278003J,210037766,Montgomery County Police,Property Damage Crash,09/24/2021 09:42:00 AM,No,County,West,,3,East,500,FEET,LEVEL,DEMOCRACY BLVD,RAMP 6 FR DEMOCRACY BLVD TO IS 270Y SB,,N/A,,DRIVER,SAME DIRECTION LEFT TURN,N/A,DRY,DAYLIGHT,NO CONTROLS,NONE DETECTED,,OTHER VEHICLE,N/A,NON INTERSECTION,N/A,STRAIGHT,NO DEFECTS,"TWO-WAY, DIVIDED, POSITIVE MEDIAN BARRIER",39.02161,-77.14162333,"(39.02161, -77.14162333)"
MCP9366000S,17009460,Montgomery County Police,Property Damage Crash,02/22/2017 12:45:00 AM,No,Maryland (State),North,,1,North,0,FEET,GRADE DOWNHILL,GEORGIA AVE,HOLIDAY DR,,N/A,,DRIVER,SINGLE VEHICLE,CLEAR,DRY,DARK LIGHTS ON,N/A,NONE DETECTED,,FIXED OBJECT,N/A,INTERSECTION,T-INTERSECTION,CURVE LEFT,NO DEFECTS,"TWO-WAY, NOT DIVIDED",39.18077167,-77.05918667,"(39.18077167, -77.05918667)"
MCP3121004X,220029379,Montgomery County Police,Injury Crash,07/08/2022 07:02:00 PM,No,County,West,,1,South,100,FEET,LEVEL,WATKINS MILL RD,STEDWICK RD,,N/A,,DRIVER,HEAD ON LEFT TURN,CLOUDY,DRY,DAYLIGHT,NO CONTROLS,NONE DETECTED,,OTHER VEHICLE,FIXED OBJECT,NON INTERSECTION,N/A,STRAIGHT,NO DEFECTS,"TWO-WAY, NOT DIVIDED",39.17239217,-77.2084205,"(39.17239217, -77.2084205)"
MCP30290020,180015554,Montgomery County Police,Property Damage Crash,03/30/2018 08:01:00 PM,Yes,US (State),South,LEFT TURN LANE,5,North,0,FEET,LEVEL,COLUMBIA PIKE,TECH RD,,N/A,,DRIVER,SAME DIR REAR END,CLEAR,DRY,DARK LIGHTS ON,TRAFFIC SIGNAL,"NONE DETECTED, UNKNOWN",,OTHER VEHICLE,N/A,INTERSECTION,FOUR-WAY INTERSECTION,STRAIGHT,NO DEFECTS,"TWO-WAY, DIVIDED, POSITIVE MEDIAN BARRIER",39.05805133,-76.9684647,"(39.05805133, -76.9684647)"
MCP3113003M,220000246,Montgomery County Police,Property Damage Crash,01/03/2022 09:00:00 AM,Yes,,,,,,,,,,,EMERGENCY ROOM AMBULANCE ENTRANCE AT WHITE OAK HOSPITAL,,,DRIVER,OTHER,SNOW,,DAYLIGHT,NO CONTROLS,N/A,,PARKED VEHICLE,N/A,,,,,,39.0490409,-76.9562533,"(39.0490409, -76.9562533)"
MCP28510024,16059646,Montgomery County Police,Injury Crash,11/19/2016 04:58:00 PM,No,Maryland (State),North,CROSSOVER AREA,4,North,0,FEET,LEVEL,GERMANTOWN RD,AIRCRAFT DR,,N/A,,DRIVER,HEAD ON,RAINING,WET,DARK LIGHTS ON,TRAFFIC SIGNAL,NONE DETECTED,,OTHER VEHICLE,OTHER VEHICLE,INTERSECTION,FOUR-WAY INTERSECTION,STRAIGHT,NO DEFECTS,"TWO-WAY, DIVIDED, POSITIVE MEDIAN BARRIER",39.182015,-77.26026667,"(39.182015, -77.26026667)"
MCP91180035,220010071,Montgomery County Police,Property Damage Crash,03/09/2022 03:03:00 AM,Yes,County,West,,1,West,500,FEET,LEVEL,ARCOLA AVE,LAMBERTON DR,,N/A,,DRIVER,SINGLE VEHICLE,CLEAR,DRY,DARK NO LIGHTS,NO CONTROLS,UNKNOWN,,FIXED OBJECT,FIXED OBJECT,NON INTERSECTION,N/A,STRAIGHT,NO DEFECTS,"TWO-WAY, NOT DIVIDED",39.04256167,-77.02964667,"(39.04256167, -77.02964667)"
MCP2600001S,16011352,MONTGOMERY,Injury Crash,03/07/2016 05:55:00 PM,No,Maryland (State),South,,3,North,,MILE,LEVEL,NEW HAMPSHIRE AVE,POWDER MILL RD,,N/A,,DRIVER,SAME DIR REAR END,CLEAR,DRY,DAYLIGHT,NO CONTROLS,NONE DETECTED,,OTHER VEHICLE,N/A,NON INTERSECTION,N/A,STRAIGHT,NO DEFECTS,"TWO-WAY, DIVIDED, POSITIVE MEDIAN BARRIER",39.02351667,-76.97909833,"(39.02351667, -76.97909833)"
MCP2937003S,200049725,Montgomery County Police,Property Damage Crash,12/07/2020 01:45:00 AM,No,County,North,,2,East,0.2,MILE,LEVEL,BROADBIRCH DR,CHERRY HILL RD,,N/A,,UNKNOWN,SINGLE VEHICLE,CLEAR,DRY,DARK LIGHTS ON,NO CONTROLS,NONE DETECTED,,ANIMAL,N/A,NON INTERSECTION,N/A,STRAIGHT,NO DEFECTS,"TWO-WAY, NOT DIVIDED",39.05587464,-76.95503914,"(39.05587464, -76.95503914)"
MCP2686002Q,180025102,Montgomery County Police,Property Damage Crash,05/22/2018 08:45:00 AM,No,County,North,,3,South,20,FEET,LEVEL,FATHER HURLEY BLVD,RAMP 8 FR IS270 SB TO FATHER HURLEY BLVD,,N/A,,DRIVER,SAME DIR REAR END,CLOUDY,DRY,DAYLIGHT,TRAFFIC SIGNAL,"N/A, NONE DETECTED",,OTHER VEHICLE,N/A,INTERSECTION RELATED,T-INTERSECTION,STRAIGHT,NO DEFECTS,"TWO-WAY, DIVIDED, POSITIVE MEDIAN BARRIER",39.19651749,-77.26537585,"(39.19651749, -77.26537585)"
MCP9385000H,190030680,Montgomery County Police,Injury Crash,06/27/2019 03:05:00 PM,No,Maryland (State),West,,2,East,0,FEET,LEVEL,DARNESTOWN RD,ARGOSY DR,,GAITHERSBURG,,DRIVER,HEAD ON LEFT TURN,CLEAR,DRY,DAYLIGHT,STOP SIGN,NONE DETECTED,,OTHER VEHICLE,N/A,INTERSECTION,FOUR-WAY INTERSECTION,STRAIGHT,NO DEFECTS,"TWO-WAY, DIVIDED, POSITIVE MEDIAN BARRIER",39.10324333,-77.22427667,"(39.10324333, -77.22427667)"
DD56010041,180039063,Rockville Police Departme,Injury Crash,08/06/2018 07:00:00 PM,No,Maryland (State),North,,3,North,0,FEET,LEVEL,ROCKVILLE PIKE,ENT TO WINTERGREEN PLAZA,,N/A,,DRIVER,SAME DIR REAR END,CLEAR,DRY,DAYLIGHT,NO CONTROLS,N/A,,OTHER VEHICLE,OTHER VEHICLE,NON INTERSECTION,N/A,STRAIGHT,NO DEFECTS,"TWO-WAY, DIVIDED, POSITIVE MEDIAN BARRIER",39.07588517,-77.13804517,"(39.07588517, -77.13804517)"
MCP30800023,190059564,Montgomery County Police,Property Damage Crash,12/10/2019 06:30:00 PM,No,County,South,,3,East,0,FEET,LEVEL,MIDDLEBROOK RD,GREAT SENECA HWY,,N/A,,DRIVER,SAME DIR REAR END,RAINING,WET,DARK LIGHTS ON,TRAFFIC SIGNAL,NONE DETECTED,,OTHER VEHICLE,N/A,INTERSECTION,T-INTERSECTION,STRAIGHT,NO DEFECTS,"TWO-WAY, NOT DIVIDED",39.17498326,-77.26104968,"(39.17498326, -77.26104968)"
MCP3296002K,240046024,MONTGOMERY,Property Damage Crash,09/26/2024 03:00:00 PM,,County Route,Westbound,Lane 1,1,East,0,FEET,Level,E FRANKLIN AVE (WB/L),MERWOOD LA,,,,DRIVER,Angle,Cloudy,Dry,Daylight,Stop Sign,"Not Suspect of Alcohol Use, Not Suspect of Drug Use, Unknown, Unknown",,Motor Vehicle In Transport,,Intersection or Related,Angled/Skewed,Straight,No Defects,"Divided, Raised Median (curbed)",39.01261294,-77.00189554,"(39.01261294, -77.00189554)"
MCP2545000X,220025717,Montgomery County Police,Injury Crash,06/15/2022 08:40:00 AM,No,Maryland (State),South,,3,North,0,FEET,LEVEL,GEORGIA AVE,PLYERS MILL RD,,N/A,,DRIVER,SAME DIR REAR END,CLEAR,DRY,DAYLIGHT,TRAFFIC SIGNAL,NONE DETECTED,,OTHER VEHICLE,N/A,INTERSECTION,FOUR-WAY INTERSECTION,STRAIGHT,NO DEFECTS,"TWO-WAY, DIVIDED, POSITIVE MEDIAN BARRIER",39.03002,-77.04813833,"(39.03002, -77.04813833)"
MCP2899001G,17011003,Montgomery County Police,Injury Crash,03/01/2017 10:41:00 PM,No,US (State),North,,3,South,50,FEET,LEVEL,COLUMBIA PIKE,RAMP 2 FR BRIGGS CHANEY RD TO US 29 NB,,N/A,,DRIVER,SAME DIR REAR END,CLEAR,DRY,DARK LIGHTS ON,NO CONTROLS,"ALCOHOL PRESENT, NONE DETECTED",,OTHER VEHICLE,N/A,NON INTERSECTION,N/A,STRAIGHT,NO DEFECTS,"TWO-WAY, DIVIDED, POSITIVE MEDIAN BARRIER",39.08636593,-76.94538832,"(39.08636593, -76.94538832)"
MCP2771000V,17008157,Montgomery County Police,Property Damage Crash,02/15/2017 03:29:00 AM,No,,,,,,0,,,,,IN THE ALLEY WAY JUST BEHIND 9675 LOST KNIFE ROAD,,,DRIVER,SINGLE VEHICLE,N/A,,DARK NO LIGHTS,N/A,NONE DETECTED,,FIXED OBJECT,N/A,,,,,,39.15385552,-77.19894826,"(39.15385552, -77.19894826)"
MCP3125002W,210021243,Montgomery County Police,Property Damage Crash,06/04/2021 04:05:00 PM,No,,,,,,,,,,,PARKING LOT OF 1307 SEVEN LOCKS ROAD,,,DRIVER,SINGLE VEHICLE,CLEAR,,DAYLIGHT,NO CONTROLS,N/A,,FIXED OBJECT,N/A,,,,,,39.06577167,-77.159495,"(39.06577167, -77.159495)"
MCP2586007M,240040384,MONTGOMERY,Property Damage Crash,08/26/2024 03:11:00 PM,No,County Route,Eastbound,Lane 1,2,North,32.34,FEET,Level,RIGGS RD,,,,,DRIVER,Single Vehicle,Clear,Dry,Daylight,No Controls,"Not Suspect of Alcohol Use, Not Suspect of Drug Use",,Tree (standing),,Through Roadway,,Curve Left,No Defects,Not Divided,39.20674867,-77.10915333,"(39.20674867, -77.10915333)"
MCP1534000M,240038028,MONTGOMERY,Property Damage Crash,08/13/2024 02:02:00 PM,No,County Route,Not On Roadway,Lane 1,1,West,15.46,FEET,Hillcrest,,,,,,UNKNOWN,Single Vehicle,Clear,Dry,Daylight,No Controls,"Not Suspect of Alcohol Use, Not Suspect of Drug Use",,Embankment,Not Applicable,Non-Junction,,Straight,No Defects,Not Divided,39.21378256,-77.2860393,"(39.21378256, -77.2860393)"
MCP3233003J,220034762,Montgomery County Police,Injury Crash,08/12/2022 06:48:00 PM,No,Maryland (State),North,,2,North,0,FEET,LEVEL,PINEY BRANCH RD,BARRON ST,,N/A,,DRIVER,HEAD ON LEFT TURN,CLEAR,DRY,DAYLIGHT,TRAFFIC SIGNAL,NONE DETECTED,,OTHER VEHICLE,N/A,INTERSECTION,FOUR-WAY INTERSECTION,STRAIGHT,NO DEFECTS,"TWO-WAY, DIVIDED, UNPROTECTED PAINTED MIN 4 FEET",39.03181633,-77.007228,"(39.03181633, -77.007228)"
DD5616000T,16010091,Rockville Police Departme,Injury Crash,02/29/2016 02:37:00 PM,No,Maryland (State),North,,2,East,0,FEET,LEVEL,VEIRS MILL RD,TWINBROOK PKWY,,N/A,,DRIVER,STRAIGHT MOVEMENT ANGLE,CLEAR,DRY,DAYLIGHT,TRAFFIC SIGNAL,NONE DETECTED,,OTHER VEHICLE,N/A,INTERSECTION,FOUR-WAY INTERSECTION,STRAIGHT,NO DEFECTS,"TWO-WAY, DIVIDED, POSITIVE MEDIAN BARRIER",39.07356967,-77.11197317,"(39.07356967, -77.11197317)"
MCP22780030,200002136,Montgomery County Police,Property Damage Crash,01/13/2020 02:46:00 PM,No,County,East,,2,North,0,FEET,LEVEL,FERNWOOD RD,ROCKLEDGE DR,,N/A,,DRIVER,STRAIGHT MOVEMENT ANGLE,CLOUDY,DRY,DAYLIGHT,TRAFFIC SIGNAL,NONE DETECTED,,OTHER VEHICLE,N/A,INTERSECTION,FOUR-WAY INTERSECTION,STRAIGHT,NO DEFECTS,"TWO-WAY, DIVIDED, POSITIVE MEDIAN BARRIER",39.02624,-77.13896,"(39.02624, -77.13896)"
MCP9134000H,17008967,Montgomery County Police,Property Damage Crash,02/19/2017 04:19:00 AM,No,County,South,,2,North,100,FEET,GRADE DOWNHILL,PARK VALLEY RD,PARK CREST DR,,N/A,,DRIVER,OTHER,RAINING,WET,DARK LIGHTS ON,N/A,ALCOHOL PRESENT,,PARKED VEHICLE,N/A,NON INTERSECTION,N/A,STRAIGHT,NO DEFECTS,"TWO-WAY, NOT DIVIDED",38.99042833,-77.00903833,"(38.99042833, -77.00903833)"
MCP3336000M,220056444,Montgomery County Police,Property Damage Crash,12/20/2022 03:07:00 PM,No,County,West,,2,West,5,FEET,GRADE DOWNHILL,SPRING ST,ELLSWORTH DR,,N/A,,DRIVER,SAME DIR REAR END,CLEAR,DRY,DAYLIGHT,TRAFFIC SIGNAL,NONE DETECTED,,OTHER VEHICLE,N/A,INTERSECTION RELATED,FOUR-WAY INTERSECTION,STRAIGHT,NO DEFECTS,"TWO-WAY, DIVIDED, UNPROTECTED PAINTED MIN 4 FEET",38.99895167,-77.02466167,"(38.99895167, -77.02466167)"
MCP2848002B,15064228,MONTGOMERY,Injury Crash,12/16/2015 12:11:00 PM,No,County,North,,1,North,5,FEET,LEVEL,WHITTIER BLVD,ORCHID DR,,N/A,,DRIVER,SINGLE VEHICLE,CLEAR,DRY,DAYLIGHT,NO CONTROLS,NONE DETECTED,,FIXED OBJECT,N/A,N/A,N/A,STRAIGHT,NO DEFECTS,"TWO-WAY, DIVIDED, UNPROTECTED PAINTED MIN 4 FEET",38.98451667,-77.12636333,"(38.98451667, -77.12636333)"
MCP30310048,220000996,Montgomery County Police,Property Damage Crash,01/09/2022 12:00:00 PM,Yes,County,North,,1,South,500,FEET,LEVEL,ASPEN HILL RD,GLASGOW DR,,N/A,,DRIVER,SAME DIR REND LEFT TURN,RAINING,WET,DAYLIGHT,NO CONTROLS,NONE DETECTED,,OTHER VEHICLE,N/A,N/A,N/A,STRAIGHT,NO DEFECTS,"TWO-WAY, NOT DIVIDED",39.07256833,-77.096905,"(39.07256833, -77.096905)"
MCP3039006K,230062949,Montgomery County Police,Property Damage Crash,10/27/2023 06:45:00 PM,No,US (State),South,,3,South,15,FEET,LEVEL,COLESVILLE RD,GREYROCK DR,,N/A,,DRIVER,SAME DIRECTION SIDESWIPE,CLEAR,DRY,DARK LIGHTS ON,NO CONTROLS,NONE DETECTED,,OTHER VEHICLE,N/A,N/A,N/A,STRAIGHT,NO DEFECTS,"TWO-WAY, NOT DIVIDED",39.00638533,-77.02190933,"(39.00638533, -77.02190933)"
MCP3111006C,230005028,Montgomery County Police,Property Damage Crash,01/31/2023 10:14:00 AM,No,Maryland (State),East,LEFT TURN LANE,2,West,0,FEET,LEVEL,RIVER RD,WILLARD AVE,,N/A,,DRIVER,SAME DIR REAR END,RAINING,WET,DAYLIGHT,TRAFFIC SIGNAL,NONE DETECTED,,OTHER VEHICLE,N/A,INTERSECTION RELATED,T-INTERSECTION,STRAIGHT,NO DEFECTS,"TWO-WAY, NOT DIVIDED",38.96057533,-77.096695,"(38.96057533, -77.096695)"
MCP302600BX,230065061,Montgomery County Police,Injury Crash,11/08/2023 08:22:00 AM,No,County,North,,1,West,0,FEET,LEVEL,BEECH AVE,SINGLETON DR,,N/A,PEDESTRIAN,DRIVER,SINGLE VEHICLE,CLEAR,DRY,DAYLIGHT,STOP SIGN,NONE DETECTED,NONE DETECTED,PEDESTRIAN,N/A,INTERSECTION,FOUR-WAY INTERSECTION,STRAIGHT,NO DEFECTS,"TWO-WAY, DIVIDED, UNPROTECTED PAINTED MIN 4 FEET",39.00973033,-77.11581167,"(39.00973033, -77.11581167)"
MCP31780036,210053304,Montgomery County Police,Property Damage Crash,12/31/2021 07:02:00 AM,No,Maryland (State),North,,2,South,20,FEET,LEVEL,NEW HAMPSHIRE AVE,HARDING LA,,N/A,,UNKNOWN,SINGLE VEHICLE,FOGGY,WET,DUSK,NO CONTROLS,NONE DETECTED,,ANIMAL,N/A,NON INTERSECTION,N/A,STRAIGHT,NO DEFECTS,"TWO-WAY, DIVIDED, POSITIVE MEDIAN BARRIER",39.116855,-76.990205,"(39.116855, -76.990205)"
MCP3320002Z,250001730,MONTGOMERY,Property Damage Crash,01/13/2025 05:50:00 PM,No,County Route,Southbound,Lane 2,3,North,8,FEET,Level,INDIAN SPRING DR,COLESVILLE RD (SB/L),,,,UNKNOWN,"Sideswipe, Same Direction",Clear,Dry,Dark - Lighted,No Controls,"Not Suspect of Alcohol Use, Not Suspect of Drug Use, Not Suspect of Alcohol Use, Not Suspect of Drug Use",,Motor Vehicle In Transport,,Non-Junction,,Straight,No Defects,"Divided, Raised Median (curbed)",39.01252393,-77.0169206,"(39.01252393, -77.0169206)"
MCP2931004S,200049826,Montgomery County Police,Property Damage Crash,12/18/2020 06:57:00 PM,No,Maryland (State),West,,3,East,50,FEET,LEVEL,MONTROSE RD,TOWER OAKS BLVD,,ROCKVILLE,,DRIVER,SAME DIR REAR END,CLEAR,DRY,DARK LIGHTS ON,TRAFFIC SIGNAL,NONE DETECTED,,OTHER VEHICLE,OTHER VEHICLE,NON INTERSECTION,N/A,STRAIGHT,NO DEFECTS,"TWO-WAY, DIVIDED, POSITIVE MEDIAN BARRIER",39.05539333,-77.147695,"(39.05539333, -77.147695)"
DM8434001J,180048848,Takoma Park Police Depart,Injury Crash,09/30/2018 01:13:00 PM,No,Maryland (State),West,,1,East,400,FEET,HILL UPHILL,ETHAN ALLEN AVE,ELM AVE,,TAKOMA PARK,,DRIVER,SAME DIR REAR END,CLEAR,DRY,DAYLIGHT,NO CONTROLS,"N/A, NONE DETECTED",,OTHER VEHICLE,N/A,NON INTERSECTION,N/A,STRAIGHT,NO DEFECTS,"TWO-WAY, NOT DIVIDED",38.97766167,-77.00044333,"(38.97766167, -77.00044333)"
DD5606001P,15006912,Rockville Police Departme,Injury Crash,02/11/2015 10:39:00 AM,No,Maryland (State),West,,3,East,0,FEET,HILL CREST,W JEFFERSON ST,S WASHINGTON ST,,ROCKVILLE,,DRIVER,SAME DIRECTION LEFT TURN,N/A,N/A,DAYLIGHT,TRAFFIC SIGNAL,NONE DETECTED,,OTHER VEHICLE,N/A,INTERSECTION,FOUR-WAY INTERSECTION,STRAIGHT,NO DEFECTS,"TWO-WAY, NOT DIVIDED",39.08356167,-77.15284833,"(39.08356167, -77.15284833)"
DM83880041,220025353,Takoma Park Police Depart,Property Damage Crash,06/13/2022 11:10:00 AM,Yes,,,,,,,,,,,"7676 NEW HAMPSHIRE AVE. TAKOMA PARK, MD PARKING LOT",,,DRIVER,SAME DIRECTION SIDESWIPE,CLEAR,,DAYLIGHT,N/A,"NONE DETECTED, UNKNOWN",,PARKED VEHICLE,N/A,,,,,,38.98765583,-76.988192,"(38.98765583, -76.988192)"
EJ7878000D,190046255,Gaithersburg Police Depar,Injury Crash,09/26/2019 09:20:00 PM,No,County,South,,2,South,0,FEET,LEVEL,LOST KNIFE RD,CONTOUR RD,,N/A,,DRIVER,STRAIGHT MOVEMENT ANGLE,CLEAR,DRY,DARK LIGHTS ON,STOP SIGN,N/A,,OTHER VEHICLE,N/A,INTERSECTION,T-INTERSECTION,STRAIGHT,NO DEFECTS,"TWO-WAY, DIVIDED, UNPROTECTED PAINTED MIN 4 FEET",39.15486003,-77.20111011,"(39.15486003, -77.20111011)"
MCP32250015,200049574,Montgomery County Police,Injury Crash,12/16/2020 08:00:00 PM,No,Maryland (State),South,,3,North,0,FEET,LEVEL,GEORGIA AVE,WINDHAM LA,,N/A,,DRIVER,STRAIGHT MOVEMENT ANGLE,RAINING,WET,DARK LIGHTS ON,TRAFFIC SIGNAL,NONE DETECTED,,OTHER VEHICLE,OTHER VEHICLE,INTERSECTION,FOUR-WAY INTERSECTION,STRAIGHT,NO DEFECTS,"TWO-WAY, DIVIDED, POSITIVE MEDIAN BARRIER",39.03193751,-77.04832809,"(39.03193751, -77.04832809)"
MCP3020001H,170541784,Montgomery County Police,Property Damage Crash,11/09/2017 06:30:00 AM,No,Maryland (State),West,,3,East,0,FEET,GRADE DOWNHILL,MUNCASTER MILL RD,ENT TO CHURCH,,N/A,,DRIVER,SAME DIR REAR END,RAINING,WET,DARK LIGHTS ON,NO CONTROLS,NONE DETECTED,,OTHER VEHICLE,N/A,INTERSECTION,T-INTERSECTION,STRAIGHT,NO DEFECTS,"TWO-WAY, NOT DIVIDED",39.10974,-77.081565,"(39.10974, -77.081565)"
MCP2160002G,20019303,Montgomery County Police,Injury Crash,05/06/2022 03:04:00 PM,No,County,North,,1,North,0,FEET,LEVEL,WATKINS MILL RD,CLUB HOUSE RD,,N/A,,DRIVER,HEAD ON LEFT TURN,RAINING,WET,DAYLIGHT,TRAFFIC SIGNAL,N/A,,OTHER VEHICLE,N/A,INTERSECTION,T-INTERSECTION,STRAIGHT,NO DEFECTS,"TWO-WAY, NOT DIVIDED",39.17409911,-77.20831272,"(39.17409911, -77.20831272)"
MCP14170034,15020369,Montgomery County Police,Property Damage Crash,04/30/2015 12:54:00 PM,No,,,,,,0,,,,,"Parking Lot Of
17017 King James Way",,,DRIVER,STRAIGHT MOVEMENT ANGLE,CLEAR,,DAYLIGHT,STOP SIGN,NONE DETECTED,,OTHER VEHICLE,N/A,,,,,,39.13505358,-77.2066462,"(39.13505358, -77.2066462)"
MCP1354000Y,180014306,Montgomery County Police,Injury Crash,03/23/2018 03:41:00 AM,No,Maryland (State),East,OTHER,2,East,750,FEET,LEVEL,WHITES FERRY RD,SPATES HILL RD,,POOLESVILLE,,DRIVER,OTHER,CLEAR,DRY,DARK LIGHTS ON,N/A,NONE DETECTED,,FIXED OBJECT,OTHER VEHICLE,NON INTERSECTION,N/A,CURVE LEFT,NO DEFECTS,"TWO-WAY, NOT DIVIDED",39.13363167,-77.40051667,"(39.13363167, -77.40051667)"
MCP9412000N,180057304,Montgomery County Police,Property Damage Crash,11/15/2018 11:31:00 AM,No,Maryland (State),South,N/A,2,East,0,FEET,LEVEL,EAST WEST HWY,MEADOW LA,,CHEVY CHASE #4,,DRIVER,HEAD ON LEFT TURN,SNOW,SNOW,DAYLIGHT,NO CONTROLS,NONE DETECTED,,OTHER VEHICLE,N/A,INTERSECTION,Y-INTERSECTION,STRAIGHT,NO DEFECTS,"TWO-WAY, DIVIDED, POSITIVE MEDIAN BARRIER",38.98761167,-77.07965167,"(38.98761167, -77.07965167)"