Report Number,Local Case Number,Agency Name,ACRS Report Type,Crash Date/Time,Hit/Run,Route Type,Lane Direction,Lane Type,Number of Lanes,Direction,Distance,Distance Unit,Road Grade,Road Name,Cross-Street Name,Off-Road Description,Municipality,Related Non-Motorist,At Fault,Collision Type,Weather,Surface Condition,Light,Traffic Control,Driver Substance Abuse,Non-Motorist Substance Abuse,First Harmful Event,Second Harmful Event,Junction,Intersection Type,Road Alignment,Road Condition,Road Division,Latitude,Longitude,Location
MCP3151000Z,190005647,Montgomery County Police,Property Damage Crash,02/05/2019 08:27:00 AM,Yes,,,,,,,,,,,16221 BLACK ROCK ROAD,,,DRIVER,SINGLE VEHICLE,CLOUDY,,DAYLIGHT,NO CONTROLS,UNKNOWN,,FIXED OBJECT,N/A,,,,,,39.10501167,-77.23101667,"(39.10501167, -77.23101667)"
MCP3222001Y,220038688,Montgomery County Police,Property Damage Crash,09/06/2022 04:25:00 PM,No,Maryland (State),North,,2,East,50,FEET,HILL UPHILL,RIVER RD,BEECH TREE RD,,N/A,,DRIVER,SAME DIR REAR END,CLEAR,DRY,DAYLIGHT,NO CONTROLS,NONE DETECTED,,OTHER VEHICLE,N/A,N/A,N/A,STRAIGHT,NO DEFECTS,"TWO-WAY, DIVIDED, POSITIVE MEDIAN BARRIER",38.9862,-77.143164,"(38.9862, -77.143164)"
MCP2666001V,170515086,Montgomery County Police,Injury Crash,06/22/2017 02:02:00 AM,No,US (State),North,,3,North,0.1,MILE,LEVEL,COLUMBIA PIKE,BRIGGS CHANEY RD,,N/A,,DRIVER,SAME DIR REAR END,CLEAR,DRY,DARK LIGHTS ON,NO CONTROLS,"ALCOHOL PRESENT, NONE DETECTED",,OTHER VEHICLE,FIXED OBJECT,NON INTERSECTION,N/A,STRAIGHT,NO DEFECTS,"TWO-WAY, DIVIDED, POSITIVE MEDIAN BARRIER",39.08374683,-76.94739461,"(39.08374683, -76.94739461)"
MCP2737003R,190023420,Montgomery County Police,Property Damage Crash,05/17/2019 07:30:00 PM,Yes,,,,,,,,,,,"PARKING LOT OF HOME GOODS 18250 VILLAGE CENTER DRIVE, OLNEY MD 20832",,,DRIVER,OTHER,CLEAR,,DUSK,N/A,UNKNOWN,,OTHER VEHICLE,N/A,,,,,,39.15390761,-77.06415864,"(39.15390761, -77.06415864)"
MCP1220005Q,170532978,Montgomery County Police,Property Damage Crash,09/25/2017 09:22:00 AM,Yes,Maryland (State),South,,3,North,50,FEET,LEVEL,NEW HAMPSHIRE AVE,POWDER MILL RD,,N/A,,DRIVER,SAME DIRECTION SIDESWIPE,CLEAR,DRY,DAYLIGHT,NO CONTROLS,"NONE DETECTED, UNKNOWN",,OTHER VEHICLE,N/A,N/A,N/A,STRAIGHT,NO DEFECTS,"TWO-WAY, DIVIDED, POSITIVE MEDIAN BARRIER",39.02154667,-76.97719167,"(39.02154667, -76.97719167)"
MCP28320091,240006820,MONTGOMERY,Property Damage Crash,02/11/2024 11:41:00 AM,No,County Route,Eastbound,"Lane 1, Not Applicable",1,South,8.78,FEET,Uphill,RED FOX RD,,,,,DRIVER,Angle,Cloudy,Wet,Daylight,No Controls,"Not Suspect of Alcohol Use, Not Suspect of Drug Use",,Parked Vehicle,Not Applicable,Non-Junction,,Straight,No Defects,Not Divided,39.04889283,-77.09748767,"(39.04889283, -77.09748767)"
MCP2790000N,15029865,MONTGOMERY,Property Damage Crash,06/19/2015 05:15:00 AM,No,Ramp,North,ON RAMP,1,North,0,FEET,GRADE DOWNHILL,RAMP 4 FR IS 270 NB TO MIDDLEBROOK RD EB,MIDDLEBROOK RD,,N/A,,DRIVER,SINGLE VEHICLE,CLEAR,N/A,DAWN,OTHER,NONE DETECTED,,FIXED OBJECT,FIXED OBJECT,INTERCHANGE RELATED,OTHER,CURVE LEFT,NO DEFECTS,ONE-WAY TRAFFICWAY,39.17680167,-77.24447,"(39.17680167, -77.24447)"
MCP2683003K,190002703,Montgomery County Police,Injury Crash,01/17/2019 03:31:00 PM,No,County,South,,1,South,0,FEET,HILL UPHILL,SNOUFFERS SCHOOL RD,FLOWER HILL WAY,,N/A,,DRIVER,HEAD ON LEFT TURN,CLOUDY,DRY,DAYLIGHT,STOP SIGN,NONE DETECTED,,OTHER VEHICLE,N/A,INTERSECTION,FOUR-WAY INTERSECTION,STRAIGHT,NO DEFECTS,"TWO-WAY, NOT DIVIDED",39.16731833,-77.17338167,"(39.16731833, -77.17338167)"
MCP2891006F,180035734,Montgomery County Police,Property Damage Crash,07/19/2018 12:15:00 PM,Yes,US (State),North,,2,South,15,FEET,LEVEL,COLESVILLE RD,SPRING ST,,N/A,,DRIVER,SAME DIRECTION SIDESWIPE,CLEAR,DRY,DAYLIGHT,N/A,"NONE DETECTED, UNKNOWN",,OTHER VEHICLE,OTHER VEHICLE,N/A,N/A,STRAIGHT,N/A,"TWO-WAY, DIVIDED, UNPROTECTED PAINTED MIN 4 FEET",38.99889086,-77.02620864,"(38.99889086, -77.02620864)"
MCP24280011,180015165,Montgomery County Police,Injury Crash,03/28/2018 01:51:00 PM,No,,,,,,,,,,,PARKING LOT OF 14125 SENECA RD,,,DRIVER,SINGLE VEHICLE,RAINING,,DAYLIGHT,N/A,NONE DETECTED,,FIXED OBJECT,N/A,,,,,,39.10199333,-77.29343,"(39.10199333, -77.29343)"
MCP1366002L,15009432,Montgomery County Police,Property Damage Crash,02/27/2015 12:32:00 PM,No,County,North,N/A,0,North,0,FEET,LEVEL,PINEY MEETINGHOUSE RD,CAVANAUGH DR,,N/A,,DRIVER,STRAIGHT MOVEMENT ANGLE,CLEAR,DRY,DAYLIGHT,FLASHING TRAFFIC SIGNAL,NONE DETECTED,,OTHER VEHICLE,N/A,INTERSECTION,FOUR-WAY INTERSECTION,STRAIGHT,NO DEFECTS,N/A,39.08248667,-77.21669667,"(39.08248667, -77.21669667)"
MCP9365001J,190056786,Montgomery County Police,Property Damage Crash,11/24/2019 02:40:00 PM,No,US (State),North,,3,North,0,FEET,LEVEL,COLUMBIA PIKE,MUSGROVE RD,,N/A,,DRIVER,SAME DIR REAR END,CLEAR,DRY,DAYLIGHT,TRAFFIC SIGNAL,NONE DETECTED,,OTHER VEHICLE,N/A,INTERSECTION,FOUR-WAY INTERSECTION,STRAIGHT,NO DEFECTS,"TWO-WAY, DIVIDED, POSITIVE MEDIAN BARRIER",39.067975,-76.95890167,"(39.067975, -76.95890167)"
MCP2082002R,230001055,Montgomery County Police,Property Damage Crash,01/07/2023 09:55:00 AM,Yes,,,,,,,,,,,"PARKING LOT OF OUR LADY OF MERCY CATHOLIC CHURCH/ 9200 KENTSDALE DR
POTOMAC MD",,,DRIVER,OTHER,CLEAR,,DAYLIGHT,NO CONTROLS,NONE DETECTED,,PARKED VEHICLE,N/A,,,,,,39.00917195,-77.1733395,"(39.00917195, -77.1733395)"
MCP3053007B,240014974,MONTGOMERY,Injury Crash,03/30/2024 07:18:00 PM,No,County Route,Southbound,Lane 1,1,North,43.12,FEET,Level,GRANDVIEW AVE,,,,,UNKNOWN,Front to Rear,Clear,Dry,Daylight,No Controls,"Not Suspect of Alcohol Use, Not Suspect of Drug Use, Not Suspect of Alcohol Use, Not Suspect of Drug Use",,Parked Vehicle,Not Applicable,Non-Junction,,Straight,No Defects,Not Divided,39.05291842,-77.05218681,"(39.05291842, -77.05218681)"
MCP2650001F,250027727,MONTGOMERY,Property Damage Crash,06/21/2025 09:57:00 PM,No,Local Route,"Northbound, Southbound","Lane 1, Lane 2",2,East,19.96,FEET,"Downhill, Uphill",PLEASANT GATE LA,,,,,UNKNOWN,"Sideswipe, Opposite Direction",Clear,Dry,Dark - Lighted,No Controls,"Not Suspect of Alcohol Use, Not Suspect of Drug Use, Suspect of Alcohol Use, Not Suspect of Drug Use",,Motor Vehicle In Transport,,Non-Junction,,Straight,No Defects,Not Divided,38.99951065,-77.20102257,"(38.99951065, -77.20102257)"
DD56020009,15009953,Rockville Police Departme,Property Damage Crash,03/02/2015 11:01:00 PM,No,,,,,,0,,,,,Parking lot/ garage area at 918 Grand Champion Dr,,,DRIVER,SINGLE VEHICLE,CLEAR,,DARK LIGHTS ON,N/A,ALCOHOL CONTRIBUTED,,FIXED OBJECT,N/A,,,,,,39.11623833,-77.17070833,"(39.11623833, -77.17070833)"
MCP23570040,190048623,Montgomery County Police,Property Damage Crash,10/10/2019 09:20:00 AM,No,Maryland (State),West,,1,North,0,FEET,HILL UPHILL,PINEY BRANCH RD,DALE DR,,N/A,,DRIVER,OTHER,CLEAR,DRY,DAYLIGHT,TRAFFIC SIGNAL,NONE DETECTED,,OTHER VEHICLE,N/A,INTERSECTION,FOUR-WAY INTERSECTION,STRAIGHT,NO DEFECTS,"TWO-WAY, NOT DIVIDED",38.99380333,-77.009095,"(38.99380333, -77.009095)"
MCP24530002,240043821,MONTGOMERY,Property Damage Crash,09/14/2024 04:27:00 PM,No,Maryland (State) Route,Southbound,"Lane 2, Lane 3","22, 3",South,0,FEET,Level,OLD COLUMBIA PIKE (WB/L),OLD COLUMBIA PIKE (SB/L),,,,DRIVER,"Sideswipe, Same Direction",Clear,Dry,Daylight,Traffic Control Signal,"Not Suspect of Alcohol Use, Not Suspect of Drug Use, Not Suspect of Alcohol Use, Not Suspect of Drug Use",,Motor Vehicle In Transport,,Intersection or Related,Perpendicular,Straight,No Defects,"Divided, Raised Median (curbed)",39.11134992,-76.93219428,"(39.11134992, -76.93219428)"
DD5621000H,17008597,Rockville Police Departme,Property Damage Crash,02/17/2017 10:03:00 AM,No,Municipality,South,,1,North,0,FEET,LEVEL,LEWIS AVE,EDMONSTON DR,,ROCKVILLE,,UNKNOWN,OTHER,CLEAR,DRY,DAYLIGHT,STOP SIGN,NONE DETECTED,,OTHER VEHICLE,N/A,INTERSECTION,FOUR-WAY INTERSECTION,STRAIGHT,N/A,"TWO-WAY, DIVIDED, UNPROTECTED PAINTED MIN 4 FEET",39.07495317,-77.13435567,"(39.07495317, -77.13435567)"
DD5606001Y,15019129,Rockville Police Departme,Property Damage Crash,04/23/2015 04:18:00 PM,No,Maryland (State),North,,3,North,30,FEET,LEVEL,ROCKVILLE PIKE,EDMONSTON DR,,ROCKVILLE,,UNKNOWN,SAME DIRECTION SIDESWIPE,CLEAR,DRY,DAYLIGHT,NO CONTROLS,NONE DETECTED,,OTHER VEHICLE,N/A,NON INTERSECTION,N/A,STRAIGHT,NO DEFECTS,"TWO-WAY, DIVIDED, POSITIVE MEDIAN BARRIER",39.074685,-77.13562833,"(39.074685, -77.13562833)"
MCP1417007B,170506786,Montgomery County Police,Property Damage Crash,05/09/2017 09:53:00 AM,No,Maryland (State),South,,3,South,45,FEET,LEVEL,MONTGOMERY VILLAGE AVE,RUSSELL AVE,,GAITHERSBURG,,DRIVER,SAME DIR REAR END,N/A,DRY,DAYLIGHT,TRAFFIC SIGNAL,NONE DETECTED,,OTHER VEHICLE,N/A,INTERSECTION RELATED,FOUR-WAY INTERSECTION,STRAIGHT,NO DEFECTS,"TWO-WAY, DIVIDED, POSITIVE MEDIAN BARRIER",39.15425382,-77.20987022,"(39.15425382, -77.20987022)"
MCP2818001H,15063888,MONTGOMERY,Injury Crash,12/14/2015 05:20:00 PM,Yes,Maryland (State),North,,3,North,0,FEET,LEVEL,GEORGIA AVE,CAMERON ST,,N/A,PEDESTRIAN,DRIVER,N/A,RAINING,WET,DARK NO LIGHTS,TRAFFIC SIGNAL,UNKNOWN,NONE DETECTED,PEDESTRIAN,N/A,INTERSECTION,FOUR-WAY INTERSECTION,STRAIGHT,NO DEFECTS,"TWO-WAY, NOT DIVIDED",38.99755333,-77.02970333,"(38.99755333, -77.02970333)"
MCP29540087,200016127,Montgomery County Police,Property Damage Crash,04/15/2020 06:47:00 PM,Yes,County,South,,1,North,100,FEET,LEVEL,OSAGE ST,CHICKASAW DR,,N/A,,DRIVER,OTHER,CLEAR,DRY,DAYLIGHT,N/A,ALCOHOL PRESENT,,OTHER VEHICLE,N/A,N/A,N/A,STRAIGHT,NO DEFECTS,"TWO-WAY, NOT DIVIDED",38.99622459,-76.99011015,"(38.99622459, -76.99011015)"
MCP2212002K,170534530,Montgomery County Police,Injury Crash,10/03/2017 03:00:00 PM,No,Maryland (State),South,,3,South,5,MILE,LEVEL,NEW HAMPSHIRE AVE,THOMAS DR,,N/A,,DRIVER,SAME DIR REAR END,CLEAR,DRY,DAYLIGHT,NO CONTROLS,"N/A, NONE DETECTED",,OTHER VEHICLE,N/A,OTHER,OTHER,STRAIGHT,NO DEFECTS,"TWO-WAY, DIVIDED, POSITIVE MEDIAN BARRIER",39.06664833,-77.00119,"(39.06664833, -77.00119)"
MCP2746001H,16034433,Montgomery County Police,Injury Crash,07/07/2016 04:55:00 PM,No,Maryland (State),South,N/A,0,North,0,FEET,LEVEL,LAYHILL RD,BEL PRE RD,,N/A,,DRIVER,ANGLE MEETS LEFT HEAD ON,CLEAR,DRY,DAYLIGHT,TRAFFIC SIGNAL,NONE DETECTED,,OTHER VEHICLE,N/A,INTERSECTION,FOUR-WAY INTERSECTION,STRAIGHT,NO DEFECTS,"TWO-WAY, NOT DIVIDED",39.09056712,-77.04497337,"(39.09056712, -77.04497337)"
MCP2939006G,220053109,Montgomery County Police,Injury Crash,12/01/2022 08:45:00 PM,No,County,West,,3,North,10,FEET,HILL CREST,FATHER HURLEY BLVD,EISENHOWER MEMORIAL HWY,,N/A,,DRIVER,SAME DIR REAR END,CLEAR,DRY,DARK LIGHTS ON,TRAFFIC SIGNAL,"ALCOHOL PRESENT, N/A",,OTHER VEHICLE,N/A,INTERSECTION RELATED,T-INTERSECTION,STRAIGHT,NO DEFECTS,"TWO-WAY, DIVIDED, POSITIVE MEDIAN BARRIER",39.19924167,-77.26047833,"(39.19924167, -77.26047833)"
EJ7905001W,240055656,GAITHERSBURG,Injury Crash,11/20/2024 12:05:00 PM,No,,,,0,,,FEET,,,,Parking Lot Way        ENTRANCE WAY,,Pedestrian,DRIVER,Single Vehicle,Clear,,Daylight,,"Not Suspect of Alcohol Use, Not Suspect of Drug Use","Not Suspect of Alcohol Use, Not Suspect of Drug Use",Pedestrian,,,,,,,39.11414213,-77.18632317,"(39.11414213, -77.18632317)"
MCP21810046,210041941,Montgomery County Police,Injury Crash,10/19/2021 09:23:00 AM,No,County,West,,4,East,0,FEET,LEVEL,SNOWDEN FARM PKWY,FOREMAN BLVD,,N/A,,DRIVER,STRAIGHT MOVEMENT ANGLE,CLEAR,DRY,DAYLIGHT,STOP SIGN,N/A,,OTHER VEHICLE,FIXED OBJECT,INTERSECTION,FOUR-WAY INTERSECTION,STRAIGHT,NO DEFECTS,"TWO-WAY, DIVIDED, POSITIVE MEDIAN BARRIER",39.2318,-77.25852,"(39.2318, -77.25852)"
MCP2588000R,15017251,Montgomery County Police,Injury Crash,04/14/2015 10:48:00 AM,No,Maryland (State),South,,3,North,200,FEET,LEVEL,CONNECTICUT AVE,ASPEN HILL RD,,N/A,,DRIVER,SAME DIR REAR END,N/A,DRY,DAYLIGHT,NO CONTROLS,NONE DETECTED,,OTHER VEHICLE,N/A,NON INTERSECTION,N/A,STRAIGHT,N/A,"TWO-WAY, DIVIDED, POSITIVE MEDIAN BARRIER",39.08206333,-77.07990833,"(39.08206333, -77.07990833)"
MCP3075002B,190025262,Montgomery County Police,Injury Crash,05/27/2019 11:58:00 AM,No,County,South,,3,North,0,FEET,LEVEL,GERMANTOWN RD,FREDERICK RD,,N/A,,DRIVER,SAME DIR REAR END,CLEAR,DRY,DARK LIGHTS ON,TRAFFIC SIGNAL,NONE DETECTED,,OTHER VEHICLE,N/A,INTERSECTION,FOUR-WAY INTERSECTION,STRAIGHT,NO DEFECTS,"TWO-WAY, DIVIDED, POSITIVE MEDIAN BARRIER",39.19241,-77.242155,"(39.19241, -77.242155)"
MCP32090035,210049608,Montgomery County Police,Property Damage Crash,12/06/2021 09:03:00 PM,No,County,East,,1,East,25,FEET,LEVEL,SILVER SPRING AVE,GEORGIA AVE,,N/A,,DRIVER,SAME DIRECTION SIDESWIPE,SEVERE WINDS,N/A,DARK LIGHTS ON,N/A,NONE DETECTED,,PARKED VEHICLE,N/A,NON INTERSECTION,N/A,STRAIGHT,NO DEFECTS,"TWO-WAY, NOT DIVIDED",38.99147833,-77.02539,"(38.99147833, -77.02539)"
MCP3027000Q,170513168,Montgomery County Police,Property Damage Crash,06/11/2017 10:20:00 AM,Yes,County,North,,1,North,50,FEET,LEVEL,CAMERON ST,SECOND AVE,,N/A,,DRIVER,OTHER,CLEAR,DRY,DAYLIGHT,NO CONTROLS,UNKNOWN,,PARKED VEHICLE,PARKED VEHICLE,N/A,N/A,STRAIGHT,NO DEFECTS,"TWO-WAY, NOT DIVIDED",38.99622833,-77.031725,"(38.99622833, -77.031725)"
MCP1580005S,16024307,Montgomery County Police,Property Damage Crash,05/16/2016 01:38:00 PM,No,Maryland (State),North,LEFT TURN LANE,2,South,75,FEET,LEVEL,QUINCE ORCHARD RD,GREAT SENECA HWY,,N/A,,DRIVER,SAME DIR REAR END,CLEAR,DRY,DAYLIGHT,TRAFFIC SIGNAL,NONE DETECTED,,OTHER VEHICLE,OTHER VEHICLE,INTERSECTION RELATED,FOUR-WAY INTERSECTION,STRAIGHT,NO DEFECTS,"TWO-WAY, DIVIDED, POSITIVE MEDIAN BARRIER",39.12888167,-77.23682,"(39.12888167, -77.23682)"
MCP32620059,240058411,MONTGOMERY,Property Damage Crash,12/06/2024 04:45:00 PM,No,County Route,Eastbound,Lane 1,2,North,9.39,FEET,Uphill,FAIRLAND RD,,,,,DRIVER,Single Vehicle,Clear,Dry,Dusk,No Controls,"Not Suspect of Alcohol Use, Not Suspect of Drug Use",,Other Non-Collision,,,,Straight,No Defects,Not Divided,39.076532,-76.97319967,"(39.076532, -76.97319967)"
MCP28320041,180019282,Montgomery County Police,Property Damage Crash,04/20/2018 08:48:00 AM,No,Maryland (State),North,,3,North,0,FEET,HILL UPHILL,ROCKVILLE PIKE,GROSVENOR LA,,N/A,,DRIVER,STRAIGHT MOVEMENT ANGLE,CLEAR,DRY,DAYLIGHT,TRAFFIC SIGNAL,NONE DETECTED,,OTHER VEHICLE,N/A,INTERSECTION,FOUR-WAY INTERSECTION,CURVE LEFT,NO DEFECTS,"TWO-WAY, NOT DIVIDED",39.02428833,-77.102295,"(39.02428833, -77.102295)"
MCP32380037,240059750,MONTGOMERY,Property Damage Crash,12/14/2024 08:17:00 AM,No,US (State),Southbound,"Lane 5, Lane 6",6,South,61.71,FEET,Uphill,COLESVILLE RD,,,,,DRIVER,"Sideswipe, Same Direction",Clear,Dry,Daylight,No Controls,"Not Suspect of Alcohol Use, Not Suspect of Drug Use, Unknown, Unknown",,Motor Vehicle In Transport,,Non-Junction,,Straight,No Defects,Not Divided,39.00516029,-77.0230675,"(39.00516029, -77.0230675)"
MCP28010012,15050515,MONTGOMERY,Injury Crash,10/05/2015 11:03:00 PM,No,County,South,,1,South,0,FEET,GRADE DOWNHILL,GREENCASTLE RD,PRINCE GEORGES CO/L,,N/A,,DRIVER,SINGLE VEHICLE,CLEAR,DRY,DARK LIGHTS ON,NO CONTROLS,N/A,,FIXED OBJECT,OTHER OBJECT,NON INTERSECTION,N/A,CURVE LEFT,NO DEFECTS,"TWO-WAY, DIVIDED, UNPROTECTED PAINTED MIN 4 FEET",39.07669833,-76.92865167,"(39.07669833, -76.92865167)"
MCP29460065,230068637,Montgomery County Police,Property Damage Crash,11/28/2023 07:18:00 AM,No,Maryland (State),South,RIGHT TURN LANE,2,North,0,FEET,LEVEL,FREDERICK RD,STARDRIFT DR,,N/A,,DRIVER,HEAD ON LEFT TURN,CLEAR,DRY,DAWN,NO CONTROLS,NONE DETECTED,,OTHER VEHICLE,N/A,INTERSECTION,T-INTERSECTION,STRAIGHT,NO DEFECTS,"TWO-WAY, DIVIDED, POSITIVE MEDIAN BARRIER",39.206674,-77.24675617,"(39.206674, -77.24675617)"
EJ78710036,200010262,Gaithersburg Police Depar,Property Damage Crash,03/01/2020 05:00:00 PM,Yes,Municipality,North,,2,North,0,FEET,LEVEL,PERRY PKWY,W DIAMOND AVE,,N/A,,DRIVER,SAME DIR REAR END,CLEAR,DRY,DAYLIGHT,TRAFFIC SIGNAL,"NONE DETECTED, UNKNOWN",,OTHER VEHICLE,N/A,INTERSECTION,T-INTERSECTION,STRAIGHT,NO DEFECTS,"TWO-WAY, NOT DIVIDED",39.1405509,-77.20936017,"(39.1405509, -77.20936017)"
DM8465000F,180015526,Takoma Park Police Depart,Property Damage Crash,03/30/2018 03:30:00 PM,Yes,,,,,,,,,,,PARKING LOT OF 7600 NEW HAMPSHIRE AVENUE,,,DRIVER,OTHER,RAINING,,N/A,N/A,N/A,,OTHER VEHICLE,N/A,,,,,,38.98693003,-76.98756874,"(38.98693003, -76.98756874)"
MCP2898005P,250002789,MONTGOMERY,Property Damage Crash,01/20/2025 04:23:00 PM,No,County Route,Westbound,Lane 1,2,South,12.93,FEET,Uphill,BLUNT RD,,,,,DRIVER,Single Vehicle,Clear,Wet,Daylight,No Controls,"Not Suspect of Alcohol Use, Not Suspect of Drug Use",,Overturn/Rollover,,Non-Junction,,Curve Left,No Defects,Not Divided,39.18643045,-77.23125696,"(39.18643045, -77.23125696)"
MCP2159002F,240040892,MONTGOMERY,Injury Crash,08/29/2024 10:49:00 AM,No,County Route,"Eastbound, Westbound",Lane 1,1,North,44.88,FEET,Level,BRINK RD,,,,,DRIVER,Front to Front,Clear,Dry,Daylight,No Controls,"Not Suspect of Alcohol Use, Not Suspect of Drug Use, Not Suspect of Alcohol Use, Not Suspect of Drug Use",,Motor Vehicle In Transport,,Non-Junction,,Straight,No Defects,Not Divided,39.20742324,-77.22556989,"(39.20742324, -77.22556989)"
DD5605002M,16048749,Rockville Police Departme,Property Damage Crash,09/22/2016 02:46:00 PM,No,Maryland (State),South,,3,North,100,FEET,LEVEL,ROCKVILLE PIKE,SPUR TO MONROE PL,,N/A,,DRIVER,SAME DIR REAR END,CLEAR,DRY,DAYLIGHT,TRAFFIC SIGNAL,NONE DETECTED,,OTHER VEHICLE,OTHER VEHICLE,INTERSECTION RELATED,FOUR-WAY INTERSECTION,STRAIGHT,NO DEFECTS,"TWO-WAY, DIVIDED, POSITIVE MEDIAN BARRIER",39.08400833,-77.14728167,"(39.08400833, -77.14728167)"
MCP2966002G,16043863,Montgomery County Police,Property Damage Crash,08/28/2016 07:27:00 PM,No,County,West,,2,West,0,FEET,LEVEL,MAY ST,HOLDRIDGE RD,,N/A,,DRIVER,HEAD ON LEFT TURN,CLEAR,DRY,DAYLIGHT,NO CONTROLS,NONE DETECTED,,OTHER VEHICLE,N/A,INTERSECTION,FOUR-WAY INTERSECTION,STRAIGHT,NO DEFECTS,"TWO-WAY, NOT DIVIDED",39.07243651,-77.06809402,"(39.07243651, -77.06809402)"
MCP12330048,210048807,Montgomery County Police,Property Damage Crash,12/01/2021 05:41:00 PM,Yes,Interstate (State),East,,1,East,50,FEET,LEVEL,CAPITAL BELTWAY,RAMP 3 FR IS 495 EB TO MD 185 NB,,N/A,,DRIVER,SAME DIR REAR END,CLOUDY,DRY,DARK NO LIGHTS,NO CONTROLS,"NONE DETECTED, UNKNOWN",,OTHER VEHICLE,FIXED OBJECT,NON INTERSECTION,N/A,STRAIGHT,NO DEFECTS,"TWO-WAY, DIVIDED, POSITIVE MEDIAN BARRIER",39.00531833,-77.07898,"(39.00531833, -77.07898)"
MCP27980011,15040200,MONTGOMERY,Injury Crash,08/12/2015 03:56:00 PM,No,County,East,LEFT TURN LANE,3,North,0,FEET,LEVEL,FAIRLAND RD,OLD COLUMBIA PIKE,,N/A,,DRIVER,HEAD ON LEFT TURN,CLEAR,DRY,DAYLIGHT,TRAFFIC SIGNAL,NONE DETECTED,,OTHER VEHICLE,N/A,INTERSECTION,FOUR-WAY INTERSECTION,STRAIGHT,NO DEFECTS,"TWO-WAY, DIVIDED, UNPROTECTED PAINTED MIN 4 FEET",39.07565167,-76.95758667,"(39.07565167, -76.95758667)"
MCP2601000M,190003674,Montgomery County Police,Property Damage Crash,01/23/2019 08:47:00 PM,No,,,,,,,,,,,"DRIVEWAY OF:
811 SLIGO AVE
SILVER SPRING MD 20910",,,DRIVER,OTHER,CLEAR,,DARK NO LIGHTS,N/A,NONE DETECTED,,OTHER OBJECT,N/A,,,,,,38.99050396,-77.02325733,"(38.99050396, -77.02325733)"
MCP2812001D,15049826,MONTGOMERY,Property Damage Crash,10/01/2015 06:39:00 PM,No,County,North,,3,East,0,FEET,LEVEL,SILVER SPRING AVE,GEORGIA AVE,,N/A,,DRIVER,STRAIGHT MOVEMENT ANGLE,CLOUDY,WET,DAYLIGHT,TRAFFIC SIGNAL,N/A,,OTHER VEHICLE,N/A,INTERSECTION,FOUR-WAY INTERSECTION,STRAIGHT,NO DEFECTS,"TWO-WAY, DIVIDED, POSITIVE MEDIAN BARRIER",38.99161662,-77.02653587,"(38.99161662, -77.02653587)"
DD559500DP,230034003,Rockville Police Departme,Injury Crash,07/18/2023 10:46:00 AM,Yes,Maryland (State),West,,2,West,1,FEET,HILL UPHILL,VEIRS MILL RD,ENT TO BUSINESS,,N/A,PEDESTRIAN,NONMOTORIST,SINGLE VEHICLE,CLEAR,DRY,DAYLIGHT,NO CONTROLS,UNKNOWN,NONE DETECTED,PEDESTRIAN,N/A,NON INTERSECTION,N/A,STRAIGHT,NO DEFECTS,"TWO-WAY, DIVIDED, POSITIVE MEDIAN BARRIER",39.07570606,-77.11794535,"(39.07570606, -77.11794535)"
MCP30380043,190045650,Montgomery County Police,Injury Crash,09/23/2019 10:08:00 PM,No,Maryland (State),North,,3,North,0,FEET,LEVEL,NEW HAMPSHIRE AVE,OAKVIEW DR,,N/A,,DRIVER,HEAD ON LEFT TURN,CLEAR,DRY,DARK LIGHTS ON,TRAFFIC SIGNAL,N/A,,OTHER VEHICLE,N/A,INTERSECTION,FOUR-WAY INTERSECTION,STRAIGHT,NO DEFECTS,"TWO-WAY, DIVIDED, POSITIVE MEDIAN BARRIER",39.01524667,-76.97753667,"(39.01524667, -76.97753667)"
MCP3311000K,220011008,Montgomery County Police,Property Damage Crash,03/14/2022 05:20:00 PM,No,County,West,,3,West,200,FEET,LEVEL,DEMOCRACY BLVD,CROSSOVER,,N/A,,DRIVER,SAME DIRECTION LEFT TURN,CLEAR,DRY,DAYLIGHT,N/A,N/A,,OTHER VEHICLE,N/A,NON INTERSECTION,N/A,STRAIGHT,NO DEFECTS,"TWO-WAY, DIVIDED, POSITIVE MEDIAN BARRIER",39.02175072,-77.14442104,"(39.02175072, -77.14442104)"
MCP2726001T,170502746,Montgomery County Police,Property Damage Crash,04/18/2017 10:30:00 AM,Yes,Maryland (State),North,,4,South,20,FEET,LEVEL,ROCKVILLE PIKE,STRATHMORE AVE,,N/A,,DRIVER,SAME DIR REAR END,N/A,DRY,DAYLIGHT,TRAFFIC SIGNAL,N/A,,OTHER VEHICLE,N/A,N/A,FOUR-WAY INTERSECTION,STRAIGHT,NO DEFECTS,"TWO-WAY, DIVIDED, POSITIVE MEDIAN BARRIER",39.03483415,-77.1069847,"(39.03483415, -77.1069847)"
MCP1500002D,240042191,MONTGOMERY,Property Damage Crash,09/05/2024 09:09:00 PM,No,County Route,Eastbound,Lane 1,1,North,26.6,FEET,Level,EDNOR RD,,,,,DRIVER,Single Vehicle,Clear,Dry,Dark - Lighted,No Controls,"Not Suspect of Alcohol Use, Unknown",,"Other Post, Pole, Or Support",Not Applicable,Non-Junction,,Straight,No Defects,Not Divided,39.14074199,-76.97343877,"(39.14074199, -76.97343877)"