Report Number,Local Case Number,Agency Name,ACRS Report Type,Crash Date/Time,Hit/Run,Route Type,Lane Direction,Lane Type,Number of Lanes,Direction,Distance,Distance Unit,Road Grade,Road Name,Cross-Street Name,Off-Road Description,Municipality,Related Non-Motorist,At Fault,Collision Type,Weather,Surface Condition,Light,Traffic Control,Driver Substance Abuse,Non-Motorist Substance Abuse,First Harmful Event,Second Harmful Event,Junction,Intersection Type,Road Alignment,Road Condition,Road Division,Latitude,Longitude,Location
MCP3099002Q,210008699,Montgomery County Police,Injury Crash,03/08/2021 12:34:00 PM,No,Maryland (State),Unknown,OTHER,6,North,0,FEET,HILL CREST,GERMANTOWN RD,RAMP 8 FR IS 270 SB TO MD 118 WB,,N/A,,DRIVER,SINGLE VEHICLE,CLEAR,DRY,DAYLIGHT,NO CONTROLS,N/A,,FIXED OBJECT,FIXED OBJECT,INTERSECTION,T-INTERSECTION,CURVE LEFT,NO DEFECTS,"TWO-WAY, DIVIDED, POSITIVE MEDIAN BARRIER",39.18593167,-77.25363667,"(39.18593167, -77.25363667)"
MCP28850020,170521744,Montgomery County Police,Property Damage Crash,07/28/2017 09:40:00 AM,Yes,County,West,,2,North,50,FEET,LEVEL,ASPEN HILL RD,SPUR FR MD 97,,N/A,,DRIVER,SAME DIRECTION SIDESWIPE,RAINING,WET,DARK LIGHTS ON,NO CONTROLS,"NONE DETECTED, UNKNOWN",,OTHER VEHICLE,N/A,NON INTERSECTION,N/A,STRAIGHT,NO DEFECTS,"TWO-WAY, NOT DIVIDED",39.08060667,-77.07640833,"(39.08060667, -77.07640833)"
MCP34020013,240013545,MONTGOMERY,Property Damage Crash,03/21/2024 03:32:00 PM,No,County Route,"Eastbound, Westbound",Lane 1,1,South,0,FEET,Level,HOOD ST,FORSTON DR,,,,DRIVER,"Sideswipe, Opposite Direction",Clear,Dry,Daylight,"No Controls, Stop Sign","Not Suspect of Alcohol Use, Not Suspect of Drug Use, Not Suspect of Alcohol Use, Not Suspect of Drug Use",,Motor Vehicle In Transport,,Intersection or Related,Perpendicular,Straight,,Not Divided,38.9940654,-76.99538015,"(38.9940654, -76.99538015)"
MCP2048002C,190053569,Montgomery County Police,Property Damage Crash,11/06/2019 09:00:00 PM,No,,,,,,,,,,,PARKING LOT OF 1408 HAMPSHIRE WEST CT,,,DRIVER,SAME DIR REAR END,CLEAR,,DARK LIGHTS ON,N/A,N/A,,PARKED VEHICLE,N/A,,,,,,39.00823293,-76.98362637,"(39.00823293, -76.98362637)"
MCP31380076,240047955,MONTGOMERY,Property Damage Crash,10/07/2024 08:01:00 PM,No,County Route,Northbound,Lane 1,2,South,0,FEET,Level,BLUEBELL LA,BOWIE MILL RD BREADY RD,,,,DRIVER,Angle,Clear,Dry,Dark - Lighted,"No Controls, Stop Sign","Not Suspect of Alcohol Use, Not Suspect of Drug Use, Not Suspect of Alcohol Use, Not Suspect of Drug Use",,Motor Vehicle In Transport,,Intersection or Related,Perpendicular,Straight,No Defects,Not Divided,39.15187775,-77.10051009,"(39.15187775, -77.10051009)"
MCP3291001K,230031634,Montgomery County Police,Injury Crash,07/03/2023 12:00:00 AM,Yes,,,,,,,,,,,IN ALLEY WAY BETWEEN MAYOR LANE AND FENTON STREET,,PEDESTRIAN,BOTH,SINGLE VEHICLE,CLEAR,,DARK LIGHTS ON,NO CONTROLS,UNKNOWN,ALCOHOL PRESENT,PEDESTRIAN,N/A,,,,,,38.99169667,-77.02491833,"(38.99169667, -77.02491833)"
MCP3342000S,220056481,Montgomery County Police,Property Damage Crash,12/20/2022 06:10:00 PM,No,County,East,,2,East,0,FEET,LEVEL,MORNINGWOOD DR,CASHELL RD,,N/A,,DRIVER,HEAD ON LEFT TURN,CLEAR,DRY,DARK NO LIGHTS,STOP SIGN,NONE DETECTED,,OTHER VEHICLE,OTHER VEHICLE,INTERSECTION RELATED,T-INTERSECTION,STRAIGHT,NO DEFECTS,"TWO-WAY, DIVIDED, UNPROTECTED PAINTED MIN 4 FEET",39.15163,-77.09318,"(39.15163, -77.09318)"
MCP3173000B,190017381,Montgomery County Police,Injury Crash,04/14/2019 02:51:00 AM,Yes,Maryland (State),North,,2,North,200,FEET,HILL UPHILL,16TH ST,COLESVILLE RD,,N/A,,DRIVER,SAME DIR REAR END,CLEAR,DRY,DARK LIGHTS ON,N/A,"ALCOHOL PRESENT, NONE DETECTED",,OTHER VEHICLE,OTHER VEHICLE,N/A,N/A,STRAIGHT,NO DEFECTS,"TWO-WAY, DIVIDED, POSITIVE MEDIAN BARRIER",38.99324889,-77.03618474,"(38.99324889, -77.03618474)"
MCP1235003M,210051232,Montgomery County Police,Property Damage Crash,12/16/2021 05:30:00 PM,No,US (State),South,,3,South,200,FEET,LEVEL,COLUMBIA PIKE,LOCKWOOD DR,,N/A,,DRIVER,SAME DIRECTION RIGHT TURN,CLEAR,DRY,DARK LIGHTS ON,NO CONTROLS,NONE DETECTED,,OTHER VEHICLE,N/A,NON INTERSECTION,N/A,STRAIGHT,NO DEFECTS,"TWO-WAY, DIVIDED, POSITIVE MEDIAN BARRIER",39.03162923,-77.00462828,"(39.03162923, -77.00462828)"
MCP2639007N,190036442,Montgomery County Police,Property Damage Crash,07/31/2019 07:17:00 AM,No,Maryland (State),East,RIGHT TURN LANE,2,North,0,FEET,LEVEL,GEORGIA AVE,QUEEN MARY DR,,N/A,BICYCLIST,DRIVER,STRAIGHT MOVEMENT ANGLE,CLOUDY,DRY,DAYLIGHT,STOP SIGN,NONE DETECTED,NONE DETECTED,BICYCLE,N/A,INTERSECTION,T-INTERSECTION,STRAIGHT,NO DEFECTS,"TWO-WAY, DIVIDED, UNPROTECTED PAINTED MIN 4 FEET",39.25503333,-77.22318,"(39.25503333, -77.22318)"
MCP1475001R,180020391,Montgomery County Police,Injury Crash,04/26/2018 10:28:00 AM,No,Maryland (State),South,,4,North,200,FEET,LEVEL,MONTGOMERY VILLAGE AVE,FREDERICK RD,,N/A,,DRIVER,SAME DIR REAR END,CLEAR,DRY,DAYLIGHT,NO CONTROLS,NONE DETECTED,,OTHER VEHICLE,N/A,NON INTERSECTION,N/A,STRAIGHT,NO DEFECTS,"TWO-WAY, DIVIDED, POSITIVE MEDIAN BARRIER",39.15527833,-77.210345,"(39.15527833, -77.210345)"
MCP30530071,230068564,Montgomery County Police,Property Damage Crash,11/27/2023 04:55:00 PM,Yes,County,East,,1,East,2,FEET,LEVEL,CLAY ST,CENTERHILL ST,,N/A,,DRIVER,OTHER,CLEAR,DRY,DUSK,N/A,N/A,,PARKED VEHICLE,N/A,NON INTERSECTION,N/A,STRAIGHT,NO DEFECTS,"TWO-WAY, NOT DIVIDED",39.05741307,-77.06796019,"(39.05741307, -77.06796019)"
MCP31070018,190025127,Montgomery County Police,Property Damage Crash,05/26/2019 02:30:00 PM,Yes,,,,,,,,,,,"10741 COLUMBIA PIKE SILVER SPRING,MD 20901 (TRADER JOES PARKING LOT)",,,DRIVER,OTHER,N/A,,DAYLIGHT,NO CONTROLS,N/A,,OTHER VEHICLE,OTHER VEHICLE,,,,,,39.031441,-77.0036075,"(39.031441, -77.0036075)"
MCP28640037,190048749,Montgomery County Police,Injury Crash,10/10/2019 08:33:00 PM,No,Interstate (State),East,,4,East,500,FEET,LEVEL,CAPITAL BELTWAY,CONNECTICUT AVE,,N/A,,DRIVER,SAME DIR REAR END,CLEAR,DRY,DARK NO LIGHTS,NO CONTROLS,NONE DETECTED,,OTHER VEHICLE,N/A,N/A,N/A,CURVE LEFT,NO DEFECTS,"TWO-WAY, DIVIDED, POSITIVE MEDIAN BARRIER",39.00523333,-77.081985,"(39.00523333, -77.081985)"
MCP30310017,170525250,Montgomery County Police,Property Damage Crash,08/16/2017 11:00:00 PM,No,County,North,,2,North,200,FEET,LEVEL,WINDMILL LA,GOOD HOPE RD,,N/A,,DRIVER,OTHER,CLEAR,DRY,DARK LIGHTS ON,NO CONTROLS,ALCOHOL PRESENT,,OTHER VEHICLE,N/A,N/A,N/A,STRAIGHT,NO DEFECTS,"TWO-WAY, NOT DIVIDED",39.100545,-76.98674833,"(39.100545, -76.98674833)"
MCP3193006L,250027062,MONTGOMERY,Property Damage Crash,06/17/2025 05:05:00 PM,No,Local Route,Eastbound,Lane 1,4,North,46.26,FEET,Level,ROCKY MOUNT WAY,,,,,DRIVER,Front to Rear,Cloudy,Wet,Daylight,No Controls,"Not Suspect of Alcohol Use, Not Suspect of Drug Use, Not Suspect of Alcohol Use, Not Suspect of Drug Use",,Motor Vehicle In Transport,,Acceleration/Deceleration Lane,,Straight,No Defects,"Divided, Raised Median (curbed)",39.03612083,-77.03422837,"(39.03612083, -77.03422837)"
MCP2504003P,180049281,Montgomery County Police,Property Damage Crash,10/02/2018 04:50:00 PM,No,Interstate (State),North,,4,South,300,FEET,LEVEL,EISENHOWER MEMORIAL HWY,W MONTGOMERY AVE,,N/A,,DRIVER,SAME DIR REAR END,CLEAR,DRY,DAYLIGHT,NO CONTROLS,NONE DETECTED,,OTHER VEHICLE,OTHER VEHICLE,NON INTERSECTION,N/A,STRAIGHT,NO DEFECTS,"TWO-WAY, DIVIDED, POSITIVE MEDIAN BARRIER",39.08529505,-77.17311032,"(39.08529505, -77.17311032)"
MCP27610047,230005467,Montgomery County Police,Property Damage Crash,02/02/2023 04:40:00 PM,No,Maryland (State),North,,4,North,0,FEET,LEVEL,FREDERICK RD,SHAKESPEARE BLVD,,N/A,,DRIVER,SAME DIR REAR END,CLEAR,DRY,DAYLIGHT,TRAFFIC SIGNAL,NONE DETECTED,,OTHER VEHICLE,N/A,INTERSECTION,FOUR-WAY INTERSECTION,STRAIGHT,NO DEFECTS,"TWO-WAY, DIVIDED, POSITIVE MEDIAN BARRIER",39.1982675,-77.24475778,"(39.1982675, -77.24475778)"
MCP30400045,190049639,Montgomery County Police,Property Damage Crash,10/16/2019 03:11:00 PM,No,County,East,,3,East,0,FEET,LEVEL,RANDOLPH RD,KEMP MILL RD,,N/A,,DRIVER,SINGLE VEHICLE,RAINING,WET,DAYLIGHT,TRAFFIC SIGNAL,NONE DETECTED,,FIXED OBJECT,N/A,INTERSECTION,FOUR-WAY INTERSECTION,STRAIGHT,NO DEFECTS,"TWO-WAY, DIVIDED, POSITIVE MEDIAN BARRIER",39.06613,-77.03093,"(39.06613, -77.03093)"
MCP2717008B,16056100,Montgomery County Police,Property Damage Crash,10/31/2016 04:30:00 PM,No,Maryland (State),North,RIGHT TURN LANE,4,South,200,FEET,LEVEL,ROCKVILLE PIKE,NICHOLSON LA,,N/A,,DRIVER,SAME DIRECTION RIGHT TURN,CLEAR,DRY,DAYLIGHT,NO CONTROLS,NONE DETECTED,,OTHER VEHICLE,N/A,NON INTERSECTION,N/A,STRAIGHT,NO DEFECTS,"TWO-WAY, DIVIDED, POSITIVE MEDIAN BARRIER",39.04343,-77.11094333,"(39.04343, -77.11094333)"
MCP10220072,170506044,Montgomery County Police,Injury Crash,05/05/2017 11:11:00 AM,No,County,South,,3,South,0,FEET,GRADE DOWNHILL,FATHER HURLEY BLVD,RAMP 8 FR IS270 SB TO FATHER HURLEY BLVD,,N/A,,DRIVER,STRAIGHT MOVEMENT ANGLE,RAINING,WET,DAYLIGHT,TRAFFIC SIGNAL,NONE DETECTED,,OTHER VEHICLE,FIXED OBJECT,INTERSECTION,T-INTERSECTION,STRAIGHT,NO DEFECTS,"TWO-WAY, DIVIDED, POSITIVE MEDIAN BARRIER",39.196515,-77.26543833,"(39.196515, -77.26543833)"
MCP2941003G,190025437,Montgomery County Police,Injury Crash,05/28/2019 07:55:00 PM,No,Maryland (State),North,,3,North,0,FEET,GRADE DOWNHILL,16TH ST,EAST WEST HWY,,N/A,,DRIVER,HEAD ON LEFT TURN,CLEAR,DRY,DUSK,TRAFFIC SIGNAL,NONE DETECTED,,OTHER VEHICLE,OTHER VEHICLE,INTERSECTION,FOUR-WAY INTERSECTION,STRAIGHT,NO DEFECTS,"TWO-WAY, DIVIDED, POSITIVE MEDIAN BARRIER",38.99447631,-77.03620458,"(38.99447631, -77.03620458)"
MCP3134002D,200003849,Montgomery County Police,Injury Crash,01/23/2020 06:30:00 PM,No,Maryland (State),South,,5,North,100,FEET,LEVEL,NEW HAMPSHIRE AVE,LOCKWOOD DR,,N/A,,DRIVER,SAME DIR REAR END,CLEAR,DRY,DARK -- UNKNOWN LIGHTING,NO CONTROLS,N/A,,OTHER VEHICLE,N/A,NON INTERSECTION,N/A,STRAIGHT,NO DEFECTS,"TWO-WAY, DIVIDED, POSITIVE MEDIAN BARRIER",39.0402275,-76.99094633,"(39.0402275, -76.99094633)"
MCP2723001T,16037270,Montgomery County Police,Injury Crash,07/25/2016 12:51:00 PM,No,County,West,,1,East,600,FEET,LEVEL,NORBECK RD,NORWOOD RD,,N/A,,DRIVER,SINGLE VEHICLE,CLEAR,DRY,DARK NO LIGHTS,NO CONTROLS,ALCOHOL CONTRIBUTED,,FIXED OBJECT,OVERTURN,NON INTERSECTION,N/A,CURVE LEFT,NO DEFECTS,"TWO-WAY, NOT DIVIDED",39.11919591,-77.02042043,"(39.11919591, -77.02042043)"
MCP203900CM,250025014,MONTGOMERY,Injury Crash,06/05/2025 08:31:00 AM,No,Local Route,Eastbound,Lane 1,1,North,0,FEET,Level,INDEPENDENCE ST,CONNECTICUT AVE,,,Cyclist (non-electric),DRIVER,Single Vehicle,Cloudy,Dry,Daylight,Traffic Control Signal,"Not Suspect of Alcohol Use, Not Suspect of Drug Use","Not Suspect of Alcohol Use, Not Suspect of Drug Use",Pedalcycle,,Intersection or Related,Angled/Skewed,Straight,No Defects,Not Divided,39.07631632,-77.08050136,"(39.07631632, -77.08050136)"
MCP2690001N,16032758,Montgomery County Police,Property Damage Crash,06/28/2016 05:33:00 PM,No,County,North,,2,South,0,FEET,LEVEL,SNOUFFERS SCHOOL RD,BONANZA WAY,,N/A,,DRIVER,STRAIGHT MOVEMENT ANGLE,CLOUDY,DRY,DAYLIGHT,STOP SIGN,NONE DETECTED,,OTHER VEHICLE,OTHER VEHICLE,INTERSECTION,FOUR-WAY INTERSECTION,STRAIGHT,NO DEFECTS,"TWO-WAY, NOT DIVIDED",39.1664,-77.17080667,"(39.1664, -77.17080667)"
MCP30790066,240009669,MONTGOMERY,Property Damage Crash,02/28/2024 08:39:00 AM,No,County Route,Southbound,Lane 1,1,East,32.06,FEET,Downhill,BRICK HAVEN WAY,,,,,DRIVER,Single Vehicle,Cloudy,Wet,Daylight,No Controls,"Not Suspect of Alcohol Use, Not Suspect of Drug Use",,Curb,"Other Post, Pole, Or Support",Non-Junction,,Straight,No Defects,Not Divided,39.22143633,-77.26431367,"(39.22143633, -77.26431367)"
MCP20720012,16034929,Montgomery County Police,Property Damage Crash,07/10/2016 01:43:00 PM,No,County,North,,1,North,50,FEET,GRADE DOWNHILL,DAVIS MILL RD,RIDGE RD,,N/A,,DRIVER,SAME DIR REAR END,CLEAR,DRY,DAYLIGHT,STOP SIGN,NONE DETECTED,,OTHER VEHICLE,N/A,N/A,N/A,OTHER,NO DEFECTS,N/A,39.20977333,-77.244315,"(39.20977333, -77.244315)"
MCP292300CS,240036380,MONTGOMERY,Property Damage Crash,08/02/2024 08:28:00 AM,No,Maryland (State) Route,Northbound,"Lane 1, Lane 2",2,North,13.12,FEET,Level,GEORGIA AVE,VEIRS MILL RD (WB/L),,,,UNKNOWN,Front to Rear,Clear,Dry,Daylight,"No Controls, Traffic Control Signal","Not Suspect of Alcohol Use, Not Suspect of Drug Use, Not Suspect of Alcohol Use, Not Suspect of Drug Use, Not Suspect of Alcohol Use, Not Suspect of Drug Use",,Motor Vehicle In Transport,Motor Vehicle In Transport,Non-Junction,,Straight,No Defects,"Divided, Flush Median (greater than 4ft wide), Divided, Raised Median (curbed)",39.03576271,-77.04963773,"(39.03576271, -77.04963773)"
MCP2877002J,16034782,Montgomery County Police,Property Damage Crash,07/09/2016 01:07:00 PM,No,Maryland (State),North,,3,North,15,FEET,LEVEL,GEORGIA AVE,FLORA LA,,N/A,,DRIVER,SAME DIRECTION RIGHT TURN,CLEAR,DRY,DAYLIGHT,NO CONTROLS,NONE DETECTED,,OTHER VEHICLE,N/A,NON INTERSECTION,N/A,STRAIGHT,NO DEFECTS,"TWO-WAY, NOT DIVIDED",39.01165623,-77.04120755,"(39.01165623, -77.04120755)"
EJ7781004T,240002506,GAITHERSBURG,Property Damage Crash,01/16/2024 12:37:00 PM,,,,,0,,,FEET,,,,Parking Aisle        PARKING LOT OF 229 KENTLANDS BLVD,,,UNKNOWN,Angle,Cloudy,,Daylight,,"Unknown, Unknown",,Parked Vehicle,Not Applicable,,,,,,39.12510106,-77.23828463,"(39.12510106, -77.23828463)"
MCP2919008X,220000307,Montgomery County Police,Property Damage Crash,01/03/2022 04:37:00 PM,No,Interstate (State),East,,4,East,500,FEET,LEVEL,CAPITAL BELTWAY,EXIT #28,,N/A,,DRIVER,SAME DIR REAR END,WINTRY MIX,ICE,DARK LIGHTS ON,N/A,NONE DETECTED,,OTHER VEHICLE,OTHER VEHICLE,N/A,N/A,STRAIGHT,NO DEFECTS,"TWO-WAY, DIVIDED, POSITIVE MEDIAN BARRIER",39.01771833,-76.99303667,"(39.01771833, -76.99303667)"
MCP3295002Z,230046815,Montgomery County Police,Injury Crash,07/29/2023 03:07:00 PM,No,County,South,,3,North,50,FEET,LEVEL,CASTLE BLVD,BRIGGS CHANEY RD,,N/A,,DRIVER,STRAIGHT MOVEMENT ANGLE,CLEAR,DRY,DAYLIGHT,N/A,NONE DETECTED,,OTHER VEHICLE,N/A,N/A,N/A,STRAIGHT,N/A,"TWO-WAY, DIVIDED, UNPROTECTED PAINTED MIN 4 FEET",39.08129967,-76.9458305,"(39.08129967, -76.9458305)"
MCP31240036,200045095,Montgomery County Police,Property Damage Crash,11/15/2020 03:19:00 PM,No,County,North,,2,North,0,FEET,LEVEL,ELKIN ST,ALLEY,,N/A,,DRIVER,OTHER,CLOUDY,DRY,DAYLIGHT,NO CONTROLS,NONE DETECTED,,OTHER VEHICLE,N/A,INTERSECTION,T-INTERSECTION,STRAIGHT,N/A,"TWO-WAY, NOT DIVIDED",39.04104789,-77.05033888,"(39.04104789, -77.05033888)"
MCP3093001Y,190022809,Montgomery County Police,Injury Crash,05/14/2019 08:57:00 PM,No,County,South,MEDIAN AREA,1,South,0,FEET,LEVEL,MEADOWBROOK LA,EAST WEST HWY,,N/A,,DRIVER,SINGLE VEHICLE,N/A,DRY,DARK LIGHTS ON,N/A,N/A,,FIXED OBJECT,N/A,INTERSECTION,FOUR-WAY INTERSECTION,STRAIGHT,NO DEFECTS,"TWO-WAY, DIVIDED, POSITIVE MEDIAN BARRIER",38.99236833,-77.06062,"(38.99236833, -77.06062)"
MCP2728001S,15056829,MONTGOMERY,Property Damage Crash,11/07/2015 06:57:00 PM,No,Maryland (State),West,,3,East,0,FEET,LEVEL,UNIVERSITY BLVD E,MERRIMAC DR,,N/A,,DRIVER,HEAD ON LEFT TURN,CLOUDY,DRY,DARK LIGHTS ON,N/A,NONE DETECTED,,OTHER VEHICLE,N/A,INTERSECTION,FOUR-WAY INTERSECTION,STRAIGHT,NO DEFECTS,"TWO-WAY, DIVIDED, POSITIVE MEDIAN BARRIER",38.99288167,-76.99137667,"(38.99288167, -76.99137667)"
MCP94040020,180055601,Montgomery County Police,Property Damage Crash,11/06/2018 07:19:00 AM,No,County,North,,3,North,0,FEET,LEVEL,OAKMONT AVE,SHADY GROVE RD,,N/A,,DRIVER,SAME DIR REND RIGHT TURN,RAINING,WET,DAYLIGHT,TRAFFIC SIGNAL,NONE DETECTED,,OTHER VEHICLE,N/A,INTERSECTION,FOUR-WAY INTERSECTION,CURVE LEFT,NO DEFECTS,"TWO-WAY, NOT DIVIDED",39.12655333,-77.17373667,"(39.12655333, -77.17373667)"
EJ7862000C,16059289,Gaithersburg Police Depar,Injury Crash,11/17/2016 06:44:00 PM,No,Maryland (State),North,,2,North,15,FEET,LEVEL,FREDERICK RD,DALAMAR ST,,GAITHERSBURG,,DRIVER,SAME DIR REAR END,CLEAR,DRY,DARK LIGHTS ON,NO CONTROLS,"N/A, NONE DETECTED",,OTHER VEHICLE,N/A,NON INTERSECTION,N/A,STRAIGHT,NO DEFECTS,"TWO-WAY, NOT DIVIDED",39.146245,-77.204245,"(39.146245, -77.204245)"
MCP3313001M,230056884,Montgomery County Police,Injury Crash,09/26/2023 05:30:00 AM,No,Maryland (State),South,,3,North,0,FEET,LEVEL,CONNECTICUT AVE,WELLER RD,,N/A,,DRIVER,HEAD ON,RAINING,WET,DARK LIGHTS ON,FLASHING TRAFFIC SIGNAL,NONE DETECTED,,OTHER VEHICLE,N/A,INTERSECTION,FOUR-WAY INTERSECTION,STRAIGHT,NO DEFECTS,"TWO-WAY, NOT DIVIDED",39.06359333,-77.073635,"(39.06359333, -77.073635)"
MCP1235001D,180019211,Montgomery County Police,Property Damage Crash,04/19/2018 08:30:00 PM,No,US (State),North,,3,North,0,FEET,LEVEL,COLUMBIA PIKE,ENT TO BURNT MILLS SHOPPING CENTER,,N/A,,DRIVER,SAME DIR REAR END,CLEAR,DRY,DARK LIGHTS ON,TRAFFIC SIGNAL,NONE DETECTED,,OTHER VEHICLE,N/A,INTERSECTION,FOUR-WAY INTERSECTION,STRAIGHT,NO DEFECTS,"TWO-WAY, DIVIDED, POSITIVE MEDIAN BARRIER",39.03141167,-77.00454333,"(39.03141167, -77.00454333)"
MCP3123001X,200048757,Montgomery County Police,Injury Crash,12/11/2020 01:05:00 AM,No,Maryland (State),South,,3,North,0,FEET,LEVEL,HUNGERFORD DR,N CAMPUS DR,,N/A,,DRIVER,SINGLE VEHICLE,CLEAR,DRY,DARK LIGHTS ON,TRAFFIC SIGNAL,ALCOHOL PRESENT,,FIXED OBJECT,N/A,INTERSECTION,T-INTERSECTION,STRAIGHT,NO DEFECTS,"TWO-WAY, DIVIDED, POSITIVE MEDIAN BARRIER",39.100969,-77.154638,"(39.100969, -77.154638)"
EJ7895003F,220054238,Gaithersburg Police Depar,Injury Crash,12/08/2022 11:50:00 AM,No,Maryland (State),West,,2,South,15,FEET,LEVEL,QUINCE ORCHARD RD,FIRSTFIELD RD,,GAITHERSBURG,,DRIVER,SAME DIRECTION RIGHT TURN,N/A,DRY,DAYLIGHT,TRAFFIC SIGNAL,NONE DETECTED,,FIXED OBJECT,N/A,INTERSECTION RELATED,FOUR-WAY INTERSECTION,STRAIGHT,NO DEFECTS,"TWO-WAY, DIVIDED, UNPROTECTED PAINTED MIN 4 FEET",39.14490725,-77.22018425,"(39.14490725, -77.22018425)"
MCP2933001N,170545225,Montgomery County Police,Property Damage Crash,11/27/2017 05:56:00 PM,No,Maryland (State),North,,3,North,0,FEET,LEVEL,OLD GEORGETOWN RD,SPRUCE TREE AVE,,N/A,,DRIVER,STRAIGHT MOVEMENT ANGLE,CLEAR,DRY,DARK NO LIGHTS,NO CONTROLS,NONE DETECTED,,OTHER VEHICLE,N/A,INTERSECTION RELATED,N/A,STRAIGHT,NO DEFECTS,"TWO-WAY, DIVIDED, POSITIVE MEDIAN BARRIER",38.984855,-77.09240167,"(38.984855, -77.09240167)"
MCP23580079,200014085,Montgomery County Police,Property Damage Crash,03/26/2020 03:34:00 PM,No,,,,,,,,,,,"5920 MASSACHUSETTS AVE. CHEVY CHASE, MD 20816",,,DRIVER,SINGLE VEHICLE,CLEAR,,DAYLIGHT,NO CONTROLS,NONE DETECTED,,FIXED OBJECT,N/A,,,,,,38.96291167,-77.1207258,"(38.96291167, -77.1207258)"
MCP2717006V,16038023,Montgomery County Police,Injury Crash,07/27/2016 03:10:00 PM,No,Maryland (State),East,,2,East,100,FEET,LEVEL,METROPOLITAN AVE,EDGEWOOD RD,,N/A,,DRIVER,SAME DIR REAR END,CLEAR,DRY,DAYLIGHT,NO CONTROLS,NONE DETECTED,,OTHER VEHICLE,N/A,NON INTERSECTION,N/A,STRAIGHT,NO DEFECTS,"TWO-WAY, DIVIDED, UNPROTECTED PAINTED MIN 4 FEET",39.02386667,-77.067915,"(39.02386667, -77.067915)"
MCP3285000B,210004280,Montgomery County Police,Property Damage Crash,02/03/2021 08:15:00 AM,No,County,South,,1,South,50,FEET,GRADE DOWNHILL,GUNNERFIELD LA,GUNNERFIELD CT,,N/A,,DRIVER,OTHER,CLEAR,WET,DAYLIGHT,NO CONTROLS,NONE DETECTED,,PARKED VEHICLE,N/A,N/A,N/A,STRAIGHT,NO DEFECTS,"TWO-WAY, NOT DIVIDED",39.17192,-77.254535,"(39.17192, -77.254535)"
MCP3104002C,210012110,Montgomery County Police,Property Damage Crash,04/01/2021 01:59:00 AM,Yes,,,,,,,,,,,"650 UNIVERSITY BLVD. EAST, SILVER SPRING, MARYLAND",,,DRIVER,SINGLE VEHICLE,RAINING,,DARK LIGHTS ON,NO CONTROLS,N/A,,FIXED OBJECT,N/A,,,,,,39.00018062,-76.99495071,"(39.00018062, -76.99495071)"
MCP30600015,180015270,Montgomery County Police,Injury Crash,03/29/2018 07:17:00 AM,No,,,,,,,,,,,PARKING LOT IN THE AREA OF ROSEMARY HILLS DR/SPENCER RD,,,DRIVER,SAME DIRECTION SIDESWIPE,FOGGY,,DAYLIGHT,NO CONTROLS,N/A,,PARKED VEHICLE,N/A,,,,,,38.99771833,-77.043035,"(38.99771833, -77.043035)"
HA23100005,16001486,Maryland-National Capital,Injury Crash,12/08/2016 06:24:00 AM,No,Government,South,,1,East,200,FEET,LEVEL,SLIGO CREEK PKWY,DOMER AVE,,TAKOMA PARK,,DRIVER,SINGLE VEHICLE,N/A,WET,DAWN,WARNING SIGN,N/A,,FIXED OBJECT,N/A,NON INTERSECTION,N/A,CURVE LEFT,NO DEFECTS,"TWO-WAY, NOT DIVIDED",38.99397857,-77.00500712,"(38.99397857, -77.00500712)"
MCP3352002L,250003685,MONTGOMERY,Property Damage Crash,01/26/2025 02:30:00 PM,No,County Route,Westbound,Lane 1,1,South,11.53,FEET,Level,WIGHTMAN RD,,,,,UNKNOWN,Single Vehicle,Clear,Ice/Frost,Daylight,No Controls,"Not Suspect of Alcohol Use, Not Suspect of Drug Use",,Guardrail Face,,Non-Junction,,Straight,No Defects,Not Divided,39.18784176,-77.18698298,"(39.18784176, -77.18698298)"
DM8499000D,210028731,Takoma Park Police Depart,Property Damage Crash,07/24/2021 08:30:00 PM,Yes,Maryland (State),South,,3,South,0.1,UNKNOWN,LEVEL,NEW HAMPSHIRE AVE,UNIVERSITY BLVD,,N/A,,DRIVER,SAME DIRECTION RIGHT TURN,CLEAR,DRY,DARK LIGHTS ON,NO CONTROLS,"N/A, UNKNOWN",,OTHER VEHICLE,N/A,INTERCHANGE RELATED,OTHER,STRAIGHT,NO DEFECTS,"TWO-WAY, DIVIDED, UNPROTECTED PAINTED MIN 4 FEET",38.98880368,-76.98767978,"(38.98880368, -76.98767978)"
MCP2607002Q,170527346,Montgomery County Police,Property Damage Crash,08/28/2017 03:41:00 PM,No,Maryland (State),North,,2,South,70,FEET,LEVEL,FREDERICK RD,MONTGOMERY AVE,,GAITHERSBURG,,DRIVER,STRAIGHT MOVEMENT ANGLE,CLEAR,DRY,DAYLIGHT,NO CONTROLS,NONE DETECTED,,OTHER VEHICLE,N/A,COMMERCIAL DRIVEWAY,T-INTERSECTION,STRAIGHT,NO DEFECTS,"TWO-WAY, DIVIDED, UNPROTECTED PAINTED MIN 4 FEET",39.146195,-77.20444,"(39.146195, -77.20444)"