Report Number,Local Case Number,Agency Name,ACRS Report Type,Crash Date/Time,Hit/Run,Route Type,Lane Direction,Lane Type,Number of Lanes,Direction,Distance,Distance Unit,Road Grade,Road Name,Cross-Street Name,Off-Road Description,Municipality,Related Non-Motorist,At Fault,Collision Type,Weather,Surface Condition,Light,Traffic Control,Driver Substance Abuse,Non-Motorist Substance Abuse,First Harmful Event,Second Harmful Event,Junction,Intersection Type,Road Alignment,Road Condition,Road Division,Latitude,Longitude,Location
EJ78290036,170525230,Gaithersburg Police Depar,Property Damage Crash,08/16/2017 07:00:00 PM,Yes,,,,,,,,,,,PARKING LOT OF 891 CLOPPER ROAD,,,DRIVER,OTHER,CLEAR,,DUSK,NO CONTROLS,UNKNOWN,,PARKED VEHICLE,N/A,,,,,,39.14486446,-77.22367287,"(39.14486446, -77.22367287)"
MCP3022000P,170507088,Montgomery County Police,Property Damage Crash,05/10/2017 05:46:00 PM,No,Maryland (State),West,,2,East,0,FEET,LEVEL,CLOPPER RD,CINNAMON DR,,N/A,,DRIVER,OTHER,CLEAR,DRY,DAYLIGHT,STOP SIGN,N/A,,OTHER VEHICLE,OTHER VEHICLE,INTERSECTION,T-INTERSECTION,STRAIGHT,NO DEFECTS,"TWO-WAY, NOT DIVIDED",39.15632,-77.26443333,"(39.15632, -77.26443333)"
MCP2298009F,16044232,Montgomery County Police,Injury Crash,08/30/2016 04:20:00 PM,No,Maryland (State),North,,2,North,0,FEET,LEVEL,WOODFIELD RD,VALLEY PARK DR,,N/A,,DRIVER,SAME DIR REAR END,CLEAR,DRY,DAYLIGHT,NO CONTROLS,NONE DETECTED,,OTHER VEHICLE,OTHER VEHICLE,INTERSECTION,T-INTERSECTION,STRAIGHT,NO DEFECTS,"TWO-WAY, DIVIDED, UNPROTECTED PAINTED MIN 4 FEET",39.27836833,-77.203745,"(39.27836833, -77.203745)"
MCP1550005H,240047799,MONTGOMERY,Property Damage Crash,10/07/2024 07:18:00 AM,,Interstate (State),Westbound,"Lane 3, Lane 4",4,East,31.83,FEET,Level,CAPITAL BELTWAY (WB/L),,,,,UNKNOWN,"Sideswipe, Same Direction",Clear,Dry,Daylight,No Controls,"Not Suspect of Alcohol Use, Not Suspect of Drug Use, Unknown, Unknown",,Motor Vehicle In Transport,,Non-Junction,,Straight,No Defects,"Divided, Raised Median (curbed)",39.01356364,-77.04631775,"(39.01356364, -77.04631775)"
MCP31900033,210048559,Montgomery County Police,Property Damage Crash,11/30/2021 11:30:00 AM,Yes,Maryland (State),South,,3,North,300,FEET,LEVEL,GEORGIA AVE,BEL PRE RD,,N/A,,UNKNOWN,SINGLE VEHICLE,CLEAR,DRY,DAYLIGHT,NO CONTROLS,NONE DETECTED,,SPILLED CARGO,N/A,N/A,N/A,STRAIGHT,NO DEFECTS,"TWO-WAY, DIVIDED, UNPROTECTED PAINTED MIN 4 FEET",39.09433657,-77.07941918,"(39.09433657, -77.07941918)"
MCP12350062,250021485,MONTGOMERY,Property Damage Crash,05/15/2025 03:15:00 PM,No,Local Route,Not On Roadway,Other,0,East,36.84,FEET,Downhill,HAMPSHIRE WEST CT,,,,,DRIVER,Single Vehicle,Clear,Dry,Daylight,No Controls,"Not Suspect of Alcohol Use, Not Suspect of Drug Use",,Curb,,Non-Junction,,Straight,No Defects,Not Divided,39.00850417,-76.981599,"(39.00850417, -76.981599)"
MCP3075001Y,180064588,Montgomery County Police,Injury Crash,12/26/2018 04:31:00 PM,No,,,,,,,,,,,11606 MIDDLEBROOK RD (SUNOCO PARKING LOT),,OTHER,DRIVER,OTHER,CLEAR,,DAYLIGHT,N/A,NONE DETECTED,NONE DETECTED,PARKED VEHICLE,PEDESTRIAN,,,,,,39.17893833,-77.23947167,"(39.17893833, -77.23947167)"
EJ7866005S,190018294,Gaithersburg Police Depar,Property Damage Crash,04/19/2019 08:30:00 AM,No,County,North,,2,North,0,FEET,HILL CREST,GOSHEN RD,EMORY GROVE RD,,N/A,,DRIVER,SAME DIR REAR END,CLOUDY,DRY,DAYLIGHT,TRAFFIC SIGNAL,NONE DETECTED,,OTHER VEHICLE,N/A,INTERSECTION RELATED,FOUR-WAY INTERSECTION,STRAIGHT,NO DEFECTS,"TWO-WAY, NOT DIVIDED",39.160225,-77.19235167,"(39.160225, -77.19235167)"
MCP289200DH,230004749,Montgomery County Police,Property Damage Crash,01/29/2023 04:17:00 PM,Yes,County,West,,1,West,50,FEET,LEVEL,FOREST GLEN RD,SLIGO CREEK PKWY,,N/A,,DRIVER,SAME DIR REAR END,CLEAR,WET,DAYLIGHT,NO CONTROLS,NONE DETECTED,,OTHER VEHICLE,N/A,CROSSOVER RELATED,N/A,STRAIGHT,NO DEFECTS,"TWO-WAY, NOT DIVIDED",39.01599013,-77.0340994,"(39.01599013, -77.0340994)"
MCP32200029,220013044,Montgomery County Police,Property Damage Crash,03/26/2022 04:50:00 PM,No,Maryland (State),West,LEFT TURN LANE,2,East,0,FEET,HILL UPHILL,MUNCASTER MILL RD,MILLER FALL RD,,N/A,,DRIVER,SAME DIR REAR END,CLOUDY,DRY,DAYLIGHT,NO CONTROLS,NONE DETECTED,,OTHER VEHICLE,OTHER VEHICLE,INTERSECTION,T-INTERSECTION,STRAIGHT,NO DEFECTS,"TWO-WAY, NOT DIVIDED",39.15086233,-77.149373,"(39.15086233, -77.149373)"
MCP2783005J,240027832,MONTGOMERY,Property Damage Crash,06/11/2024 04:52:00 PM,No,Maryland (State) Route,Northbound,Lane 3,3,North,0,FEET,Level,NEW HAMPSHIRE AVE,E RANDOLPH RD (WB/L),,,,DRIVER,Rear To Side,Clear,Dry,Daylight,Traffic Control Signal,"Not Suspect of Alcohol Use, Not Suspect of Drug Use, Not Suspect of Alcohol Use, Not Suspect of Drug Use",,Motor Vehicle In Transport,,Intersection or Related,Perpendicular,Straight,No Defects,"Divided, Raised Median (curbed)",39.07578633,-77.00176234,"(39.07578633, -77.00176234)"
MCP2947000C,15021466,Montgomery County Police,Injury Crash,05/06/2015 07:25:00 AM,No,Maryland (State),North,,3,East,30,FEET,HILL UPHILL,VEIRS MILL RD,DALEWOOD DR,,N/A,,DRIVER,SAME DIR REAR END,N/A,DRY,DAYLIGHT,TRAFFIC SIGNAL,NONE DETECTED,,OTHER VEHICLE,N/A,NON INTERSECTION,N/A,STRAIGHT,NO DEFECTS,"TWO-WAY, DIVIDED, UNPROTECTED PAINTED MIN 4 FEET",39.05122685,-77.07413435,"(39.05122685, -77.07413435)"
MCP2353003H,17000787,Montgomery County Police,Property Damage Crash,01/05/2017 01:26:00 PM,No,Maryland (State),North,,5,North,10,FEET,LEVEL,ROCKVILLE PIKE,CEDAR LA,,N/A,,DRIVER,SAME DIR REAR END,CLOUDY,DRY,DAYLIGHT,TRAFFIC SIGNAL,NONE DETECTED,,OTHER VEHICLE,OTHER VEHICLE,INTERSECTION RELATED,FOUR-WAY INTERSECTION,STRAIGHT,NO DEFECTS,"TWO-WAY, DIVIDED, POSITIVE MEDIAN BARRIER",39.00676667,-77.09751833,"(39.00676667, -77.09751833)"
MCP3006000N,16011473,MONTGOMERY,Injury Crash,03/08/2016 12:01:00 PM,No,Maryland (State),West,,2,East,10,FEET,LEVEL,NORBECK RD,BAUER DR,,N/A,,DRIVER,SAME DIR REAR END,CLEAR,DRY,DAYLIGHT,TRAFFIC SIGNAL,NONE DETECTED,,OTHER VEHICLE,N/A,INTERSECTION RELATED,FOUR-WAY INTERSECTION,STRAIGHT,NO DEFECTS,"TWO-WAY, DIVIDED, UNPROTECTED PAINTED MIN 4 FEET",39.09633034,-77.10994855,"(39.09633034, -77.10994855)"
MCP2059001L,15010335,Montgomery County Police,Property Damage Crash,03/05/2015 02:18:00 PM,No,,,,,,0,,,,,"TREES, FENCE AND RETAINING WALL OF 9001 JONES MILL RD, CHEVY CHASE, MD 20815",,,DRIVER,SINGLE VEHICLE,SNOW,,DAYLIGHT,NO CONTROLS,NONE DETECTED,,OFF ROAD,FIXED OBJECT,,,,,,39.003765,-77.06355333,"(39.003765, -77.06355333)"
MCP3003003R,190022666,Montgomery County Police,Property Damage Crash,05/14/2019 07:26:00 AM,No,County,North,,1,North,100,FEET,HILL UPHILL,FORSYTHE AVE,NEWCASTLE AVE,,N/A,,DRIVER,OTHER,CLOUDY,WET,DAYLIGHT,N/A,NONE DETECTED,,PARKED VEHICLE,N/A,OTHER,N/A,STRAIGHT,NO DEFECTS,"TWO-WAY, NOT DIVIDED",39.02500667,-77.14378167,"(39.02500667, -77.14378167)"
MCP0113001N,170533371,Montgomery County Police,Injury Crash,09/27/2017 09:26:00 AM,No,County,South,,2,East,0,FEET,LEVEL,JONES BRIDGE RD,JONES MILL RD,,N/A,PEDESTRIAN,NONMOTORIST,SINGLE VEHICLE,CLEAR,DRY,DAYLIGHT,TRAFFIC SIGNAL,NONE DETECTED,NONE DETECTED,PEDESTRIAN,N/A,INTERSECTION,Y-INTERSECTION,CURVE RIGHT,NO DEFECTS,"TWO-WAY, NOT DIVIDED",38.99802833,-77.06607667,"(38.99802833, -77.06607667)"
MCP3237000W,210030186,Montgomery County Police,Property Damage Crash,08/04/2021 01:00:00 AM,No,County,North,,1,East,0,FEET,LEVEL,RAILROAD ST,OAKMONT AVE,,N/A,,DRIVER,SINGLE VEHICLE,CLEAR,N/A,DARK LIGHTS ON,STOP SIGN,NONE DETECTED,,OFF ROAD,N/A,INTERSECTION,T-INTERSECTION,STRAIGHT,NO DEFECTS,"TWO-WAY, DIVIDED, UNPROTECTED PAINTED MIN 4 FEET",39.13434817,-77.17598033,"(39.13434817, -77.17598033)"
MCP27390036,200006575,Montgomery County Police,Injury Crash,02/09/2020 12:13:00 AM,No,Maryland (State),North,,3,North,0,FEET,GRADE DOWNHILL,NEW HAMPSHIRE AVE,ADELPHI RD,,N/A,,DRIVER,HEAD ON LEFT TURN,CLEAR,DRY,DARK LIGHTS ON,TRAFFIC SIGNAL,"N/A, NONE DETECTED",,OTHER VEHICLE,N/A,INTERSECTION,FOUR-WAY INTERSECTION,STRAIGHT,NO DEFECTS,"TWO-WAY, DIVIDED, POSITIVE MEDIAN BARRIER",39.011425,-76.97889333,"(39.011425, -76.97889333)"
MCP26710046,250006558,MONTGOMERY,Property Damage Crash,02/13/2025 05:10:00 PM,No,,,,0,,,FEET,,,,Parking Lot Way        8202 GEORGIA  AVENUE PARKING LOT,,Wheelchair (electric),UNKNOWN,Single Vehicle,Clear,,Daylight,,"Not Suspect of Alcohol Use, Not Suspect of Drug Use","Not Suspect of Alcohol Use, Not Suspect of Drug Use",Other Non-Motorist,,,,,,,38.99196092,-77.02731784,"(38.99196092, -77.02731784)"
DD55870005,15000347,Rockville Police Departme,Property Damage Crash,01/02/2015 10:01:00 PM,No,Municipality,North,,1,South,150,FEET,LEVEL,W EDMONSTON DR,ROCKVILLE PIKE,,N/A,,DRIVER,STRAIGHT MOVEMENT ANGLE,CLEAR,DRY,DARK LIGHTS ON,STOP SIGN,NONE DETECTED,,OTHER VEHICLE,N/A,COMMERCIAL DRIVEWAY,T-INTERSECTION,STRAIGHT,NO DEFECTS,"TWO-WAY, NOT DIVIDED",39.07368667,-77.13682,"(39.07368667, -77.13682)"
MCP2760005K,240030226,MONTGOMERY,Property Damage Crash,06/26/2024 02:30:00 PM,No,County Route,Westbound,"Lane 1, Lane 2",2,East,5.78,FEET,Level,MONTGOMERY VILLAGE AVE (SB/L),,,,,DRIVER,"Sideswipe, Same Direction",Clear,Dry,Daylight,No Controls,"Not Suspect of Alcohol Use, Not Suspect of Drug Use, Not Suspect of Alcohol Use, Not Suspect of Drug Use",,Motor Vehicle In Transport,,Non-Junction,,Curve Left,,"Divided, Flush Median (greater than 4ft wide), Divided, Raised Median (curbed)",39.1671,-77.20515833,"(39.1671, -77.20515833)"
MCP2976001P,16001132,Montgomery County Police,Property Damage Crash,01/07/2016 10:12:00 AM,No,County,East,,4,East,30,FEET,LEVEL,ADELPHI RD,NEW HAMPSHIRE AVE,,N/A,,DRIVER,SAME DIRECTION SIDESWIPE,CLOUDY,DRY,DAYLIGHT,TRAFFIC SIGNAL,NONE DETECTED,,OTHER VEHICLE,N/A,INTERSECTION RELATED,FOUR-WAY INTERSECTION,STRAIGHT,NO DEFECTS,"TWO-WAY, DIVIDED, POSITIVE MEDIAN BARRIER",39.01137,-76.97802333,"(39.01137, -76.97802333)"
MCP30050079,230011069,Montgomery County Police,Injury Crash,03/09/2023 03:36:00 PM,No,Maryland (State),North,,2,North,12,FEET,LEVEL,LAYHILL RD,BEL PRE RD,,N/A,PEDESTRIAN,NONMOTORIST,SINGLE VEHICLE,CLEAR,DRY,DAYLIGHT,TRAFFIC SIGNAL,NONE DETECTED,NONE DETECTED,PEDESTRIAN,N/A,INTERSECTION RELATED,FOUR-WAY INTERSECTION,STRAIGHT,NO DEFECTS,"TWO-WAY, DIVIDED, POSITIVE MEDIAN BARRIER",39.09076333,-77.04522667,"(39.09076333, -77.04522667)"
MCP31390031,220006821,Montgomery County Police,Property Damage Crash,02/16/2022 04:23:00 PM,No,Maryland (State),North,,3,East,0,FEET,LEVEL,OLD COLUMBIA PIKE,OLD COLUMBIA PIKE,,N/A,,UNKNOWN,OTHER,CLEAR,DRY,DAYLIGHT,TRAFFIC SIGNAL,N/A,,OTHER VEHICLE,OTHER VEHICLE,INTERSECTION,FOUR-WAY INTERSECTION,STRAIGHT,NO DEFECTS,"TWO-WAY, NOT DIVIDED",39.10814871,-76.93687313,"(39.10814871, -76.93687313)"
EJ7833006Q,200042412,Gaithersburg Police Depar,Property Damage Crash,10/27/2020 04:35:00 PM,Yes,Maryland (State),North,,2,North,0,FEET,LEVEL,FREDERICK RD,CHESTNUT ST,,GAITHERSBURG,,DRIVER,SAME DIRECTION RIGHT TURN,CLOUDY,DRY,DAYLIGHT,TRAFFIC SIGNAL,"NONE DETECTED, UNKNOWN",,OTHER VEHICLE,N/A,INTERSECTION,T-INTERSECTION,STRAIGHT,NO DEFECTS,"TWO-WAY, NOT DIVIDED",39.1438659,-77.20150999,"(39.1438659, -77.20150999)"
MCP289200C0,220013737,Montgomery County Police,Property Damage Crash,03/31/2022 03:27:00 PM,No,County,South,,1,South,15,FEET,LEVEL,CONOVER DR,DENNIS AVE,,N/A,,DRIVER,SAME DIRECTION SIDESWIPE,RAINING,WET,DAYLIGHT,NO CONTROLS,NONE DETECTED,,OTHER VEHICLE,N/A,N/A,N/A,STRAIGHT,NO DEFECTS,"TWO-WAY, NOT DIVIDED",39.02492628,-77.05705534,"(39.02492628, -77.05705534)"
MCP229800DM,170512355,Montgomery County Police,Property Damage Crash,06/07/2017 07:19:00 PM,No,,,,,,,,,,,PARKING LOT OF 6838 OLNEY LAYTONSVILLE ROAD,,,DRIVER,OTHER,CLEAR,,DAYLIGHT,NO CONTROLS,NONE DETECTED,,FIXED OBJECT,PARKED VEHICLE,,,,,,39.20387833,-77.13939,"(39.20387833, -77.13939)"
MCP3201003S,230009103,Montgomery County Police,Injury Crash,02/23/2023 01:50:00 PM,No,County,South,,2,North,0,FEET,HILL UPHILL,CRYSTAL ROCK DR,WATERS LANDING DR,,N/A,,DRIVER,STRAIGHT MOVEMENT ANGLE,CLEAR,DRY,DAYLIGHT,STOP SIGN,NONE DETECTED,,OTHER VEHICLE,FIXED OBJECT,INTERSECTION,FOUR-WAY INTERSECTION,STRAIGHT,NO DEFECTS,"TWO-WAY, NOT DIVIDED",39.18981483,-77.2666995,"(39.18981483, -77.2666995)"
MCP3176001G,210027987,Montgomery County Police,Property Damage Crash,07/20/2021 01:15:00 AM,Yes,Maryland (State),North,OTHER,3,North,0,FEET,LEVEL,GEORGIA AVE,DENNIS AVE,,N/A,,DRIVER,STRAIGHT MOVEMENT ANGLE,CLEAR,DRY,DARK LIGHTS ON,TRAFFIC SIGNAL,"NONE DETECTED, UNKNOWN",,OTHER VEHICLE,OTHER VEHICLE,INTERSECTION,FOUR-WAY INTERSECTION,STRAIGHT,NO DEFECTS,"TWO-WAY, DIVIDED, POSITIVE MEDIAN BARRIER",39.01064833,-77.00810167,"(39.01064833, -77.00810167)"
MCP25340019,16030721,Montgomery County Police,Property Damage Crash,06/17/2016 08:00:00 PM,No,Maryland (State),North,,2,North,0,FEET,LEVEL,NEW HAMPSHIRE AVE,BRIGGS CHANEY RD,,N/A,,DRIVER,STRAIGHT MOVEMENT ANGLE,CLEAR,DRY,DUSK,TRAFFIC SIGNAL,NONE DETECTED,,OTHER VEHICLE,N/A,INTERSECTION,T-INTERSECTION,STRAIGHT,NO DEFECTS,"TWO-WAY, DIVIDED, POSITIVE MEDIAN BARRIER",39.1087,-76.99781333,"(39.1087, -76.99781333)"
MCP28000035,180031084,Montgomery County Police,Property Damage Crash,06/24/2018 03:28:00 AM,No,County,East,,2,West,0,FEET,LEVEL,TUCKERMAN LA,OLD GEORGETOWN RD,,N/A,,DRIVER,SINGLE VEHICLE,CLEAR,DRY,DARK LIGHTS ON,NO CONTROLS,ALCOHOL CONTRIBUTED,,FIXED OBJECT,N/A,INTERSECTION,FOUR-WAY INTERSECTION,STRAIGHT,NO DEFECTS,"TWO-WAY, DIVIDED, POSITIVE MEDIAN BARRIER",39.034785,-77.12557167,"(39.034785, -77.12557167)"
MCP2799003H,170550913,Montgomery County Police,Property Damage Crash,12/27/2017 04:15:00 PM,Yes,Maryland (State),North,,2,South,1,MILE,HILL CREST,GEORGIA AVE,DAMASCUS RD,,N/A,,DRIVER,OTHER,CLEAR,DRY,DAYLIGHT,NO CONTROLS,"NONE DETECTED, UNKNOWN",,OTHER VEHICLE,N/A,NON INTERSECTION,N/A,CURVE LEFT,NO DEFECTS,"TWO-WAY, NOT DIVIDED",39.210145,-77.06282833,"(39.210145, -77.06282833)"
MCP2846001X,16030022,Montgomery County Police,Injury Crash,06/14/2016 02:03:00 PM,No,Maryland (State),West,,3,East,15,FEET,LEVEL,UNIVERSITY BLVD W,SLIGO CREEK PKWY,,N/A,,DRIVER,SAME DIRECTION SIDESWIPE,CLEAR,DRY,DAYLIGHT,TRAFFIC SIGNAL,NONE DETECTED,,OTHER VEHICLE,OTHER VEHICLE,NON INTERSECTION,N/A,STRAIGHT,NO DEFECTS,"TWO-WAY, DIVIDED, POSITIVE MEDIAN BARRIER",39.035985,-77.02909333,"(39.035985, -77.02909333)"
MCP27380051,240004899,MONTGOMERY,Property Damage Crash,01/31/2024 12:40:00 AM,No,US (State),"Eastbound, Southbound","Lane 1, Unknown",2,West,0,FEET,Level,OLD COLUMBIA PIKE (SB/L),OLD COLUMBIA PIKE RAMP 6 FR MD 198 EB TO US 29 SB,,,,DRIVER,Angle,Clear,Dry,Dark - Lighted,Flashing Traffic Control Signal,"Not Suspect of Alcohol Use, Not Suspect of Drug Use, Not Suspect of Alcohol Use, Not Suspect of Drug Use",,Motor Vehicle In Transport,Not Applicable,Intersection or Related,Perpendicular,Straight,No Defects,"Divided, Flush Median (greater than 4ft wide)",39.11118533,-76.9321105,"(39.11118533, -76.9321105)"
MCP3016001F,170531714,Montgomery County Police,Property Damage Crash,09/20/2017 12:51:00 PM,No,Maryland (State),North,,3,North,0,FEET,LEVEL,GERMANTOWN RD,WISTERIA DR,,N/A,,DRIVER,SAME DIR REAR END,CLEAR,DRY,DAYLIGHT,N/A,N/A,,OTHER VEHICLE,N/A,INTERSECTION,FOUR-WAY INTERSECTION,STRAIGHT,NO DEFECTS,"TWO-WAY, DIVIDED, UNPROTECTED PAINTED MIN 4 FEET",39.17643633,-77.2709685,"(39.17643633, -77.2709685)"
MCP2667005Q,190007176,Montgomery County Police,Injury Crash,02/14/2019 09:41:00 AM,No,Maryland (State),North,,2,North,0,FEET,LEVEL,MIDCOUNTY HWY,PIER POINT PL,,N/A,,DRIVER,STRAIGHT MOVEMENT ANGLE,CLEAR,DRY,DAYLIGHT,STOP SIGN,NONE DETECTED,,OTHER VEHICLE,N/A,INTERSECTION,T-INTERSECTION,STRAIGHT,NO DEFECTS,"TWO-WAY, DIVIDED, POSITIVE MEDIAN BARRIER",39.1593655,-77.1987075,"(39.1593655, -77.1987075)"
MCP3259004P,240028198,MONTGOMERY,Property Damage Crash,06/13/2024 05:11:00 PM,No,Ramp,Eastbound,"Lane 1, Lane 2",2,West,15.51,FEET,Level,RAMP 1 FR RAMP 4 (FR IS495) TO MD 190 WB,RIVER RD (WB/L),,,,UNKNOWN,"Sideswipe, Same Direction",Clear,Dry,Daylight,No Controls,"Not Suspect of Alcohol Use, Not Suspect of Drug Use, Not Suspect of Alcohol Use, Not Suspect of Drug Use",,Motor Vehicle In Transport,,Non-Junction,,Straight,,"Divided, Raised Median (curbed)",38.99109578,-77.1567282,"(38.99109578, -77.1567282)"
MCP34520003,240050058,MONTGOMERY,Property Damage Crash,10/19/2024 06:26:00 PM,No,County Route,Northbound,"Lane 1, Left Turn Lane",4,South,0,FEET,Level,,GEORGIA AVE,,,,DRIVER,Other,Clear,Dry,Dark - Lighted,Traffic Control Signal,"Not Suspect of Alcohol Use, Not Suspect of Drug Use, Not Suspect of Alcohol Use, Not Suspect of Drug Use",,Motor Vehicle In Transport,,Intersection or Related,Perpendicular,Straight,No Defects,Not Divided,39.06819929,-77.06108105,"(39.06819929, -77.06108105)"
MCP2492000D,15039531,MONTGOMERY,Injury Crash,08/08/2015 09:27:00 PM,No,County,South,OTHER,2,South,100,FEET,LEVEL,MUDDY BRANCH RD,W DIAMOND AVE,,N/A,,DRIVER,SINGLE VEHICLE,N/A,DRY,DARK LIGHTS ON,NO CONTROLS,ALCOHOL CONTRIBUTED,,FIXED OBJECT,N/A,NON INTERSECTION,N/A,STRAIGHT,NO DEFECTS,"TWO-WAY, DIVIDED, POSITIVE MEDIAN BARRIER",39.1397964,-77.20515892,"(39.1397964, -77.20515892)"
EJ7856007B,190036254,Gaithersburg Police Depar,Property Damage Crash,07/30/2019 08:27:00 AM,No,Maryland (State),West,,3,North,50,FEET,GRADE DOWNHILL,QUINCE ORCHARD RD,RAMP 2 FR MD 124 WB TO IS 270 NB,,N/A,,DRIVER,SAME DIR REAR END,CLEAR,DRY,DAYLIGHT,N/A,N/A,,OTHER VEHICLE,OTHER VEHICLE,N/A,N/A,STRAIGHT,NO DEFECTS,"TWO-WAY, DIVIDED, POSITIVE MEDIAN BARRIER",39.150575,-77.21434333,"(39.150575, -77.21434333)"
MCP2813008L,200032618,Montgomery County Police,Property Damage Crash,08/21/2020 04:00:00 AM,No,Maryland (State),South,,3,North,0,FEET,LEVEL,CONNECTICUT AVE,EVERTON ST,,N/A,,DRIVER,SINGLE VEHICLE,CLEAR,DRY,DARK LIGHTS ON,NO CONTROLS,N/A,,FIXED OBJECT,FIXED OBJECT,INTERSECTION,N/A,STRAIGHT,NO DEFECTS,"TWO-WAY, DIVIDED, POSITIVE MEDIAN BARRIER",39.058365,-77.07356,"(39.058365, -77.07356)"
MCP24360048,170543347,Montgomery County Police,Property Damage Crash,11/17/2017 09:08:00 AM,No,Maryland (State),North,,3,South,150,FEET,LEVEL,NEW HAMPSHIRE AVE,RODNEY RD,,N/A,,DRIVER,SAME DIR REAR END,CLEAR,DRY,DAYLIGHT,NO CONTROLS,N/A,,OTHER VEHICLE,OTHER VEHICLE,N/A,N/A,STRAIGHT,NO DEFECTS,"TWO-WAY, DIVIDED, POSITIVE MEDIAN BARRIER",39.02763167,-76.98235833,"(39.02763167, -76.98235833)"
MCP25980026,180061439,Montgomery County Police,Property Damage Crash,12/08/2018 06:57:00 PM,No,Maryland (State),South,,4,North,100,FEET,GRADE DOWNHILL,16TH ST,EAST WEST HWY,,N/A,,DRIVER,SAME DIR REAR END,CLEAR,DRY,DARK LIGHTS ON,TRAFFIC SIGNAL,NONE DETECTED,,OTHER VEHICLE,OTHER VEHICLE,INTERSECTION RELATED,FOUR-WAY INTERSECTION,STRAIGHT,NO DEFECTS,"TWO-WAY, DIVIDED, POSITIVE MEDIAN BARRIER",38.99557,-77.036455,"(38.99557, -77.036455)"
MCP29170019,16051407,Montgomery County Police,Property Damage Crash,10/06/2016 03:43:00 PM,No,County,East,,2,West,500,FEET,LEVEL,BEL PRE RD,HOMECREST RD,,N/A,,DRIVER,SAME DIRECTION SIDESWIPE,CLEAR,DRY,DAYLIGHT,NO CONTROLS,NONE DETECTED,,OTHER VEHICLE,OTHER VEHICLE,N/A,N/A,STRAIGHT,OTHER,"TWO-WAY, NOT DIVIDED",39.09133333,-77.065045,"(39.09133333, -77.065045)"
MCP2740003J,170525044,Montgomery County Police,Injury Crash,08/15/2017 06:36:00 PM,No,Maryland (State),South,,3,South,20,FEET,GRADE DOWNHILL,NEW HAMPSHIRE AVE,DILSTON RD,,N/A,,DRIVER,SAME DIR REAR END,CLEAR,DRY,DAYLIGHT,TRAFFIC SIGNAL,NONE DETECTED,,OTHER VEHICLE,N/A,INTERSECTION RELATED,FOUR-WAY INTERSECTION,STRAIGHT,NO DEFECTS,"TWO-WAY, DIVIDED, POSITIVE MEDIAN BARRIER",39.01199667,-76.97890333,"(39.01199667, -76.97890333)"
MCP913000DM,220054929,Montgomery County Police,Injury Crash,12/12/2022 01:10:00 PM,No,Maryland (State),West,,3,East,40,FEET,LEVEL,UNIVERSITY BLVD E,E FRANKLIN AVE,,N/A,,DRIVER,SAME DIR REAR END,CLEAR,DRY,DAYLIGHT,TRAFFIC SIGNAL,NONE DETECTED,,OTHER VEHICLE,N/A,INTERSECTION RELATED,FOUR-WAY INTERSECTION,STRAIGHT,NO DEFECTS,"TWO-WAY, DIVIDED, POSITIVE MEDIAN BARRIER",39.0119791,-77.00242217,"(39.0119791, -77.00242217)"
MCP271700SD,200034582,Montgomery County Police,Injury Crash,09/03/2020 08:30:00 PM,No,Maryland (State),East,,3,East,0,FEET,GRADE DOWNHILL,UNIVERSITY BLVD W,ST PAUL ST,,N/A,PEDESTRIAN,DRIVER,OTHER,CLOUDY,WET,DARK LIGHTS ON,NO CONTROLS,NONE DETECTED,NONE DETECTED,PEDESTRIAN,PEDESTRIAN,INTERSECTION RELATED,T-INTERSECTION,STRAIGHT,NO DEFECTS,"TWO-WAY, DIVIDED, POSITIVE MEDIAN BARRIER",38.99764383,-77.10979817,"(38.99764383, -77.10979817)"
MCP2881005N,230046934,Montgomery County Police,Property Damage Crash,07/30/2023 09:17:00 AM,No,County,West,,3,North,0,FEET,LEVEL,GERMANTOWN RD,FREDERICK RD,,N/A,,DRIVER,STRAIGHT MOVEMENT ANGLE,CLEAR,DRY,DAYLIGHT,TRAFFIC SIGNAL,NONE DETECTED,,OTHER VEHICLE,N/A,INTERSECTION,FOUR-WAY INTERSECTION,STRAIGHT,NO DEFECTS,"TWO-WAY, DIVIDED, POSITIVE MEDIAN BARRIER",39.19234667,-77.24276333,"(39.19234667, -77.24276333)"
MCP2885003B,220052402,Montgomery County Police,Property Damage Crash,11/28/2022 06:45:00 AM,No,Maryland (State),North,,2,North,500,FEET,LEVEL,CONNECTICUT AVE,GEORGIA AVE,,N/A,,DRIVER,SINGLE VEHICLE,CLEAR,WET,DAWN,NO CONTROLS,NONE DETECTED,,FIXED OBJECT,N/A,NON INTERSECTION,N/A,STRAIGHT,NO DEFECTS,"TWO-WAY, NOT DIVIDED",39.08562,-77.07468833,"(39.08562, -77.07468833)"