Report Number,Local Case Number,Agency Name,ACRS Report Type,Crash Date/Time,Hit/Run,Route Type,Lane Direction,Lane Type,Number of Lanes,Direction,Distance,Distance Unit,Road Grade,Road Name,Cross-Street Name,Off-Road Description,Municipality,Related Non-Motorist,At Fault,Collision Type,Weather,Surface Condition,Light,Traffic Control,Driver Substance Abuse,Non-Motorist Substance Abuse,First Harmful Event,Second Harmful Event,Junction,Intersection Type,Road Alignment,Road Condition,Road Division,Latitude,Longitude,Location
MCP2891007Q,190013883,Montgomery County Police,Property Damage Crash,03/26/2019 08:03:00 AM,No,Interstate (State),West,,4,East,50,FEET,LEVEL,CAPITAL BELTWAY,EXIT #30,,N/A,,DRIVER,SAME DIRECTION SIDESWIPE,CLEAR,DRY,DAYLIGHT,N/A,NONE DETECTED,,OTHER VEHICLE,OTHER VEHICLE,N/A,N/A,STRAIGHT,N/A,"TWO-WAY, DIVIDED, POSITIVE MEDIAN BARRIER",39.01627333,-77.01980667,"(39.01627333, -77.01980667)"
DD5575000D,15007530,Rockville Police Departme,Property Damage Crash,02/14/2015 11:53:00 PM,No,Municipality,East,RIGHT TURN LANE,1,East,0,FEET,GRADE DOWNHILL,BALTIMORE RD,FIRST ST,,ROCKVILLE,,DRIVER,STRAIGHT MOVEMENT ANGLE,BLOWING SNOW,ICE,DARK LIGHTS ON,TRAFFIC SIGNAL,NONE DETECTED,,OTHER VEHICLE,N/A,INTERSECTION,FOUR-WAY INTERSECTION,STRAIGHT,N/A,"TWO-WAY, NOT DIVIDED",39.084715,-77.13546833,"(39.084715, -77.13546833)"
MCP295200D0,220044266,Montgomery County Police,Injury Crash,10/10/2022 01:52:00 PM,No,Maryland (State),South,RIGHT TURN LANE,3,North,0,FEET,LEVEL,GEORGIA AVE,FOREST GLEN RD,,N/A,,DRIVER,SAME DIR REAR END,CLEAR,DRY,DAYLIGHT,TRAFFIC SIGNAL,NONE DETECTED,,OTHER VEHICLE,OTHER VEHICLE,INTERSECTION,FOUR-WAY INTERSECTION,STRAIGHT,NO DEFECTS,"TWO-WAY, DIVIDED, POSITIVE MEDIAN BARRIER",39.0019,-77.042275,"(39.0019, -77.042275)"
MCP2339007N,220044698,Montgomery County Police,Property Damage Crash,10/12/2022 03:50:00 PM,Yes,Maryland (State),North,,3,North,0,FEET,LEVEL,OLD GEORGETOWN RD,CEDAR LA,,N/A,,DRIVER,OTHER,CLEAR,DRY,DAYLIGHT,TRAFFIC SIGNAL,"N/A, NONE DETECTED",,OTHER VEHICLE,N/A,INTERSECTION,FOUR-WAY INTERSECTION,STRAIGHT,NO DEFECTS,"TWO-WAY, DIVIDED, UNPROTECTED PAINTED MIN 4 FEET",39.00450708,-77.11052149,"(39.00450708, -77.11052149)"
MCP3050000S,170506056,Montgomery County Police,Property Damage Crash,05/05/2017 12:58:00 PM,No,County,East,,1,East,5,FEET,LEVEL,JEFFRY ST,CONNECTICUT AVE,,N/A,,DRIVER,SAME DIR REAR END,CLEAR,WET,DAYLIGHT,STOP SIGN,NONE DETECTED,,OTHER VEHICLE,N/A,INTERSECTION RELATED,T-INTERSECTION,STRAIGHT,NO DEFECTS,"TWO-WAY, DIVIDED, UNPROTECTED PAINTED MIN 4 FEET",39.06575815,-77.07447633,"(39.06575815, -77.07447633)"
MCP2991000N,16012108,MONTGOMERY,Injury Crash,03/11/2016 11:30:00 AM,No,Maryland (State),West,,2,West,0,FEET,LEVEL,UNIVERSITY BLVD W,GRANDVIEW AVE,,N/A,PEDESTRIAN,DRIVER,SINGLE VEHICLE,N/A,N/A,DAYLIGHT,TRAFFIC SIGNAL,NONE DETECTED,NONE DETECTED,PEDESTRIAN,PEDESTRIAN,N/A,FOUR-WAY INTERSECTION,STRAIGHT,NO DEFECTS,N/A,39.04119253,-77.05307499,"(39.04119253, -77.05307499)"
MCP20390033,170536909,Montgomery County Police,Property Damage Crash,10/16/2017 07:45:00 AM,No,,,,,,,,,,,14227 GRAND PRE ROAD PARKING LOT,,,DRIVER,SINGLE VEHICLE,CLOUDY,,DAYLIGHT,N/A,N/A,,FIXED OBJECT,FIXED OBJECT,,,,,,39.09037,-77.07494333,"(39.09037, -77.07494333)"
MCP3423000F,240046741,MONTGOMERY,Injury Crash,09/30/2024 08:55:00 PM,No,County Route,Westbound,Not Applicable,1,West,35.2,FEET,Level,SLIGO AVE,GROVE ST,,,,UNKNOWN,Angle,Clear,Wet,Dark - Lighted,No Controls,"Not Suspect of Alcohol Use, Not Suspect of Drug Use, Not Suspect of Alcohol Use, Not Suspect of Drug Use",,Motor Vehicle In Transport,,Non-Junction,,Straight,No Defects,Not Divided,38.99011717,-77.02174867,"(38.99011717, -77.02174867)"
MCP2177004B,190061520,Montgomery County Police,Property Damage Crash,12/21/2019 02:56:00 PM,No,Maryland (State),North,,1,South,125,FEET,LEVEL,FALLS RD,COLD SPRING RD,,N/A,,DRIVER,OPPOSITE DIR BOTH LEFT TURN,CLOUDY,DRY,DAYLIGHT,N/A,NONE DETECTED,,OTHER VEHICLE,N/A,N/A,N/A,STRAIGHT,NO DEFECTS,"TWO-WAY, NOT DIVIDED",39.06378385,-77.17817219,"(39.06378385, -77.17817219)"
MCP2102004P,240045692,MONTGOMERY,Property Damage Crash,09/25/2024 08:25:00 AM,No,County Route,Northbound,Lane 1,1,West,17.9,FEET,Downhill,WARING STATION RD,,,,,DRIVER,Single Vehicle,Rain,Wet,Daylight,No Controls,"Not Suspect of Alcohol Use, Not Suspect of Drug Use",,Other Non-Fixed Object,Utility Pole/Light Support,Non-Junction,,Curve Left,No Defects,Not Divided,39.16871,-77.24674333,"(39.16871, -77.24674333)"
EJ77810045,230028809,Gaithersburg Police Depar,Property Damage Crash,06/15/2023 12:30:00 PM,No,Maryland (State),South,,3,South,200,FEET,LEVEL,GREAT SENECA HWY,SPUR FR MUDDY BRANCH RD,,N/A,,DRIVER,OTHER,CLEAR,DRY,DAYLIGHT,NO CONTROLS,NONE DETECTED,,OTHER VEHICLE,N/A,NON INTERSECTION,N/A,STRAIGHT,NO DEFECTS,"TWO-WAY, NOT DIVIDED",39.11232174,-77.22145314,"(39.11232174, -77.22145314)"
MCP3048009M,230016525,Montgomery County Police,Injury Crash,04/06/2023 08:50:00 PM,No,Maryland (State),West,,1,West,50,FEET,LEVEL,MASSACHUSETTS AVE,DUVALL DR,,N/A,PEDESTRIAN,NONMOTORIST,OTHER,RAINING,WET,DARK LIGHTS ON,NO CONTROLS,N/A,N/A,PEDESTRIAN,N/A,N/A,N/A,STRAIGHT,NO DEFECTS,"TWO-WAY, DIVIDED, UNPROTECTED PAINTED MIN 4 FEET",38.950496,-77.101668,"(38.950496, -77.101668)"
MCP2055000K,15034740,MONTGOMERY,Property Damage Crash,07/15/2015 10:46:00 AM,No,,,,,,,,,,,"Parking lot of 9871 Washingtonian Blvd, Kohls",,,DRIVER,SINGLE VEHICLE,CLOUDY,,DAYLIGHT,NO CONTROLS,NONE DETECTED,,FIXED OBJECT,N/A,,,,,,39.11772833,-77.20473333,"(39.11772833, -77.20473333)"
MCP2563000W,190009794,Montgomery County Police,Fatal Crash,03/02/2019 04:16:00 AM,No,County,South,,2,North,0,FEET,LEVEL,GREAT SENECA HWY,DARNESTOWN RD,,N/A,,DRIVER,SINGLE VEHICLE,N/A,WET,DARK LIGHTS ON,FLASHING TRAFFIC SIGNAL,COMBINED SUBSTANCE PRESENT,,FIXED OBJECT,FIXED OBJECT,INTERSECTION,T-INTERSECTION,STRAIGHT,NO DEFECTS,"TWO-WAY, DIVIDED, POSITIVE MEDIAN BARRIER",39.09654333,-77.20367,"(39.09654333, -77.20367)"
MCP28850026,170527650,Montgomery County Police,Injury Crash,08/29/2017 09:45:00 PM,No,Maryland (State),West,,4,East,30,FEET,HILL UPHILL,VEIRS MILL RD,PARKLAND DR,,N/A,,DRIVER,SAME DIR REAR END,CLOUDY,WET,DARK LIGHTS ON,TRAFFIC SIGNAL,NONE DETECTED,,OTHER VEHICLE,OTHER VEHICLE,NON INTERSECTION,N/A,STRAIGHT,NO DEFECTS,"TWO-WAY, DIVIDED, POSITIVE MEDIAN BARRIER",39.06159333,-77.09175667,"(39.06159333, -77.09175667)"
EJ77470022,16033848,Gaithersburg Police Depar,Injury Crash,07/04/2016 07:02:00 PM,No,Municipality,North,,4,North,0,FEET,LEVEL,WASHINGTONIAN BLVD,BOARDWALK PL,,N/A,PEDESTRIAN,DRIVER,SAME DIR REAR END,RAINING,WET,DAYLIGHT,OTHER,NONE DETECTED,NONE DETECTED,OTHER VEHICLE,OTHER VEHICLE,CROSSOVER RELATED,T-INTERSECTION,STRAIGHT,NO DEFECTS,"TWO-WAY, DIVIDED, POSITIVE MEDIAN BARRIER",39.116595,-77.19954,"(39.116595, -77.19954)"
MCP94390013,240053897,MONTGOMERY,Property Damage Crash,11/09/2024 10:25:00 PM,No,Maryland (State) Route,Westbound,Shoulder Area,2,South,55.29,FEET,Level,,,,,,UNKNOWN,Single Vehicle,Clear,Dry,Dark - Not Lighted,No Controls,"Suspect of Alcohol Use, Not Suspect of Drug Use",,Other Non-Fixed Object,Tree (standing),Non-Junction,,Straight,No Defects,Not Divided,39.12620092,-77.32908625,"(39.12620092, -77.32908625)"
EJ7837004G,200000434,Gaithersburg Police Depar,Injury Crash,01/03/2020 03:10:00 PM,No,Municipality,East,,2,West,0,FEET,HILL UPHILL,FIRSTFIELD RD,FIRSTFIELD RD (AHEAD),,N/A,,DRIVER,STRAIGHT MOVEMENT ANGLE,RAINING,WET,DAYLIGHT,STOP SIGN,N/A,,OTHER VEHICLE,N/A,INTERSECTION,FOUR-WAY INTERSECTION,STRAIGHT,NO DEFECTS,"TWO-WAY, DIVIDED, POSITIVE MEDIAN BARRIER",39.14489667,-77.21879167,"(39.14489667, -77.21879167)"
MCP2001002B,240042560,MONTGOMERY,Fatal Crash,09/08/2024 04:40:00 AM,No,Maryland (State) Route,Southbound,Lane 1,4,South,0,FEET,Level,NEW HAMPSHIRE AVE (SB/L),RODNEY RD,,,Pedestrian,NONMOTORIST,Single Vehicle,Clear,Dry,Dark - Unknown Lighting,Stop Sign,"Suspect of Alcohol Use, Unknown","Not Suspect of Alcohol Use, Not Suspect of Drug Use",Pedestrian,,Intersection or Related,Perpendicular,Straight,No Defects,"Divided, Raised Median (curbed)",39.02867395,-76.98327452,"(39.02867395, -76.98327452)"
MCP27570016,16035569,Montgomery County Police,Property Damage Crash,07/13/2016 11:29:00 PM,No,County,West,,2,West,100,FEET,GRADE DOWNHILL,FERRARA DR,FERRARA CT,,N/A,,DRIVER,SAME DIRECTION SIDESWIPE,CLEAR,N/A,DARK LIGHTS ON,N/A,NONE DETECTED,,UNKNOWN,PARKED VEHICLE,NON INTERSECTION,N/A,STRAIGHT,NO DEFECTS,"TWO-WAY, NOT DIVIDED",39.05147,-77.08541667,"(39.05147, -77.08541667)"
MCP2269002M,230060438,Montgomery County Police,Property Damage Crash,10/14/2023 01:30:00 AM,No,,,,,,,,,,,9697 GROVEMONT CIRCLE,,,DRIVER,OTHER,UNKNOWN,,DARK LIGHTS ON,N/A,UNKNOWN,,PARKED VEHICLE,PARKED VEHICLE,,,,,,39.1278155,-77.17658243,"(39.1278155, -77.17658243)"
MCP3021000F,17011682,Montgomery County Police,Injury Crash,03/05/2017 05:13:00 PM,No,County,West,,2,East,100,FEET,LEVEL,SILVER SPRING AVE,GEORGIA AVE,,N/A,PEDESTRIAN,UNKNOWN,SINGLE VEHICLE,CLEAR,DRY,DAYLIGHT,NO CONTROLS,NONE DETECTED,NONE DETECTED,PEDESTRIAN,N/A,NON INTERSECTION,N/A,STRAIGHT,NO DEFECTS,"TWO-WAY, NOT DIVIDED",38.99167708,-77.02522025,"(38.99167708, -77.02522025)"
MCP2848009C,200019579,Montgomery County Police,Property Damage Crash,05/15/2020 02:50:00 PM,Yes,Interstate (State),South,,3,East,0,MILE,LEVEL,CAPITAL BELTWAY,CONNECTICUT AVE,,N/A,,DRIVER,SAME DIR REAR END,CLEAR,DRY,DAYLIGHT,TRAFFIC SIGNAL,"NONE DETECTED, UNKNOWN",,OTHER VEHICLE,N/A,N/A,T-INTERSECTION,CURVE LEFT,NO DEFECTS,"TWO-WAY, DIVIDED, POSITIVE MEDIAN BARRIER",39.00650543,-77.07845141,"(39.00650543, -77.07845141)"
DM8490002Z,230031053,Takoma Park Police Depart,Property Damage Crash,06/29/2023 10:56:00 AM,No,,,,,,,,,,,31 OSWEGO AVENUE PARKING LOT,,,DRIVER,OTHER,CLEAR,,DAYLIGHT,N/A,N/A,,PARKED VEHICLE,OTHER VEHICLE,,,,,,38.98491742,-77.0090937,"(38.98491742, -77.0090937)"
MCP3007004L,210000717,Montgomery County Police,Property Damage Crash,01/06/2021 04:00:00 PM,No,,,,,,,,,,,3005 S. LEISURE WORLD BLVD,,,DRIVER,OTHER,CLEAR,,DAYLIGHT,NO CONTROLS,N/A,,PARKED VEHICLE,PARKED VEHICLE,,,,,,39.10345167,-77.06076667,"(39.10345167, -77.06076667)"
MCP29510018,16011241,MONTGOMERY,Property Damage Crash,03/07/2016 07:30:00 AM,No,Maryland (State),North,,8,North,0,FEET,LEVEL,NEW HAMPSHIRE AVE,E RANDOLPH RD,,N/A,,DRIVER,SAME DIR REND RIGHT TURN,CLEAR,DRY,DAYLIGHT,TRAFFIC SIGNAL,NONE DETECTED,,OTHER VEHICLE,N/A,INTERSECTION,FOUR-WAY INTERSECTION,STRAIGHT,NO DEFECTS,"TWO-WAY, DIVIDED, POSITIVE MEDIAN BARRIER",39.07596667,-77.00175167,"(39.07596667, -77.00175167)"
MCP2040000L,170506546,Montgomery County Police,Injury Crash,05/08/2017 07:39:00 AM,Yes,Maryland (State),West,,1,East,0,FEET,LEVEL,DARNESTOWN RD,WHITE GROUNDS RD,,N/A,,DRIVER,OTHER,CLEAR,DRY,DAYLIGHT,STOP SIGN,"NONE DETECTED, UNKNOWN",,FIXED OBJECT,N/A,INTERSECTION,T-INTERSECTION,STRAIGHT,NO DEFECTS,"TWO-WAY, NOT DIVIDED",39.130635,-77.34643167,"(39.130635, -77.34643167)"
MCP25120040,190012025,Montgomery County Police,Property Damage Crash,03/15/2019 04:04:00 PM,No,Other Public Roadway,South,,1,North,0,FEET,LEVEL,MCDONALD CHAPEL DR,ENT TO THURGOOD MARSHALL E.S.,,N/A,,DRIVER,OPPOSITE DIRECTION SIDESWIPE,CLEAR,DRY,DAYLIGHT,NO CONTROLS,NONE DETECTED,,OTHER VEHICLE,N/A,NON INTERSECTION,N/A,STRAIGHT,NO DEFECTS,"TWO-WAY, NOT DIVIDED",39.12536667,-77.259115,"(39.12536667, -77.259115)"
MCP2966004B,180023071,Montgomery County Police,Injury Crash,05/10/2018 07:49:00 PM,Yes,Maryland (State),West,,3,East,0,FEET,LEVEL,VEIRS MILL RD,PARKLAND DR,,N/A,,DRIVER,SAME DIR REAR END,CLEAR,WET,DUSK,TRAFFIC SIGNAL,"ALCOHOL PRESENT, N/A",,OTHER VEHICLE,OTHER VEHICLE,INTERSECTION,FOUR-WAY INTERSECTION,STRAIGHT,NO DEFECTS,"TWO-WAY, DIVIDED, POSITIVE MEDIAN BARRIER",39.06078167,-77.09047,"(39.06078167, -77.09047)"
MCP2861005H,220040164,Montgomery County Police,Property Damage Crash,09/15/2022 02:45:00 PM,Yes,Maryland (State),North,,3,North,0,FEET,LEVEL,CONNECTICUT AVE,BRADLEY LA,,CHEVY CHASE VILLAGE,,DRIVER,SAME DIRECTION SIDESWIPE,CLEAR,DRY,DAYLIGHT,TRAFFIC SIGNAL,"NONE DETECTED, UNKNOWN",,OTHER VEHICLE,N/A,INTERSECTION,FOUR-WAY INTERSECTION,STRAIGHT,NO DEFECTS,"TWO-WAY, DIVIDED, POSITIVE MEDIAN BARRIER",38.98120417,-77.077045,"(38.98120417, -77.077045)"
MCP26870037,180039211,Montgomery County Police,Injury Crash,08/07/2018 04:09:00 PM,No,Maryland (State),South,,4,North,0,FEET,LEVEL,OLD GEORGETOWN RD,CORDELL AVE,,N/A,,DRIVER,STRAIGHT MOVEMENT ANGLE,RAINING,WET,N/A,NO CONTROLS,NONE DETECTED,,OTHER VEHICLE,FIXED OBJECT,INTERSECTION,FOUR-WAY INTERSECTION,STRAIGHT,NO DEFECTS,"TWO-WAY, NOT DIVIDED",38.987995,-77.09951167,"(38.987995, -77.09951167)"
MCP3331001F,230006620,Montgomery County Police,Injury Crash,02/09/2023 12:30:00 PM,No,County,East,,1,East,0,FEET,LEVEL,OLD RANDOLPH RD,KEMP MILL RD,,N/A,BICYCLIST,NONMOTORIST,HEAD ON LEFT TURN,CLOUDY,DRY,DAYLIGHT,STOP SIGN,NONE DETECTED,NONE DETECTED,BICYCLE,N/A,INTERSECTION,T-INTERSECTION,STRAIGHT,NO DEFECTS,"TWO-WAY, DIVIDED, UNPROTECTED PAINTED MIN 4 FEET",39.0644735,-77.02918233,"(39.0644735, -77.02918233)"
EJ7888007S,250020327,GAITHERSBURG,Property Damage Crash,05/08/2025 03:13:00 PM,No,Spur,Eastbound,Right Turn Lane,4,North,20.83,FEET,Level,,,,,,DRIVER,Front to Rear,Clear,Dry,Daylight,Yield Sign,"Not Suspect of Alcohol Use, Not Suspect of Drug Use, Not Suspect of Alcohol Use, Not Suspect of Drug Use, Not Suspect of Alcohol Use, Not Suspect of Drug Use",,Motor Vehicle In Transport,,Entrance/Exit Ramp or Related,,Straight,No Defects,"Divided, Raised Median (curbed)",39.15222742,-77.21212377,"(39.15222742, -77.21212377)"
MCP2531001C,200007573,Montgomery County Police,Property Damage Crash,02/14/2020 04:37:00 PM,Yes,,,,,,,,,,,PARKING LOT OF 9021 GAITHER RD,,,DRIVER,OTHER,N/A,,DAYLIGHT,N/A,UNKNOWN,,PARKED VEHICLE,PARKED VEHICLE,,,,,,39.11774962,-77.18492126,"(39.11774962, -77.18492126)"
HA22280001,15000957,MCPARK,Injury Crash,08/30/2015 09:47:00 AM,Yes,Government,North,,1,North,,FEET,N/A,BEACH DR,EAST WEST HWY,,N/A,,DRIVER,OTHER,CLEAR,DRY,DAYLIGHT,N/A,N/A,,FIXED OBJECT,N/A,NON INTERSECTION,N/A,STRAIGHT,NO DEFECTS,"TWO-WAY, NOT DIVIDED",39.199175,-77.296145,"(39.199175, -77.296145)"
MCP13660033,15024639,Montgomery County Police,Property Damage Crash,05/22/2015 02:58:00 PM,No,,,,,,0,,,,,"WASTE TRANSFER STATION
16101 FREDERICK RD
DERWOOD, MD 20855",,,DRIVER,SAME DIR REAR END,CLEAR,,DAYLIGHT,NO CONTROLS,NONE DETECTED,,OTHER VEHICLE,N/A,,,,,,39.14832,-77.147355,"(39.14832, -77.147355)"
MCP3386001S,240050630,MONTGOMERY,Property Damage Crash,10/22/2024 09:02:00 PM,,County Route,"Eastbound, Westbound","Left Turn Lane, Right Turn Lane","3, 4",East,7.46,FEET,Uphill,NICHOLSON LA,,,,,UNKNOWN,"Sideswipe, Opposite Direction",Clear,Dry,Dark - Lighted,Traffic Control Signal,"Not Suspect of Alcohol Use, Not Suspect of Drug Use, Unknown, Unknown",,Motor Vehicle In Transport,,Non-Junction,,Straight,No Defects,"Divided, Raised Median (curbed), Not Divided",39.0448138,-77.11156269,"(39.0448138, -77.11156269)"
MCP2504002T,170543793,Montgomery County Police,Injury Crash,11/19/2017 11:28:00 PM,No,Maryland (State),North,,5,North,0,FEET,LEVEL,ROCKVILLE PIKE,BOU AVE,,N/A,,DRIVER,STRAIGHT MOVEMENT ANGLE,CLOUDY,DRY,DARK LIGHTS ON,TRAFFIC SIGNAL,NONE DETECTED,,OTHER VEHICLE,N/A,INTERSECTION,FOUR-WAY INTERSECTION,STRAIGHT,NO DEFECTS,"TWO-WAY, DIVIDED, POSITIVE MEDIAN BARRIER",39.05628667,-77.11910833,"(39.05628667, -77.11910833)"
EJ7889003J,230002541,Gaithersburg Police Depar,Property Damage Crash,01/16/2023 04:35:00 PM,No,,,,,,,,,,,PARKING LOT 0F 940 CLOPPER RD GAITHERSBURG MD 20878,,,DRIVER,OTHER,CLEAR,,DAYLIGHT,N/A,NONE DETECTED,,OTHER VEHICLE,N/A,,,,,,39.1461629,-77.23470708,"(39.1461629, -77.23470708)"
MCP2445006Q,250008632,MONTGOMERY,Property Damage Crash,02/27/2025 07:08:00 AM,No,Maryland (State) Route,"Northbound, Southbound",Lane 1,1,North,28.58,FEET,Level,FREDERICK RD,,,,,DRIVER,"Sideswipe, Opposite Direction",Rain,Wet,Dawn,No Controls,"Not Suspect of Alcohol Use, Not Suspect of Drug Use, Not Suspect of Alcohol Use, Not Suspect of Drug Use",,Motor Vehicle In Transport,,Through Roadway,,Straight,No Defects,Not Divided,39.22072,-77.25881167,"(39.22072, -77.25881167)"
MCP31800045,240042856,MONTGOMERY,Injury Crash,09/09/2024 06:47:00 PM,No,Maryland (State) Route,Eastbound,Lane 1,5,North,81.89,FEET,Level,OLNEY LAYTONSVILLE RD,,,,,UNKNOWN,Front to Rear,Clear,Dry,Daylight,Traffic Control Signal,"Not Suspect of Alcohol Use, Not Suspect of Drug Use, Not Suspect of Alcohol Use, Not Suspect of Drug Use",,Motor Vehicle In Transport,,Non-Junction,,Straight,No Defects,Not Divided,39.16934962,-77.09085537,"(39.16934962, -77.09085537)"
MCP3126002G,200048907,Montgomery County Police,Property Damage Crash,12/11/2020 08:30:00 PM,Yes,County,West,,1,East,0.25,MILE,HILL UPHILL,SNOWDEN FARM PKWY,BURNT HILL RD,,N/A,,DRIVER,SINGLE VEHICLE,CLEAR,DRY,DARK NO LIGHTS,NO CONTROLS,UNKNOWN,,FIXED OBJECT,N/A,NON INTERSECTION,N/A,STRAIGHT,NO DEFECTS,"TWO-WAY, DIVIDED, UNPROTECTED PAINTED MIN 4 FEET",39.25207833,-77.26807167,"(39.25207833, -77.26807167)"
EJ78290062,190028629,Gaithersburg Police Depar,Property Damage Crash,06/15/2019 03:00:00 PM,No,Maryland (State),North,,2,East,0,FEET,HILL CREST,CLOPPER RD,METROPOLITAN GROVE RD,,GAITHERSBURG,,DRIVER,HEAD ON LEFT TURN,CLEAR,DRY,N/A,TRAFFIC SIGNAL,NONE DETECTED,,OTHER VEHICLE,N/A,INTERSECTION,FOUR-WAY INTERSECTION,STRAIGHT,NO DEFECTS,"TWO-WAY, NOT DIVIDED",39.14610374,-77.22840166,"(39.14610374, -77.22840166)"
MCP2722002K,170518920,Montgomery County Police,Injury Crash,07/13/2017 04:50:00 PM,No,Maryland (State),North,,2,South,50,FEET,LEVEL,LAYHILL RD,RAMP 4 FR MD 182 NB TO MD 200 EB,,N/A,,DRIVER,STRAIGHT MOVEMENT ANGLE,CLEAR,DRY,DAYLIGHT,TRAFFIC SIGNAL,N/A,,OTHER VEHICLE,FIXED OBJECT,INTERSECTION RELATED,T-INTERSECTION,STRAIGHT,NO DEFECTS,"TWO-WAY, DIVIDED, POSITIVE MEDIAN BARRIER",39.09891,-77.0429,"(39.09891, -77.0429)"
MCP2582002X,190041443,Montgomery County Police,Injury Crash,08/29/2019 08:15:00 PM,No,Maryland (State),East,CROSSOVER AREA,2,East,0,FEET,LEVEL,SPENCERVILLE RD,NEW HAMPSHIRE AVE,,N/A,,DRIVER,HEAD ON LEFT TURN,CLEAR,DRY,DARK LIGHTS ON,TRAFFIC SIGNAL,NONE DETECTED,,OTHER VEHICLE,N/A,INTERSECTION,FOUR-WAY INTERSECTION,STRAIGHT,NO DEFECTS,"TWO-WAY, NOT DIVIDED",39.12097667,-76.98861167,"(39.12097667, -76.98861167)"
MCP3005004P,190039767,Montgomery County Police,Injury Crash,08/20/2019 11:00:00 AM,No,Maryland (State),West,,3,East,0,FEET,LEVEL,UNIVERSITY BLVD W,ARCOLA AVE,,N/A,,UNKNOWN,ANGLE MEETS LEFT TURN,CLEAR,DRY,DAYLIGHT,TRAFFIC SIGNAL,NONE DETECTED,,OTHER VEHICLE,N/A,INTERSECTION,T-INTERSECTION,CURVE LEFT,NO DEFECTS,"TWO-WAY, DIVIDED, POSITIVE MEDIAN BARRIER",39.035615,-77.025875,"(39.035615, -77.025875)"
MCP2286001H,17004948,Montgomery County Police,Property Damage Crash,01/28/2017 04:29:00 PM,No,,,,,,0,,,,,IN PARKING LOT OF 14300 BLOCK OF TRAVILAH ROAD,,,DRIVER,SINGLE VEHICLE,CLEAR,,DAYLIGHT,N/A,NONE DETECTED,,FIXED OBJECT,FIXED OBJECT,,,,,,39.09620833,-77.20696667,"(39.09620833, -77.20696667)"
MCP913000CC,220011514,Montgomery County Police,Injury Crash,03/17/2022 01:58:00 PM,No,US (State),South,,3,North,0,FEET,LEVEL,COLUMBIA PIKE,ENT TO BURNT MILLS SHOPPING CENTER,,N/A,,DRIVER,STRAIGHT MOVEMENT ANGLE,RAINING,WET,DAYLIGHT,TRAFFIC SIGNAL,NONE DETECTED,,OTHER VEHICLE,FIXED OBJECT,INTERSECTION,FOUR-WAY INTERSECTION,STRAIGHT,NO DEFECTS,"TWO-WAY, DIVIDED, POSITIVE MEDIAN BARRIER",39.03122667,-77.00488,"(39.03122667, -77.00488)"
MCP30780022,180042179,Montgomery County Police,Injury Crash,08/24/2018 12:09:00 PM,No,Maryland (State),West,,3,West,300,FEET,LEVEL,VEIRS MILL RD,GAIL AVE,,ROCKVILLE,,DRIVER,SAME DIRECTION SIDESWIPE,CLEAR,DRY,DAYLIGHT,NO CONTROLS,"N/A, NONE DETECTED",,OTHER VEHICLE,N/A,N/A,N/A,STRAIGHT,NO DEFECTS,"TWO-WAY, DIVIDED, POSITIVE MEDIAN BARRIER",39.040715,-77.05399833,"(39.040715, -77.05399833)"
MCP137800MM,180046493,Montgomery County Police,Property Damage Crash,09/17/2018 05:03:00 PM,No,Municipality,North,,2,North,200,FEET,LEVEL,WASHINGTONIAN BLVD,CROSSOVER,,N/A,,DRIVER,SAME DIR REAR END,RAINING,WET,DAYLIGHT,NO CONTROLS,NONE DETECTED,,OTHER VEHICLE,N/A,NON INTERSECTION,N/A,CURVE RIGHT,NO DEFECTS,"TWO-WAY, DIVIDED, POSITIVE MEDIAN BARRIER",39.11714167,-77.20465667,"(39.11714167, -77.20465667)"
DD5607004P,230067919,Rockville Police Departme,Property Damage Crash,11/23/2023 05:15:00 AM,Yes,Maryland (State),North,LEFT TURN LANE,2,East,0,FEET,LEVEL,NORBECK RD,FIRST ST SPUR,,ROCKVILLE,,DRIVER,SINGLE VEHICLE,CLEAR,DRY,DARK LIGHTS ON,NO CONTROLS,NONE DETECTED,,FIXED OBJECT,N/A,INTERSECTION,T-INTERSECTION,STRAIGHT,NO DEFECTS,"TWO-WAY, NOT DIVIDED WITH A CONTINUOUS LEFT TURN",39.08716414,-77.13520846,"(39.08716414, -77.13520846)"
MCP32000069,220036346,Montgomery County Police,Injury Crash,08/23/2022 09:23:00 AM,No,Maryland (State),West,,2,East,0,FEET,LEVEL,RIVER RD,BEECH TREE RD,,N/A,,DRIVER,HEAD ON LEFT TURN,CLEAR,DRY,DAYLIGHT,TRAFFIC SIGNAL,NONE DETECTED,,OTHER VEHICLE,N/A,INTERSECTION,FOUR-WAY INTERSECTION,STRAIGHT,NO DEFECTS,"TWO-WAY, DIVIDED, POSITIVE MEDIAN BARRIER",38.986238,-77.14336,"(38.986238, -77.14336)"