Report Number,Local Case Number,Agency Name,ACRS Report Type,Crash Date/Time,Hit/Run,Route Type,Lane Direction,Lane Type,Number of Lanes,Direction,Distance,Distance Unit,Road Grade,Road Name,Cross-Street Name,Off-Road Description,Municipality,Related Non-Motorist,At Fault,Collision Type,Weather,Surface Condition,Light,Traffic Control,Driver Substance Abuse,Non-Motorist Substance Abuse,First Harmful Event,Second Harmful Event,Junction,Intersection Type,Road Alignment,Road Condition,Road Division,Latitude,Longitude,Location
MCP29480041,200006825,Montgomery County Police,Property Damage Crash,02/10/2020 06:15:00 PM,No,County,East,,2,West,50,FEET,LEVEL,BLUERIDGE AVE,GEORGIA AVE,,N/A,,DRIVER,STRAIGHT MOVEMENT ANGLE,RAINING,WET,DARK LIGHTS ON,N/A,NONE DETECTED,,OTHER VEHICLE,N/A,N/A,N/A,STRAIGHT,NO DEFECTS,"TWO-WAY, NOT DIVIDED",39.04302,-77.052385,"(39.04302, -77.052385)"
MCP2641001Z,210009296,Montgomery County Police,Property Damage Crash,03/12/2021 11:50:00 AM,No,Maryland (State),South,,1,South,0.2,MILE,LEVEL,WOODFIELD RD,VALLEY PARK DR,,N/A,,DRIVER,SINGLE VEHICLE,CLOUDY,DRY,DAYLIGHT,NO CONTROLS,NONE DETECTED,,FIXED OBJECT,N/A,NON INTERSECTION,N/A,STRAIGHT,NO DEFECTS,"TWO-WAY, DIVIDED, UNPROTECTED PAINTED MIN 4 FEET",39.27667333,-77.20393833,"(39.27667333, -77.20393833)"
MCP2549004Z,16032508,Montgomery County Police,Property Damage Crash,06/27/2016 12:28:00 PM,No,Maryland (State),North,,3,South,10,FEET,LEVEL,WISCONSIN AVE,WISCONSIN CIR,,N/A,,DRIVER,SAME DIRECTION SIDESWIPE,CLEAR,DRY,DAYLIGHT,N/A,NONE DETECTED,,OTHER VEHICLE,N/A,N/A,FOUR-WAY INTERSECTION,STRAIGHT,NO DEFECTS,"TWO-WAY, DIVIDED, POSITIVE MEDIAN BARRIER",38.96175167,-77.08605667,"(38.96175167, -77.08605667)"
MCP30420025,180051783,Montgomery County Police,Property Damage Crash,10/16/2018 12:15:00 PM,No,,,,,,,,,,,11340 AMHERST AVE SILVER SPRING MD 20902,,,DRIVER,SINGLE VEHICLE,CLEAR,,DAYLIGHT,NO CONTROLS,NONE DETECTED,,FIXED OBJECT,N/A,,,,,,39.03955333,-77.04812833,"(39.03955333, -77.04812833)"
DD5631003R,210005769,Rockville Police Departme,Property Damage Crash,02/13/2021 11:56:00 PM,Yes,Municipality,South,N/A,1,West,0.25,FEET,LEVEL,ELIZABETH AVE,N STONESTREET AVE,,ROCKVILLE,,DRIVER,SAME DIR REAR END,WINTRY MIX,SNOW,DARK LIGHTS ON,NO CONTROLS,ALCOHOL PRESENT,,PARKED VEHICLE,OFF ROAD,INTERSECTION RELATED,T-INTERSECTION,STRAIGHT,NO DEFECTS,N/A,39.0933609,-77.1502533,"(39.0933609, -77.1502533)"
MCP2832001S,15062677,MONTGOMERY,Property Damage Crash,12/08/2015 01:55:00 PM,No,,,,,,,,,,,Parking lot of 8812 Monard dr,,,DRIVER,OTHER,CLEAR,,DAYLIGHT,NO CONTROLS,NONE DETECTED,,OTHER VEHICLE,N/A,,,,,,39.00033333,-77.05940333,"(39.00033333, -77.05940333)"
MCP3030002T,190049706,Montgomery County Police,Property Damage Crash,10/16/2019 07:51:00 PM,Yes,,,,,,,,,,,9812 FALLS RD  GIANT PARKING LOT,,,DRIVER,OTHER,CLEAR,,DARK LIGHTS ON,N/A,N/A,,PARKED VEHICLE,PARKED VEHICLE,,,,,,39.01864,-77.21116167,"(39.01864, -77.21116167)"
MCP2048002W,200022984,Montgomery County Police,Property Damage Crash,06/11/2020 06:30:00 AM,Yes,,,,,,,,,,,PARKING LOT OF 650 UNIVERSITY BLVD E.,,,DRIVER,SAME DIRECTION SIDESWIPE,CLEAR,,DAYLIGHT,N/A,UNKNOWN,,PARKED VEHICLE,N/A,,,,,,39.00021692,-76.99507618,"(39.00021692, -76.99507618)"
MCP30380061,220050520,Montgomery County Police,Injury Crash,11/15/2022 05:25:00 PM,No,County,West,,2,East,0,FEET,GRADE DOWNHILL,DALE DR,PINEY BRANCH RD,,N/A,PEDESTRIAN,DRIVER,OTHER,RAINING,WET,DARK LIGHTS ON,TRAFFIC SIGNAL,NONE DETECTED,NONE DETECTED,PEDESTRIAN,N/A,INTERSECTION,T-INTERSECTION,STRAIGHT,NO DEFECTS,"TWO-WAY, DIVIDED, UNPROTECTED PAINTED MIN 4 FEET",38.99369813,-77.0090436,"(38.99369813, -77.0090436)"
MCP3164002Y,200009012,Montgomery County Police,Property Damage Crash,02/23/2020 01:07:00 PM,No,County,East,,3,East,0,FEET,LEVEL,RANDOLPH RD,JUDSON RD,,N/A,,DRIVER,SINGLE VEHICLE,CLEAR,DRY,DAYLIGHT,NO CONTROLS,NONE DETECTED,,FIXED OBJECT,N/A,OTHER,OTHER,CURVE LEFT,NO DEFECTS,"TWO-WAY, DIVIDED, POSITIVE MEDIAN BARRIER",39.05735833,-77.05242667,"(39.05735833, -77.05242667)"
MCP2244000H,15042412,MONTGOMERY,Property Damage Crash,08/22/2015 04:14:00 PM,No,County,South,,1,East,100,FEET,LEVEL,NEELEY RD,BRADDOCK RD,,N/A,,DRIVER,SAME DIRECTION SIDESWIPE,CLEAR,DRY,DAYLIGHT,N/A,NONE DETECTED,,PARKED VEHICLE,N/A,NON INTERSECTION,N/A,STRAIGHT,FOREIGN MATERIAL,ONE-WAY TRAFFICWAY,39.01639167,-76.98101167,"(39.01639167, -76.98101167)"
MCP1151002V,15019240,Montgomery County Police,Injury Crash,04/24/2015 09:45:00 AM,No,Maryland (State),South,,3,North,20,FEET,GRADE DOWNHILL,FREDERICK RD,APPLEDOWRE WAY,,N/A,,DRIVER,SAME DIR REAR END,CLEAR,DRY,DAYLIGHT,NO CONTROLS,NONE DETECTED,,OTHER VEHICLE,N/A,NON INTERSECTION,N/A,STRAIGHT,NO DEFECTS,"TWO-WAY, DIVIDED, POSITIVE MEDIAN BARRIER",39.18554333,-77.23985167,"(39.18554333, -77.23985167)"
MCP2639003X,180027397,Montgomery County Police,Injury Crash,06/04/2018 08:55:00 AM,No,Maryland (State),North,,5,North,0,FEET,HILL UPHILL,ROCKVILLE PIKE,SECURITY LA,,N/A,,DRIVER,SAME DIRECTION RIGHT TURN,CLOUDY,DRY,DAYLIGHT,TRAFFIC SIGNAL,NONE DETECTED,,OTHER VEHICLE,N/A,INTERSECTION,FOUR-WAY INTERSECTION,STRAIGHT,NO DEFECTS,"TWO-WAY, DIVIDED, POSITIVE MEDIAN BARRIER",39.04147833,-77.109945,"(39.04147833, -77.109945)"
MCP2689001S,16017516,Montgomery County Police,Property Damage Crash,04/10/2016 01:23:00 PM,No,Maryland (State),West,,2,East,0,MILE,HILL UPHILL,NORBECK RD,AVERY RD,,ROCKVILLE,,DRIVER,SAME DIR REAR END,CLEAR,DRY,DAYLIGHT,NO CONTROLS,NONE DETECTED,,OTHER VEHICLE,N/A,NON INTERSECTION,N/A,STRAIGHT,NO DEFECTS,"TWO-WAY, DIVIDED, POSITIVE MEDIAN BARRIER",39.09323833,-77.122,"(39.09323833, -77.122)"
MCP2788003V,250016322,MONTGOMERY,Property Damage Crash,04/14/2025 10:12:00 PM,No,County Route,Southbound,Lane 3,3,East,45.58,FEET,Downhill,EVANS DR,GEORGIA AVE (SB/L),,,,DRIVER,Front to Rear,Rain,Wet,Dark - Lighted,No Controls,"Not Suspect of Alcohol Use, Not Suspect of Drug Use, Not Suspect of Alcohol Use, Not Suspect of Drug Use",,Motor Vehicle In Transport,,Through Roadway,,Straight,No Defects,"Divided, Raised Median (curbed)",39.02664717,-77.046805,"(39.02664717, -77.046805)"
MCP2940004K,200006298,Montgomery County Police,Injury Crash,02/07/2020 10:45:00 AM,No,Interstate (State),North,,2,North,300,FEET,GRADE DOWNHILL,CABIN JOHN PKWY,MACARTHUR BLVD,,N/A,,DRIVER,SINGLE VEHICLE,CLOUDY,WET,DAYLIGHT,N/A,NONE DETECTED,,FIXED OBJECT,FIXED OBJECT,N/A,N/A,CURVE RIGHT,NO DEFECTS,"TWO-WAY, DIVIDED, POSITIVE MEDIAN BARRIER",38.97234517,-77.14856267,"(38.97234517, -77.14856267)"
MCP22950001,210003028,Montgomery County Police,Property Damage Crash,01/19/2021 08:17:00 PM,Yes,County,East,,3,East,0,FEET,HILL CREST,FENTON ST,WAYNE AVE,,N/A,,DRIVER,OTHER,CLEAR,DRY,DARK LIGHTS ON,TRAFFIC SIGNAL,"NONE DETECTED, UNKNOWN",,OTHER VEHICLE,N/A,INTERSECTION RELATED,FOUR-WAY INTERSECTION,STRAIGHT,NO DEFECTS,"TWO-WAY, NOT DIVIDED",38.99554462,-77.02448335,"(38.99554462, -77.02448335)"
DD56430058,250014417,ROCKVILLE,Injury Crash,04/02/2025 07:55:00 PM,Yes,Municipality Route,Westbound,Lane 1,1,West,65.84,FEET,Level,THOMPSON AVE,,,,Pedestrian,UNKNOWN,Single Vehicle,Clear,Dry,Dark - Lighted,Stop Sign,,"Not Suspect of Alcohol Use, Not Suspect of Drug Use",Pedestrian,,,,Straight,No Defects,Not Divided,39.05938668,-77.12141418,"(39.05938668, -77.12141418)"
MCP30140045,230060396,Montgomery County Police,Property Damage Crash,10/13/2023 09:17:00 PM,No,Maryland (State),South,,3,South,0,FEET,LEVEL,CONNECTICUT AVE,STRUC #15088,,N/A,,DRIVER,SAME DIRECTION SIDESWIPE,CLEAR,DRY,DARK LIGHTS ON,NO CONTROLS,NONE DETECTED,,OTHER VEHICLE,N/A,N/A,N/A,STRAIGHT,NO DEFECTS,"TWO-WAY, DIVIDED, POSITIVE MEDIAN BARRIER",39.07218333,-77.07732167,"(39.07218333, -77.07732167)"
MCP1433004G,220047866,Montgomery County Police,Property Damage Crash,10/31/2022 04:50:00 PM,No,,,,,,,,,,,SHADY GROVE METRO PARKING LOT ACCESS ROAD AT 15903-E SOMERVILLE DRIVE,,,DRIVER,STRAIGHT MOVEMENT ANGLE,RAINING,,DAYLIGHT,NO CONTROLS,NONE DETECTED,,OTHER VEHICLE,N/A,,,,,,39.12017833,-77.16554333,"(39.12017833, -77.16554333)"
DM8451000L,15062156,TAKOMA,Injury Crash,12/05/2015 01:53:00 PM,No,Maryland (State),West,,2,North,0,FEET,HILL UPHILL,CARROLL AVE,GRANT AVE,,TAKOMA PARK,,DRIVER,HEAD ON LEFT TURN,CLEAR,DRY,DAYLIGHT,TRAFFIC SIGNAL,N/A,,OTHER VEHICLE,N/A,INTERSECTION,FOUR-WAY INTERSECTION,STRAIGHT,NO DEFECTS,"TWO-WAY, NOT DIVIDED",38.98397156,-77.00524449,"(38.98397156, -77.00524449)"
MCP2827003M,170547413,Montgomery County Police,Property Damage Crash,12/08/2017 04:41:00 PM,No,Maryland (State),North,,1,North,300,FEET,LEVEL,GEORGIA AVE,HERITAGE HILLS DR,,N/A,,DRIVER,SAME DIR REAR END,CLEAR,DRY,DARK LIGHTS ON,NO CONTROLS,NONE DETECTED,,OTHER VEHICLE,N/A,N/A,N/A,STRAIGHT,NO DEFECTS,"TWO-WAY, NOT DIVIDED",39.170005,-77.05950167,"(39.170005, -77.05950167)"
MCP13050035,190033166,Montgomery County Police,Injury Crash,07/12/2019 04:51:00 PM,No,Maryland (State),West,,1,West,80,FEET,HILL UPHILL,MUNCASTER MILL RD,NO NAME,,N/A,,DRIVER,SINGLE VEHICLE,CLEAR,DRY,DAYLIGHT,NO CONTROLS,NONE DETECTED,,FIXED OBJECT,FIXED OBJECT,NON INTERSECTION,N/A,STRAIGHT,NO DEFECTS,"TWO-WAY, DIVIDED, UNPROTECTED PAINTED MIN 4 FEET",39.15641231,-77.15668748,"(39.15641231, -77.15668748)"
MCP26660059,210034407,Montgomery County Police,Injury Crash,09/02/2021 03:01:00 PM,No,Maryland (State),North,,3,South,400,FEET,LEVEL,NEW HAMPSHIRE AVE,OAKVIEW DR,,N/A,,DRIVER,SAME DIR REAR END,CLEAR,DRY,DAYLIGHT,TRAFFIC SIGNAL,NONE DETECTED,,OTHER VEHICLE,OTHER VEHICLE,INTERSECTION RELATED,FOUR-WAY INTERSECTION,STRAIGHT,NO DEFECTS,"TWO-WAY, DIVIDED, POSITIVE MEDIAN BARRIER",39.01419567,-76.97811033,"(39.01419567, -76.97811033)"
MCP25040029,170512732,Montgomery County Police,Injury Crash,06/09/2017 04:15:00 PM,No,County,East,LEFT TURN LANE,5,West,0,FEET,HILL UPHILL,TUCKERMAN LA,SEVEN LOCKS RD,,N/A,,DRIVER,SAME DIR REAR END,CLEAR,DRY,DAYLIGHT,TRAFFIC SIGNAL,NONE DETECTED,,OTHER VEHICLE,OTHER VEHICLE,INTERSECTION,FOUR-WAY INTERSECTION,STRAIGHT,NO DEFECTS,"TWO-WAY, DIVIDED, POSITIVE MEDIAN BARRIER",39.04075667,-77.15992833,"(39.04075667, -77.15992833)"
MCP29190017,16004227,Montgomery County Police,Property Damage Crash,01/26/2016 01:20:00 PM,No,County,North,,1,South,20,FEET,LEVEL,WESTVIEW TERR,RILEY RD,,N/A,,DRIVER,OTHER,CLOUDY,SNOW,DAYLIGHT,NO CONTROLS,NONE DETECTED,,OTHER VEHICLE,N/A,N/A,N/A,STRAIGHT,NO DEFECTS,"TWO-WAY, NOT DIVIDED",38.991645,-77.02690333,"(38.991645, -77.02690333)"
MCP291700CX,230071897,Montgomery County Police,Injury Crash,12/15/2023 01:15:00 PM,No,Maryland (State),South,,3,West,300,FEET,GRADE DOWNHILL,UNIVERSITY BLVD W,VEIRS MILL RD,,N/A,,DRIVER,SAME DIRECTION SIDESWIPE,CLEAR,DRY,DAYLIGHT,NO CONTROLS,NONE DETECTED,,OTHER VEHICLE,OTHER VEHICLE,COMMERCIAL DRIVEWAY,T-INTERSECTION,STRAIGHT,NO DEFECTS,"TWO-WAY, DIVIDED, POSITIVE MEDIAN BARRIER",39.03919533,-77.05413233,"(39.03919533, -77.05413233)"
MCP27100017,16046961,Montgomery County Police,Property Damage Crash,09/13/2016 04:17:00 PM,No,County,East,,1,South,50,FEET,LEVEL,S WESTLAND DR,ALDEN AVE,,N/A,,DRIVER,OTHER,CLEAR,DRY,DAYLIGHT,N/A,NONE DETECTED,,OTHER VEHICLE,PARKED VEHICLE,OTHER DRIVEWAY,T-INTERSECTION,STRAIGHT,NO DEFECTS,OTHER,39.124925,-77.18439667,"(39.124925, -77.18439667)"
MCP2358006F,190035132,Montgomery County Police,Property Damage Crash,07/24/2019 08:40:00 AM,No,Maryland (State),East,,1,West,20,FEET,LEVEL,RIVER RD,BRADLEY BLVD,,N/A,,DRIVER,SAME DIR REAR END,CLEAR,DRY,DAYLIGHT,TRAFFIC SIGNAL,NONE DETECTED,,OTHER VEHICLE,N/A,INTERSECTION RELATED,FOUR-WAY INTERSECTION,STRAIGHT,NO DEFECTS,"TWO-WAY, NOT DIVIDED",39.00254167,-77.182025,"(39.00254167, -77.182025)"
MCP2372000C,180010072,Montgomery County Police,Property Damage Crash,02/27/2018 08:48:00 AM,Yes,Maryland (State),South,,3,South,15,FEET,HILL UPHILL,ROCKVILLE PIKE,POOKS HILL RD,,N/A,,DRIVER,SAME DIRECTION SIDESWIPE,CLEAR,DRY,DAYLIGHT,OTHER,NONE DETECTED,,OTHER VEHICLE,N/A,OTHER,N/A,STRAIGHT,NO DEFECTS,"TWO-WAY, DIVIDED, POSITIVE MEDIAN BARRIER",39.01466356,-77.0998165,"(39.01466356, -77.0998165)"
MCP33370044,250021844,MONTGOMERY,Property Damage Crash,05/17/2025 05:36:00 PM,No,Maryland (State) Route,"Northbound, Westbound","Lane 1, Lane 3",3,West,0,FEET,Level,UNIVERSITY BLVD W (WB/L),GEORGIA AVE,,,,DRIVER,Rear To Side,Clear,Dry,Daylight,Traffic Control Signal,"Not Suspect of Alcohol Use, Not Suspect of Drug Use, Not Suspect of Alcohol Use, Not Suspect of Drug Use",,Motor Vehicle In Transport,,Intersection or Related,Perpendicular,Straight,No Defects,"Divided, Flush Median (greater than 4ft wide)",39.04154898,-77.05167899,"(39.04154898, -77.05167899)"
MCP22540024,190003031,Montgomery County Police,Property Damage Crash,01/19/2019 12:05:00 PM,No,Maryland (State),North,,2,North,0,FEET,LEVEL,RIDGE RD,DAMASCUS BLVD,,N/A,,UNKNOWN,OPPOSITE DIR BOTH LEFT TURN,N/A,DRY,DAYLIGHT,STOP SIGN,NONE DETECTED,,OTHER VEHICLE,N/A,INTERSECTION,T-INTERSECTION,STRAIGHT,NO DEFECTS,"TWO-WAY, NOT DIVIDED",39.287805,-77.20694,"(39.287805, -77.20694)"
MCP3255002K,210049758,Montgomery County Police,Property Damage Crash,12/07/2021 06:03:00 PM,No,County,South,,2,South,0,FEET,LEVEL,SNOUFFERS SCHOOL RD,WIGHTMAN RD (BACK),,N/A,,DRIVER,SAME DIR REAR END,CLEAR,DRY,N/A,NO CONTROLS,N/A,,OTHER VEHICLE,N/A,INTERSECTION,T-INTERSECTION,STRAIGHT,NO DEFECTS,"TWO-WAY, NOT DIVIDED",39.18703599,-77.18545199,"(39.18703599, -77.18545199)"
EJ7878004R,220048982,Gaithersburg Police Depar,Property Damage Crash,11/06/2022 03:30:00 PM,Yes,Municipality,West,,1,West,100,FEET,LEVEL,E DIAMOND AVE,PARK AVE,,GAITHERSBURG,,DRIVER,SAME DIRECTION SIDESWIPE,RAINING,WET,DAYLIGHT,NO CONTROLS,"N/A, UNKNOWN",,OTHER VEHICLE,N/A,N/A,N/A,STRAIGHT,NO DEFECTS,"TWO-WAY, NOT DIVIDED",39.14206625,-77.19523532,"(39.14206625, -77.19523532)"
MCP209400H2,210006776,Montgomery County Police,Injury Crash,02/22/2021 11:16:00 AM,No,,,,,,,,,,,PARKING LOT OF 7255 WOODMONT AVE,,,DRIVER,SINGLE VEHICLE,SLEET,,DAYLIGHT,OTHER,NONE DETECTED,,OTHER,N/A,,,,,,38.98198167,-77.09473167,"(38.98198167, -77.09473167)"
DD55980033,190024666,Rockville Police Departme,Property Damage Crash,05/24/2019 07:22:00 AM,Yes,Maryland (State),North,,4,South,20,FEET,LEVEL,HUNGERFORD DR,PARK RD,,ROCKVILLE,,DRIVER,SAME DIRECTION SIDESWIPE,CLEAR,DRY,DAYLIGHT,N/A,"N/A, UNKNOWN",,OTHER VEHICLE,N/A,INTERSECTION RELATED,FOUR-WAY INTERSECTION,STRAIGHT,NO DEFECTS,"TWO-WAY, DIVIDED, POSITIVE MEDIAN BARRIER",39.08471433,-77.14750983,"(39.08471433, -77.14750983)"
MCP1210004M,200026547,Montgomery County Police,Injury Crash,07/08/2020 05:23:00 PM,No,Maryland (State),North,,3,North,5,FEET,LEVEL,S FREDERICK RD,E DEER PARK DR,,GAITHERSBURG,BICYCLIST,DRIVER,OTHER,CLEAR,DRY,DAYLIGHT,TRAFFIC SIGNAL,NONE DETECTED,NONE DETECTED,BICYCLE,N/A,INTERSECTION RELATED,FOUR-WAY INTERSECTION,STRAIGHT,NO DEFECTS,"TWO-WAY, DIVIDED, POSITIVE MEDIAN BARRIER",39.132455,-77.18863333,"(39.132455, -77.18863333)"
MCP2586003F,170548654,Montgomery County Police,Property Damage Crash,12/14/2017 09:07:00 PM,No,US (State),South,OFF ROAD,3,North,100,FEET,LEVEL,COLUMBIA PIKE,INTERCOUNTY CONNECTOR,,N/A,,DRIVER,SINGLE VEHICLE,CLEAR,DRY,DARK NO LIGHTS,NO CONTROLS,ALCOHOL PRESENT,,FIXED OBJECT,N/A,NON INTERSECTION,N/A,STRAIGHT,NO DEFECTS,"TWO-WAY, DIVIDED, POSITIVE MEDIAN BARRIER",39.07936667,-76.95172167,"(39.07936667, -76.95172167)"
MCP28550059,240033973,MONTGOMERY,Property Damage Crash,07/18/2024 04:00:00 PM,No,County Route,Southbound,Other,2,South,0,FEET,Level,DILSTON RD,NEW HAMPSHIRE AVE (SB/L),,,,UNKNOWN,Front to Rear,Clear,Dry,Daylight,Traffic Control Signal,"Not Suspect of Alcohol Use, Not Suspect of Drug Use, Unknown, Unknown",,Motor Vehicle In Transport,,Intersection or Related,Angled/Skewed,Straight,No Defects,Not Divided,39.01150447,-76.97901545,"(39.01150447, -76.97901545)"
MCP3377001C,240027990,MONTGOMERY,Property Damage Crash,06/12/2024 03:40:00 PM,No,County Route,Northbound,Lane 1,2,South,0,FEET,Level,,FAIRMONT AVE,,,,UNKNOWN,"Sideswipe, Same Direction",Clear,Dry,Daylight,Stop Sign,"Not Suspect of Alcohol Use, Not Suspect of Drug Use, Not Suspect of Alcohol Use, Not Suspect of Drug Use",,Motor Vehicle In Transport,Not Applicable,Intersection or Related,Perpendicular,Straight,No Defects,"Divided, Flush Median (greater than 4ft wide)",38.98887747,-77.09615875,"(38.98887747, -77.09615875)"
MCP3085001F,190022572,Montgomery County Police,Property Damage Crash,05/13/2019 04:21:00 PM,No,Maryland (State),South,,3,North,0,FEET,LEVEL,OLD GEORGETOWN RD,OAKMONT AVE,,N/A,,DRIVER,HEAD ON LEFT TURN,RAINING,WET,DAYLIGHT,TRAFFIC SIGNAL,NONE DETECTED,,OTHER VEHICLE,N/A,INTERSECTION,FOUR-WAY INTERSECTION,STRAIGHT,NO DEFECTS,"TWO-WAY, DIVIDED, POSITIVE MEDIAN BARRIER",39.00469,-77.11083667,"(39.00469, -77.11083667)"
MCP0899001G,16045419,Montgomery County Police,Property Damage Crash,09/05/2016 06:04:00 PM,No,County,West,,2,East,250,FEET,LEVEL,CHESTNUT ST,LYNBROOK DR,,N/A,,DRIVER,OTHER,CLEAR,DRY,DAYLIGHT,NO CONTROLS,NONE DETECTED,,PARKED VEHICLE,N/A,NON INTERSECTION,N/A,STRAIGHT,NO DEFECTS,"TWO-WAY, NOT DIVIDED",38.99364667,-77.08899833,"(38.99364667, -77.08899833)"
MCP0833000H,16030130,Montgomery County Police,Injury Crash,11/22/2016 06:12:00 PM,No,County,South,,2,South,0,FEET,LEVEL,OLD BALTIMORE RD,OLNEY SANDY SPRING RD,,N/A,,DRIVER,SAME DIR REAR END,CLEAR,DRY,DARK NO LIGHTS,TRAFFIC SIGNAL,NONE DETECTED,,OTHER VEHICLE,OTHER VEHICLE,INTERSECTION,FOUR-WAY INTERSECTION,STRAIGHT,NO DEFECTS,"TWO-WAY, NOT DIVIDED",39.14695833,-77.050035,"(39.14695833, -77.050035)"
DD5615002P,16053959,Rockville Police Departme,Property Damage Crash,10/20/2016 09:20:00 AM,No,Municipality,South,,2,South,0,FEET,LEVEL,MONROE ST,MONROE PL,,N/A,,DRIVER,OTHER,CLEAR,DRY,DAYLIGHT,NO CONTROLS,NONE DETECTED,,OTHER VEHICLE,N/A,INTERSECTION,T-INTERSECTION,STRAIGHT,NO DEFECTS,"TWO-WAY, DIVIDED, POSITIVE MEDIAN BARRIER",39.08297333,-77.14871333,"(39.08297333, -77.14871333)"
MCP14000013,200051141,Montgomery County Police,Property Damage Crash,12/30/2020 12:24:00 AM,No,Maryland (State),North,,1,North,0.25,MILE,GRADE DOWNHILL,NEW HAMPSHIRE AVE,BRIGHTON KNOLLS DR,,N/A,,DRIVER,SINGLE VEHICLE,CLEAR,DRY,DARK NO LIGHTS,NO CONTROLS,NONE DETECTED,,FIXED OBJECT,OTHER OBJECT,NON INTERSECTION,N/A,CURVE LEFT,NO DEFECTS,"TWO-WAY, NOT DIVIDED",39.18844159,-77.02422804,"(39.18844159, -77.02422804)"
DM84500009,15047863,TAKOMA,Property Damage Crash,09/21/2015 04:26:00 PM,No,Maryland (State),South,N/A,1,South,0,FEET,OTHER,PINEY BRANCH RD,CHESTNUT AVE,,TAKOMA PARK,,DRIVER,ANGLE MEETS LEFT HEAD ON,CLOUDY,WET,DAYLIGHT,NO CONTROLS,NONE DETECTED,,OTHER VEHICLE,N/A,NON INTERSECTION,N/A,STRAIGHT,N/A,"TWO-WAY, DIVIDED, UNPROTECTED PAINTED MIN 4 FEET",38.98073167,-77.01666333,"(38.98073167, -77.01666333)"
MCP20080019,15054048,MONTGOMERY,Injury Crash,10/24/2015 05:28:00 PM,No,Maryland (State),South,,3,North,150,FEET,GRADE DOWNHILL,ROCKVILLE PIKE,TUCKERMAN LA,,N/A,,DRIVER,SAME DIR REAR END,CLEAR,DRY,DARK LIGHTS ON,TRAFFIC SIGNAL,NONE DETECTED,,OTHER VEHICLE,N/A,NON INTERSECTION,N/A,STRAIGHT,NO DEFECTS,"TWO-WAY, DIVIDED, POSITIVE MEDIAN BARRIER",39.02436825,-77.10318804,"(39.02436825, -77.10318804)"
MCP1022009G,180036958,Montgomery County Police,Injury Crash,07/26/2018 07:32:00 AM,No,,,,,,,,,,,"DRIVEWAY OF 26601 MULLINIX MILL RD MT AIRY, MD 21771",,PEDESTRIAN,NONMOTORIST,SINGLE VEHICLE,CLEAR,,DAYLIGHT,NO CONTROLS,NONE DETECTED,NONE DETECTED,PEDESTRIAN,N/A,,,,,,39.293005,-77.15005667,"(39.293005, -77.15005667)"
MCP3246000Z,210018089,Montgomery County Police,Property Damage Crash,05/14/2021 01:35:00 AM,No,County,East,,1,North,100,FEET,LEVEL,ASPEN HILL RD,GRENOBLE DR,,N/A,,DRIVER,HEAD ON LEFT TURN,CLEAR,DRY,DARK LIGHTS ON,N/A,NONE DETECTED,,PARKED VEHICLE,N/A,N/A,N/A,CURVE RIGHT,NO DEFECTS,"TWO-WAY, DIVIDED, UNPROTECTED PAINTED MIN 4 FEET",39.07937783,-77.08460767,"(39.07937783, -77.08460767)"
MCP9321000W,16028169,Montgomery County Police,Property Damage Crash,06/05/2016 05:00:00 AM,Yes,County,South,,1,South,45,FEET,LEVEL,VALLEYWOOD DR,ANDREW ST,,N/A,,DRIVER,SAME DIR REAR END,N/A,DRY,DARK LIGHTS ON,NO CONTROLS,UNKNOWN,,PARKED VEHICLE,N/A,NON INTERSECTION,N/A,STRAIGHT,NO DEFECTS,ONE-WAY TRAFFICWAY,39.057965,-77.048825,"(39.057965, -77.048825)"
MCP32790033,240018474,MONTGOMERY,Injury Crash,04/20/2024 02:24:00 PM,No,County Route,"Eastbound, Southbound",Lane 1,1,East,0,FEET,Level,LIVINGSTON ST,NEWTON ST,,,,UNKNOWN,Front to Front,Clear,Dry,Daylight,Stop Sign,"Not Suspect of Alcohol Use, Not Suspect of Drug Use, Not Suspect of Alcohol Use, Not Suspect of Drug Use",,Motor Vehicle In Transport,,Intersection or Related,Perpendicular,Straight,No Defects,Not Divided,39.05752557,-77.05625227,"(39.05752557, -77.05625227)"
DD5614004K,190055523,Rockville Police Departme,Property Damage Crash,11/17/2019 08:59:00 PM,No,Maryland (State),East,,2,North,0,FEET,HILL UPHILL,FIRST ST,VEIRS MILL RD,,N/A,,DRIVER,SAME DIR REAR END,CLOUDY,DRY,DARK LIGHTS ON,TRAFFIC SIGNAL,NONE DETECTED,,OTHER VEHICLE,N/A,INTERSECTION RELATED,FOUR-WAY INTERSECTION,STRAIGHT,NO DEFECTS,"TWO-WAY, DIVIDED, POSITIVE MEDIAN BARRIER",39.08095383,-77.13720533,"(39.08095383, -77.13720533)"
MCP0539002B,17013496,Montgomery County Police,Injury Crash,03/16/2017 08:10:00 AM,No,County,East,,4,East,0,FEET,OTHER,RANDOLPH RD,DEWEY RD,,N/A,,DRIVER,STRAIGHT MOVEMENT ANGLE,CLEAR,DRY,DAYLIGHT,TRAFFIC SIGNAL,NONE DETECTED,,OTHER VEHICLE,N/A,INTERSECTION,FOUR-WAY INTERSECTION,STRAIGHT,NO DEFECTS,"TWO-WAY, DIVIDED, POSITIVE MEDIAN BARRIER",39.05311167,-77.08956833,"(39.05311167, -77.08956833)"