Report Number,Local Case Number,Agency Name,ACRS Report Type,Crash Date/Time,Hit/Run,Route Type,Lane Direction,Lane Type,Number of Lanes,Direction,Distance,Distance Unit,Road Grade,Road Name,Cross-Street Name,Off-Road Description,Municipality,Related Non-Motorist,At Fault,Collision Type,Weather,Surface Condition,Light,Traffic Control,Driver Substance Abuse,Non-Motorist Substance Abuse,First Harmful Event,Second Harmful Event,Junction,Intersection Type,Road Alignment,Road Condition,Road Division,Latitude,Longitude,Location
MCP27880013,16067073,Montgomery County Police,Property Damage Crash,12/30/2016 01:38:00 AM,No,County,South,,1,North,0,FEET,LEVEL,NEWPORT MILL RD,MURDOCK RD,,N/A,,DRIVER,N/A,CLEAR,DRY,DARK LIGHTS ON,NO CONTROLS,ALCOHOL PRESENT,,PARKED VEHICLE,N/A,INTERSECTION,T-INTERSECTION,CURVE LEFT,NO DEFECTS,"TWO-WAY, NOT DIVIDED",39.0386,-77.07091333,"(39.0386, -77.07091333)"
MCP2353002B,16000926,Montgomery County Police,Injury Crash,01/06/2016 10:56:00 AM,No,County,South,,4,North,0,FEET,LEVEL,EXECUTIVE BLVD,MARINELLI RD,,N/A,,DRIVER,STRAIGHT MOVEMENT ANGLE,CLEAR,DRY,DAYLIGHT,TRAFFIC SIGNAL,NONE DETECTED,,OTHER VEHICLE,N/A,INTERSECTION,FOUR-WAY INTERSECTION,CURVE LEFT,NO DEFECTS,"TWO-WAY, DIVIDED, UNPROTECTED PAINTED MIN 4 FEET",39.009485,-77.09742,"(39.009485, -77.09742)"
MCP08990039,180041869,Montgomery County Police,Injury Crash,08/22/2018 07:16:00 PM,No,Maryland (State),South,,2,North,25,FEET,HILL UPHILL,GOLDSBORO RD,GOLDSBORO CT,,N/A,,DRIVER,SAME DIR REAR END,CLOUDY,DRY,DAYLIGHT,NO CONTROLS,NONE DETECTED,,OTHER VEHICLE,N/A,NON INTERSECTION,N/A,STRAIGHT,NO DEFECTS,"TWO-WAY, NOT DIVIDED",38.976725,-77.10708833,"(38.976725, -77.10708833)"
MCP235800B8,230001848,Montgomery County Police,Injury Crash,01/12/2023 10:08:00 AM,No,Maryland (State),North,,1,North,0,FEET,LEVEL,GOLDSBORO RD,MASSACHUSETTS AVE,,N/A,,UNKNOWN,STRAIGHT MOVEMENT ANGLE,CLEAR,DRY,DAYLIGHT,TRAFFIC SIGNAL,NONE DETECTED,,OTHER VEHICLE,N/A,INTERSECTION,T-INTERSECTION,STRAIGHT,NO DEFECTS,"TWO-WAY, NOT DIVIDED",38.96993,-77.13121,"(38.96993, -77.13121)"
MCP3105003Z,210028057,Montgomery County Police,Property Damage Crash,07/20/2021 02:50:00 PM,No,,,,,,,,,,,"19515 WATERS ROAD, GERMANTOWN MARYLAND, 20874 (WERKING TOWING)",,,DRIVER,STRAIGHT MOVEMENT ANGLE,N/A,,DAYLIGHT,NO CONTROLS,NONE DETECTED,,PARKED VEHICLE,N/A,,,,,,39.17597465,-77.27248986,"(39.17597465, -77.27248986)"
MCP3065001D,180006106,Montgomery County Police,Injury Crash,02/05/2018 08:23:00 AM,No,Maryland (State),South,,2,North,25,FEET,LEVEL,PINEY BRANCH RD,GARLAND AVE,,N/A,,DRIVER,SAME DIR REAR END,CLEAR,ICE,DAYLIGHT,N/A,NONE DETECTED,,OTHER VEHICLE,OTHER VEHICLE,N/A,N/A,STRAIGHT,NO DEFECTS,"TWO-WAY, NOT DIVIDED",38.99867167,-76.99869833,"(38.99867167, -76.99869833)"
MCP2966003Q,180001718,Montgomery County Police,Injury Crash,01/11/2018 07:30:00 PM,No,Maryland (State),South,,3,North,0,FEET,LEVEL,CONNECTICUT AVE,ATHERTON DR,,N/A,,DRIVER,ANGLE MEETS LEFT TURN,RAINING,WET,DARK LIGHTS ON,NO CONTROLS,"N/A, NONE DETECTED",,OTHER VEHICLE,OTHER VEHICLE,INTERSECTION,FOUR-WAY INTERSECTION,STRAIGHT,NO DEFECTS,"TWO-WAY, DIVIDED, POSITIVE MEDIAN BARRIER",39.06732,-77.07496,"(39.06732, -77.07496)"
MCP34120011,240059052,MONTGOMERY,Property Damage Crash,12/10/2024 03:45:00 PM,No,Maryland (State) Route,"Eastbound, Westbound","Left Turn Lane, Right Turn Lane","3, 4",North,13.14,FEET,Level,OLNEY LAYTONSVILLE RD,,,,,DRIVER,Angle,Cloudy,Dry,Daylight,No Controls,"Not Suspect of Alcohol Use, Not Suspect of Drug Use, Not Suspect of Alcohol Use, Not Suspect of Drug Use",,Motor Vehicle In Transport,,Non-Junction,,Straight,No Defects,Not Divided,39.1538717,-77.06825575,"(39.1538717, -77.06825575)"
MCP27330013,210009154,Montgomery County Police,Property Damage Crash,03/11/2021 12:00:00 AM,No,Other Public Roadway,Unknown,UNKNOWN,99,North,999,UNKNOWN,UNKNOWN,NO NAME,ROAD END,,N/A,,UNKNOWN,UNKNOWN,UNKNOWN,UNKNOWN,UNKNOWN,UNKNOWN,,,UNKNOWN,UNKNOWN,UNKNOWN,UNKNOWN,UNKNOWN,UNKNOWN,UNKNOWN,39.11289607,-77.23591578,"(39.11289607, -77.23591578)"
MCP2750004F,190043981,Montgomery County Police,Property Damage Crash,09/14/2019 12:56:00 AM,Yes,County,West,SHOULDER AREA,1,West,30,FEET,LEVEL,FALCON ST,TURKEY BRANCH PKWY,,N/A,,DRIVER,SAME DIR REAR END,CLEAR,DRY,DARK NO LIGHTS,NO CONTROLS,UNKNOWN,,OTHER VEHICLE,N/A,NON INTERSECTION,N/A,STRAIGHT,NO DEFECTS,"TWO-WAY, NOT DIVIDED",39.06620937,-77.08767582,"(39.06620937, -77.08767582)"
MCP3129005R,220054006,Montgomery County Police,Injury Crash,12/07/2022 08:42:00 AM,No,Maryland (State),South,,3,North,0,FEET,GRADE DOWNHILL,GEORGIA AVE,EPPING RD,,N/A,,DRIVER,STRAIGHT MOVEMENT ANGLE,RAINING,WET,DAYLIGHT,NO CONTROLS,NONE DETECTED,,OTHER VEHICLE,N/A,INTERSECTION,T-INTERSECTION,STRAIGHT,NO DEFECTS,"TWO-WAY, DIVIDED, POSITIVE MEDIAN BARRIER",39.06523761,-77.05771938,"(39.06523761, -77.05771938)"
MCP3360001X,240034858,MONTGOMERY,Injury Crash,07/23/2024 11:43:00 PM,No,County Route,Southbound,Lane 3,3,North,44.2,FEET,Level,SHADY GROVE RD (SB/L),,,,,DRIVER,Angle,Rain,Wet,Dark - Lighted,Traffic Control Signal,"Not Suspect of Alcohol Use, Not Suspect of Drug Use, Not Suspect of Alcohol Use, Not Suspect of Drug Use",,Motor Vehicle In Transport,,Through Roadway,,Straight,No Defects,"Divided, Raised Median (curbed)",39.11468945,-77.18587555,"(39.11468945, -77.18587555)"
MCP3038004W,200046892,Montgomery County Police,Property Damage Crash,11/27/2020 04:50:00 PM,Yes,,,,,,,,,,,"MCDONALD'S PARKING LOT AT 8407 COLESVILLE ROAD  SILVER SPRING, MD",,,DRIVER,OTHER,CLEAR,,DARK LIGHTS ON,NO CONTROLS,UNKNOWN,,PARKED VEHICLE,N/A,,,,,,38.99515247,-77.03002908,"(38.99515247, -77.03002908)"
MCP3137000X,190037691,Montgomery County Police,Property Damage Crash,08/07/2019 05:09:00 PM,Yes,,,,,,,,,,,CAPITOL ONE BANK PARKING LOT,,,DRIVER,SAME DIRECTION SIDESWIPE,CLEAR,,DAYLIGHT,N/A,UNKNOWN,,PARKED VEHICLE,N/A,,,,,,39.05737348,-76.96735567,"(39.05737348, -76.96735567)"
MCP2954002X,17006651,Montgomery County Police,Property Damage Crash,02/07/2017 12:54:00 PM,Yes,,,,,,0,,,,,8956 PINEY BRANCH RD,,,DRIVER,STRAIGHT MOVEMENT ANGLE,CLEAR,,DAYLIGHT,NO CONTROLS,N/A,,OTHER VEHICLE,N/A,,,,,,38.99899978,-76.99947707,"(38.99899978, -76.99947707)"
MCP2348003F,180002097,Montgomery County Police,Property Damage Crash,01/13/2018 06:39:00 PM,No,Maryland (State),West,,3,East,0,FEET,LEVEL,UNIVERSITY BLVD W,VALLEY VIEW AVE,,N/A,,DRIVER,STRAIGHT MOVEMENT ANGLE,CLEAR,DRY,DARK LIGHTS ON,TRAFFIC SIGNAL,NONE DETECTED,,OTHER VEHICLE,N/A,INTERSECTION,FOUR-WAY INTERSECTION,STRAIGHT,NO DEFECTS,"TWO-WAY, DIVIDED, UNPROTECTED PAINTED MIN 4 FEET",39.03754167,-77.05979167,"(39.03754167, -77.05979167)"
MCP9369001R,210005788,Montgomery County Police,Property Damage Crash,02/14/2021 04:50:00 AM,No,County,North,,1,North,75,FEET,LEVEL,QUINCEWOOD CT,NEEDWOOD RD,,N/A,,DRIVER,HEAD ON,OTHER,ICE,DARK LIGHTS ON,NO CONTROLS,NONE DETECTED,,PARKED VEHICLE,N/A,NON INTERSECTION,N/A,STRAIGHT,NO DEFECTS,"TWO-WAY, NOT DIVIDED",39.12489167,-77.155035,"(39.12489167, -77.155035)"
MCP3356000K,230046356,Montgomery County Police,Property Damage Crash,07/27/2023 03:50:00 AM,No,Interstate (State),North,SHOULDER AREA,4,North,0.2,MILE,LEVEL,EISENHOWER MEMORIAL HWY,EXIT #16,,N/A,,DRIVER,SAME DIR REAR END,CLEAR,DRY,DARK LIGHTS ON,NO CONTROLS,NONE DETECTED,,OTHER VEHICLE,N/A,NON INTERSECTION,N/A,STRAIGHT,NO DEFECTS,"TWO-WAY, DIVIDED, POSITIVE MEDIAN BARRIER",39.18847413,-77.25762606,"(39.18847413, -77.25762606)"
MCP2923007B,210001386,Montgomery County Police,Property Damage Crash,01/11/2021 07:10:00 PM,Yes,Maryland (State),East,ACCELERATION LANE,3,East,0,FEET,LEVEL,UNIVERSITY BLVD W,EAST AVE,,N/A,,UNKNOWN,OTHER,CLEAR,DRY,DARK LIGHTS ON,YIELD SIGN,"N/A, NONE DETECTED",,OTHER VEHICLE,N/A,INTERSECTION,Y-INTERSECTION,STRAIGHT,NO DEFECTS,"TWO-WAY, DIVIDED, POSITIVE MEDIAN BARRIER",39.0392014,-77.05663666,"(39.0392014, -77.05663666)"
MCP25940012,15053755,MONTGOMERY,Injury Crash,10/23/2015 08:15:00 AM,No,County,North,,1,East,0,FEET,LEVEL,CANTRELL RD,STURTEVANT RD,,N/A,,DRIVER,STRAIGHT MOVEMENT ANGLE,CLEAR,N/A,DAYLIGHT,STOP SIGN,NONE DETECTED,,OTHER VEHICLE,N/A,INTERSECTION,FOUR-WAY INTERSECTION,STRAIGHT,NO DEFECTS,"TWO-WAY, NOT DIVIDED",39.09287372,-76.97074056,"(39.09287372, -76.97074056)"
MCP3097001M,200009088,Montgomery County Police,Property Damage Crash,02/24/2020 12:37:00 AM,No,US (State),North,,3,North,0.2,MILE,HILL UPHILL,COLUMBIA PIKE,INDUSTRIAL PKWY,,N/A,,DRIVER,SAME DIR REAR END,CLEAR,N/A,DARK LIGHTS ON,N/A,NONE DETECTED,,OTHER VEHICLE,N/A,N/A,N/A,STRAIGHT,NO DEFECTS,"TWO-WAY, DIVIDED, POSITIVE MEDIAN BARRIER",39.054536,-76.97396367,"(39.054536, -76.97396367)"
MCP3312004B,230062818,Montgomery County Police,Property Damage Crash,10/27/2023 07:05:00 AM,No,County,West,,1,North,100,FEET,GRADE DOWNHILL,FAIRLAND RD,SERPENTINE WAY,,N/A,,DRIVER,SAME DIR REAR END,CLEAR,DRY,DAWN,NO CONTROLS,NONE DETECTED,,OTHER VEHICLE,N/A,NON INTERSECTION,N/A,STRAIGHT,NO DEFECTS,"TWO-WAY, NOT DIVIDED",39.07706333,-76.96841833,"(39.07706333, -76.96841833)"
MCP2861006M,250008201,MONTGOMERY,Property Damage Crash,02/24/2025 06:20:00 PM,No,County Route,Northbound,Lane 1,3,South,20.94,FEET,Uphill,WESTLAKE DR,,,,,DRIVER,Rear To Side,Clear,Dry,Dark - Lighted,No Controls,"Not Suspect of Alcohol Use, Not Suspect of Drug Use, Not Suspect of Alcohol Use, Not Suspect of Drug Use",,Motor Vehicle In Transport,,Crossover-Related,,Straight,No Defects,"Not Divided, With a Continuous Left-Turn Lane",39.02588625,-77.14834214,"(39.02588625, -77.14834214)"
MCP2799006M,220015672,Montgomery County Police,Property Damage Crash,04/13/2022 01:10:00 PM,No,,,,,,,,,,,"PARKING LOT OF 13335 NEW HAMPSHIRE AVE 
SUNOCO GAS STATION",,,DRIVER,HEAD ON,CLEAR,,DAYLIGHT,NO CONTROLS,NONE DETECTED,,PARKED VEHICLE,N/A,,,,,,39.07497667,-77.00178833,"(39.07497667, -77.00178833)"
MCP29190056,180045645,Montgomery County Police,Injury Crash,09/13/2018 12:22:00 AM,No,US (State),North,,4,North,0,FEET,LEVEL,COLUMBIA PIKE,FAIRLAND RD,,N/A,,DRIVER,SAME DIR REAR END,N/A,WET,DARK LIGHTS ON,TRAFFIC SIGNAL,NONE DETECTED,,OTHER VEHICLE,OTHER VEHICLE,N/A,FOUR-WAY INTERSECTION,STRAIGHT,NO DEFECTS,"TWO-WAY, DIVIDED, POSITIVE MEDIAN BARRIER",39.07295,-76.95585667,"(39.07295, -76.95585667)"
MCP3190005C,230056061,Montgomery County Police,Property Damage Crash,09/21/2023 09:53:00 AM,No,Maryland (State),North,,2,North,0,FEET,LEVEL,GEORGIA AVE,OLD BALTIMORE RD,,N/A,,DRIVER,SAME DIRECTION RIGHT TURN,N/A,DRY,DAYLIGHT,NO CONTROLS,NONE DETECTED,,OTHER VEHICLE,N/A,INTERSECTION,FOUR-WAY INTERSECTION,STRAIGHT,NO DEFECTS,"TWO-WAY, DIVIDED, UNPROTECTED PAINTED MIN 4 FEET",39.13695333,-77.069205,"(39.13695333, -77.069205)"
MCP003600GR,220041310,Montgomery County Police,Injury Crash,09/22/2022 02:06:00 PM,No,Maryland (State),North,,2,North,0,FEET,LEVEL,NEW HAMPSHIRE AVE,GOOD HOPE RD,,N/A,,UNKNOWN,STRAIGHT MOVEMENT ANGLE,CLOUDY,WET,DAYLIGHT,TRAFFIC SIGNAL,NONE DETECTED,,OTHER VEHICLE,N/A,INTERSECTION,FOUR-WAY INTERSECTION,STRAIGHT,NO DEFECTS,"TWO-WAY, DIVIDED, UNPROTECTED PAINTED MIN 4 FEET",39.09604217,-77.0014765,"(39.09604217, -77.0014765)"
DD5635003L,210016132,Rockville Police Departme,Property Damage Crash,04/30/2021 12:00:00 PM,Yes,,,,,,,,,,,963 PAULSBORO DR,,,DRIVER,OTHER,N/A,,DAYLIGHT,N/A,UNKNOWN,,OTHER OBJECT,N/A,,,,,,39.080373,-77.18075367,"(39.080373, -77.18075367)"
MCP133400BG,210001586,Montgomery County Police,Property Damage Crash,01/13/2021 11:27:00 AM,No,Municipality,East,,1,West,20,FEET,GRADE DOWNHILL,MCCAULEY ST,ACORN LA,,WASHINGTON GROVE,,DRIVER,SINGLE VEHICLE,CLEAR,DRY,DAYLIGHT,NO CONTROLS,NONE DETECTED,,FIXED OBJECT,N/A,RESIDENTIAL DRIVEWAY,T-INTERSECTION,STRAIGHT,NO DEFECTS,"TWO-WAY, NOT DIVIDED",39.14285833,-77.17380667,"(39.14285833, -77.17380667)"
MCP2353008B,200036159,Montgomery County Police,Property Damage Crash,09/15/2020 01:43:00 PM,No,Maryland (State),North,LEFT TURN LANE,3,North,0,FEET,LEVEL,OLD GEORGETOWN RD,ROCKVILLE PIKE,,N/A,,DRIVER,SAME DIRECTION LEFT TURN,CLOUDY,DRY,DAYLIGHT,TRAFFIC SIGNAL,NONE DETECTED,,OTHER VEHICLE,N/A,INTERSECTION,FOUR-WAY INTERSECTION,STRAIGHT,NO DEFECTS,"TWO-WAY, DIVIDED, POSITIVE MEDIAN BARRIER",39.04968,-77.11357667,"(39.04968, -77.11357667)"
EJ7849000S,15014159,Gaithersburg Police Depar,Injury Crash,03/27/2015 04:48:00 PM,Yes,Maryland (State),North,,2,North,200,FEET,LEVEL,MONTGOMERY VILLAGE AVE,FREDERICK RD,,N/A,,DRIVER,SAME DIR REAR END,CLEAR,DRY,DAYLIGHT,TRAFFIC SIGNAL,"N/A, UNKNOWN",,OTHER VEHICLE,N/A,INTERSECTION RELATED,OTHER,STRAIGHT,NO DEFECTS,"TWO-WAY, DIVIDED, POSITIVE MEDIAN BARRIER",39.14962167,-77.21528167,"(39.14962167, -77.21528167)"
MCP2837001W,180027177,Montgomery County Police,Property Damage Crash,06/02/2018 04:09:00 PM,No,County,South,,3,North,0,FEET,LEVEL,SHADY GROVE RD,MT PLEASANT AVE,,N/A,,DRIVER,STRAIGHT MOVEMENT ANGLE,RAINING,WET,DAYLIGHT,TRAFFIC SIGNAL,NONE DETECTED,,OTHER VEHICLE,N/A,INTERSECTION,FOUR-WAY INTERSECTION,STRAIGHT,NO DEFECTS,"TWO-WAY, DIVIDED, POSITIVE MEDIAN BARRIER",39.120315,-77.17979,"(39.120315, -77.17979)"
MCP1554000K,15014010,Montgomery County Police,Property Damage Crash,03/26/2015 07:10:00 PM,No,,,,,,0,,,,,"Parking Lot of 16171 Shady Grove Rd ""in front of Checkers""",,,DRIVER,SAME DIRECTION SIDESWIPE,RAINING,,DARK LIGHTS ON,NO CONTROLS,"ALCOHOL PRESENT, NONE DETECTED",,PARKED VEHICLE,N/A,,,,,,39.120445,-77.17843333,"(39.120445, -77.17843333)"
MCP3021000Y,170517363,Montgomery County Police,Property Damage Crash,07/05/2017 07:30:00 AM,No,Maryland (State),North,,3,North,0,FEET,LEVEL,NEW HAMPSHIRE AVE,RAMP 2 FR US 29 WB TO MD 650 NB,,N/A,,DRIVER,SINGLE VEHICLE,RAINING,WET,DAYLIGHT,NO CONTROLS,NONE DETECTED,,FIXED OBJECT,N/A,NON INTERSECTION,N/A,STRAIGHT,NO DEFECTS,"TWO-WAY, DIVIDED, UNPROTECTED PAINTED MIN 4 FEET",39.04219,-76.99141,"(39.04219, -76.99141)"
MCP30690036,210001368,Montgomery County Police,Property Damage Crash,01/11/2021 04:54:00 PM,Yes,Maryland (State),North,,4,South,200,FEET,LEVEL,CONNECTICUT AVE,RAMP 5 FR MD 185 SB TO IS 495 EB,,N/A,,DRIVER,SAME DIR REAR END,CLOUDY,DRY,DUSK,NO CONTROLS,"NONE DETECTED, UNKNOWN",,OTHER VEHICLE,N/A,NON INTERSECTION,N/A,STRAIGHT,NO DEFECTS,"TWO-WAY, DIVIDED, POSITIVE MEDIAN BARRIER",39.00313397,-77.07723796,"(39.00313397, -77.07723796)"
MCP1419001J,190031656,Montgomery County Police,Property Damage Crash,05/29/2019 09:30:00 AM,Yes,,,,,,,,,,,PARKING LOT OF 14921 SHADY GROVE ROAD (FALLSGROVE S/C),,,DRIVER,HEAD ON,CLEAR,,DAYLIGHT,N/A,UNKNOWN,,OTHER VEHICLE,N/A,,,,,,39.09708119,-77.19297949,"(39.09708119, -77.19297949)"
MCP3096001J,180050743,Montgomery County Police,Property Damage Crash,10/10/2018 04:20:00 PM,No,Maryland (State),South,,3,North,0,FEET,LEVEL,HUNGERFORD DR,MANNAKEE ST,,ROCKVILLE,,DRIVER,STRAIGHT MOVEMENT ANGLE,CLEAR,DRY,DAYLIGHT,TRAFFIC SIGNAL,NONE DETECTED,,OTHER VEHICLE,N/A,INTERSECTION,FOUR-WAY INTERSECTION,STRAIGHT,NO DEFECTS,"TWO-WAY, DIVIDED, POSITIVE MEDIAN BARRIER",39.09636667,-77.15343167,"(39.09636667, -77.15343167)"
MCP30850037,220019326,Montgomery County Police,Property Damage Crash,05/06/2022 04:25:00 PM,No,County,South,,2,North,0,FEET,LEVEL,PARKLAWN DR,COAKLEY CIR,,N/A,,DRIVER,ANGLE MEETS RIGHT TURN,RAINING,WET,DAYLIGHT,STOP SIGN,NONE DETECTED,,OTHER VEHICLE,N/A,COMMERCIAL DRIVEWAY,T-INTERSECTION,STRAIGHT,N/A,"TWO-WAY, NOT DIVIDED",39.04956,-77.10280333,"(39.04956, -77.10280333)"
MCP3246000J,200044061,Montgomery County Police,Property Damage Crash,11/08/2020 01:22:00 PM,Yes,,,,,,,,,,,CRYSTAL SPRINGS APARTMENTS PARKING LOT 5,,,DRIVER,OTHER,N/A,,DAYLIGHT,N/A,UNKNOWN,,PARKED VEHICLE,PARKED VEHICLE,,,,,,39.0900385,-77.076872,"(39.0900385, -77.076872)"
MCP3180003M,230048793,Montgomery County Police,Property Damage Crash,08/10/2023 06:05:00 PM,Yes,,,,,,,,,,,PARKING LOT OF 15520 GEORGIA AVE,,,DRIVER,SAME DIR REAR END,CLEAR,,DAYLIGHT,NO CONTROLS,UNKNOWN,,OTHER VEHICLE,N/A,,,,,,39.110615,-77.07606667,"(39.110615, -77.07606667)"
MCP22910081,240040533,MONTGOMERY,Property Damage Crash,08/27/2024 12:54:00 PM,No,Maryland (State) Route,Westbound,Lane 1,2,South,20.21,FEET,Level,RIVER RD,,,,,UNKNOWN,Single Vehicle,Clear,Dry,Daylight,No Controls,"Unknown, Unknown",,Other Traffic Barrier,,Non-Junction,,Curve Left,No Defects,"Divided, Depressed Median",39.02907578,-77.22187337,"(39.02907578, -77.22187337)"
MCP2974000Y,16019748,Montgomery County Police,Injury Crash,04/22/2016 01:30:00 AM,No,Maryland (State),North,OTHER,4,North,100,FEET,LEVEL,NEW HAMPSHIRE AVE,ANDREW DR,,N/A,,DRIVER,SINGLE VEHICLE,CLEAR,DRY,DARK LIGHTS ON,NO CONTROLS,NONE DETECTED,,FIXED OBJECT,FIXED OBJECT,NON INTERSECTION,N/A,STRAIGHT,NO DEFECTS,"TWO-WAY, DIVIDED, POSITIVE MEDIAN BARRIER",39.06753973,-77.00195745,"(39.06753973, -77.00195745)"
MCP2546000V,15014473,Montgomery County Police,Injury Crash,03/29/2015 07:43:00 PM,No,Maryland (State),North,,3,North,0,FEET,LEVEL,GEORGIA AVE,HEWITT AVE,,N/A,,UNKNOWN,HEAD ON LEFT TURN,CLEAR,DRY,DARK LIGHTS ON,TRAFFIC SIGNAL,NONE DETECTED,,OTHER VEHICLE,FIXED OBJECT,INTERSECTION,T-INTERSECTION,STRAIGHT,NO DEFECTS,"TWO-WAY, DIVIDED, POSITIVE MEDIAN BARRIER",39.077505,-77.070525,"(39.077505, -77.070525)"
MCP9438001T,240035595,MONTGOMERY,Injury Crash,07/28/2024 04:22:00 PM,No,County Route,Southbound,Lane 1,2,North,32.2,FEET,Downhill,PEACH TREE RD,,,,,UNKNOWN,Single Vehicle,Unknown,Dry,Daylight,No Controls,"Not Suspect of Alcohol Use, Not Suspect of Drug Use",,Other Non-Fixed Object,,Non-Junction,,Curve Left,Obstruction Not Lighted,Not Divided,39.26324558,-77.32732791,"(39.26324558, -77.32732791)"
MCP2446005K,210048324,Montgomery County Police,Property Damage Crash,11/28/2021 06:27:00 PM,No,Maryland (State),South,,2,North,0,FEET,HILL UPHILL,FREDERICK RD,HENDERSON CORNER RD,,N/A,,DRIVER,SAME DIR REAR END,CLEAR,DRY,DARK LIGHTS ON,TRAFFIC SIGNAL,N/A,,OTHER VEHICLE,N/A,INTERSECTION,FOUR-WAY INTERSECTION,STRAIGHT,NO DEFECTS,"TWO-WAY, DIVIDED, POSITIVE MEDIAN BARRIER",39.20285711,-77.24546766,"(39.20285711, -77.24546766)"
MCP32080053,240002912,MONTGOMERY,Injury Crash,01/18/2024 10:30:00 PM,No,US (State),Southbound,Lane 3,3,North,52.57,FEET,Uphill,COLUMBIA PIKE (SB/L),,,,Occupant of Motor Vehicle Not in Transport,DRIVER,"Sideswipe, Same Direction",Clear,Dry,Dark - Lighted,No Controls,"Not Suspect of Alcohol Use, Not Suspect of Drug Use","Not Suspect of Alcohol Use, Not Suspect of Drug Use, Not Suspect of Alcohol Use, Not Suspect of Drug Use",Parked Vehicle,Pedestrian,Non-Junction,,Straight,No Defects,"Divided, Flush Median (greater than 4ft wide)",39.12681134,-76.92309001,"(39.12681134, -76.92309001)"
MCP271700VX,210035347,Montgomery County Police,Property Damage Crash,07/28/2021 04:00:00 PM,No,,South,,2,North,10,FEET,LEVEL,HABERSHAM CIRCLE,HABERSHAM COURT,,N/A,,DRIVER,UNKNOWN,UNKNOWN,UNKNOWN,UNKNOWN,UNKNOWN,NONE DETECTED,,UNKNOWN,N/A,NON INTERSECTION,N/A,STRAIGHT,N/A,"TWO-WAY, DIVIDED, UNPROTECTED PAINTED MIN 4 FEET",39.10158317,-77.13551983,"(39.10158317, -77.13551983)"
MCP2871004G,170510736,Montgomery County Police,Property Damage Crash,05/30/2017 05:45:00 PM,No,Interstate (State),West,,3,West,905,FEET,LEVEL,CAPITAL BELTWAY,FERNWOOD RD,,N/A,,DRIVER,SAME DIRECTION SIDESWIPE,CLOUDY,DRY,DAYLIGHT,NO CONTROLS,NONE DETECTED,,OTHER VEHICLE,N/A,N/A,N/A,STRAIGHT,NO DEFECTS,"TWO-WAY, DIVIDED, POSITIVE MEDIAN BARRIER",39.01413167,-77.12810833,"(39.01413167, -77.12810833)"
MCP29660036,170526228,Montgomery County Police,Injury Crash,08/22/2017 03:30:00 PM,No,County,South,N/A,0,South,0,FEET,LEVEL,WELLER RD,ATHERTON DR,,N/A,,DRIVER,STRAIGHT MOVEMENT ANGLE,OTHER,DRY,N/A,NO CONTROLS,N/A,,N/A,N/A,INTERSECTION,FOUR-WAY INTERSECTION,STRAIGHT,NO DEFECTS,"TWO-WAY, NOT DIVIDED",39.06249667,-77.07541,"(39.06249667, -77.07541)"
MCP2780006M,230009173,Montgomery County Police,Property Damage Crash,02/23/2023 07:03:00 PM,No,County,East,,2,East,0,FEET,LEVEL,SHAKESPEARE BLVD,AMBER RIDGE DR,,N/A,,DRIVER,STRAIGHT MOVEMENT ANGLE,N/A,DRY,DARK LIGHTS ON,STOP SIGN,NONE DETECTED,,OTHER VEHICLE,N/A,INTERSECTION,FOUR-WAY INTERSECTION,STRAIGHT,NO DEFECTS,"TWO-WAY, DIVIDED, POSITIVE MEDIAN BARRIER",39.1971705,-77.250039,"(39.1971705, -77.250039)"
MCP32720012,210045217,Montgomery County Police,Property Damage Crash,11/08/2021 01:18:00 PM,No,County,South,,2,North,40,FEET,LEVEL,FLOWER AVE,PINEY BRANCH RD,,N/A,,DRIVER,STRAIGHT MOVEMENT ANGLE,CLEAR,DRY,DAYLIGHT,NO CONTROLS,NONE DETECTED,,OTHER VEHICLE,N/A,NON INTERSECTION,N/A,STRAIGHT,NO DEFECTS,"TWO-WAY, NOT DIVIDED",38.99843283,-77.00378867,"(38.99843283, -77.00378867)"
MCP3422001M,250017186,MONTGOMERY,Property Damage Crash,04/20/2025 10:55:00 PM,No,Maryland (State) Route,"Northbound, Southbound",Lane 1,2,South,10.49,FEET,Level,PHILADELPHIA AVE,FENTON ST,,,,DRIVER,"Sideswipe, Same Direction",Clear,Dry,Dark - Lighted,Traffic Control Signal,"Not Suspect of Alcohol Use, Not Suspect of Drug Use, Not Suspect of Alcohol Use, Not Suspect of Drug Use",,Motor Vehicle In Transport,,Non-Junction,,Straight,No Defects,Not Divided,38.987839,-77.02352664,"(38.987839, -77.02352664)"
MCP3212001L,200023150,Montgomery County Police,Property Damage Crash,06/08/2020 06:30:00 PM,Yes,,,,,,,,,,,"9440 GEORGIA AVE
PARKING LOT OF ALDI'S SUPERMARKET",,,DRIVER,OTHER,N/A,,DAYLIGHT,N/A,N/A,,PARKED VEHICLE,N/A,,,,,,39.0099092,-77.041696,"(39.0099092, -77.041696)"