Report Number,Local Case Number,Agency Name,ACRS Report Type,Crash Date/Time,Hit/Run,Route Type,Lane Direction,Lane Type,Number of Lanes,Direction,Distance,Distance Unit,Road Grade,Road Name,Cross-Street Name,Off-Road Description,Municipality,Related Non-Motorist,At Fault,Collision Type,Weather,Surface Condition,Light,Traffic Control,Driver Substance Abuse,Non-Motorist Substance Abuse,First Harmful Event,Second Harmful Event,Junction,Intersection Type,Road Alignment,Road Condition,Road Division,Latitude,Longitude,Location
EJ78460043,190028841,Gaithersburg Police Depar,Injury Crash,06/17/2019 06:45:00 AM,No,County,North,,2,North,0,FEET,LEVEL,MUDDY BRANCH RD,DIAMONDBACK DR,,N/A,,DRIVER,STRAIGHT MOVEMENT ANGLE,CLEAR,DRY,DAYLIGHT,TRAFFIC SIGNAL,NONE DETECTED,,OTHER VEHICLE,N/A,INTERSECTION RELATED,FOUR-WAY INTERSECTION,STRAIGHT,NO DEFECTS,"TWO-WAY, NOT DIVIDED",39.11522833,-77.21535167,"(39.11522833, -77.21535167)"
DM8388002S,190003808,Takoma Park Police Depart,Injury Crash,01/24/2019 04:26:00 PM,Yes,Maryland (State),South,,2,North,0,FEET,GRADE DOWNHILL,CARROLL AVE,GARLAND AVE,,TAKOMA PARK,,DRIVER,HEAD ON,CLEAR,DRY,DAYLIGHT,NO CONTROLS,"NONE DETECTED, UNKNOWN",,OTHER VEHICLE,FIXED OBJECT,INTERSECTION,T-INTERSECTION,STRAIGHT,NO DEFECTS,"TWO-WAY, NOT DIVIDED",38.89625936,-77.01791671,"(38.89625936, -77.01791671)"
MCP13790046,16016979,Montgomery County Police,Injury Crash,04/07/2016 03:15:00 PM,No,Maryland (State),South,,2,North,0,MILE,HILL UPHILL,NEW HAMPSHIRE AVE,ASHTON OAKS CT,,N/A,,DRIVER,SINGLE VEHICLE,CLEAR,UNKNOWN,DAYLIGHT,NO CONTROLS,NONE DETECTED,,FIXED OBJECT,FIXED OBJECT,NON INTERSECTION,N/A,STRAIGHT,NO DEFECTS,"TWO-WAY, NOT DIVIDED",39.15888356,-77.01398849,"(39.15888356, -77.01398849)"
MCP32990014,210046073,Montgomery County Police,Property Damage Crash,11/13/2021 04:21:00 PM,No,Maryland (State),South,,3,South,10,FEET,LEVEL,NEW HAMPSHIRE AVE,NEW HAMPSHIRE AVE SER RD,,N/A,,DRIVER,ANGLE MEETS LEFT TURN,CLEAR,DRY,DUSK,NO CONTROLS,NONE DETECTED,,OTHER VEHICLE,N/A,N/A,N/A,STRAIGHT,NO DEFECTS,"TWO-WAY, DIVIDED, POSITIVE MEDIAN BARRIER",39.0767011,-77.00185512,"(39.0767011, -77.00185512)"
MCP1564006J,220019538,Montgomery County Police,Property Damage Crash,05/08/2022 05:45:00 AM,Yes,County,North,,2,South,0.01,MILE,HILL UPHILL,JAYSTONE CT,JAYSTONE DR,,N/A,,DRIVER,SAME DIR REAR END,CLOUDY,WET,DARK -- UNKNOWN LIGHTING,NO CONTROLS,UNKNOWN,,PARKED VEHICLE,N/A,N/A,N/A,STRAIGHT,NO DEFECTS,"TWO-WAY, NOT DIVIDED",39.09600833,-77.024555,"(39.09600833, -77.024555)"
MCP00360059,16052794,Montgomery County Police,Property Damage Crash,10/14/2016 08:40:00 AM,No,County,West,,1,West,300,FEET,LEVEL,HANEY AVE,HANEY TERR,,N/A,,DRIVER,SAME DIR REAR END,CLEAR,DRY,DAWN,NO CONTROLS,NONE DETECTED,,OTHER VEHICLE,OTHER VEHICLE,NON INTERSECTION,N/A,STRAIGHT,NO DEFECTS,"TWO-WAY, NOT DIVIDED",39.29304254,-77.22853303,"(39.29304254, -77.22853303)"
MCP29530015,16054788,Montgomery County Police,Property Damage Crash,10/24/2016 07:09:00 PM,No,Maryland (State),North,,3,South,200,FEET,HILL UPHILL,GEORGIA AVE,NORBECK RD,,N/A,,DRIVER,SAME DIR REAR END,CLEAR,DRY,DARK NO LIGHTS,TRAFFIC SIGNAL,NONE DETECTED,,OTHER VEHICLE,N/A,NON INTERSECTION,N/A,STRAIGHT,NO DEFECTS,"TWO-WAY, DIVIDED, POSITIVE MEDIAN BARRIER",39.10702167,-77.07615833,"(39.10702167, -77.07615833)"
MCP32710001,200016299,Montgomery County Police,Injury Crash,04/17/2020 03:51:00 PM,No,Maryland (State),North,OTHER,2,North,100,FEET,LEVEL,FREDERICK RD,MARYLAND AVE,,GAITHERSBURG,BICYCLIST,DRIVER,STRAIGHT MOVEMENT ANGLE,CLEAR,DRY,DAYLIGHT,NO CONTROLS,NONE DETECTED,NONE DETECTED,OTHER VEHICLE,BICYCLE,COMMERCIAL DRIVEWAY,N/A,STRAIGHT,NO DEFECTS,"TWO-WAY, NOT DIVIDED",39.14500626,-77.20285304,"(39.14500626, -77.20285304)"
MCP301000B0,240041670,MONTGOMERY,Property Damage Crash,09/03/2024 10:13:00 AM,,,,,0,,,FEET,,,,Parking Lot Way        PARKING LOT OF 6101 EXCECUTIVE BLVD,,,UNKNOWN,"Sideswipe, Same Direction",Clear,,Daylight,,"Unknown, Unknown",,Parked Vehicle,,,,,,,39.0498969,-77.12321182,"(39.0498969, -77.12321182)"
DM84760047,220045349,Takoma Park Police Depart,Injury Crash,11/07/2022 10:30:00 AM,No,Maryland (State),West,,1,North,0,FEET,LEVEL,CARROLL AVE,MERRIMAC DR,,TAKOMA PARK,,DRIVER,STRAIGHT MOVEMENT ANGLE,CLOUDY,DRY,DAYLIGHT,STOP SIGN,N/A,,N/A,OTHER VEHICLE,INTERSECTION,T-INTERSECTION,STRAIGHT,NO DEFECTS,"TWO-WAY, NOT DIVIDED",38.99242745,-76.9929432,"(38.99242745, -76.9929432)"
MCP2789001H,15049414,MONTGOMERY,Injury Crash,09/29/2015 06:00:00 PM,No,US (State),South,,3,South,0,FEET,LEVEL,COLESVILLE RD,INDIAN SPRING DR,,N/A,,DRIVER,SAME DIR REAR END,RAINING,WET,DARK LIGHTS ON,NO CONTROLS,N/A,,OTHER VEHICLE,N/A,NON INTERSECTION,N/A,STRAIGHT,NO DEFECTS,"TWO-WAY, DIVIDED, POSITIVE MEDIAN BARRIER",39.012375,-77.01708333,"(39.012375, -77.01708333)"
MCP22120025,170509049,Montgomery County Police,Property Damage Crash,05/21/2017 02:56:00 PM,No,County,East,,3,East,5,FEET,HILL CREST,RANDOLPH RD,HAMMONTON PL,,N/A,,DRIVER,OTHER,CLEAR,DRY,DAYLIGHT,NO CONTROLS,NONE DETECTED,,FIXED OBJECT,OTHER VEHICLE,NON INTERSECTION,N/A,STRAIGHT,NO DEFECTS,"TWO-WAY, DIVIDED, POSITIVE MEDIAN BARRIER",39.06882667,-77.014875,"(39.06882667, -77.014875)"
MCP3227003C,220007497,Montgomery County Police,Property Damage Crash,02/20/2022 06:40:00 PM,No,County,East,N/A,1,North,0,FEET,HILL UPHILL,CARROLL AVE,ENT TO BUSINESS,,N/A,,DRIVER,OPPOSITE DIRECTION SIDESWIPE,CLEAR,DRY,DARK LIGHTS ON,NO CONTROLS,NONE DETECTED,,OTHER VEHICLE,N/A,INTERSECTION,FOUR-WAY INTERSECTION,CURVE RIGHT,NO DEFECTS,"TWO-WAY, DIVIDED, UNPROTECTED PAINTED MIN 4 FEET",38.99959782,-76.99063413,"(38.99959782, -76.99063413)"
MCP3119002L,200023331,Montgomery County Police,Property Damage Crash,06/14/2020 10:30:00 AM,No,County,North,,2,East,15,FEET,LEVEL,EAGLETON LA,QUILL PL,,N/A,,DRIVER,SINGLE VEHICLE,CLEAR,DRY,DAYLIGHT,N/A,NONE DETECTED,,FIXED OBJECT,N/A,N/A,N/A,STRAIGHT,NO DEFECTS,"TWO-WAY, NOT DIVIDED",39.18598133,-77.19423233,"(39.18598133, -77.19423233)"
MCP2689002V,17010453,Montgomery County Police,Property Damage Crash,02/27/2017 09:51:00 AM,No,,South,,3,North,0,FEET,LEVEL,ROCKVILLE PIKE,ENT TO FEDERAL PLAZA S.C.,,N/A,,DRIVER,STRAIGHT MOVEMENT ANGLE,CLOUDY,DRY,DAYLIGHT,TRAFFIC SIGNAL,NONE DETECTED,,OTHER VEHICLE,N/A,INTERSECTION,FOUR-WAY INTERSECTION,STRAIGHT,NO DEFECTS,"TWO-WAY, DIVIDED, POSITIVE MEDIAN BARRIER",39.05746087,-77.12034076,"(39.05746087, -77.12034076)"
MCP29210011,16003743,Montgomery County Police,Property Damage Crash,01/20/2016 08:39:00 PM,No,Maryland (State),North,,2,North,5,FEET,LEVEL,WOODFIELD RD,WARFIELD RD,,N/A,,DRIVER,SAME DIR REAR END,SNOW,WET,DARK LIGHTS ON,TRAFFIC SIGNAL,NONE DETECTED,,OTHER VEHICLE,N/A,NON INTERSECTION,N/A,STRAIGHT,NO DEFECTS,"TWO-WAY, DIVIDED, UNPROTECTED PAINTED MIN 4 FEET",39.19488167,-77.1532,"(39.19488167, -77.1532)"
MCP31920016,200034219,Montgomery County Police,Property Damage Crash,09/01/2020 03:47:00 PM,No,Maryland (State),East,,3,East,0,FEET,LEVEL,UNIVERSITY BLVD E,WILLIAMSBURG DR,,N/A,,DRIVER,SAME DIR REAR END,CLEAR,DRY,DAYLIGHT,TRAFFIC SIGNAL,NONE DETECTED,,OTHER VEHICLE,OTHER VEHICLE,INTERSECTION,FOUR-WAY INTERSECTION,STRAIGHT,NO DEFECTS,"TWO-WAY, DIVIDED, POSITIVE MEDIAN BARRIER",39.01788233,-77.00733367,"(39.01788233, -77.00733367)"
MCP3136003Z,200048983,Montgomery County Police,Property Damage Crash,12/12/2020 12:12:00 PM,No,County,West,,1,West,50,FEET,LEVEL,QUEBEC ST,PRINCE GEORGES CO/L,,N/A,,DRIVER,SAME DIRECTION SIDESWIPE,CLEAR,DRY,DAYLIGHT,N/A,NONE DETECTED,,PARKED VEHICLE,PARKED VEHICLE,N/A,N/A,STRAIGHT,NO DEFECTS,"TWO-WAY, NOT DIVIDED",39.055975,-77.04869,"(39.055975, -77.04869)"
MCP20520034,230032203,Montgomery County Police,Injury Crash,07/06/2023 02:27:00 PM,No,County,South,,4,North,0,FEET,LEVEL,SHADY GROVE RD,RESEARCH BLVD,,N/A,,DRIVER,SAME DIRECTION SIDESWIPE,CLEAR,DRY,DAYLIGHT,TRAFFIC SIGNAL,NONE DETECTED,,OTHER VEHICLE,OTHER VEHICLE,INTERSECTION,FOUR-WAY INTERSECTION,STRAIGHT,NO DEFECTS,"TWO-WAY, DIVIDED, POSITIVE MEDIAN BARRIER",39.10499322,-77.19053611,"(39.10499322, -77.19053611)"
MCP3350001Z,230064902,Montgomery County Police,Property Damage Crash,11/07/2023 12:45:00 PM,No,County,West,,1,West,500,FEET,GRADE DOWNHILL,AVON DR,FARNHAM DR,,N/A,,DRIVER,SAME DIRECTION SIDESWIPE,CLEAR,DRY,DAYLIGHT,NO CONTROLS,NONE DETECTED,,OTHER VEHICLE,N/A,NON INTERSECTION,N/A,STRAIGHT,NO DEFECTS,"TWO-WAY, NOT DIVIDED",39.02527997,-77.12098971,"(39.02527997, -77.12098971)"
MCP287100B3,240026826,MONTGOMERY,Property Damage Crash,06/05/2024 04:49:00 PM,No,Maryland (State) Route,Northbound,"Lane 3, Lane 4",5,South,14.11,FEET,Uphill,ROCKVILLE PIKE,,,,,UNKNOWN,"Sideswipe, Same Direction",Rain,Wet,Daylight,No Controls,"Not Suspect of Alcohol Use, Not Suspect of Drug Use, Not Suspect of Alcohol Use, Not Suspect of Drug Use",,Motor Vehicle In Transport,,Non-Junction,,Straight,No Defects,"Divided, Raised Median (curbed)",39.04098867,-77.1097926,"(39.04098867, -77.1097926)"
MCP2869002B,180003535,Montgomery County Police,Property Damage Crash,01/21/2018 10:28:00 PM,Yes,County,North,OFF ROAD,1,North,0,FEET,LEVEL,BITTERROOT WAY,NARCISSUS WAY,,N/A,,DRIVER,OTHER,N/A,DRY,DARK LIGHTS ON,STOP SIGN,UNKNOWN,,FIXED OBJECT,N/A,INTERSECTION,T-INTERSECTION,CURVE LEFT,NO DEFECTS,"TWO-WAY, NOT DIVIDED",39.108255,-77.09770333,"(39.108255, -77.09770333)"
MCP2641003B,230055354,Montgomery County Police,Property Damage Crash,09/17/2023 10:25:00 AM,No,County,South,,3,North,5,FEET,LEVEL,RIDGE RD,OBSERVATION DR,,N/A,,DRIVER,SAME DIR REAR END,RAINING,WET,DAYLIGHT,TRAFFIC SIGNAL,NONE DETECTED,,OTHER VEHICLE,OTHER VEHICLE,INTERSECTION RELATED,FOUR-WAY INTERSECTION,STRAIGHT,NO DEFECTS,"TWO-WAY, DIVIDED, POSITIVE MEDIAN BARRIER",39.20224333,-77.25329167,"(39.20224333, -77.25329167)"
MCP3211001P,200036104,Montgomery County Police,Injury Crash,09/15/2020 07:42:00 AM,No,County,North,,2,North,30,FEET,LEVEL,PARKLAWN DR,BOILING BROOK PKWY,,N/A,,DRIVER,STRAIGHT MOVEMENT ANGLE,CLEAR,DRY,DAYLIGHT,NO CONTROLS,NONE DETECTED,,OTHER VEHICLE,N/A,OTHER,T-INTERSECTION,STRAIGHT,NO DEFECTS,"TWO-WAY, DIVIDED, UNPROTECTED PAINTED MIN 4 FEET",39.0483765,-77.10155317,"(39.0483765, -77.10155317)"
EJ786600FN,240050405,GAITHERSBURG,Property Damage Crash,10/21/2024 04:35:00 PM,No,,,,0,,,FEET,,,,"Parking Lot Way        MOTEL 6, 497 QUINCE ORCHARD RD, SERVICE ROAD AROUND HOTEL",,,DRIVER,"Sideswipe, Same Direction",Clear,,Daylight,,"Not Suspect of Alcohol Use, Not Suspect of Drug Use",,Parked Vehicle,,,,,,,39.14622792,-77.21690905,"(39.14622792, -77.21690905)"
MCP28910030,16063403,Montgomery County Police,Property Damage Crash,12/10/2016 10:35:00 AM,No,County,North,,1,East,5,FEET,GRADE DOWNHILL,SEMINARY RD,SUTTON PL,,N/A,,DRIVER,SAME DIRECTION LEFT TURN,CLEAR,DRY,DAYLIGHT,N/A,NONE DETECTED,,OTHER VEHICLE,FIXED OBJECT,INTERSECTION RELATED,T-INTERSECTION,STRAIGHT,N/A,"TWO-WAY, DIVIDED, UNPROTECTED PAINTED MIN 4 FEET",39.00867667,-77.04128667,"(39.00867667, -77.04128667)"
MCP28130081,200004029,Montgomery County Police,Injury Crash,01/24/2020 05:19:00 PM,No,Maryland (State),East,,3,East,0,FEET,LEVEL,UNIVERSITY BLVD W,EISNER ST,,N/A,,DRIVER,SAME DIR BOTH LEFT TURN,CLEAR,DRY,DARK LIGHTS ON,NO CONTROLS,N/A,,OTHER VEHICLE,N/A,INTERSECTION,FOUR-WAY INTERSECTION,STRAIGHT,NO DEFECTS,"TWO-WAY, DIVIDED, POSITIVE MEDIAN BARRIER",39.02977667,-77.02115833,"(39.02977667, -77.02115833)"
MCP23980042,220014898,Montgomery County Police,Property Damage Crash,04/08/2022 05:44:00 AM,No,Municipality,East,,1,East,350,FEET,LEVEL,E DIAMOND AVE,GIRARD ST,,GAITHERSBURG,,UNKNOWN,OPPOSITE DIRECTION SIDESWIPE,CLEAR,WET,DARK LIGHTS ON,N/A,NONE DETECTED,,OTHER VEHICLE,N/A,NON INTERSECTION,N/A,CURVE LEFT,NO DEFECTS,"TWO-WAY, NOT DIVIDED",39.14169733,-77.186038,"(39.14169733, -77.186038)"
DM85150005,230019871,Takoma Park Police Depart,Property Damage Crash,04/26/2023 06:00:00 AM,No,,North,,1,North,0,FEET,HILL CREST,100 BLK PHILADELPHIA,7500 BLK MAPLE AVE,,N/A,,DRIVER,SAME DIR REND RIGHT TURN,CLEAR,DRY,DARK LIGHTS ON,TRAFFIC SIGNAL,"N/A, NONE DETECTED",,OTHER VEHICLE,OTHER VEHICLE,INTERSECTION,FOUR-WAY INTERSECTION,STRAIGHT,NO DEFECTS,"TWO-WAY, DIVIDED, UNPROTECTED PAINTED MIN 4 FEET",38.98103212,-77.01042209,"(38.98103212, -77.01042209)"
MCP2291008H,250016414,MONTGOMERY,Property Damage Crash,04/15/2025 03:14:00 PM,No,,,,0,,,FEET,,,,Parking Stall        PARKING LOT OF 10101 GLENOLDEN DR,,,DRIVER,Other,Clear,,Daylight,,"Not Suspect of Alcohol Use, Not Suspect of Drug Use",,Parked Vehicle,,,,,,,39.01909123,-77.20735131,"(39.01909123, -77.20735131)"
MCP2756001S,17000881,Montgomery County Police,Property Damage Crash,01/05/2017 09:00:00 PM,Yes,Maryland (State),North,LEFT TURN LANE,3,South,50,FEET,LEVEL,GEORGIA AVE,VEIRS MILL RD,,N/A,,DRIVER,SAME DIRECTION SIDESWIPE,CLEAR,DRY,DUSK,TRAFFIC SIGNAL,NONE DETECTED,,FIXED OBJECT,OTHER VEHICLE,NON INTERSECTION,N/A,STRAIGHT,NO DEFECTS,"TWO-WAY, DIVIDED, POSITIVE MEDIAN BARRIER",39.035862,-77.049757,"(39.035862, -77.049757)"
MCP3279002L,230055242,Montgomery County Police,Property Damage Crash,09/16/2023 03:13:00 PM,Yes,Maryland (State),East,LEFT TURN LANE,3,North,20,FEET,N/A,GEORGIA AVE,UNIVERSITY BLVD W,,N/A,,DRIVER,SAME DIRECTION SIDESWIPE,CLEAR,DRY,DAYLIGHT,TRAFFIC SIGNAL,N/A,,OTHER VEHICLE,N/A,N/A,N/A,N/A,N/A,"TWO-WAY, DIVIDED, POSITIVE MEDIAN BARRIER",39.04652667,-77.05149833,"(39.04652667, -77.05149833)"
MCP30400074,240056443,MONTGOMERY,Property Damage Crash,11/24/2024 07:00:00 PM,No,Maryland (State) Route,Northbound,Lane 1,1,North,12.6,FEET,Level,,,,,,DRIVER,Front to Rear,Clear,Dry,Dark - Not Lighted,Traffic Control Signal,"Not Suspect of Alcohol Use, Not Suspect of Drug Use, Not Suspect of Alcohol Use, Not Suspect of Drug Use",,Motor Vehicle In Transport,,Non-Junction,,Straight,No Defects,Not Divided,39.192402,-77.02654617,"(39.192402, -77.02654617)"
MCP29410048,220017105,Montgomery County Police,Injury Crash,04/22/2022 12:33:00 PM,No,County,North,,1,North,100,FEET,GRADE DOWNHILL,CASHELL RD,HINES RD,,N/A,,DRIVER,HEAD ON,CLEAR,DRY,DAYLIGHT,N/A,NONE DETECTED,,OTHER VEHICLE,OTHER VEHICLE,NON INTERSECTION,N/A,CURVE LEFT,NO DEFECTS,"TWO-WAY, DIVIDED, UNPROTECTED PAINTED MIN 4 FEET",39.14297167,-77.09194333,"(39.14297167, -77.09194333)"
DM8336002Y,190055154,Takoma Park Police Depart,Property Damage Crash,11/15/2019 03:40:00 PM,No,Maryland (State),East,N/A,4,North,50,FEET,LEVEL,CARROLL AVE,ETHAN ALLEN AVE,,N/A,OTHER,DRIVER,OTHER,CLOUDY,DRY,DAYLIGHT,N/A,N/A,N/A,OTHER,OTHER,N/A,N/A,CURVE LEFT,NO DEFECTS,"TWO-WAY, NOT DIVIDED",38.977835,-77.00701833,"(38.977835, -77.00701833)"
MCP2625000J,190048083,Montgomery County Police,Injury Crash,10/07/2019 10:06:00 AM,No,County,North,,3,East,10,FEET,HILL CREST,FOREST GLEN RD,GEORGIA AVE,,N/A,,DRIVER,SAME DIR REAR END,CLEAR,DRY,DAYLIGHT,TRAFFIC SIGNAL,NONE DETECTED,,OTHER VEHICLE,OTHER VEHICLE,NON INTERSECTION,N/A,STRAIGHT,NO DEFECTS,"TWO-WAY, DIVIDED, POSITIVE MEDIAN BARRIER",39.01601936,-77.0426016,"(39.01601936, -77.0426016)"
MCP2821001Q,190031819,Montgomery County Police,Property Damage Crash,07/04/2019 01:47:00 AM,No,County,East,,1,West,0,FEET,LEVEL,WALKERS CHOICE RD,MONTGOMERY VILLAGE AVE,,N/A,,DRIVER,SINGLE VEHICLE,N/A,DRY,DARK LIGHTS ON,FLASHING TRAFFIC SIGNAL,NONE DETECTED,,OFF ROAD,N/A,INTERSECTION,FOUR-WAY INTERSECTION,STRAIGHT,NO DEFECTS,"TWO-WAY, NOT DIVIDED",39.161445,-77.20237167,"(39.161445, -77.20237167)"
MCP289200B5,210038298,Montgomery County Police,Property Damage Crash,09/27/2021 05:45:00 PM,No,County,West,,1,East,50,FEET,LEVEL,SLIGO AVE,GEORGIA AVE,,N/A,,DRIVER,HEAD ON,CLEAR,DRY,DAYLIGHT,NO CONTROLS,NONE DETECTED,,OTHER VEHICLE,FIXED OBJECT,N/A,N/A,STRAIGHT,NO DEFECTS,"TWO-WAY, NOT DIVIDED",38.99026099,-77.02592408,"(38.99026099, -77.02592408)"
DD5652000L,220016634,Rockville Police Departme,Property Damage Crash,04/19/2022 04:35:00 PM,No,Maryland (State),North,,3,North,0,FEET,LEVEL,HUNGERFORD DR,FREDERICK AVE #2,,ROCKVILLE,,DRIVER,HEAD ON LEFT TURN,CLEAR,DRY,DAYLIGHT,TRAFFIC SIGNAL,NONE DETECTED,,OTHER VEHICLE,N/A,INTERSECTION,FOUR-WAY INTERSECTION,STRAIGHT,NO DEFECTS,"TWO-WAY, DIVIDED, POSITIVE MEDIAN BARRIER",39.09415733,-77.15326792,"(39.09415733, -77.15326792)"
MCP21080024,240047628,MONTGOMERY,Property Damage Crash,10/03/2024 09:45:00 PM,,Maryland (State) Route,Westbound,Lane 2,4,South,0,FEET,Level,VEIRS MILL RD,TWINBROOK PKWY,,,,UNKNOWN,Front to Rear,Clear,Dry,Dark - Lighted,Traffic Control Signal,"Not Suspect of Alcohol Use, Not Suspect of Drug Use, Unknown, Unknown",,Motor Vehicle In Transport,,Intersection or Related,Angled/Skewed,Straight,No Defects,"Divided, Raised Median (curbed)",39.07341981,-77.1119137,"(39.07341981, -77.1119137)"
EJ7851004Y,190052062,Gaithersburg Police Depar,Injury Crash,10/29/2019 03:00:00 PM,No,Maryland (State),North,,2,North,50,FEET,LEVEL,GREAT SENECA HWY,MUDDY BRANCH RD,,N/A,,DRIVER,SAME DIR REAR END,CLOUDY,DRY,DAYLIGHT,NO CONTROLS,NONE DETECTED,,OTHER VEHICLE,N/A,NON INTERSECTION,N/A,STRAIGHT,NO DEFECTS,"TWO-WAY, DIVIDED, POSITIVE MEDIAN BARRIER",39.11213402,-77.22089077,"(39.11213402, -77.22089077)"
EJ78880074,240055325,GAITHERSBURG,Property Damage Crash,11/18/2024 02:10:00 PM,No,Local Route,"Eastbound, Northbound","Lane 1, Lane 2","1, 2",North,19.73,FEET,Level,ELLINGTON BLVD,,,,,UNKNOWN,Angle,Clear,Dry,Daylight,Stop Sign,"Not Suspect of Alcohol Use, Not Suspect of Drug Use, Not Suspect of Alcohol Use, Not Suspect of Drug Use",,Motor Vehicle In Transport,,Non-Junction,,Straight,No Defects,"Divided, Raised Median (curbed), Not Divided",39.11501341,-77.20482829,"(39.11501341, -77.20482829)"
MCP11190029,16014195,Montgomery County Police,Injury Crash,03/23/2016 08:56:00 AM,No,,,,,,,,,,,DRIVEWAY OF 12512 BARBARA RD,,PEDESTRIAN,DRIVER,OTHER,CLEAR,,DAYLIGHT,NO CONTROLS,NONE DETECTED,NONE DETECTED,PEDESTRIAN,N/A,,,,,,39.06175167,-77.08125167,"(39.06175167, -77.08125167)"
MCP3214001V,220050821,Montgomery County Police,Property Damage Crash,11/17/2022 11:24:00 AM,No,Maryland (State),North,,2,North,0,FEET,LEVEL,GERMANTOWN RD,RIFFLE FORD RD,,N/A,,DRIVER,SAME DIR REAR END,CLEAR,DRY,DAYLIGHT,NO CONTROLS,NONE DETECTED,,OTHER VEHICLE,N/A,INTERSECTION,T-INTERSECTION,STRAIGHT,NO DEFECTS,"TWO-WAY, NOT DIVIDED",39.14870833,-77.28994667,"(39.14870833, -77.28994667)"
MCP2982003X,210009906,Montgomery County Police,Injury Crash,03/16/2021 06:43:00 PM,No,Maryland (State),North,,3,South,100,FEET,LEVEL,GEORGIA AVE,CAMERON ST,,N/A,,DRIVER,OTHER,N/A,DRY,DAYLIGHT,NO CONTROLS,NONE DETECTED,,PARKED VEHICLE,N/A,NON INTERSECTION,N/A,STRAIGHT,NO DEFECTS,"TWO-WAY, DIVIDED, POSITIVE MEDIAN BARRIER",38.99698667,-77.02894833,"(38.99698667, -77.02894833)"
MCP3229000V,210004003,Montgomery County Police,Property Damage Crash,01/31/2021 07:58:00 PM,No,Municipality,North,,2,North,0,FEET,HILL UPHILL,S WASHINGTON ST,W JEFFERSON ST,,N/A,,DRIVER,SAME DIR REAR END,WINTRY MIX,SNOW,DARK LIGHTS ON,TRAFFIC SIGNAL,NONE DETECTED,,OTHER VEHICLE,N/A,INTERSECTION,T-INTERSECTION,STRAIGHT,NO DEFECTS,"TWO-WAY, DIVIDED, UNPROTECTED PAINTED MIN 4 FEET",39.083412,-77.15281367,"(39.083412, -77.15281367)"
MCP2766006Y,220034727,Montgomery County Police,Property Damage Crash,08/12/2022 02:55:00 PM,No,,,,,,,,,,,"PARKING LOT OF 2300 RANDOLPH RD, SILVER SPRING, MD 20902",,,DRIVER,SAME DIRECTION SIDESWIPE,CLEAR,,DAYLIGHT,NO CONTROLS,NONE DETECTED,,OTHER VEHICLE,N/A,,,,,,39.0581,-77.04849,"(39.0581, -77.04849)"
MCP2798001Y,16031195,Montgomery County Police,Property Damage Crash,06/20/2016 02:59:00 PM,Yes,,,,,,0,,,,,"PARKING LOT OF  3403 ROBEY TER. SILVER SPRING, MD 20905",,,DRIVER,OTHER,CLEAR,,DAYLIGHT,NO CONTROLS,UNKNOWN,,PARKED VEHICLE,N/A,,,,,,39.08247263,-76.93825364,"(39.08247263, -76.93825364)"
MCP3238000N,200022590,Montgomery County Police,Property Damage Crash,06/08/2020 07:26:00 PM,Yes,,,,,,,,,,,PARKING LOT OFF CHERRY HILL RD AT PG COUNTY LINE. 11454 CHERRY HILL RD.,,,DRIVER,OTHER,CLEAR,,DAYLIGHT,NO CONTROLS,"NONE DETECTED, UNKNOWN",,OTHER VEHICLE,N/A,,,,,,39.04492338,-76.95246514,"(39.04492338, -76.95246514)"
MCP3109008G,230060070,Montgomery County Police,Property Damage Crash,10/12/2023 01:08:00 PM,No,County,West,,1,West,100,FEET,LEVEL,NORTHWEST DR,LOCKWOOD DR,,N/A,,DRIVER,SAME DIRECTION SIDESWIPE,CLEAR,DRY,DAYLIGHT,NO CONTROLS,NONE DETECTED,,PARKED VEHICLE,OTHER VEHICLE,RESIDENTIAL DRIVEWAY,N/A,STRAIGHT,NO DEFECTS,"TWO-WAY, NOT DIVIDED",39.03696767,-76.99735083,"(39.03696767, -76.99735083)"
MCP27980058,220044026,Montgomery County Police,Injury Crash,10/08/2022 05:10:00 PM,No,County,East,,2,West,0,FEET,HILL UPHILL,WISTERIA DR,GERMANTOWN RD,,N/A,,DRIVER,STRAIGHT MOVEMENT ANGLE,CLEAR,DRY,DAYLIGHT,NO CONTROLS,"N/A, NONE DETECTED",,OTHER VEHICLE,OTHER VEHICLE,INTERSECTION,T-INTERSECTION,STRAIGHT,NO DEFECTS,"TWO-WAY, DIVIDED, UNPROTECTED PAINTED MIN 4 FEET",39.17758833,-77.271315,"(39.17758833, -77.271315)"
MCP304800B4,230027703,Montgomery County Police,Property Damage Crash,06/09/2023 08:00:00 AM,Yes,County,West,,1,East,0,FEET,LEVEL,JONES BRIDGE RD,ROCKVILLE PIKE,,N/A,,DRIVER,SAME DIR REAR END,CLEAR,DRY,DAYLIGHT,TRAFFIC SIGNAL,"N/A, UNKNOWN",,OTHER VEHICLE,N/A,INTERSECTION,FOUR-WAY INTERSECTION,STRAIGHT,NO DEFECTS,"TWO-WAY, DIVIDED, UNPROTECTED PAINTED MIN 4 FEET",38.9968985,-77.09569767,"(38.9968985, -77.09569767)"