Report Number,Local Case Number,Agency Name,ACRS Report Type,Crash Date/Time,Hit/Run,Route Type,Lane Direction,Lane Type,Number of Lanes,Direction,Distance,Distance Unit,Road Grade,Road Name,Cross-Street Name,Off-Road Description,Municipality,Related Non-Motorist,At Fault,Collision Type,Weather,Surface Condition,Light,Traffic Control,Driver Substance Abuse,Non-Motorist Substance Abuse,First Harmful Event,Second Harmful Event,Junction,Intersection Type,Road Alignment,Road Condition,Road Division,Latitude,Longitude,Location
DD5520001V,230015314,Rockville Police Departme,Injury Crash,03/30/2023 11:35:00 AM,No,Municipality,West,,2,East,0,FEET,LEVEL,BALTIMORE RD,FIRST ST,,N/A,,DRIVER,SAME DIR REND RIGHT TURN,CLEAR,DRY,DAYLIGHT,TRAFFIC SIGNAL,NONE DETECTED,,OTHER VEHICLE,N/A,INTERSECTION,FOUR-WAY INTERSECTION,STRAIGHT,NO DEFECTS,"TWO-WAY, DIVIDED, UNPROTECTED PAINTED MIN 4 FEET",39.08459674,-77.13612283,"(39.08459674, -77.13612283)"
MCP3005004Q,190042353,Montgomery County Police,Injury Crash,09/04/2019 02:15:00 PM,No,Maryland (State),North,,3,North,100,FEET,LEVEL,GEORGIA AVE,ARCOLA AVE,,N/A,,DRIVER,SAME DIR REAR END,CLEAR,DRY,DAYLIGHT,NO CONTROLS,NONE DETECTED,,OTHER VEHICLE,N/A,NON INTERSECTION,N/A,STRAIGHT,NO DEFECTS,"TWO-WAY, DIVIDED, POSITIVE MEDIAN BARRIER",39.04338667,-77.05243,"(39.04338667, -77.05243)"
MCP2358003Z,170533225,Montgomery County Police,Property Damage Crash,09/26/2017 02:18:00 PM,No,,,,,,,,,,,PROPERTY OF  9600 NEWBRIDGE DRIVE,,,DRIVER,ANGLE MEETS LEFT HEAD ON,CLEAR,,DAYLIGHT,NO CONTROLS,NONE DETECTED,,OTHER VEHICLE,N/A,,,,,,39.021757,-77.186323,"(39.021757, -77.186323)"
MCP3080005J,250015121,MONTGOMERY,Injury Crash,04/07/2025 04:25:00 PM,No,County Route,Northbound,Lane 1,1,South,5.32,FEET,Level,MIDDLEBROOK RD,CENTURY BLVD,,,,DRIVER,Front to Front,Clear,Wet,Daylight,"No Controls, Stop Sign","Not Suspect of Alcohol Use, Not Suspect of Drug Use, Not Suspect of Alcohol Use, Not Suspect of Drug Use",,Motor Vehicle In Transport,,Non-Junction,,Straight,No Defects,Not Divided,39.18017731,-77.2686227,"(39.18017731, -77.2686227)"
MCP2564003L,230052687,Montgomery County Police,Property Damage Crash,09/01/2023 05:15:00 PM,Yes,County,West,,2,East,0,FEET,LEVEL,CENTERWAY RD,GOSHEN RD,,N/A,,DRIVER,HEAD ON LEFT TURN,CLEAR,DRY,DAYLIGHT,TRAFFIC SIGNAL,"NONE DETECTED, UNKNOWN",,OTHER VEHICLE,N/A,INTERSECTION,FOUR-WAY INTERSECTION,STRAIGHT,NO DEFECTS,"TWO-WAY, NOT DIVIDED",39.1694854,-77.19058719,"(39.1694854, -77.19058719)"
MCP0833000Y,180035762,Montgomery County Police,Property Damage Crash,07/19/2018 02:44:00 PM,No,Maryland (State),South,,1,North,200,FEET,GRADE DOWNHILL,GEORGIA AVE,HERITAGE HILLS DR,,N/A,,DRIVER,SAME DIR REAR END,CLEAR,DRY,DAYLIGHT,NO CONTROLS,N/A,,OTHER VEHICLE,N/A,INTERSECTION RELATED,N/A,STRAIGHT,NO DEFECTS,"TWO-WAY, NOT DIVIDED",39.14809833,-77.14795,"(39.14809833, -77.14795)"
MCP30550010,180005653,Montgomery County Police,Property Damage Crash,02/02/2018 08:00:00 AM,Yes,Maryland (State),South,,2,North,20,FEET,LEVEL,LAYHILL RD,ENT TO METRO STORAGE YARD,,N/A,,DRIVER,SAME DIRECTION SIDESWIPE,CLEAR,DRY,DAYLIGHT,N/A,"N/A, UNKNOWN",,OTHER VEHICLE,N/A,INTERSECTION RELATED,FOUR-WAY INTERSECTION,STRAIGHT,NO DEFECTS,"TWO-WAY, NOT DIVIDED WITH A CONTINUOUS LEFT TURN",39.06539,-77.04797,"(39.06539, -77.04797)"
MCP30260080,220037494,Montgomery County Police,Property Damage Crash,08/30/2022 09:21:00 AM,No,Maryland (State),North,,1,East,0,FEET,HILL CREST,EAST WEST HWY,16TH ST,,N/A,OTHER,DRIVER,SINGLE VEHICLE,CLEAR,DRY,DAYLIGHT,TRAFFIC SIGNAL,NONE DETECTED,NONE DETECTED,FIXED OBJECT,N/A,INTERSECTION,FOUR-WAY INTERSECTION,STRAIGHT,NO DEFECTS,OTHER,38.99676112,-77.03980417,"(38.99676112, -77.03980417)"
MCP3125003S,220037730,Montgomery County Police,Injury Crash,08/31/2022 04:00:00 PM,No,Maryland (State),East,,2,East,5,FEET,LEVEL,RIVER RD,RIVERS EDGE DR,,N/A,,DRIVER,STRAIGHT MOVEMENT ANGLE,CLEAR,DRY,DAYLIGHT,STOP SIGN,N/A,,OTHER VEHICLE,FIXED OBJECT,N/A,FOUR-WAY INTERSECTION,STRAIGHT,NO DEFECTS,"TWO-WAY, NOT DIVIDED",39.04286833,-77.216745,"(39.04286833, -77.216745)"
MCP33520020,240037617,MONTGOMERY,Injury Crash,08/09/2024 03:45:00 PM,No,County Route,Northbound,Lane 2,2,North,30.29,FEET,Level,MIDCOUNTY HWY,,,,,DRIVER,Front to Rear,Rain,Wet,Daylight,Traffic Control Signal,"Not Suspect of Alcohol Use, Not Suspect of Drug Use, Not Suspect of Alcohol Use, Not Suspect of Drug Use",,Motor Vehicle In Transport,,Non-Junction,,Straight,No Defects,Not Divided,39.14734055,-77.16931155,"(39.14734055, -77.16931155)"
MCP21950027,180032557,Montgomery County Police,Property Damage Crash,07/02/2018 11:43:00 AM,No,Municipality,South,,3,South,250,FEET,N/A,EDMONSTON DR,ROCKVILLE PIKE,,N/A,,DRIVER,SAME DIRECTION SIDESWIPE,CLEAR,DRY,DAYLIGHT,NO CONTROLS,NONE DETECTED,,OTHER VEHICLE,N/A,OTHER,N/A,STRAIGHT,N/A,N/A,39.0744782,-77.13589892,"(39.0744782, -77.13589892)"
MCP2094008S,170517424,Montgomery County Police,Injury Crash,07/05/2017 01:44:00 PM,No,Maryland (State),South,,3,North,0,FEET,LEVEL,OLD GEORGETOWN RD,GREENTREE RD,,N/A,,DRIVER,ANGLE MEETS RIGHT TURN,CLOUDY,DRY,DAYLIGHT,TRAFFIC SIGNAL,NONE DETECTED,,OTHER VEHICLE,N/A,INTERSECTION,FOUR-WAY INTERSECTION,STRAIGHT,NO DEFECTS,"TWO-WAY, DIVIDED, POSITIVE MEDIAN BARRIER",38.999775,-77.10953,"(38.999775, -77.10953)"
MCP27280043,170525938,Montgomery County Police,Property Damage Crash,08/20/2017 11:08:00 PM,No,Maryland (State),West,,4,East,0.01,MILE,LEVEL,UNIVERSITY BLVD E,LEXINGTON DR,,N/A,,DRIVER,SAME DIRECTION SIDESWIPE,CLEAR,DRY,DARK LIGHTS ON,NO CONTROLS,"ALCOHOL PRESENT, NONE DETECTED",,OTHER VEHICLE,N/A,NON INTERSECTION,N/A,STRAIGHT,NO DEFECTS,"TWO-WAY, DIVIDED, POSITIVE MEDIAN BARRIER",39.01941333,-77.01032167,"(39.01941333, -77.01032167)"
MCP2813008N,200034422,Montgomery County Police,Property Damage Crash,09/03/2020 12:45:00 AM,No,Maryland (State),North,,2,North,0,FEET,HILL UPHILL,LAYHILL RD,QUEENSGUARD RD,,N/A,,DRIVER,SAME DIRECTION SIDESWIPE,CLEAR,WET,DARK LIGHTS ON,NO CONTROLS,N/A,,OTHER VEHICLE,N/A,INTERSECTION,FOUR-WAY INTERSECTION,STRAIGHT,NO DEFECTS,"TWO-WAY, DIVIDED, POSITIVE MEDIAN BARRIER",39.0881,-77.04484,"(39.0881, -77.04484)"
MCP1433001L,180009955,Montgomery County Police,Injury Crash,02/26/2018 04:33:00 PM,No,Municipality,West,,2,East,0,FEET,LEVEL,E MIDDLE LA,MONROE ST,,ROCKVILLE,,DRIVER,STRAIGHT MOVEMENT ANGLE,CLOUDY,DRY,DAYLIGHT,STOP SIGN,NONE DETECTED,,OTHER VEHICLE,N/A,INTERSECTION,T-INTERSECTION,STRAIGHT,NO DEFECTS,"TWO-WAY, DIVIDED, POSITIVE MEDIAN BARRIER",39.08504667,-77.14937333,"(39.08504667, -77.14937333)"
MCP2059001T,15024138,Montgomery County Police,Property Damage Crash,05/20/2015 07:28:00 AM,No,Maryland (State),North,,3,North,500,FEET,LEVEL,CONNECTICUT AVE,CHEVY CHASE LAKE DR,,N/A,,DRIVER,STRAIGHT MOVEMENT ANGLE,CLEAR,DRY,DAYLIGHT,NO CONTROLS,"N/A, NONE DETECTED",,OTHER VEHICLE,N/A,COMMERCIAL DRIVEWAY,T-INTERSECTION,STRAIGHT,NO DEFECTS,"TWO-WAY, DIVIDED, POSITIVE MEDIAN BARRIER",38.99528979,-77.07702041,"(38.99528979, -77.07702041)"
MCP31930046,230008949,Montgomery County Police,Property Damage Crash,02/22/2023 03:53:00 PM,No,County,West,,1,East,0,FEET,LEVEL,LAMBERTON DR,N BELGRADE RD,,N/A,,DRIVER,STRAIGHT MOVEMENT ANGLE,CLOUDY,DRY,DAYLIGHT,N/A,NONE DETECTED,,OTHER VEHICLE,OTHER VEHICLE,INTERSECTION,FOUR-WAY INTERSECTION,STRAIGHT,NO DEFECTS,"TWO-WAY, DIVIDED, UNPROTECTED PAINTED MIN 4 FEET",39.042105,-77.02721,"(39.042105, -77.02721)"
MCP2939003P,190023575,Montgomery County Police,Property Damage Crash,05/18/2019 06:47:00 PM,Yes,Maryland (State),South,,2,North,0,FEET,LEVEL,GREAT SENECA HWY,DAWSON FARM RD,,N/A,,DRIVER,OTHER,CLEAR,DRY,DAYLIGHT,TRAFFIC SIGNAL,"N/A, UNKNOWN",,OTHER VEHICLE,N/A,INTERSECTION,FOUR-WAY INTERSECTION,STRAIGHT,NO DEFECTS,"TWO-WAY, DIVIDED, POSITIVE MEDIAN BARRIER",39.16629333,-77.2715,"(39.16629333, -77.2715)"
MCP9113005J,190054352,Montgomery County Police,Property Damage Crash,11/11/2019 02:05:00 PM,No,County,West,,1,West,100,FEET,HILL UPHILL,GOODHILL RD,ISBELL ST,,N/A,,DRIVER,OTHER,CLEAR,DRY,DAYLIGHT,NO CONTROLS,NONE DETECTED,,PARKED VEHICLE,N/A,NON INTERSECTION,N/A,STRAIGHT,NO DEFECTS,"TWO-WAY, NOT DIVIDED",39.06372043,-77.07239651,"(39.06372043, -77.07239651)"
MCP27040014,190033388,Montgomery County Police,Property Damage Crash,07/13/2019 11:35:00 PM,Yes,County,North,,1,North,25,FEET,LEVEL,GRANDVIEW AVE,AVENA ST,,N/A,,DRIVER,OTHER,CLEAR,DRY,DARK LIGHTS ON,N/A,ALCOHOL PRESENT,,PARKED VEHICLE,N/A,NON INTERSECTION,N/A,STRAIGHT,NO DEFECTS,"TWO-WAY, NOT DIVIDED",39.04815387,-77.05299,"(39.04815387, -77.05299)"
MCP3275001Y,230051715,Montgomery County Police,Property Damage Crash,08/27/2023 07:29:00 PM,No,,,,,,,,,,,"12044 CHERRY HILL RD.,  
SS,MD, 20904",,,DRIVER,SINGLE VEHICLE,CLEAR,,DAYLIGHT,NO CONTROLS,NONE DETECTED,,FIXED OBJECT,N/A,,,,,,39.05316833,-76.95409167,"(39.05316833, -76.95409167)"
MCP1048006G,240041851,MONTGOMERY,Property Damage Crash,08/27/2024 08:00:00 PM,No,,,,0,,,FEET,,,,Private Road        DRIVEWAY OF 7722 HERITAGE FARM DR.,,,DRIVER,Single Vehicle,Unknown,,Dusk,,"Not Suspect of Alcohol Use, Not Suspect of Drug Use",,Other Non-Collision,,,,,,,39.19075273,-77.15903778,"(39.19075273, -77.15903778)"
MCP295400B7,220010242,Montgomery County Police,Property Damage Crash,03/09/2022 09:17:00 PM,No,County,North,,1,North,5,FEET,LEVEL,CARROLL AVE,ENT TO NEW HAMPSHIRE ESTATES ELEM SCH,,N/A,,DRIVER,SAME DIRECTION SIDESWIPE,CLOUDY,DRY,DARK -- UNKNOWN LIGHTING,NO CONTROLS,N/A,,PARKED VEHICLE,N/A,RESIDENTIAL DRIVEWAY,OTHER,STRAIGHT,NO DEFECTS,"TWO-WAY, NOT DIVIDED",38.99732833,-76.991835,"(38.99732833, -76.991835)"
MCP25520040,210042385,Montgomery County Police,Property Damage Crash,10/21/2021 06:25:00 PM,Yes,,West,,1,West,50,FEET,LEVEL,CADBURY AVENUE,PARK POTOMAC AVENUE,,N/A,,DRIVER,UNKNOWN,CLEAR,DRY,DARK LIGHTS ON,N/A,N/A,,PARKED VEHICLE,N/A,NON INTERSECTION,N/A,STRAIGHT,NO DEFECTS,"TWO-WAY, NOT DIVIDED",39.0601084,-77.15803367,"(39.0601084, -77.15803367)"
MCP2968001Q,170522571,Montgomery County Police,Injury Crash,08/02/2017 04:47:00 PM,No,County,North,OTHER,1,North,0,FEET,GRADE DOWNHILL,DUFIEF MILL RD,DUFIEF DR,,N/A,,UNKNOWN,UNKNOWN,CLEAR,DRY,DAYLIGHT,STOP SIGN,N/A,,OTHER VEHICLE,OTHER VEHICLE,INTERSECTION,T-INTERSECTION,STRAIGHT,NO DEFECTS,"TWO-WAY, DIVIDED, UNPROTECTED PAINTED MIN 4 FEET",39.09783795,-77.22849615,"(39.09783795, -77.22849615)"
MCP3192003C,220052351,Montgomery County Police,Property Damage Crash,11/27/2022 05:46:00 PM,Yes,Maryland (State),North,,2,North,0,FEET,LEVEL,GEORGIA AVE,BLUERIDGE AVE,,N/A,,DRIVER,OTHER,RAINING,WET,DARK NO LIGHTS,TRAFFIC SIGNAL,"N/A, NONE DETECTED",,OTHER VEHICLE,N/A,INTERSECTION,FOUR-WAY INTERSECTION,STRAIGHT,NO DEFECTS,"TWO-WAY, DIVIDED, POSITIVE MEDIAN BARRIER",39.04649407,-77.03294615,"(39.04649407, -77.03294615)"
MCP32210037,240039959,MONTGOMERY,Property Damage Crash,08/23/2024 06:40:00 PM,No,County Route,Westbound,Lane 1,1,North,0,FEET,Level,REDLAND RD,PANORAMA DR,,,,DRIVER,Angle,Clear,Dry,Daylight,No Controls,"Not Suspect of Alcohol Use, Not Suspect of Drug Use, Not Suspect of Alcohol Use, Not Suspect of Drug Use",,Motor Vehicle In Transport,,Intersection or Related,Perpendicular,Straight,No Defects,"Divided, Flush Median (greater than 4ft wide)",39.12817824,-77.14963228,"(39.12817824, -77.14963228)"
EJ7898002Z,240025426,GAITHERSBURG,Property Damage Crash,05/29/2024 01:00:00 PM,No,Municipality Route,Southbound,Left Turn Lane,"2, 3",East,0,FEET,Level,GIRARD ST (WB/L),GOSHEN RD,,,,DRIVER,Front to Rear,Cloudy,Dry,Daylight,Traffic Control Signal,"Not Suspect of Alcohol Use, Not Suspect of Drug Use, Not Suspect of Alcohol Use, Suspect of Drug Use",,Motor Vehicle In Transport,,Intersection or Related,Perpendicular,Straight,No Defects,Not Divided,39.15085094,-77.19266675,"(39.15085094, -77.19266675)"
HA2479000F,21001541,Maryland-National Capital,Property Damage Crash,08/11/2021 10:35:00 AM,No,,,,,,,,,,,PARKING LOT OF 11729 GEORGIA AVE,,,UNKNOWN,STRAIGHT MOVEMENT ANGLE,CLEAR,,DAYLIGHT,N/A,NONE DETECTED,,OTHER VEHICLE,OTHER VEHICLE,,,,,,39.04923028,-77.05095204,"(39.04923028, -77.05095204)"
MCP32240015,210040445,Montgomery County Police,Property Damage Crash,10/16/2021 03:51:00 AM,No,County,East,,2,North,200,FEET,HILL UPHILL,GREENCASTLE RD,PRINCE GEORGES CO/L,,N/A,,DRIVER,SINGLE VEHICLE,CLEAR,DRY,DARK LIGHTS ON,NO CONTROLS,NONE DETECTED,,OTHER OBJECT,N/A,NON INTERSECTION,N/A,CURVE RIGHT,NO DEFECTS,"TWO-WAY, NOT DIVIDED",39.07710527,-76.9290803,"(39.07710527, -76.9290803)"
MCP2848003G,16051945,Montgomery County Police,Property Damage Crash,10/09/2016 11:30:00 AM,Yes,,,,,,0,,,,,4935 ST ELMO AVENUE PARKING GARAGE,,,DRIVER,OTHER,CLEAR,,DAYLIGHT,NO CONTROLS,NONE DETECTED,,OTHER VEHICLE,N/A,,,,,,39.02293,-77.146125,"(39.02293, -77.146125)"
MCP26330033,230016775,Montgomery County Police,Property Damage Crash,04/08/2023 12:08:00 PM,No,County,North,,1,South,0.5,MILE,GRADE DOWNHILL,GOSHEN RD,GOSHEN MILL CT,,N/A,,DRIVER,SINGLE VEHICLE,CLEAR,DRY,DAYLIGHT,NO CONTROLS,N/A,,FIXED OBJECT,N/A,N/A,N/A,CURVE LEFT,NO DEFECTS,"TWO-WAY, NOT DIVIDED",39.20283167,-77.185795,"(39.20283167, -77.185795)"
MCP2450001P,180006239,Montgomery County Police,Property Damage Crash,02/05/2018 09:45:00 PM,Yes,,,,,,,,,,,"8718 READING ROAD
SILVER SPRING, MD 20901",,,DRIVER,SINGLE VEHICLE,N/A,,DARK NO LIGHTS,NO CONTROLS,UNKNOWN,,FIXED OBJECT,N/A,,,,,,38.99941833,-76.998145,"(38.99941833, -76.998145)"
MCP33770004,230008319,Montgomery County Police,Property Damage Crash,02/18/2023 10:18:00 PM,No,County,North,OTHER,1,West,10,FEET,HILL CREST,RIDGEFIELD RD,NEWINGTON RD,,N/A,,DRIVER,SAME DIR REAR END,CLEAR,DRY,DARK LIGHTS ON,NO CONTROLS,ALCOHOL CONTRIBUTED,,PARKED VEHICLE,N/A,N/A,N/A,STRAIGHT,NO DEFECTS,"TWO-WAY, NOT DIVIDED",38.96670133,-77.109435,"(38.96670133, -77.109435)"
MCP289200H7,250014863,MONTGOMERY,Property Damage Crash,04/05/2025 02:18:00 PM,No,County Route,Southbound,Lane 1,1,North,50.62,FEET,Level,DOUGLAS AVE,,,,,UNKNOWN,"Sideswipe, Same Direction",Clear,Dry,Daylight,No Controls,"Not Suspect of Alcohol Use, Not Suspect of Drug Use, Not Suspect of Alcohol Use, Not Suspect of Drug Use",,Motor Vehicle In Transport,,Non-Junction,,Straight,No Defects,Not Divided,39.02449258,-77.04704104,"(39.02449258, -77.04704104)"
MCP2942000K,15030782,Montgomery County Police,Property Damage Crash,06/21/2015 11:00:00 AM,Yes,,,,,,0,,,,,"Parking lot of Safeway in Damascus, Maryland
located at 9807 Main St",,,DRIVER,UNKNOWN,CLEAR,,DAYLIGHT,N/A,UNKNOWN,,PARKED VEHICLE,N/A,,,,,,39.29000349,-77.20249414,"(39.29000349, -77.20249414)"
MCP32130016,210043436,Montgomery County Police,Property Damage Crash,10/28/2021 02:43:00 AM,No,US (State),North,,3,South,100,FEET,LEVEL,COLUMBIA PIKE,BRIGGS CHANEY RD,,N/A,,DRIVER,SINGLE VEHICLE,CLEAR,DRY,DARK LIGHTS ON,NO CONTROLS,NONE DETECTED,,FIXED OBJECT,N/A,N/A,N/A,STRAIGHT,NO DEFECTS,"TWO-WAY, DIVIDED, POSITIVE MEDIAN BARRIER",39.08321067,-76.94804867,"(39.08321067, -76.94804867)"
MCP2818003M,180024177,Montgomery County Police,Injury Crash,05/17/2018 08:52:00 AM,No,US (State),North,,3,North,0,FEET,LEVEL,GEORGIA AVE,BONIFANT ST,,N/A,PEDESTRIAN,NONMOTORIST,OTHER,RAINING,WET,DAYLIGHT,TRAFFIC SIGNAL,NONE DETECTED,NONE DETECTED,PEDESTRIAN,N/A,INTERSECTION,FOUR-WAY INTERSECTION,STRAIGHT,NO DEFECTS,"TWO-WAY, DIVIDED, POSITIVE MEDIAN BARRIER",38.991615,-77.02630167,"(38.991615, -77.02630167)"
MCP2789001K,15050661,MONTGOMERY,Property Damage Crash,10/06/2015 05:17:00 PM,No,US (State),North,,3,North,0,FEET,LEVEL,COLESVILLE RD,SPRING ST,,N/A,,DRIVER,SAME DIR REAR END,CLEAR,DRY,DAYLIGHT,TRAFFIC SIGNAL,N/A,,OTHER VEHICLE,N/A,INTERSECTION,FOUR-WAY INTERSECTION,STRAIGHT,NO DEFECTS,"TWO-WAY, NOT DIVIDED",38.99914167,-77.026295,"(38.99914167, -77.026295)"
MCP3264001W,210025864,Montgomery County Police,Injury Crash,07/06/2021 08:49:00 AM,No,Maryland (State),South,LEFT TURN LANE,3,East,0,FEET,LEVEL,COLESVILLE RD,WMATA BUS LOOP,,N/A,,DRIVER,SAME DIR REAR END,CLEAR,DRY,DAYLIGHT,TRAFFIC SIGNAL,NONE DETECTED,,OTHER VEHICLE,N/A,INTERSECTION,T-INTERSECTION,STRAIGHT,NO DEFECTS,"TWO-WAY, DIVIDED, POSITIVE MEDIAN BARRIER",38.99402333,-77.030845,"(38.99402333, -77.030845)"
EJ7873005M,2200012634,Gaithersburg Police Depar,Injury Crash,03/24/2022 08:49:00 AM,Yes,,,,,,,,,,,"PARKING LOT OF 220 GIRARD STREET GAITHERSBURG, MD 20877",,PEDESTRIAN,NONMOTORIST,OTHER,CLOUDY,,DAYLIGHT,NO CONTROLS,UNKNOWN,NONE DETECTED,PEDESTRIAN,N/A,,,,,,39.14171512,-77.18314614,"(39.14171512, -77.18314614)"
DD5636000H,190046115,Rockville Police Departme,Injury Crash,09/26/2019 08:10:00 AM,No,Municipality,North,,1,North,50,FEET,LEVEL,PICCARD DR,W GUDE DR,,ROCKVILLE,BICYCLIST,DRIVER,OTHER,CLEAR,DRY,DAYLIGHT,NO CONTROLS,NONE DETECTED,NONE DETECTED,BICYCLE,N/A,N/A,N/A,STRAIGHT,NO DEFECTS,"TWO-WAY, DIVIDED, UNPROTECTED PAINTED MIN 4 FEET",39.10320783,-77.17794864,"(39.10320783, -77.17794864)"
MCP3305003Z,240057397,MONTGOMERY,Property Damage Crash,11/30/2024 10:21:00 PM,No,Maryland (State) Route,Northbound,Lane 3,4,North,0,FEET,Level,NEW HAMPSHIRE AVE,ELTON RD,,,,DRIVER,Front to Rear,Clear,Dry,Dark - Lighted,Traffic Control Signal,"Not Suspect of Alcohol Use, Not Suspect of Drug Use, Suspect of Alcohol Use, Not Suspect of Drug Use",,Motor Vehicle In Transport,Motor Vehicle In Transport,Intersection or Related,Perpendicular,Straight,No Defects,"Divided, Raised Median (curbed)",39.02024279,-76.97658308,"(39.02024279, -76.97658308)"
EJ7876000Q,190027535,Gaithersburg Police Depar,Property Damage Crash,06/09/2019 01:00:00 AM,Yes,Municipality,West,,1,North,0,FEET,LEVEL,PARK AVE,LEE ST,,GAITHERSBURG,,DRIVER,SAME DIRECTION SIDESWIPE,N/A,N/A,UNKNOWN,NO CONTROLS,"N/A, UNKNOWN",,PARKED VEHICLE,N/A,NON INTERSECTION,N/A,STRAIGHT,N/A,"TWO-WAY, NOT DIVIDED",39.14476167,-77.19512167,"(39.14476167, -77.19512167)"
MCP1608000L,170503656,Montgomery County Police,Injury Crash,04/23/2017 11:59:00 PM,No,Interstate (State),North,,1,South,50,FEET,ON BRIDGE,CABIN JOHN PKWY,STRUC #15086 CABIN JOHN CREEK,,N/A,,DRIVER,SINGLE VEHICLE,N/A,WET,DARK LIGHTS ON,NO CONTROLS,NONE DETECTED,,FIXED OBJECT,N/A,NON INTERSECTION,N/A,CURVE LEFT,NO DEFECTS,ONE-WAY TRAFFICWAY,38.97050167,-77.14676667,"(38.97050167, -77.14676667)"
MCP1235002F,200033792,Montgomery County Police,Property Damage Crash,08/29/2020 03:33:00 PM,No,Maryland (State),North,,3,North,300,FEET,HILL CREST,NEW HAMPSHIRE AVE,ADELPHI RD,,N/A,,DRIVER,SAME DIR REAR END,CLEAR,DRY,DAYLIGHT,NO CONTROLS,NONE DETECTED,,OTHER VEHICLE,OTHER VEHICLE,NON INTERSECTION,N/A,STRAIGHT,NO DEFECTS,"TWO-WAY, DIVIDED, POSITIVE MEDIAN BARRIER",39.012985,-76.978415,"(39.012985, -76.978415)"
MCP1048004B,190011816,Montgomery County Police,Injury Crash,03/14/2019 01:29:00 PM,No,Maryland (State),East,,2,East,200,FEET,HILL UPHILL,SENECA RD,ESWORTHY RD,,N/A,,DRIVER,SINGLE VEHICLE,CLEAR,DRY,DAYLIGHT,N/A,N/A,,OFF ROAD,OVERTURN,N/A,N/A,CURVE RIGHT,NO DEFECTS,"TWO-WAY, NOT DIVIDED",39.088555,-77.30240833,"(39.088555, -77.30240833)"
EJ78330048,180003392,Gaithersburg Police Depar,Property Damage Crash,01/20/2018 11:29:00 PM,Yes,County,South,,1,North,0,FEET,LEVEL,LONGDRAFT RD,CLOPPER RD,,N/A,,DRIVER,SAME DIRECTION SIDESWIPE,CLEAR,DRY,DARK LIGHTS ON,TRAFFIC SIGNAL,"NONE DETECTED, UNKNOWN",,OTHER VEHICLE,N/A,INTERSECTION,FOUR-WAY INTERSECTION,STRAIGHT,NO DEFECTS,"TWO-WAY, DIVIDED, POSITIVE MEDIAN BARRIER",39.14844438,-77.23787516,"(39.14844438, -77.23787516)"
DM8374002P,200016207,Takoma Park Police Depart,Property Damage Crash,04/16/2020 05:45:00 PM,No,Maryland (State),East,,2,East,100,FEET,LEVEL,ETHAN ALLEN AVE,NEW HAMPSHIRE AVE,,N/A,,DRIVER,SAME DIR REAR END,CLEAR,DRY,DAYLIGHT,TRAFFIC SIGNAL,N/A,,OTHER VEHICLE,OTHER VEHICLE,NON INTERSECTION,N/A,STRAIGHT,N/A,"TWO-WAY, DIVIDED, POSITIVE MEDIAN BARRIER",38.9754896,-76.9951727,"(38.9754896, -76.9951727)"
MCP2812004G,180064944,Montgomery County Police,Injury Crash,12/28/2018 06:16:00 PM,No,US (State),North,,4,North,0,UNKNOWN,LEVEL,COLESVILLE RD,WOODSIDE PKWY,,N/A,,DRIVER,SAME DIRECTION SIDESWIPE,RAINING,WET,DARK LIGHTS ON,NO CONTROLS,N/A,,OTHER VEHICLE,N/A,OTHER,N/A,STRAIGHT,NO DEFECTS,"TWO-WAY, NOT DIVIDED",39.00211571,-77.02482671,"(39.00211571, -77.02482671)"
MCP2849002B,17001468,Montgomery County Police,Property Damage Crash,01/09/2017 04:29:00 PM,No,Maryland (State),South,,2,South,150,FEET,HILL UPHILL,NEW HAMPSHIRE AVE,GREENBRIDGE RD,,N/A,,DRIVER,HEAD ON LEFT TURN,CLEAR,DRY,DUSK,NO CONTROLS,NONE DETECTED,,OTHER VEHICLE,N/A,N/A,N/A,STRAIGHT,NO DEFECTS,"TWO-WAY, NOT DIVIDED",39.19802,-77.02475333,"(39.19802, -77.02475333)"
MCP3031001H,170534039,Montgomery County Police,Property Damage Crash,09/30/2017 04:30:00 PM,No,County,West,,4,East,0,FEET,LEVEL,RANDOLPH RD,GLENALLAN AVE,,N/A,,DRIVER,SAME DIRECTION SIDESWIPE,CLEAR,DRY,DAYLIGHT,TRAFFIC SIGNAL,NONE DETECTED,,OTHER VEHICLE,OTHER VEHICLE,INTERSECTION,FOUR-WAY INTERSECTION,STRAIGHT,NO DEFECTS,"TWO-WAY, DIVIDED, POSITIVE MEDIAN BARRIER",39.06044333,-77.04498,"(39.06044333, -77.04498)"
MCP33870016,240024395,MONTGOMERY,Property Damage Crash,05/23/2024 11:34:00 AM,No,US (State),Southbound,Lane 2,3,North,52.53,FEET,Level,COLUMBIA PIKE (SB/L),,,,,DRIVER,Front to Rear,Cloudy,Dry,Daylight,Traffic Control Signal,"Not Suspect of Alcohol Use, Not Suspect of Drug Use, Not Suspect of Alcohol Use, Not Suspect of Drug Use",,Motor Vehicle In Transport,,Non-Junction,,Straight,No Defects,"Divided, Flush Median (greater than 4ft wide)",39.09605408,-76.93780624,"(39.09605408, -76.93780624)"