Report Number,Local Case Number,Agency Name,ACRS Report Type,Crash Date/Time,Hit/Run,Route Type,Lane Direction,Lane Type,Number of Lanes,Direction,Distance,Distance Unit,Road Grade,Road Name,Cross-Street Name,Off-Road Description,Municipality,Related Non-Motorist,At Fault,Collision Type,Weather,Surface Condition,Light,Traffic Control,Driver Substance Abuse,Non-Motorist Substance Abuse,First Harmful Event,Second Harmful Event,Junction,Intersection Type,Road Alignment,Road Condition,Road Division,Latitude,Longitude,Location
MCP3058003K,200010125,Montgomery County Police,Injury Crash,02/29/2020 03:57:00 PM,No,County,West,,2,South,100,FEET,HILL UPHILL,CHERRY GROVE DR,CHERRY GROVE CT,,N/A,,DRIVER,HEAD ON,CLOUDY,DRY,DAYLIGHT,NO CONTROLS,NONE DETECTED,,OTHER VEHICLE,FIXED OBJECT,NON INTERSECTION,N/A,STRAIGHT,NO DEFECTS,"TWO-WAY, NOT DIVIDED",39.10688833,-77.24165,"(39.10688833, -77.24165)"
MCP2244001C,17004629,Montgomery County Police,Property Damage Crash,01/26/2017 08:05:00 PM,No,,,,,,0,,,,,PARKING LOT OF 10105 NEW HAMPSHIRE AVE,,,DRIVER,STRAIGHT MOVEMENT ANGLE,CLEAR,,DARK LIGHTS ON,TRAFFIC SIGNAL,NONE DETECTED,,OTHER VEHICLE,N/A,,,,,,39.02178644,-76.97597623,"(39.02178644, -76.97597623)"
EJ7829003V,170548364,Gaithersburg Police Depar,Property Damage Crash,12/13/2017 03:30:00 PM,Yes,,,,,,,,,,,PARKING LOT OF 15 METROPOLITAN GROVE RD,,,DRIVER,OTHER,CLEAR,,DAYLIGHT,NO CONTROLS,UNKNOWN,,PARKED VEHICLE,N/A,,,,,,39.11758833,-77.23250333,"(39.11758833, -77.23250333)"
MCP2637005W,250008502,MONTGOMERY,Property Damage Crash,02/26/2025 01:30:00 PM,No,County Route,Northbound,Lane 1,2,North,27.02,FEET,Level,,,,,,UNKNOWN,Single Vehicle,Clear,Dry,Daylight,No Controls,"Not Suspect of Alcohol Use, Not Suspect of Drug Use",,Mailbox,,Non-Junction,,Straight,No Defects,"Divided, Flush Median (greater than 4ft wide)",39.10381078,-77.25266682,"(39.10381078, -77.25266682)"
MCP2663000D,170544007,Montgomery County Police,Injury Crash,11/20/2017 10:02:00 PM,No,Maryland (State),West,,2,East,0,FEET,HILL UPHILL,EAST WEST HWY,ROCTON AVE,,N/A,,DRIVER,SINGLE VEHICLE,CLEAR,DRY,DARK LIGHTS ON,NO CONTROLS,UNKNOWN,,FIXED OBJECT,N/A,INTERSECTION,T-INTERSECTION,CURVE LEFT,NO DEFECTS,"TWO-WAY, NOT DIVIDED",38.99095333,-77.069245,"(38.99095333, -77.069245)"
MCP29480037,190018007,Montgomery County Police,Property Damage Crash,04/17/2019 04:00:00 PM,No,County,West,,1,East,0,FEET,LEVEL,LAMBERTON DR,N BELGRADE RD,,N/A,,DRIVER,STRAIGHT MOVEMENT ANGLE,CLEAR,DRY,DAYLIGHT,STOP SIGN,N/A,,OTHER VEHICLE,N/A,INTERSECTION,FOUR-WAY INTERSECTION,STRAIGHT,NO DEFECTS,"TWO-WAY, NOT DIVIDED",39.042235,-77.02720833,"(39.042235, -77.02720833)"
MCP34010015,240031876,MONTGOMERY,Injury Crash,07/06/2024 05:00:00 PM,No,Ramp,Westbound,On Ramp,2,North,14.56,FEET,Level,RAMP 2 FR IS 495 WB TO MD 193 NB,,,,,DRIVER,"Sideswipe, Opposite Direction",Clear,Dry,Daylight,Traffic Control Signal,"Not Suspect of Alcohol Use, Not Suspect of Drug Use, Not Suspect of Alcohol Use, Not Suspect of Drug Use",,Motor Vehicle In Transport,,Entrance/Exit Ramp or Related,,Straight,No Defects,Not Divided,39.01602411,-77.00543405,"(39.01602411, -77.00543405)"
MCP3218002Z,220014499,Montgomery County Police,Property Damage Crash,04/05/2022 03:40:00 PM,Yes,County,East,,3,East,0,FEET,LEVEL,RANDOLPH RD,DALEWOOD DR,,N/A,,DRIVER,SAME DIRECTION SIDESWIPE,RAINING,WET,DAYLIGHT,TRAFFIC SIGNAL,"NONE DETECTED, UNKNOWN",,OTHER VEHICLE,N/A,INTERSECTION,FOUR-WAY INTERSECTION,STRAIGHT,NO DEFECTS,"TWO-WAY, DIVIDED, POSITIVE MEDIAN BARRIER",39.058896,-77.0697195,"(39.058896, -77.0697195)"
MCP2464000P,16033175,Montgomery County Police,Injury Crash,06/30/2016 06:57:00 PM,No,County,North,,1,South,35,FEET,LEVEL,GRUBB RD,ROSS RD,,N/A,,DRIVER,STRAIGHT MOVEMENT ANGLE,CLEAR,N/A,DAYLIGHT,NO CONTROLS,"N/A, NONE DETECTED",,OTHER VEHICLE,N/A,NON INTERSECTION,N/A,STRAIGHT,NO DEFECTS,"TWO-WAY, DIVIDED, UNPROTECTED PAINTED MIN 4 FEET",38.99545167,-77.054665,"(38.99545167, -77.054665)"
DD56330059,210009640,Rockville Police Departme,Property Damage Crash,03/15/2021 06:50:00 AM,No,Municipality,South,,2,North,0,FEET,LEVEL,PIER DR,TWINBROOK PKWY,,N/A,,DRIVER,STRAIGHT MOVEMENT ANGLE,CLEAR,DRY,DAWN,NO CONTROLS,NONE DETECTED,,OTHER VEHICLE,N/A,RESIDENTIAL DRIVEWAY,OTHER,STRAIGHT,NO DEFECTS,"TWO-WAY, NOT DIVIDED",39.06865644,-77.11413438,"(39.06865644, -77.11413438)"
MCP22370003,15007023,Montgomery County Police,Property Damage Crash,02/11/2015 10:00:00 PM,No,Maryland (State),South,LEFT TURN LANE,3,North,5,FEET,LEVEL,WOODFIELD RD,FLOWER HILL WAY,,N/A,,DRIVER,SAME DIR REAR END,CLEAR,DRY,DARK LIGHTS ON,TRAFFIC SIGNAL,"ALCOHOL CONTRIBUTED, NONE DETECTED",,OTHER VEHICLE,N/A,INTERSECTION RELATED,FOUR-WAY INTERSECTION,STRAIGHT,NO DEFECTS,"TWO-WAY, NOT DIVIDED",39.15627131,-77.16549039,"(39.15627131, -77.16549039)"
DD5502006C,220021687,Rockville Police Departme,Property Damage Crash,05/21/2022 01:00:00 PM,No,Maryland (State),South,LEFT TURN LANE,1,North,0,FEET,LEVEL,FALLS RD,KERSEY LA,,ROCKVILLE,,DRIVER,HEAD ON LEFT TURN,CLEAR,DRY,DAYLIGHT,TRAFFIC SIGNAL,NONE DETECTED,,OTHER VEHICLE,N/A,INTERSECTION,FOUR-WAY INTERSECTION,STRAIGHT,NO DEFECTS,"TWO-WAY, DIVIDED, UNPROTECTED PAINTED MIN 4 FEET",39.06648574,-77.17419694,"(39.06648574, -77.17419694)"
MCP26890023,16043493,Montgomery County Police,Injury Crash,08/26/2016 06:27:00 PM,No,County,South,,1,East,0,FEET,HILL UPHILL,NEEDWOOD RD,REDLAND RD,,N/A,BICYCLIST,DRIVER,STRAIGHT MOVEMENT ANGLE,CLEAR,DRY,DAYLIGHT,STOP SIGN,NONE DETECTED,NONE DETECTED,BICYCLE,N/A,INTERSECTION,T-INTERSECTION,STRAIGHT,NO DEFECTS,"TWO-WAY, NOT DIVIDED",39.12307833,-77.15676167,"(39.12307833, -77.15676167)"
MCP2931006P,240009224,MONTGOMERY,Property Damage Crash,02/25/2024 04:48:00 PM,No,Municipality Route,Southbound,"Lane 1, Lane 2",3,West,0,FEET,Level,ROLLINS AVE,ROCKVILLE PIKE (SB/L),,,,DRIVER,Angle,Clear,Dry,Daylight,No Controls,"Not Suspect of Alcohol Use, Not Suspect of Drug Use, Not Suspect of Alcohol Use, Not Suspect of Drug Use",,Motor Vehicle In Transport,Not Applicable,Through Roadway,,Straight,No Defects,"Divided, Raised Median (curbed)",39.05878795,-77.12142395,"(39.05878795, -77.12142395)"
MCP3006000R,16015349,MONTGOMERY,Injury Crash,03/29/2016 12:09:00 PM,No,County,East,,1,North,0,FEET,GRADE DOWNHILL,NEWPORT MILL RD,DAWSON AVE,,N/A,,DRIVER,OPPOSITE DIRECTION SIDESWIPE,CLEAR,DRY,DAYLIGHT,NO CONTROLS,NONE DETECTED,,OTHER VEHICLE,OTHER VEHICLE,INTERSECTION,Y-INTERSECTION,STRAIGHT,NO DEFECTS,"TWO-WAY, NOT DIVIDED",39.04511667,-77.06482833,"(39.04511667, -77.06482833)"
MCP1522001N,170542935,Montgomery County Police,Property Damage Crash,11/15/2017 10:40:00 AM,No,Other Public Roadway,North,,1,North,250,FEET,GRADE DOWNHILL,WOODFIELD RD EXT,ENT TO SHOPPING CENTER,,N/A,,DRIVER,SAME DIR REAR END,N/A,DRY,DAYLIGHT,NO CONTROLS,N/A,,OTHER VEHICLE,N/A,COMMERCIAL DRIVEWAY,T-INTERSECTION,STRAIGHT,NO DEFECTS,"TWO-WAY, NOT DIVIDED",39.28845833,-77.20125333,"(39.28845833, -77.20125333)"
MCP3209003W,230001976,Montgomery County Police,Property Damage Crash,01/12/2023 07:34:00 PM,No,Maryland (State),East,,1,North,0,FEET,LEVEL,16TH ST,WASH DC LINE,,N/A,,DRIVER,STRAIGHT MOVEMENT ANGLE,CLEAR,DRY,DARK LIGHTS ON,TRAFFIC SIGNAL,NONE DETECTED,,OTHER VEHICLE,N/A,INTERSECTION RELATED,ROUNDABOUT,STRAIGHT,NO DEFECTS,"TWO-WAY, DIVIDED, UNPROTECTED PAINTED MIN 4 FEET",38.99213435,-77.03617722,"(38.99213435, -77.03617722)"
DD5583005P,190036993,Rockville Police Departme,Property Damage Crash,08/03/2019 10:16:00 AM,No,,,,,,,,,,,PARKING LOT OF 1405 RESEARCH BLVD,,,DRIVER,SAME DIR REAR END,CLEAR,,DAYLIGHT,STOP SIGN,NONE DETECTED,,OTHER VEHICLE,N/A,,,,,,39.091113,-77.17802483,"(39.091113, -77.17802483)"
MCP3137000N,190005324,Montgomery County Police,Property Damage Crash,02/03/2019 02:45:00 AM,No,Interstate (State),West,,4,West,50,FEET,LEVEL,CAPITAL BELTWAY,MILE MARKER 31.0,,N/A,,DRIVER,SAME DIR REAR END,N/A,N/A,DARK LIGHTS ON,N/A,"N/A, NONE DETECTED",,OTHER VEHICLE,N/A,NON INTERSECTION,N/A,CURVE RIGHT,NO DEFECTS,ONE-WAY TRAFFICWAY,39.013955,-77.03459,"(39.013955, -77.03459)"
MCP2844003R,190027291,Montgomery County Police,Property Damage Crash,06/07/2019 06:00:00 PM,No,Maryland (State),South,,4,East,0,FEET,HILL UPHILL,VEIRS MILL RD,ENNALLS AVE,,N/A,,DRIVER,SAME DIRECTION RIGHT TURN,CLEAR,DRY,DAYLIGHT,NO CONTROLS,NONE DETECTED,,OTHER VEHICLE,N/A,INTERSECTION,FOUR-WAY INTERSECTION,STRAIGHT,NO DEFECTS,"TWO-WAY, DIVIDED, POSITIVE MEDIAN BARRIER",39.039295,-77.05387333,"(39.039295, -77.05387333)"
MCP2855001D,16038631,Montgomery County Police,Injury Crash,07/30/2016 10:00:00 PM,No,Maryland (State),North,,1,North,0,FEET,LEVEL,FALLS RD,MONTROSE RD,,N/A,,DRIVER,HEAD ON LEFT TURN,RAINING,WET,DARK LIGHTS ON,TRAFFIC SIGNAL,NONE DETECTED,,OTHER VEHICLE,OTHER VEHICLE,INTERSECTION RELATED,T-INTERSECTION,STRAIGHT,NO DEFECTS,"TWO-WAY, DIVIDED, UNPROTECTED PAINTED MIN 4 FEET",39.05627367,-77.17939094,"(39.05627367, -77.17939094)"
DM8505000F,230030901,Takoma Park Police Depart,Property Damage Crash,05/23/2023 07:22:00 PM,Yes,Maryland (State),North,,3,North,0,FEET,LEVEL,NEW HAMPSHIRE AVE,LARCH AVE,,TAKOMA PARK,,DRIVER,SAME DIR REAR END,CLEAR,DRY,DAYLIGHT,N/A,N/A,,OTHER VEHICLE,N/A,INTERSECTION,FOUR-WAY INTERSECTION,STRAIGHT,NO DEFECTS,"TWO-WAY, NOT DIVIDED",38.9776167,-76.99175408,"(38.9776167, -76.99175408)"
HA24830018,23002065,Maryland-National Capital,Injury Crash,10/27/2023 03:52:00 PM,No,Government,South,,2,South,10,FEET,LEVEL,BEACH DR,CONNECTICUT AVE,,N/A,,DRIVER,SINGLE VEHICLE,CLEAR,DRY,DAYLIGHT,N/A,NONE DETECTED,,FIXED OBJECT,N/A,NON INTERSECTION,N/A,CURVE RIGHT,NO DEFECTS,"TWO-WAY, NOT DIVIDED",39.00855102,-77.08232689,"(39.00855102, -77.08232689)"
DD5635002L,200018385,Rockville Police Departme,Injury Crash,05/05/2020 07:50:00 PM,No,Maryland (State),North,,3,South,10,FEET,LEVEL,HUNGERFORD DR,BEALL AVE #2,,ROCKVILLE,,DRIVER,SAME DIR REAR END,RAINING,WET,DARK LIGHTS ON,TRAFFIC SIGNAL,NONE DETECTED,,OTHER VEHICLE,N/A,INTERSECTION RELATED,T-INTERSECTION,STRAIGHT,NO DEFECTS,"TWO-WAY, DIVIDED, POSITIVE MEDIAN BARRIER",39.087194,-77.14982983,"(39.087194, -77.14982983)"
MCP2754001K,170530590,Montgomery County Police,Injury Crash,09/14/2017 05:43:00 PM,Yes,Maryland (State),East,OTHER,1,North,0,FEET,LEVEL,PINEY BRANCH RD,BARRON ST,,N/A,,DRIVER,STRAIGHT MOVEMENT ANGLE,CLEAR,DRY,DAYLIGHT,TRAFFIC SIGNAL,NONE DETECTED,,OTHER VEHICLE,N/A,INTERSECTION,T-INTERSECTION,STRAIGHT,NO DEFECTS,"TWO-WAY, NOT DIVIDED",38.99913833,-76.9975,"(38.99913833, -76.9975)"
MCP2639005F,180062866,Montgomery County Police,Property Damage Crash,12/17/2018 05:54:00 AM,Yes,Maryland (State),West,,1,East,0.1,MILE,LEVEL,ASHTON RD,TUCKER LA,,N/A,,DRIVER,SINGLE VEHICLE,CLOUDY,WET,DARK NO LIGHTS,NO CONTROLS,UNKNOWN,,FIXED OBJECT,FIXED OBJECT,NON INTERSECTION,N/A,CURVE RIGHT,NO DEFECTS,"TWO-WAY, DIVIDED, UNPROTECTED PAINTED MIN 4 FEET",39.16086333,-76.98224667,"(39.16086333, -76.98224667)"
HA2368000B,16000959,Maryland-National Capital,Property Damage Crash,07/29/2016 01:20:00 PM,No,County,North,,2,North,40,FEET,LEVEL,CAMERON ST,GEORGIA AVE,,N/A,,DRIVER,OTHER,CLEAR,DRY,DAYLIGHT,TRAFFIC SIGNAL,NONE DETECTED,,OTHER VEHICLE,N/A,INTERSECTION RELATED,FOUR-WAY INTERSECTION,STRAIGHT,NO DEFECTS,"TWO-WAY, DIVIDED, UNPROTECTED PAINTED MIN 4 FEET",39.03625921,-76.93724513,"(39.03625921, -76.93724513)"
MCP06170020,180036639,Montgomery County Police,Property Damage Crash,07/24/2018 12:16:00 PM,No,Maryland (State),South,,2,South,100,FEET,HILL CREST,MARKET ST,BROOKEVILLE RD,,N/A,,DRIVER,OPPOSITE DIRECTION SIDESWIPE,RAINING,WET,DAYLIGHT,NO CONTROLS,NONE DETECTED,,OTHER VEHICLE,N/A,NON INTERSECTION,N/A,CURVE RIGHT,NO DEFECTS,"TWO-WAY, NOT DIVIDED",39.14922,-77.06652333,"(39.14922, -77.06652333)"
MCP29390065,220001782,Montgomery County Police,Property Damage Crash,01/14/2022 08:41:00 PM,Yes,Maryland (State),South,,1,South,10,FEET,LEVEL,FREDERICK RD,REDGRAVE PL,,N/A,,DRIVER,STRAIGHT MOVEMENT ANGLE,N/A,DRY,DARK LIGHTS ON,N/A,N/A,,OTHER VEHICLE,N/A,N/A,N/A,STRAIGHT,NO DEFECTS,"TWO-WAY, DIVIDED, UNPROTECTED PAINTED MIN 4 FEET",39.23899167,-77.279565,"(39.23899167, -77.279565)"
MCP28300024,16024144,Montgomery County Police,Property Damage Crash,05/15/2016 02:16:00 PM,No,County,South,,1,East,500,FEET,LEVEL,TEABERRY RD,CAMELLIA DR,,N/A,,DRIVER,SAME DIR REAR END,CLEAR,DRY,DAYLIGHT,NO CONTROLS,NONE DETECTED,,OTHER VEHICLE,FIXED OBJECT,NON INTERSECTION,N/A,STRAIGHT,NO DEFECTS,"TWO-WAY, NOT DIVIDED",39.067725,-77.04516333,"(39.067725, -77.04516333)"
MCP2475005R,210010384,Montgomery County Police,Property Damage Crash,03/19/2021 05:29:00 PM,No,Maryland (State),North,,4,South,15,FEET,LEVEL,NEW HAMPSHIRE AVE,OVERLOOK DR,,N/A,,DRIVER,SAME DIRECTION RIGHT TURN,N/A,DRY,DAYLIGHT,N/A,NONE DETECTED,,OTHER VEHICLE,N/A,NON INTERSECTION,N/A,STRAIGHT,NO DEFECTS,"TWO-WAY, DIVIDED, UNPROTECTED PAINTED MIN 4 FEET",39.02434667,-76.979195,"(39.02434667, -76.979195)"
MCP27770025,15058180,MONTGOMERY,Injury Crash,11/14/2015 04:45:00 PM,No,Maryland (State),North,,3,North,0,FEET,HILL UPHILL,ROCKVILLE PIKE,TUCKERMAN LA,,N/A,,DRIVER,HEAD ON LEFT TURN,CLEAR,DRY,DAYLIGHT,TRAFFIC SIGNAL,NONE DETECTED,,OTHER VEHICLE,N/A,INTERSECTION,FOUR-WAY INTERSECTION,STRAIGHT,NO DEFECTS,"TWO-WAY, DIVIDED, POSITIVE MEDIAN BARRIER",39.03062,-77.105089,"(39.03062, -77.105089)"
MCP30290014,170519997,Montgomery County Police,Injury Crash,07/19/2017 04:45:00 PM,No,County,West,,4,North,20,FEET,LEVEL,ASPEN HILL RD,CONNECTICUT AVE,,N/A,,DRIVER,ANGLE MEETS LEFT TURN,CLEAR,DRY,DAYLIGHT,NO CONTROLS,NONE DETECTED,,OTHER VEHICLE,OTHER VEHICLE,NON INTERSECTION,N/A,STRAIGHT,NO DEFECTS,"TWO-WAY, DIVIDED, UNPROTECTED PAINTED MIN 4 FEET",39.08038833,-77.08159833,"(39.08038833, -77.08159833)"
MCP0619000T,16012744,MONTGOMERY,Injury Crash,03/15/2016 11:56:00 AM,No,Municipality,South,,1,South,50,FEET,LEVEL,JEFFERSON PLAZA,PARK AVE,,ROCKVILLE,PEDESTRIAN,DRIVER,OTHER,CLOUDY,DRY,DAYLIGHT,OTHER,N/A,N/A,PEDESTRIAN,N/A,NON INTERSECTION,N/A,STRAIGHT,NO DEFECTS,ONE-WAY TRAFFICWAY,39.08102248,-77.14677796,"(39.08102248, -77.14677796)"
MCP04870027,180013181,Montgomery County Police,Property Damage Crash,03/16/2018 11:55:00 AM,No,Maryland (State),North,,3,North,150,FEET,HILL UPHILL,WOODFIELD RD,AIRPARK RD,,N/A,,DRIVER,SAME DIR REAR END,CLEAR,DRY,DAYLIGHT,NO CONTROLS,NONE DETECTED,,OTHER VEHICLE,N/A,N/A,N/A,STRAIGHT,NO DEFECTS,"TWO-WAY, DIVIDED, POSITIVE MEDIAN BARRIER",39.16983333,-77.15392333,"(39.16983333, -77.15392333)"
MCP3005005V,210026972,Montgomery County Police,Property Damage Crash,07/13/2021 10:44:00 AM,Yes,,,,,,,,,,,PARKING LOT OF 11160 VEIRS MILL ROAD,,,UNKNOWN,SAME DIRECTION SIDESWIPE,CLEAR,,DAYLIGHT,NO CONTROLS,"NONE DETECTED, UNKNOWN",,OTHER VEHICLE,N/A,,,,,,39.03603748,-77.0559309,"(39.03603748, -77.0559309)"
MCP23470021,190004373,Montgomery County Police,Property Damage Crash,01/28/2019 09:28:00 AM,No,,,,,,,,,,,"11217 NEW HAMPSHIRE AVE
WHITE OAK SHOPPING CENTER",,,DRIVER,OTHER,N/A,,DAYLIGHT,NO CONTROLS,NONE DETECTED,,PARKED VEHICLE,PARKED VEHICLE,,,,,,39.04177167,-76.98751667,"(39.04177167, -76.98751667)"
MCP2961001H,16056790,Montgomery County Police,Injury Crash,11/03/2016 09:44:00 PM,No,Maryland (State),East,,3,East,0,FEET,LEVEL,UNIVERSITY BLVD W,INWOOD AVE,,N/A,,UNKNOWN,STRAIGHT MOVEMENT ANGLE,CLEAR,DRY,DARK NO LIGHTS,TRAFFIC SIGNAL,NONE DETECTED,,OTHER VEHICLE,N/A,INTERSECTION,FOUR-WAY INTERSECTION,STRAIGHT,NO DEFECTS,"TWO-WAY, DIVIDED, POSITIVE MEDIAN BARRIER",39.03620712,-77.03639701,"(39.03620712, -77.03639701)"
MCP94220006,16020086,Montgomery County Police,Property Damage Crash,04/23/2016 11:40:00 PM,No,Maryland (State),South,MEDIAN AREA,3,North,10,FEET,GRADE DOWNHILL,CONNECTICUT AVE,HOWARD AVE,,KENSINGTON,,DRIVER,SINGLE VEHICLE,CLEAR,DRY,DARK LIGHTS ON,TRAFFIC SIGNAL,ALCOHOL PRESENT,,OTHER,N/A,INTERSECTION RELATED,FOUR-WAY INTERSECTION,STRAIGHT,NO DEFECTS,"TWO-WAY, DIVIDED, POSITIVE MEDIAN BARRIER",39.02899,-77.076155,"(39.02899, -77.076155)"
MCP3143003X,220055702,Montgomery County Police,Injury Crash,12/16/2022 12:45:00 PM,No,Maryland (State),South,,6,North,0,FEET,LEVEL,CONNECTICUT AVE,MANOR RD,,N/A,,DRIVER,HEAD ON LEFT TURN,CLEAR,DRY,DAYLIGHT,TRAFFIC SIGNAL,NONE DETECTED,,OTHER VEHICLE,N/A,INTERSECTION,FOUR-WAY INTERSECTION,STRAIGHT,NO DEFECTS,"TWO-WAY, DIVIDED, POSITIVE MEDIAN BARRIER",38.99606,-77.07725667,"(38.99606, -77.07725667)"
MCP2892006P,190030365,Montgomery County Police,Property Damage Crash,06/25/2019 05:14:00 PM,Yes,Maryland (State),South,,3,North,1,FEET,LEVEL,GEORGIA AVE,DENNIS AVE,,N/A,,UNKNOWN,SAME DIR REAR END,CLEAR,DRY,DAYLIGHT,N/A,NONE DETECTED,,OTHER VEHICLE,N/A,INTERSECTION RELATED,FOUR-WAY INTERSECTION,STRAIGHT,NO DEFECTS,"TWO-WAY, DIVIDED, POSITIVE MEDIAN BARRIER",39.02221167,-77.04537833,"(39.02221167, -77.04537833)"
MCP2351003C,190045435,Montgomery County Police,Property Damage Crash,09/22/2019 02:38:00 PM,No,Maryland (State),East,,3,North,0,FEET,LEVEL,HUNGERFORD DR,CROSSOVER,,N/A,,DRIVER,STRAIGHT MOVEMENT ANGLE,CLEAR,DRY,DAYLIGHT,NO CONTROLS,NONE DETECTED,,OTHER VEHICLE,N/A,INTERSECTION,OTHER,STRAIGHT,NO DEFECTS,"TWO-WAY, DIVIDED, POSITIVE MEDIAN BARRIER",39.09882333,-77.15396667,"(39.09882333, -77.15396667)"
MCP3079001P,180065024,Montgomery County Police,Property Damage Crash,12/29/2018 03:47:00 AM,No,County,West,,3,West,300,FEET,LEVEL,MIDDLEBROOK RD,RAMP 6 FR MIDDLEBROOK RD EB TO IS 270 SB,,N/A,,DRIVER,SINGLE VEHICLE,FOGGY,WET,DARK LIGHTS ON,N/A,ALCOHOL PRESENT,,FIXED OBJECT,N/A,NON INTERSECTION,N/A,STRAIGHT,NO DEFECTS,"TWO-WAY, DIVIDED, POSITIVE MEDIAN BARRIER",39.17416167,-77.25123167,"(39.17416167, -77.25123167)"
DD56330001,180035887,Rockville Police Departme,Property Damage Crash,07/20/2018 04:30:00 AM,Yes,Municipality,North,,1,North,10,FEET,LEVEL,N STONESTREET AVE,SPRING AVE,,ROCKVILLE,,DRIVER,SINGLE VEHICLE,CLEAR,DRY,DARK LIGHTS ON,N/A,NONE DETECTED,,FIXED OBJECT,FIXED OBJECT,INTERSECTION RELATED,T-INTERSECTION,STRAIGHT,NO DEFECTS,"TWO-WAY, NOT DIVIDED",39.09315683,-77.15015888,"(39.09315683, -77.15015888)"
MCP32320051,240029915,MONTGOMERY,Property Damage Crash,06/24/2024 03:39:00 PM,No,County Route,Eastbound,Lane 1,1,East,7.63,FEET,Level,APPOMATTOX AVE,SPARTAN RD WINDSOR HILL DR,,,,DRIVER,Front to Rear,Clear,Dry,Daylight,No Controls,"Not Suspect of Alcohol Use, Not Suspect of Drug Use",,Motor Vehicle In Transport,Not Applicable,Through Roadway,,Straight,No Defects,Not Divided,39.15327875,-77.06027491,"(39.15327875, -77.06027491)"
DD56430045,240038982,ROCKVILLE,Injury Crash,08/17/2024 09:31:00 PM,No,Municipality Route,Westbound,Lane 1,1,South,0,FEET,Downhill,NELSON ST,CROCUS DR,,,,DRIVER,Front to Front,Clear,Dry,Dark - Lighted,Stop Sign,"Not Suspect of Alcohol Use, Not Suspect of Drug Use, Not Suspect of Alcohol Use, Not Suspect of Drug Use",,Motor Vehicle In Transport,,Intersection or Related,Perpendicular,Straight,No Defects,"Divided, Depressed Median",39.09392351,-77.17232783,"(39.09392351, -77.17232783)"
MCP32180023,210039300,Montgomery County Police,Injury Crash,10/03/2021 02:50:00 PM,No,Maryland (State),East,,4,East,0,FEET,GRADE DOWNHILL,VEIRS MILL RD,CONNECTICUT AVE,,N/A,,DRIVER,SAME DIR REAR END,CLEAR,DRY,DAYLIGHT,TRAFFIC SIGNAL,NONE DETECTED,,OTHER VEHICLE,N/A,INTERSECTION,FOUR-WAY INTERSECTION,STRAIGHT,NO DEFECTS,"TWO-WAY, DIVIDED, POSITIVE MEDIAN BARRIER",39.0513575,-77.0745825,"(39.0513575, -77.0745825)"
DD56210028,180018415,Rockville Police Departme,Property Damage Crash,04/15/2018 03:37:00 PM,No,County,North,,3,East,0,FEET,LEVEL,E GUDE DR,DOVER RD,,N/A,,DRIVER,SAME DIR REAR END,RAINING,WET,DAYLIGHT,TRAFFIC SIGNAL,NONE DETECTED,,OTHER VEHICLE,OTHER VEHICLE,INTERSECTION,FOUR-WAY INTERSECTION,STRAIGHT,NO DEFECTS,"TWO-WAY, DIVIDED, POSITIVE MEDIAN BARRIER",39.1001025,-77.14010617,"(39.1001025, -77.14010617)"
MCP2594006L,210008819,Montgomery County Police,Property Damage Crash,03/08/2021 01:45:00 PM,No,Maryland (State),North,,1,South,25,FEET,LEVEL,GEORGIA AVE,GREGG RD,,N/A,,DRIVER,SINGLE VEHICLE,CLEAR,DRY,DAYLIGHT,NO CONTROLS,NONE DETECTED,,OFF ROAD,FIXED OBJECT,NON INTERSECTION,N/A,STRAIGHT,NO DEFECTS,"TWO-WAY, NOT DIVIDED",39.19923097,-77.06577576,"(39.19923097, -77.06577576)"
MCP1575007X,180056247,Montgomery County Police,Property Damage Crash,11/09/2018 08:08:00 AM,No,,,,,,,,,,,PK LOT 16101 FREDERICK RD,,,DRIVER,SAME DIRECTION RIGHT TURN,RAINING,,DAYLIGHT,NO CONTROLS,NONE DETECTED,,OTHER VEHICLE,N/A,,,,,,39.12249167,-77.17307333,"(39.12249167, -77.17307333)"
MCP2987005Q,190055197,Montgomery County Police,Property Damage Crash,11/15/2019 04:00:00 PM,Yes,,,,,,,,,,,PARKING LOT OF 3860 INTERNATIONAL DR,,,DRIVER,OTHER,CLEAR,,DAYLIGHT,NO CONTROLS,UNKNOWN,,PARKED VEHICLE,N/A,,,,,,39.10156285,-77.07495183,"(39.10156285, -77.07495183)"
MCP29170075,200043885,Montgomery County Police,Injury Crash,11/06/2020 08:08:00 PM,No,Maryland (State),North,,3,South,0,FEET,LEVEL,CONNECTICUT AVE,DEAN RD,,N/A,,DRIVER,STRAIGHT MOVEMENT ANGLE,CLEAR,DRY,DARK NO LIGHTS,NO CONTROLS,NONE DETECTED,,OTHER VEHICLE,OTHER VEHICLE,INTERSECTION RELATED,T-INTERSECTION,STRAIGHT,NO DEFECTS,"TWO-WAY, DIVIDED, POSITIVE MEDIAN BARRIER",39.06908833,-77.07565333,"(39.06908833, -77.07565333)"