Report Number,Local Case Number,Agency Name,ACRS Report Type,Crash Date/Time,Hit/Run,Route Type,Lane Direction,Lane Type,Number of Lanes,Direction,Distance,Distance Unit,Road Grade,Road Name,Cross-Street Name,Off-Road Description,Municipality,Related Non-Motorist,At Fault,Collision Type,Weather,Surface Condition,Light,Traffic Control,Driver Substance Abuse,Non-Motorist Substance Abuse,First Harmful Event,Second Harmful Event,Junction,Intersection Type,Road Alignment,Road Condition,Road Division,Latitude,Longitude,Location
MCP3143003V,220054386,Montgomery County Police,Property Damage Crash,12/09/2022 06:00:00 AM,No,Interstate (State),West,,8,West,0,MILE,LEVEL,CAPITAL BELTWAY,STRUC #15110,,N/A,,DRIVER,SAME DIRECTION SIDESWIPE,CLEAR,DRY,DARK NO LIGHTS,NO CONTROLS,NONE DETECTED,,OTHER VEHICLE,OTHER VEHICLE,N/A,N/A,STRAIGHT,NO DEFECTS,"TWO-WAY, DIVIDED, POSITIVE MEDIAN BARRIER",38.98638167,-77.15741167,"(38.98638167, -77.15741167)"
EJ7889000B,210005484,Gaithersburg Police Depar,Property Damage Crash,02/11/2021 02:00:00 PM,No,County,East,,2,East,50,FEET,LEVEL,DIAMONDBACK DR,MUDDY BRANCH RD,,N/A,,DRIVER,OTHER,CLOUDY,WET,DAYLIGHT,NO CONTROLS,NONE DETECTED,,FIXED OBJECT,FIXED OBJECT,NON INTERSECTION,N/A,STRAIGHT,NO DEFECTS,"TWO-WAY, NOT DIVIDED",39.11511283,-77.21338033,"(39.11511283, -77.21338033)"
MCP1342000Y,16021779,Montgomery County Police,Property Damage Crash,05/03/2016 08:00:00 AM,No,Interstate (State),South,,4,North,500,FEET,LEVEL,EISENHOWER MEMORIAL HWY,MONTROSE RD,,N/A,,DRIVER,SAME DIR REAR END,CLOUDY,WET,DAYLIGHT,NO CONTROLS,NONE DETECTED,,OTHER VEHICLE,N/A,NON INTERSECTION,N/A,STRAIGHT,NO DEFECTS,"TWO-WAY, DIVIDED, POSITIVE MEDIAN BARRIER",39.05814,-77.15498667,"(39.05814, -77.15498667)"
DD5567008W,250027511,ROCKVILLE,Injury Crash,06/20/2025 03:09:00 PM,No,Maryland (State) Route,Westbound,Lane 1,2,West,8.91,FEET,Level,W MONTGOMERY AVE,,,,,DRIVER,Front to Rear,Clear,Dry,Daylight,Traffic Control Signal,"Not Suspect of Alcohol Use, Not Suspect of Drug Use, Not Suspect of Alcohol Use, Not Suspect of Drug Use",,Motor Vehicle In Transport,,Non-Junction,,Straight,No Defects,Not Divided,39.08480292,-77.16230671,"(39.08480292, -77.16230671)"
MCP271700JV,180037810,Montgomery County Police,Property Damage Crash,07/30/2018 08:15:00 PM,No,Maryland (State),North,,3,South,200,FEET,HILL UPHILL,GEORGIA AVE,FOREST GLEN RD,,N/A,,DRIVER,SAME DIR REAR END,CLEAR,WET,DARK LIGHTS ON,NO CONTROLS,NONE DETECTED,,OTHER VEHICLE,N/A,NON INTERSECTION,N/A,STRAIGHT,N/A,"TWO-WAY, DIVIDED, POSITIVE MEDIAN BARRIER",39.0144565,-77.04212967,"(39.0144565, -77.04212967)"
DM8498000R,230010925,Takoma Park Police Depart,Property Damage Crash,03/05/2023 09:45:00 PM,No,Municipality,North,N/A,2,North,5,FEET,LEVEL,TAKOMA AVE,TAKOMA AVE,,TAKOMA PARK,,DRIVER,SAME DIR REAR END,N/A,DRY,DARK LIGHTS ON,NO CONTROLS,NONE DETECTED,,PARKED VEHICLE,N/A,NON INTERSECTION,N/A,STRAIGHT,NO DEFECTS,"TWO-WAY, NOT DIVIDED",38.98361051,-77.02016712,"(38.98361051, -77.02016712)"
MCP2891000N,15008508,Montgomery County Police,Property Damage Crash,02/21/2015 11:35:00 AM,Yes,County,East,,3,East,10,FEET,GRADE DOWNHILL,WAYNE AVE,RAMSEY AVE,,N/A,,DRIVER,SAME DIRECTION SIDESWIPE,SNOW,SNOW,DAYLIGHT,TRAFFIC SIGNAL,"NONE DETECTED, UNKNOWN",,FIXED OBJECT,OTHER VEHICLE,INTERSECTION RELATED,FOUR-WAY INTERSECTION,STRAIGHT,N/A,"TWO-WAY, DIVIDED, POSITIVE MEDIAN BARRIER",38.99449333,-77.02898667,"(38.99449333, -77.02898667)"
MCP3190002D,210017112,Montgomery County Police,Injury Crash,05/07/2021 05:20:00 AM,No,Maryland (State),East,,3,North,0,FEET,LEVEL,GEORGIA AVE,UNIVERSITY BLVD W,,N/A,,UNKNOWN,STRAIGHT MOVEMENT ANGLE,CLEAR,DRY,DAWN,TRAFFIC SIGNAL,NONE DETECTED,,OTHER VEHICLE,N/A,INTERSECTION,FOUR-WAY INTERSECTION,STRAIGHT,NO DEFECTS,"TWO-WAY, DIVIDED, POSITIVE MEDIAN BARRIER",39.04127167,-77.051705,"(39.04127167, -77.051705)"
MCP235800CV,240029458,MONTGOMERY,Property Damage Crash,06/21/2024 02:00:00 PM,No,County Route,Southbound,Lane 1,"1, 2",South,0,FEET,Level,WYNNWOOD RD,GLOSTER RD,,,,UNKNOWN,Rear To Side,Clear,Dry,Daylight,Stop Sign,"Not Suspect of Alcohol Use, Not Suspect of Drug Use, Unknown, Unknown",,Motor Vehicle In Transport,,Intersection or Related,Perpendicular,Straight,No Defects,Not Divided,38.96752228,-77.1219163,"(38.96752228, -77.1219163)"
MCP2800006F,240056690,MONTGOMERY,Property Damage Crash,11/25/2024 11:19:00 PM,No,County Route,Southbound,Lane 3,3,South,0,FEET,Level,TUCKERMAN LA,OLD GEORGETOWN RD (SB/L),,,,DRIVER,Front to Rear,Clear,Dry,Dark - Lighted,Traffic Control Signal,"Not Suspect of Alcohol Use, Not Suspect of Drug Use, Not Suspect of Alcohol Use, Not Suspect of Drug Use",,Motor Vehicle In Transport,,Intersection or Related,Perpendicular,Straight,No Defects,"Divided, Raised Median (curbed)",39.03471965,-77.12495366,"(39.03471965, -77.12495366)"
DD56520042,230070891,Rockville Police Departme,Property Damage Crash,12/10/2023 09:40:00 AM,No,Maryland (State),East,,2,East,0,FEET,GRADE DOWNHILL,VEIRS MILL RD,ARDENNES AVE,,ROCKVILLE,,DRIVER,STRAIGHT MOVEMENT ANGLE,RAINING,WET,DAYLIGHT,NO CONTROLS,NONE DETECTED,,OTHER VEHICLE,N/A,INTERSECTION,T-INTERSECTION,STRAIGHT,NO DEFECTS,"TWO-WAY, DIVIDED, POSITIVE MEDIAN BARRIER",39.07613267,-77.12011403,"(39.07613267, -77.12011403)"
MCP3268005H,250015742,MONTGOMERY,Property Damage Crash,04/11/2025 07:04:00 AM,No,Maryland (State) Route,Southbound,Lane 2,3,North,129.68,FEET,Level,NEW HAMPSHIRE AVE (SB/L),,,,,DRIVER,"Sideswipe, Same Direction",Clear,Dry,Daylight,No Controls,"Not Suspect of Alcohol Use, Not Suspect of Drug Use, Not Suspect of Alcohol Use, Not Suspect of Drug Use",,Motor Vehicle In Transport,,Non-Junction,,Straight,No Defects,"Divided, Raised Median (curbed)",39.0720493,-77.00300822,"(39.0720493, -77.00300822)"
MCP1564001V,17001150,Montgomery County Police,Property Damage Crash,01/07/2017 12:27:00 PM,No,County,West,,3,East,0,FEET,HILL CREST,RANDOLPH RD,HAMMONTON PL,,N/A,,UNKNOWN,SAME DIR REAR END,SNOW,SNOW,DAYLIGHT,NO CONTROLS,NONE DETECTED,,OTHER VEHICLE,N/A,INTERSECTION,FOUR-WAY INTERSECTION,STRAIGHT,NO DEFECTS,"TWO-WAY, DIVIDED, POSITIVE MEDIAN BARRIER",39.06888333,-77.01523667,"(39.06888333, -77.01523667)"
MCP2603003T,220001386,Montgomery County Police,Property Damage Crash,01/12/2022 12:54:00 PM,No,Municipality,North,,2,North,0,FEET,GRADE DOWNHILL,RUSSELL AVE,CHRISTOPHER AVE,,GAITHERSBURG,,DRIVER,SAME DIRECTION RIGHT TURN,CLEAR,DRY,DAYLIGHT,TRAFFIC SIGNAL,N/A,,OTHER VEHICLE,N/A,INTERSECTION,FOUR-WAY INTERSECTION,STRAIGHT,NO DEFECTS,N/A,39.15809,-77.21371667,"(39.15809, -77.21371667)"
MCP2162002T,170548382,Montgomery County Police,Injury Crash,12/13/2017 05:30:00 PM,No,Maryland (State),West,,2,East,0,FEET,GRADE DOWNHILL,MUNCASTER MILL RD,EMORY LA,,N/A,,DRIVER,STRAIGHT MOVEMENT ANGLE,CLEAR,DRY,DARK LIGHTS ON,STOP SIGN,N/A,,OTHER VEHICLE,FIXED OBJECT,INTERSECTION,T-INTERSECTION,STRAIGHT,NO DEFECTS,"TWO-WAY, DIVIDED, UNPROTECTED PAINTED MIN 4 FEET",39.1163,-77.09910667,"(39.1163, -77.09910667)"
MCP3372003W,250033632,MONTGOMERY,Property Damage Crash,07/28/2025 04:50:00 PM,,Bicycle Route,Northbound,Lane 2,4,East,52.39,FEET,Level,,,,,,UNKNOWN,Front to Rear,Clear,Dry,Daylight,No Controls,"Not Suspect of Alcohol Use, Not Suspect of Drug Use, Unknown, Unknown",,Motor Vehicle In Transport,,Non-Junction,,Straight,No Defects,"Divided, Raised Median (curbed)",39.06017463,-77.08936369,"(39.06017463, -77.08936369)"
MCP3257001V,210016464,Montgomery County Police,Property Damage Crash,05/03/2021 05:20:00 AM,Yes,Maryland (State),South,,4,South,5,FEET,LEVEL,ROCKVILLE PIKE,ENT TO SHOPPING CENTER,,N/A,,DRIVER,SAME DIRECTION SIDESWIPE,RAINING,N/A,DARK LIGHTS ON,NO CONTROLS,"NONE DETECTED, UNKNOWN",,OTHER VEHICLE,N/A,NON INTERSECTION,N/A,STRAIGHT,NO DEFECTS,"TWO-WAY, DIVIDED, POSITIVE MEDIAN BARRIER",39.04642753,-77.11265319,"(39.04642753, -77.11265319)"
MCP15500050,240003928,MONTGOMERY,Property Damage Crash,01/25/2024 01:20:00 PM,No,Maryland (State) Route,Eastbound,Lane 2,2,North,13.76,FEET,Uphill,EAST WEST HWY (WB/L),,,,,UNKNOWN,Single Vehicle,Rain,Wet,Daylight,No Controls,"Not Suspect of Alcohol Use, Suspect of Drug Use",,Curb,Not Applicable,Through Roadway,,Curve Right,No Defects,"Divided, Raised Median (curbed)",38.99257167,-77.0553625,"(38.99257167, -77.0553625)"
MCP2801001J,16021389,Montgomery County Police,Property Damage Crash,05/01/2016 01:33:00 AM,No,US (State),North,,3,North,0,FEET,LEVEL,GEORGIA AVE,THAYER AVE,,N/A,,DRIVER,STRAIGHT MOVEMENT ANGLE,RAINING,WET,DARK LIGHTS ON,FLASHING TRAFFIC SIGNAL,NONE DETECTED,,OTHER VEHICLE,N/A,INTERSECTION,T-INTERSECTION,STRAIGHT,NO DEFECTS,"TWO-WAY, DIVIDED, POSITIVE MEDIAN BARRIER",38.99321833,-77.02667833,"(38.99321833, -77.02667833)"
MCP22470012,15059907,MONTGOMERY,Property Damage Crash,11/23/2015 04:50:00 PM,Yes,,,,,,,,,,,Paring Lot 0f 3919 National Drive,,,DRIVER,OTHER,N/A,,DUSK,NO CONTROLS,ALCOHOL PRESENT,,PARKED VEHICLE,FIXED OBJECT,,,,,,39.11292,-76.929955,"(39.11292, -76.929955)"
MCP158000BB,190021466,Montgomery County Police,Property Damage Crash,05/07/2019 09:54:00 AM,No,Municipality,West,,2,East,300,FEET,LEVEL,FIRSTFIELD RD,CLOPPER RD,,N/A,,DRIVER,SAME DIRECTION LEFT TURN,CLEAR,DRY,DAYLIGHT,NO CONTROLS,NONE DETECTED,,OTHER VEHICLE,N/A,INTERSECTION RELATED,T-INTERSECTION,CURVE LEFT,NO DEFECTS,"TWO-WAY, DIVIDED, POSITIVE MEDIAN BARRIER",39.14451,-77.22314333,"(39.14451, -77.22314333)"
MCP28120016,15031409,Montgomery County Police,Property Damage Crash,06/27/2015 11:18:00 AM,No,County,East,,2,East,5,FEET,GRADE DOWNHILL,WAYNE AVE,MANSFIELD RD,,N/A,,DRIVER,SAME DIR REAR END,RAINING,WET,DAYLIGHT,TRAFFIC SIGNAL,N/A,,PARKED VEHICLE,N/A,INTERSECTION RELATED,T-INTERSECTION,STRAIGHT,NO DEFECTS,"TWO-WAY, NOT DIVIDED",38.99990167,-77.01288667,"(38.99990167, -77.01288667)"
MCP2891005Z,180022986,Montgomery County Police,Property Damage Crash,05/10/2018 10:20:00 AM,Yes,US (State),South,,3,South,15,FEET,LEVEL,COLESVILLE RD,NOYES DR,,N/A,,DRIVER,SAME DIRECTION SIDESWIPE,CLEAR,DRY,DAYLIGHT,N/A,"NONE DETECTED, UNKNOWN",,OTHER VEHICLE,OTHER VEHICLE,N/A,N/A,STRAIGHT,N/A,"TWO-WAY, DIVIDED, UNPROTECTED PAINTED MIN 4 FEET",38.99967567,-77.0258975,"(38.99967567, -77.0258975)"
MCP235800CS,240028268,MONTGOMERY,Injury Crash,06/14/2024 06:44:00 AM,No,Government Route,Northbound,Lane 2,2,South,0,FEET,Level,CONNECTOR RD,,,,Cyclist (non-electric),DRIVER,Single Vehicle,Clear,Dry,Daylight,Traffic Control Signal,"Not Suspect of Alcohol Use, Not Suspect of Drug Use","Not Suspect of Alcohol Use, Not Suspect of Drug Use",Pedalcycle,,Intersection or Related,Perpendicular,Straight,,Not Divided,38.96457655,-77.13603545,"(38.96457655, -77.13603545)"
MCP31090036,190045241,Montgomery County Police,Injury Crash,09/21/2019 09:00:00 AM,No,US (State),South,,3,South,20,FEET,LEVEL,COLESVILLE RD,NOYES DR,,N/A,,DRIVER,SAME DIRECTION SIDESWIPE,CLEAR,DRY,DAYLIGHT,NO CONTROLS,NONE DETECTED,,OTHER VEHICLE,N/A,N/A,N/A,STRAIGHT,NO DEFECTS,"TWO-WAY, DIVIDED, UNPROTECTED PAINTED MIN 4 FEET",38.9997675,-77.0257785,"(38.9997675, -77.0257785)"
DM83390018,190045053,Takoma Park Police Depart,Property Damage Crash,09/20/2019 10:10:00 AM,Yes,,,,,,,,,,,PARKING LOT 1101 UNIVERSITY BLVD EAST,,,DRIVER,OTHER,CLEAR,,DAYLIGHT,NO CONTROLS,NONE DETECTED,,PARKED VEHICLE,N/A,,,,,,38.98955833,-76.98964833,"(38.98955833, -76.98964833)"
MCP1563009R,240042994,MONTGOMERY,Property Damage Crash,09/10/2024 12:23:00 PM,,Maryland (State) Route,Northbound,Lane 1,3,South,26.74,FEET,Level,WISCONSIN AVE,,,,,DRIVER,"Sideswipe, Same Direction",Clear,Dry,Daylight,No Controls,"Not Suspect of Alcohol Use, Not Suspect of Drug Use, Unknown, Unknown",,Motor Vehicle In Transport,Curb,Through Roadway,,Straight,No Defects,"Divided, Raised Median (curbed)",38.96240081,-77.08640675,"(38.96240081, -77.08640675)"
EJ7858004V,200003499,Gaithersburg Police Depar,Injury Crash,01/22/2020 05:47:00 AM,No,Maryland (State),West,,3,North,0,FEET,LEVEL,QUINCE ORCHARD RD,EISENHOWER MEMORIAL HWY,,N/A,,DRIVER,SAME DIR REAR END,CLEAR,DRY,DARK LIGHTS ON,NO CONTROLS,NONE DETECTED,,OTHER VEHICLE,N/A,NON INTERSECTION,N/A,STRAIGHT,NO DEFECTS,"TWO-WAY, DIVIDED, POSITIVE MEDIAN BARRIER",39.14871,-77.21663667,"(39.14871, -77.21663667)"
MCP2889000M,15008851,Montgomery County Police,Property Damage Crash,02/24/2015 08:12:00 AM,No,Maryland (State),South,RIGHT TURN LANE,3,North,15,FEET,LEVEL,LAYHILL RD,BEL PRE RD,,N/A,,DRIVER,SAME DIR REAR END,CLEAR,DRY,DAYLIGHT,TRAFFIC SIGNAL,NONE DETECTED,,OTHER VEHICLE,N/A,NON INTERSECTION,N/A,STRAIGHT,NO DEFECTS,"TWO-WAY, DIVIDED, POSITIVE MEDIAN BARRIER",39.09164167,-77.04507167,"(39.09164167, -77.04507167)"
MCP25880024,16063407,Montgomery County Police,Property Damage Crash,12/10/2016 10:47:00 AM,Yes,County,South,,1,South,200,FEET,LEVEL,RALPH RD,LOYOLA ST,,N/A,,DRIVER,SAME DIR REAR END,N/A,DRY,UNKNOWN,NO CONTROLS,N/A,,PARKED VEHICLE,N/A,NON INTERSECTION,N/A,STRAIGHT,NO DEFECTS,ONE-WAY TRAFFICWAY,39.0776005,-77.07270741,"(39.0776005, -77.07270741)"
MCP2771004D,240059243,MONTGOMERY,Property Damage Crash,12/11/2024 01:31:00 PM,No,County Route,Southbound,Lane 1,2,North,49.59,FEET,Downhill,EVANSTON ST,,,,,DRIVER,"Sideswipe, Same Direction",Rain,Wet,Daylight,No Controls,"Not Suspect of Alcohol Use, Not Suspect of Drug Use, Not Suspect of Alcohol Use, Not Suspect of Drug Use",,Motor Vehicle In Transport,,Non-Junction,,Straight,No Defects,Not Divided,39.0692977,-77.0910446,"(39.0692977, -77.0910446)"
EJ7873007G,230017083,Gaithersburg Police Depar,Property Damage Crash,04/10/2023 01:09:00 PM,No,,,,,,,,,,,"PARKING LOT OF 405 CHRISTOPHER AVE GAITHERSBURG, MD 20879",,,DRIVER,OTHER,CLEAR,,DAYLIGHT,NO CONTROLS,NONE DETECTED,,PARKED VEHICLE,PARKED VEHICLE,,,,,,39.15989094,-77.21237007,"(39.15989094, -77.21237007)"
MCP20520027,210037882,Montgomery County Police,Property Damage Crash,09/24/2021 09:25:00 PM,No,Municipality,East,,2,West,300,FEET,DIP SAG,WOOTTON PKWY,SEVEN LOCKS RD,,ROCKVILLE,,DRIVER,SINGLE VEHICLE,CLEAR,DRY,DARK LIGHTS ON,N/A,NONE DETECTED,,FIXED OBJECT,FIXED OBJECT,N/A,N/A,CURVE LEFT,NO DEFECTS,"TWO-WAY, DIVIDED, POSITIVE MEDIAN BARRIER",39.0667,-77.16251,"(39.0667, -77.16251)"
MCP12520013,180011236,Montgomery County Police,Property Damage Crash,03/05/2018 03:29:00 PM,No,,,,,,,,,,,PRISONER LOADING DOCK OF 28880 WHELAN LANE,,,UNKNOWN,SINGLE VEHICLE,CLEAR,,DAYLIGHT,N/A,NONE DETECTED,,OTHER OBJECT,N/A,,,,,,39.23858,-77.29169,"(39.23858, -77.29169)"
MCP9318001G,210014487,Montgomery County Police,Property Damage Crash,04/18/2021 09:00:00 PM,Yes,Maryland (State),North,,3,North,0,FEET,LEVEL,NEW HAMPSHIRE AVE,OAKVIEW DR,,N/A,,DRIVER,SAME DIR REAR END,CLEAR,DRY,DARK LIGHTS ON,TRAFFIC SIGNAL,"NONE DETECTED, UNKNOWN",,OTHER VEHICLE,N/A,INTERSECTION,FOUR-WAY INTERSECTION,STRAIGHT,NO DEFECTS,"TWO-WAY, DIVIDED, POSITIVE MEDIAN BARRIER",39.01492712,-76.97768774,"(39.01492712, -76.97768774)"
DD5610000M,15002444,Rockville Police Departme,Property Damage Crash,01/15/2015 07:56:00 PM,No,County,North,,3,North,0,FEET,LEVEL,SHADY GROVE RD,W MONTGOMERY AVE,,N/A,,DRIVER,SAME DIRECTION LEFT TURN,CLEAR,DRY,DARK LIGHTS ON,TRAFFIC SIGNAL,N/A,,OTHER VEHICLE,OTHER VEHICLE,INTERSECTION RELATED,FOUR-WAY INTERSECTION,STRAIGHT,NO DEFECTS,"TWO-WAY, DIVIDED, POSITIVE MEDIAN BARRIER",39.10324167,-77.190775,"(39.10324167, -77.190775)"
EJ7851008M,220045611,Gaithersburg Police Depar,Injury Crash,10/17/2022 08:05:00 PM,No,Maryland (State),North,,3,North,0,FEET,LEVEL,FREDERICK RD,LAKE FOREST BLVD,,GAITHERSBURG,,DRIVER,STRAIGHT MOVEMENT ANGLE,CLEAR,DRY,DARK LIGHTS ON,TRAFFIC SIGNAL,"ALCOHOL PRESENT, NONE DETECTED",,OTHER VEHICLE,N/A,INTERSECTION,FOUR-WAY INTERSECTION,STRAIGHT,NO DEFECTS,"TWO-WAY, DIVIDED, POSITIVE MEDIAN BARRIER",39.15015625,-77.20887812,"(39.15015625, -77.20887812)"
MCP2830004V,200012222,Montgomery County Police,Property Damage Crash,03/12/2020 03:45:00 PM,No,Maryland (State),South,,3,North,100,FEET,LEVEL,GEORGIA AVE,EMORY LA,,N/A,,DRIVER,SAME DIR REAR END,N/A,DRY,DAYLIGHT,NO CONTROLS,NONE DETECTED,,OTHER VEHICLE,OTHER VEHICLE,NON INTERSECTION,N/A,STRAIGHT,NO DEFECTS,ONE-WAY TRAFFICWAY,39.12665167,-77.07239833,"(39.12665167, -77.07239833)"
MCP3037000D,16066303,Montgomery County Police,Property Damage Crash,12/25/2016 03:24:00 PM,No,Maryland (State),South,,1,North,0,FEET,LEVEL,FREDERICK RD,HENDERSON CORNER RD,,N/A,,DRIVER,STRAIGHT MOVEMENT ANGLE,CLEAR,DRY,DAYLIGHT,TRAFFIC SIGNAL,NONE DETECTED,,OTHER VEHICLE,N/A,INTERSECTION,FOUR-WAY INTERSECTION,STRAIGHT,NO DEFECTS,"TWO-WAY, DIVIDED, POSITIVE MEDIAN BARRIER",39.202275,-77.24592833,"(39.202275, -77.24592833)"
MCP2541000D,16002312,Montgomery County Police,Injury Crash,01/13/2016 10:38:00 AM,Yes,Maryland (State),West,,3,West,500,FEET,LEVEL,UNIVERSITY BLVD W,CADDINGTON AVE,,N/A,,DRIVER,SAME DIR REND LEFT TURN,CLEAR,DRY,DAYLIGHT,NO CONTROLS,"N/A, NONE DETECTED",,N/A,N/A,NON INTERSECTION,N/A,STRAIGHT,NO DEFECTS,"TWO-WAY, DIVIDED, POSITIVE MEDIAN BARRIER",39.03185333,-77.02248,"(39.03185333, -77.02248)"
MCP2959000R,15032416,MONTGOMERY,Injury Crash,07/02/2015 06:38:00 PM,No,Maryland (State),West,,3,South,30,FEET,GRADE DOWNHILL,GEORGIA AVE,RANDOLPH RD,,N/A,,DRIVER,SAME DIR REAR END,CLEAR,DRY,DAYLIGHT,N/A,NONE DETECTED,,OTHER VEHICLE,OTHER VEHICLE,NON INTERSECTION,N/A,STRAIGHT,NO DEFECTS,"TWO-WAY, DIVIDED, UNPROTECTED PAINTED MIN 4 FEET",39.05802946,-77.05029756,"(39.05802946, -77.05029756)"
MCP23300046,230015359,Montgomery County Police,Injury Crash,03/30/2023 02:28:00 PM,Yes,Maryland (State),East,,3,East,0,FEET,GRADE DOWNHILL,UNIVERSITY BLVD W,SLIGO CREEK PKWY,,N/A,,DRIVER,SAME DIR REAR END,CLEAR,DRY,DAYLIGHT,TRAFFIC SIGNAL,"NONE DETECTED, UNKNOWN",,OTHER VEHICLE,N/A,INTERSECTION,T-INTERSECTION,CURVE RIGHT,NO DEFECTS,"TWO-WAY, DIVIDED, POSITIVE MEDIAN BARRIER",39.03647,-77.03126167,"(39.03647, -77.03126167)"
MCP2798002H,16055944,Montgomery County Police,Property Damage Crash,10/30/2016 06:01:00 PM,No,County,East,LEFT TURN LANE,3,East,0,FEET,GRADE DOWNHILL,BRIGGS CHANEY RD,RAMP 2 FR MD 200 WB TO BRIGGS CHANEY RD,,N/A,,DRIVER,HEAD ON LEFT TURN,CLEAR,DRY,DUSK,TRAFFIC SIGNAL,NONE DETECTED,,OTHER VEHICLE,N/A,INTERSECTION,FOUR-WAY INTERSECTION,STRAIGHT,NO DEFECTS,"TWO-WAY, DIVIDED, POSITIVE MEDIAN BARRIER",39.073005,-76.938825,"(39.073005, -76.938825)"
EJ7872001N,220022254,Gaithersburg Police Depar,Property Damage Crash,05/24/2022 10:15:00 PM,Yes,Municipality,West,,1,West,5,FEET,LEVEL,W DEER PARK RD,DUVALL LA,,GAITHERSBURG,,DRIVER,SINGLE VEHICLE,CLEAR,N/A,DARK LIGHTS ON,NO CONTROLS,ALCOHOL PRESENT,,FIXED OBJECT,N/A,INTERSECTION RELATED,FOUR-WAY INTERSECTION,STRAIGHT,N/A,"TWO-WAY, DIVIDED, POSITIVE MEDIAN BARRIER",39.12930019,-77.20113015,"(39.12930019, -77.20113015)"
MCP2291004N,200033565,Montgomery County Police,Property Damage Crash,08/27/2020 05:15:00 PM,Yes,County,West,,1,West,50,FEET,LEVEL,LINDEN LA,NO NAME,,N/A,,DRIVER,SAME DIRECTION SIDESWIPE,CLEAR,DRY,DAYLIGHT,NO CONTROLS,UNKNOWN,,PARKED VEHICLE,N/A,NON INTERSECTION,N/A,STRAIGHT,NO DEFECTS,"TWO-WAY, NOT DIVIDED",39.01011573,-77.05431701,"(39.01011573, -77.05431701)"
MCP1121001K,16050755,Montgomery County Police,Injury Crash,10/03/2016 12:56:00 PM,No,Municipality,West,,1,East,0,MILE,LEVEL,E DIAMOND AVE,N SUMMIT AVE,,GAITHERSBURG,,DRIVER,SAME DIRECTION SIDESWIPE,CLEAR,DRY,DAYLIGHT,NO CONTROLS,NONE DETECTED,,OTHER VEHICLE,N/A,NON INTERSECTION,N/A,STRAIGHT,NO DEFECTS,"TWO-WAY, NOT DIVIDED",39.14205833,-77.190295,"(39.14205833, -77.190295)"
MCP2286001T,170532688,Montgomery County Police,Property Damage Crash,09/23/2017 04:06:00 PM,No,Maryland (State),South,,3,North,200,FEET,LEVEL,FIRST ST,ROCKVILLE PIKE,,N/A,,DRIVER,SAME DIR REAR END,CLEAR,DRY,DAYLIGHT,TRAFFIC SIGNAL,NONE DETECTED,,OTHER VEHICLE,OTHER VEHICLE,INTERSECTION RELATED,FOUR-WAY INTERSECTION,STRAIGHT,NO DEFECTS,"TWO-WAY, DIVIDED, POSITIVE MEDIAN BARRIER",39.077315,-77.139505,"(39.077315, -77.139505)"
MCP27850030,170526143,Montgomery County Police,Property Damage Crash,08/22/2017 02:03:00 AM,No,US (State),South,,2,North,0.1,MILE,HILL UPHILL,COLUMBIA PIKE,RAMP 8 FR US 29 SB TO DUSTIN RD,,N/A,,DRIVER,SINGLE VEHICLE,CLEAR,DRY,DARK NO LIGHTS,N/A,N/A,,FIXED OBJECT,N/A,N/A,N/A,STRAIGHT,NO DEFECTS,"TWO-WAY, DIVIDED, POSITIVE MEDIAN BARRIER",39.12893333,-76.92120167,"(39.12893333, -76.92120167)"
EJ7876006D,230061652,Gaithersburg Police Depar,Property Damage Crash,10/20/2023 03:40:00 PM,No,Maryland (State),South,,3,South,25,FEET,LEVEL,FREDERICK RD,S WESTLAND DR,,N/A,,DRIVER,SAME DIR REAR END,RAINING,WET,DAYLIGHT,NO CONTROLS,NONE DETECTED,,OTHER VEHICLE,OTHER VEHICLE,NON INTERSECTION,N/A,STRAIGHT,NO DEFECTS,"TWO-WAY, DIVIDED, POSITIVE MEDIAN BARRIER",39.12614468,-77.18312177,"(39.12614468, -77.18312177)"
MCP2398000J,15044798,MONTGOMERY,Injury Crash,09/06/2015 03:45:00 PM,Yes,County,North,,4,North,700,FEET,LEVEL,SNOUFFERS SCHOOL RD,WOODFIELD RD,,N/A,PEDESTRIAN,DRIVER,STRAIGHT MOVEMENT ANGLE,CLEAR,DRY,DAYLIGHT,OTHER,UNKNOWN,NONE DETECTED,PEDESTRIAN,N/A,INTERSECTION RELATED,FOUR-WAY INTERSECTION,STRAIGHT,NO DEFECTS,"TWO-WAY, NOT DIVIDED WITH A CONTINUOUS LEFT TURN",39.1608978,-77.16340899,"(39.1608978, -77.16340899)"
MCP10640087,180054932,Montgomery County Police,Injury Crash,11/02/2018 07:22:00 AM,No,County,North,,1,South,0,FEET,LEVEL,SECOND AVE,LUZERNE AVE,,N/A,PEDESTRIAN,DRIVER,OTHER,CLOUDY,DRY,DARK LIGHTS ON,STOP SIGN,N/A,N/A,PEDESTRIAN,N/A,INTERSECTION,FOUR-WAY INTERSECTION,STRAIGHT,NO DEFECTS,"TWO-WAY, NOT DIVIDED",39.00658333,-77.04286,"(39.00658333, -77.04286)"