Report Number,Local Case Number,Agency Name,ACRS Report Type,Crash Date/Time,Hit/Run,Route Type,Lane Direction,Lane Type,Number of Lanes,Direction,Distance,Distance Unit,Road Grade,Road Name,Cross-Street Name,Off-Road Description,Municipality,Related Non-Motorist,At Fault,Collision Type,Weather,Surface Condition,Light,Traffic Control,Driver Substance Abuse,Non-Motorist Substance Abuse,First Harmful Event,Second Harmful Event,Junction,Intersection Type,Road Alignment,Road Condition,Road Division,Latitude,Longitude,Location
MCP1128005Q,220042695,Montgomery County Police,Property Damage Crash,09/30/2022 04:20:00 PM,No,County,Unknown,UNKNOWN,0,East,0,UNKNOWN,UNKNOWN,RUGBY AVE,DEL RAY AVE,,N/A,,UNKNOWN,UNKNOWN,UNKNOWN,UNKNOWN,UNKNOWN,UNKNOWN,N/A,,UNKNOWN,N/A,UNKNOWN,UNKNOWN,UNKNOWN,UNKNOWN,UNKNOWN,38.99105833,-77.09758333,"(38.99105833, -77.09758333)"
MCP3232000L,200014330,Montgomery County Police,Property Damage Crash,03/29/2020 06:15:00 PM,Yes,County,North,,1,North,100,FEET,LEVEL,PARKLAND DR,GRENOBLE DR,,N/A,,DRIVER,SINGLE VEHICLE,CLOUDY,WET,DAYLIGHT,N/A,N/A,,FIXED OBJECT,N/A,NON INTERSECTION,N/A,STRAIGHT,NO DEFECTS,ONE-WAY TRAFFICWAY,39.07030517,-77.08757069,"(39.07030517, -77.08757069)"
MCP3097000L,180024121,Montgomery County Police,Property Damage Crash,05/17/2018 07:37:00 PM,No,County,North,,3,South,0.05,MILE,LEVEL,SHADY GROVE RD,BRIARDALE RD,,N/A,,UNKNOWN,OTHER,RAINING,WET,DAYLIGHT,N/A,NONE DETECTED,,ANIMAL,N/A,N/A,N/A,STRAIGHT,NO DEFECTS,"TWO-WAY, DIVIDED, POSITIVE MEDIAN BARRIER",39.1331187,-77.15869904,"(39.1331187, -77.15869904)"
MCP32630011,210017448,Montgomery County Police,Property Damage Crash,05/09/2021 04:37:00 PM,No,Maryland (State),West,,2,East,300,FEET,HILL UPHILL,RIVER RD,BURDETTE RD,,N/A,,DRIVER,SAME DIR REAR END,CLEAR,DRY,DAYLIGHT,NO CONTROLS,NONE DETECTED,,OTHER VEHICLE,OTHER VEHICLE,NON INTERSECTION,N/A,STRAIGHT,NO DEFECTS,"TWO-WAY, DIVIDED, POSITIVE MEDIAN BARRIER",38.98956,-77.15043667,"(38.98956, -77.15043667)"
MCP3112006C,230070963,Montgomery County Police,Property Damage Crash,12/10/2023 05:00:00 PM,Yes,Interstate (State),East,,4,West,50,FEET,LEVEL,CAPITAL BELTWAY,EXIT #34,,N/A,,DRIVER,SAME DIRECTION SIDESWIPE,RAINING,WET,DARK NO LIGHTS,N/A,"NONE DETECTED, UNKNOWN",,OTHER VEHICLE,FIXED OBJECT,NON INTERSECTION,N/A,STRAIGHT,NO DEFECTS,"TWO-WAY, DIVIDED, POSITIVE MEDIAN BARRIER",39.01898833,-77.10696333,"(39.01898833, -77.10696333)"
MCP2398002G,190000751,Montgomery County Police,Property Damage Crash,01/05/2019 07:00:00 AM,No,Maryland (State),South,,3,North,0,FEET,LEVEL,FREDERICK RD,ONEILL DR,,GAITHERSBURG,,DRIVER,SAME DIR REAR END,RAINING,WET,DARK LIGHTS ON,TRAFFIC SIGNAL,NONE DETECTED,,OTHER VEHICLE,N/A,INTERSECTION,FOUR-WAY INTERSECTION,STRAIGHT,NO DEFECTS,"TWO-WAY, DIVIDED, POSITIVE MEDIAN BARRIER",39.12424,-77.18037333,"(39.12424, -77.18037333)"
MCP2866008M,230058951,Montgomery County Police,Property Damage Crash,10/06/2023 02:55:00 PM,No,Maryland (State),North,,5,South,100,FEET,LEVEL,RIDGE RD,FREDERICK RD,,N/A,,DRIVER,SAME DIR REAR END,CLEAR,DRY,DAYLIGHT,NO CONTROLS,NONE DETECTED,,OTHER VEHICLE,N/A,NON INTERSECTION,N/A,STRAIGHT,NO DEFECTS,"TWO-WAY, DIVIDED, POSITIVE MEDIAN BARRIER",39.20440581,-77.2469487,"(39.20440581, -77.2469487)"
MCP3353002W,240036350,MONTGOMERY,Property Damage Crash,08/01/2024 09:18:00 PM,No,County Route,"Eastbound, Not On Roadway","Lane 1, Off Road",1,North,47.08,FEET,Level,,,,,,DRIVER,Rear To Side,Clear,Dry,Dark - Lighted,No Controls,"Suspect of Alcohol Use, Not Suspect of Drug Use",,Parked Vehicle,,Non-Junction,,Straight,No Defects,Not Divided,39.07140545,-77.09851105,"(39.07140545, -77.09851105)"
MCP106400BN,210014952,Montgomery County Police,Property Damage Crash,04/22/2021 08:27:00 AM,No,US (State),North,,2,North,0,FEET,HILL UPHILL,COLESVILLE RD,GEORGIA AVE,,N/A,,DRIVER,OTHER,CLOUDY,DRY,DAYLIGHT,TRAFFIC SIGNAL,N/A,,OTHER VEHICLE,N/A,INTERSECTION,FOUR-WAY INTERSECTION,STRAIGHT,NO DEFECTS,"TWO-WAY, NOT DIVIDED",38.99623667,-77.02783333,"(38.99623667, -77.02783333)"
EJ78840069,230069545,Gaithersburg Police Depar,Property Damage Crash,12/02/2023 08:53:00 PM,No,County,West,,3,South,150,FEET,LEVEL,SAM EIG HWY,DIAMONDBACK DR,,N/A,,DRIVER,SAME DIR REAR END,N/A,WET,DARK LIGHTS ON,NO CONTROLS,"ALCOHOL PRESENT, N/A",,OTHER VEHICLE,N/A,NON INTERSECTION,N/A,STRAIGHT,NO DEFECTS,"TWO-WAY, DIVIDED, POSITIVE MEDIAN BARRIER",39.11300715,-77.21013022,"(39.11300715, -77.21013022)"
MCP1035000D,16038657,Montgomery County Police,Property Damage Crash,07/31/2016 01:46:00 AM,No,,,,,,0,,,,,"PARKING LOT OF 16658 CRABBS BRANCH WAY, ROCKVILLE, MD  20850",,,DRIVER,STRAIGHT MOVEMENT ANGLE,CLOUDY,,DARK LIGHTS ON,NO CONTROLS,N/A,,PARKED VEHICLE,N/A,,,,,,39.12748667,-77.16714167,"(39.12748667, -77.16714167)"
MCP26410032,230018828,Montgomery County Police,Property Damage Crash,04/20/2023 08:15:00 AM,No,Maryland (State),North,,1,North,0.5,MILE,HILL UPHILL,RIDGE RD,KEMPTOWN RD,,N/A,,DRIVER,HEAD ON LEFT TURN,CLEAR,DRY,DAYLIGHT,N/A,NONE DETECTED,,OTHER VEHICLE,N/A,NON INTERSECTION,N/A,STRAIGHT,NO DEFECTS,"TWO-WAY, NOT DIVIDED",39.32318667,-77.197005,"(39.32318667, -77.197005)"
MCP2810002D,230018025,Montgomery County Police,Property Damage Crash,04/15/2023 06:28:00 PM,No,County,South,,2,East,0,FEET,LEVEL,PEPPER RIDGE WAY,WASHINGTON GROVE LA,,N/A,,DRIVER,SAME DIR REAR END,CLEAR,DRY,DAYLIGHT,NO CONTROLS,NONE DETECTED,,OTHER VEHICLE,N/A,INTERSECTION RELATED,N/A,STRAIGHT,NO DEFECTS,"TWO-WAY, NOT DIVIDED",39.150663,-77.16555233,"(39.150663, -77.16555233)"
MCP32610017,230034668,Montgomery County Police,Property Damage Crash,07/20/2023 11:40:00 PM,Yes,Maryland (State),East,RIGHT TURN LANE,2,East,0,FEET,LEVEL,MUNCASTER MILL RD,SHADY GROVE RD,,N/A,,DRIVER,OTHER,N/A,DRY,DARK LIGHTS ON,TRAFFIC SIGNAL,"N/A, UNKNOWN",,OTHER VEHICLE,N/A,INTERSECTION,FOUR-WAY INTERSECTION,OTHER,NO DEFECTS,"TWO-WAY, DIVIDED, UNPROTECTED PAINTED MIN 4 FEET",39.14872076,-77.14711061,"(39.14872076, -77.14711061)"
MCP2679002M,190030412,Montgomery County Police,Property Damage Crash,06/25/2019 11:00:00 PM,Yes,Maryland (State),North,,3,North,0,FEET,LEVEL,GEORGIA AVE,16TH ST,,N/A,,DRIVER,SAME DIRECTION SIDESWIPE,CLEAR,DRY,DARK LIGHTS ON,TRAFFIC SIGNAL,"ALCOHOL CONTRIBUTED, NONE DETECTED",,OTHER VEHICLE,N/A,INTERSECTION,T-INTERSECTION,STRAIGHT,NO DEFECTS,"TWO-WAY, DIVIDED, POSITIVE MEDIAN BARRIER",39.00622572,-77.03883615,"(39.00622572, -77.03883615)"
EJ7887004M,240038015,GAITHERSBURG,Property Damage Crash,08/12/2024 12:50:00 PM,No,,,,0,,,FEET,,,,Private Road        ENTRANCE ALLEY TO 21155 WOODFIELD RD.,,,UNKNOWN,Single Vehicle,Clear,,Daylight,,"Not Suspect of Alcohol Use, Not Suspect of Drug Use",,Other Non-Fixed Object,,,,,,,39.2042115,-77.1618665,"(39.2042115, -77.1618665)"
MCP235800B1,220047524,Montgomery County Police,Injury Crash,10/29/2022 01:00:00 PM,No,Maryland (State),East,,2,West,25,FEET,N/A,RIVER RD,WASH DC LINE,,N/A,,DRIVER,SAME DIR REAR END,CLEAR,DRY,DAYLIGHT,NO CONTROLS,NONE DETECTED,,OTHER VEHICLE,OTHER VEHICLE,NON INTERSECTION,N/A,STRAIGHT,NO DEFECTS,"TWO-WAY, NOT DIVIDED",38.95646971,-77.09123764,"(38.95646971, -77.09123764)"
MCP9118001Z,190056709,Montgomery County Police,Property Damage Crash,11/24/2019 12:44:00 AM,No,Maryland (State),North,,3,North,0,FEET,LEVEL,GEORGIA AVE,WINDHAM LA,,N/A,,DRIVER,STRAIGHT MOVEMENT ANGLE,RAINING,WET,DARK LIGHTS ON,FLASHING TRAFFIC SIGNAL,NONE DETECTED,,OTHER VEHICLE,N/A,N/A,FOUR-WAY INTERSECTION,STRAIGHT,NO DEFECTS,"TWO-WAY, DIVIDED, POSITIVE MEDIAN BARRIER",39.03233813,-77.04851943,"(39.03233813, -77.04851943)"
MCP31500012,190042793,Montgomery County Police,Injury Crash,09/06/2019 07:23:00 PM,No,Maryland (State),North,,3,North,20,FEET,LEVEL,NEW HAMPSHIRE AVE,NORTHWEST DR,,N/A,,DRIVER,SAME DIR REAR END,N/A,DRY,DAYLIGHT,TRAFFIC SIGNAL,N/A,,OTHER VEHICLE,OTHER VEHICLE,N/A,N/A,STRAIGHT,NO DEFECTS,"TWO-WAY, DIVIDED, UNPROTECTED PAINTED MIN 4 FEET",39.03769167,-76.98952,"(39.03769167, -76.98952)"
MCP31250036,210036559,Montgomery County Police,Injury Crash,09/16/2021 04:40:00 PM,No,County,West,,2,East,0,FEET,HILL UPHILL,DARNESTOWN RD,KEY WEST AVE,,N/A,,DRIVER,SAME DIR REAR END,RAINING,WET,DAYLIGHT,TRAFFIC SIGNAL,N/A,,OTHER VEHICLE,N/A,INTERSECTION RELATED,T-INTERSECTION,CURVE RIGHT,NO DEFECTS,"TWO-WAY, DIVIDED, POSITIVE MEDIAN BARRIER",39.10076167,-77.21612667,"(39.10076167, -77.21612667)"
DD5651003L,230032974,Rockville Police Departme,Property Damage Crash,07/03/2023 06:30:00 AM,Yes,,,,,,,,,,,PARKING LOT OF 14007 COVE LANE,,,DRIVER,STRAIGHT MOVEMENT ANGLE,CLEAR,,DUSK,N/A,N/A,,PARKED VEHICLE,PARKED VEHICLE,,,,,,39.06569344,-77.12421484,"(39.06569344, -77.12421484)"
MCP29370041,220005763,Montgomery County Police,Injury Crash,03/05/2022 03:00:00 AM,No,County,North,,2,East,100,FEET,LEVEL,ROBEY RD,PALMER HOUSE WAY,,N/A,,DRIVER,SINGLE VEHICLE,CLEAR,DRY,DARK LIGHTS ON,NO CONTROLS,NONE DETECTED,,FIXED OBJECT,FIXED OBJECT,NON INTERSECTION,N/A,STRAIGHT,NO DEFECTS,"TWO-WAY, NOT DIVIDED",39.08378967,-76.93711628,"(39.08378967, -76.93711628)"
MCP3296000Y,210048314,Montgomery County Police,Property Damage Crash,11/28/2021 04:55:00 PM,No,County,North,,2,South,250,FEET,LEVEL,OLD COLUMBIA PIKE,MUSGROVE RD,,N/A,,DRIVER,STRAIGHT MOVEMENT ANGLE,CLEAR,DRY,DUSK,NO CONTROLS,NONE DETECTED,,OTHER VEHICLE,N/A,NON INTERSECTION,N/A,STRAIGHT,NO DEFECTS,"TWO-WAY, NOT DIVIDED",39.06740667,-76.96313167,"(39.06740667, -76.96313167)"
MCP2040001N,200034788,Montgomery County Police,Property Damage Crash,09/05/2020 12:02:00 PM,No,Maryland (State),East,,1,East,0.6,MILE,LEVEL,DARNESTOWN RD,CATTAIL RD,,N/A,,DRIVER,SINGLE VEHICLE,CLEAR,DRY,DAYLIGHT,NO CONTROLS,NONE DETECTED,,FIXED OBJECT,N/A,NON INTERSECTION,N/A,STRAIGHT,NO DEFECTS,"TWO-WAY, NOT DIVIDED",39.15688,-77.374635,"(39.15688, -77.374635)"
MCP284800BV,220038815,Montgomery County Police,Property Damage Crash,09/08/2022 11:14:00 AM,No,County,East,LEFT TURN LANE,1,North,0,FEET,LEVEL,OBSERVATION DR,RIDGE RD,,N/A,,DRIVER,SAME DIR REAR END,N/A,WET,DAYLIGHT,TRAFFIC SIGNAL,NONE DETECTED,,OTHER VEHICLE,N/A,INTERSECTION,FOUR-WAY INTERSECTION,STRAIGHT,NO DEFECTS,"TWO-WAY, DIVIDED, POSITIVE MEDIAN BARRIER",39.20176,-77.253365,"(39.20176, -77.253365)"
MCP3220000R,200018987,Montgomery County Police,Injury Crash,05/10/2020 03:35:00 PM,No,,,,,,,,,,,"PARKING LOT OF 17503 REDLAND RD
DERWOOD, MD 20855",,,DRIVER,SINGLE VEHICLE,CLEAR,,DAYLIGHT,NO CONTROLS,ALCOHOL PRESENT,,FIXED OBJECT,N/A,,,,,,39.14367167,-77.143715,"(39.14367167, -77.143715)"
MCP3312004J,230071688,Montgomery County Police,Property Damage Crash,12/14/2023 11:15:00 AM,Yes,US (State),South,,4,North,0,FEET,LEVEL,COLUMBIA PIKE,RAMP 6 FR BRIGGS CHANEY RD TO US 29 SB,,N/A,,DRIVER,SAME DIRECTION SIDESWIPE,CLEAR,DRY,DAYLIGHT,NO CONTROLS,NONE DETECTED,,OTHER VEHICLE,N/A,INTERSECTION,FOUR-WAY INTERSECTION,CURVE LEFT,NO DEFECTS,"TWO-WAY, DIVIDED, POSITIVE MEDIAN BARRIER",39.04759667,-76.98537333,"(39.04759667, -76.98537333)"
DD56030057,170551361,Rockville Police Departme,Injury Crash,12/30/2017 02:50:00 PM,No,Municipality,West,LEFT TURN LANE,2,West,0,FEET,LEVEL,WOOTTON PKWY,SEVEN LOCKS RD,,ROCKVILLE,,DRIVER,OTHER,CLEAR,WET,DAYLIGHT,TRAFFIC SIGNAL,NONE DETECTED,,OTHER VEHICLE,N/A,INTERSECTION,FOUR-WAY INTERSECTION,STRAIGHT,NO DEFECTS,"TWO-WAY, DIVIDED, POSITIVE MEDIAN BARRIER",39.066685,-77.16151,"(39.066685, -77.16151)"
DD5615000B,15044221,ROCKVILLE,Property Damage Crash,09/02/2015 07:54:00 PM,No,Municipality,North,RIGHT TURN LANE,1,North,0,FEET,LEVEL,EDMONSTON DR,ROCKVILLE PIKE,,N/A,,DRIVER,STRAIGHT MOVEMENT ANGLE,CLEAR,DRY,DARK NO LIGHTS,YIELD SIGN,"ALCOHOL CONTRIBUTED, NONE DETECTED",,FIXED OBJECT,OTHER VEHICLE,INTERSECTION,OTHER,CURVE RIGHT,NO DEFECTS,"TWO-WAY, DIVIDED, POSITIVE MEDIAN BARRIER",39.07454796,-77.13541746,"(39.07454796, -77.13541746)"
HA24330015,20000192,Maryland-National Capital,Property Damage Crash,01/18/2020 07:02:00 PM,No,Government,South,,2,South,450,FEET,LEVEL,LITTLE FALLS PKWY,HILLANDALE RD,,N/A,,DRIVER,SINGLE VEHICLE,RAINING,WET,DARK NO LIGHTS,NO CONTROLS,N/A,,FIXED OBJECT,N/A,NON INTERSECTION,N/A,CURVE RIGHT,NO DEFECTS,"TWO-WAY, DIVIDED, UNPROTECTED PAINTED MIN 4 FEET",38.97182769,-77.1000214,"(38.97182769, -77.1000214)"
MCP2929003J,190006267,Montgomery County Police,Property Damage Crash,02/08/2019 01:45:00 PM,No,,,,,,,,,,,PARKING LOT OF 18111 PRINCE PHILLIP DRIVE.,,,DRIVER,OTHER,CLEAR,,DAYLIGHT,NO CONTROLS,NONE DETECTED,,OTHER VEHICLE,N/A,,,,,,39.15376,-77.05598833,"(39.15376, -77.05598833)"
MCP3114001P,190053741,Montgomery County Police,Property Damage Crash,11/07/2019 06:12:00 PM,No,County,South,,2,North,0,FEET,LEVEL,OLD COLUMBIA PIKE,AVONSHIRE DR,,N/A,,DRIVER,HEAD ON LEFT TURN,RAINING,WET,DARK LIGHTS ON,N/A,NONE DETECTED,,OTHER VEHICLE,N/A,COMMERCIAL DRIVEWAY,T-INTERSECTION,STRAIGHT,NO DEFECTS,"TWO-WAY, NOT DIVIDED",39.083925,-76.95176667,"(39.083925, -76.95176667)"
MCP22030027,170548704,Montgomery County Police,Property Damage Crash,12/19/2017 08:30:00 AM,Yes,,,,,,,,,,,PARKING LOT OF 13424 NEW HAMPSHIRE AVE,,,DRIVER,STRAIGHT MOVEMENT ANGLE,CLEAR,,DAYLIGHT,N/A,N/A,,OTHER VEHICLE,N/A,,,,,,39.0745896,-77.00290427,"(39.0745896, -77.00290427)"
MCP31700018,190061685,Montgomery County Police,Injury Crash,12/22/2019 09:20:00 PM,No,Maryland (State),North,,2,South,0,FEET,LEVEL,GREAT SENECA HWY,DAWSON FARM RD,,N/A,,DRIVER,HEAD ON LEFT TURN,CLEAR,DRY,DARK LIGHTS ON,TRAFFIC SIGNAL,"ALCOHOL PRESENT, NONE DETECTED",,OTHER VEHICLE,N/A,N/A,FOUR-WAY INTERSECTION,STRAIGHT,NO DEFECTS,"TWO-WAY, DIVIDED, POSITIVE MEDIAN BARRIER",39.16678,-77.270615,"(39.16678, -77.270615)"
MCP2861001T,16011031,MONTGOMERY,Injury Crash,03/05/2016 03:58:00 PM,No,County,West,,1,West,0,FEET,LEVEL,TUCKERMAN LA,WHISPERWOOD LA,,N/A,,DRIVER,STRAIGHT MOVEMENT ANGLE,CLEAR,DRY,DAYLIGHT,NO CONTROLS,NONE DETECTED,,BICYCLE,N/A,INTERSECTION,T-INTERSECTION,STRAIGHT,NO DEFECTS,"TWO-WAY, NOT DIVIDED",39.0370384,-77.13736877,"(39.0370384, -77.13736877)"
MCP24250045,15001004,Montgomery County Police,Property Damage Crash,01/07/2015 08:03:00 AM,No,County,West,,2,North,75,FEET,LEVEL,RICHMOND AVE,WOODBURY DR,,N/A,,DRIVER,SAME DIRECTION SIDESWIPE,CLEAR,ICE,DAYLIGHT,NO CONTROLS,NONE DETECTED,,PARKED VEHICLE,N/A,NON INTERSECTION,N/A,STRAIGHT,NO DEFECTS,"TWO-WAY, NOT DIVIDED",38.98875833,-77.021705,"(38.98875833, -77.021705)"
MCP15630021,16008594,Montgomery County Police,Injury Crash,02/20/2016 07:51:00 PM,No,Maryland (State),North,,3,North,0,FEET,LEVEL,CONNECTICUT AVE,EAST WEST HWY,,N/A,,DRIVER,HEAD ON LEFT TURN,CLEAR,DRY,DARK LIGHTS ON,TRAFFIC SIGNAL,NONE DETECTED,,OTHER VEHICLE,N/A,INTERSECTION,FOUR-WAY INTERSECTION,STRAIGHT,NO DEFECTS,"TWO-WAY, NOT DIVIDED",38.98799,-77.07682333,"(38.98799, -77.07682333)"
MCP9311000Y,17014781,Montgomery County Police,Property Damage Crash,03/23/2017 07:29:00 AM,No,Maryland (State),South,,4,South,50,FEET,LEVEL,ROCKVILLE PIKE,ENT TO SHOPPING CENTER,,N/A,,DRIVER,OTHER,CLEAR,DRY,DAYLIGHT,NO CONTROLS,NONE DETECTED,,OTHER VEHICLE,N/A,NON INTERSECTION,N/A,STRAIGHT,NO DEFECTS,"TWO-WAY, DIVIDED, POSITIVE MEDIAN BARRIER",39.05113,-77.11549667,"(39.05113, -77.11549667)"
MCP2708004Q,190023543,Montgomery County Police,Injury Crash,05/18/2019 04:30:00 PM,No,Maryland (State),North,,2,South,50,FEET,HILL UPHILL,PINEY BRANCH RD,UNIVERSITY BLVD E,,N/A,,DRIVER,SAME DIR REAR END,N/A,DRY,DAYLIGHT,TRAFFIC SIGNAL,NONE DETECTED,,OTHER VEHICLE,N/A,NON INTERSECTION,N/A,STRAIGHT,NO DEFECTS,"TWO-WAY, DIVIDED, POSITIVE MEDIAN BARRIER",38.99930833,-76.99565667,"(38.99930833, -76.99565667)"
MCP2983000N,15060644,MONTGOMERY,Property Damage Crash,11/27/2015 04:57:00 PM,No,Maryland (State),South,,3,North,50,FEET,LEVEL,GEORGIA AVE,FENWICK LA,,N/A,,DRIVER,SAME DIR REAR END,CLEAR,DRY,DAWN,NO CONTROLS,NONE DETECTED,,OTHER VEHICLE,N/A,NON INTERSECTION,N/A,STRAIGHT,NO DEFECTS,"TWO-WAY, DIVIDED, POSITIVE MEDIAN BARRIER",38.99846666,-77.03081131,"(38.99846666, -77.03081131)"
MCP23560015,180061075,Montgomery County Police,Property Damage Crash,12/06/2018 05:54:00 PM,No,County,West,,1,West,0,FEET,LEVEL,FALLS CHAPEL WAY,COLD SPRING RD,,N/A,,UNKNOWN,STRAIGHT MOVEMENT ANGLE,N/A,DRY,DARK LIGHTS ON,STOP SIGN,NONE DETECTED,,OTHER VEHICLE,OTHER VEHICLE,INTERSECTION,FOUR-WAY INTERSECTION,STRAIGHT,NO DEFECTS,"TWO-WAY, DIVIDED, UNPROTECTED PAINTED MIN 4 FEET",39.06280333,-77.18073167,"(39.06280333, -77.18073167)"
MCP2946006N,240022228,MONTGOMERY,Property Damage Crash,05/11/2024 10:48:00 AM,No,County Route,"Northbound, Westbound",Lane 1,"1, 2",East,0,FEET,"Level, Uphill",WARING STATION RD,STONEY BOTTOM RD,,,,DRIVER,Angle,Clear,Dry,Daylight,"No Controls, Stop Sign","Not Suspect of Alcohol Use, Not Suspect of Drug Use, Not Suspect of Alcohol Use, Not Suspect of Drug Use",,Motor Vehicle In Transport,Not Applicable,Intersection or Related,Perpendicular,"Curve Right, Straight",No Defects,"Not Divided, Not Divided, With a Continuous Left-Turn Lane",39.17331322,-77.2536068,"(39.17331322, -77.2536068)"
MCP32560023,230018340,Montgomery County Police,Property Damage Crash,04/17/2023 05:00:00 PM,No,County,South,RIGHT TURN LANE,1,North,300,FEET,LEVEL,OLD COLUMBIA PIKE,FAIRLAND RD,,N/A,,DRIVER,SAME DIRECTION RIGHT TURN,CLEAR,DRY,DAYLIGHT,NO CONTROLS,NONE DETECTED,,OTHER VEHICLE,N/A,INTERSECTION RELATED,FOUR-WAY INTERSECTION,STRAIGHT,NO DEFECTS,"TWO-WAY, DIVIDED, UNPROTECTED PAINTED MIN 4 FEET",39.07663433,-76.95744833,"(39.07663433, -76.95744833)"
MCP3038002V,180062486,Montgomery County Police,Property Damage Crash,12/14/2018 03:47:00 PM,No,Maryland (State),North,,3,South,100,FEET,GRADE DOWNHILL,ROCKVILLE PIKE,WILSON DR,,N/A,,DRIVER,SAME DIR REAR END,RAINING,WET,DAYLIGHT,NO CONTROLS,N/A,,OTHER VEHICLE,N/A,N/A,N/A,STRAIGHT,NO DEFECTS,"TWO-WAY, DIVIDED, POSITIVE MEDIAN BARRIER",39.00158333,-77.09709333,"(39.00158333, -77.09709333)"
MCP285900CR,220036510,Montgomery County Police,Injury Crash,08/24/2022 06:00:00 AM,Yes,,,,,,,,,,,"PARKING LOT OF 898 MUDDY BRANCH RD, GAITHERSBURG, MD 20878",,PEDESTRIAN,BOTH,OTHER,CLEAR,,DARK LIGHTS ON,NO CONTROLS,NONE DETECTED,NONE DETECTED,PEDESTRIAN,N/A,,,,,,39.15703094,-77.20249509,"(39.15703094, -77.20249509)"
MCP3080004K,240021002,MONTGOMERY,Property Damage Crash,05/04/2024 09:12:00 PM,No,County Route,"Eastbound, Southbound","Lane 1, Lane 2","4, 6",North,9.85,FEET,Level,CRYSTAL ROCK DR,,,,,DRIVER,Front to Rear,Rain,Wet,Dark - Lighted,Traffic Control Signal,"Not Suspect of Alcohol Use, Not Suspect of Drug Use, Not Suspect of Alcohol Use, Not Suspect of Drug Use, Suspect of Alcohol Use, Not Suspect of Drug Use",,Motor Vehicle In Transport,Motor Vehicle In Transport,Non-Junction,,Straight,,Not Divided,39.18284662,-77.26347945,"(39.18284662, -77.26347945)"
MCP3228006G,240051385,MONTGOMERY,Injury Crash,10/26/2024 08:57:00 PM,No,County Route,Northbound,Left Turn Lane,2,South,0,FEET,Level,CAMERON ST,GEORGIA AVE,,,Pedestrian,DRIVER,Single Vehicle,Clear,Dry,Dark - Lighted,Traffic Control Signal,"Not Suspect of Alcohol Use, Not Suspect of Drug Use","Not Suspect of Alcohol Use, Not Suspect of Drug Use",Pedestrian,,Intersection or Related,Perpendicular,Straight,No Defects,Not Divided,38.99765943,-77.02967678,"(38.99765943, -77.02967678)"
MCP3215001R,210017526,Montgomery County Police,Injury Crash,05/10/2021 10:25:00 AM,No,Maryland (State),South,,3,North,500,FEET,LEVEL,CONNECTICUT AVE,ROSEMARY ST #2,,CHEVY CHASE #4,,DRIVER,SAME DIRECTION SIDESWIPE,CLEAR,DRY,DAYLIGHT,NO CONTROLS,N/A,,OTHER VEHICLE,FIXED OBJECT,INTERSECTION RELATED,FOUR-WAY INTERSECTION,STRAIGHT,NO DEFECTS,"TWO-WAY, DIVIDED, POSITIVE MEDIAN BARRIER",38.97854433,-77.077271,"(38.97854433, -77.077271)"
MCP28660083,220047004,Montgomery County Police,Property Damage Crash,10/26/2022 02:02:00 PM,No,County,North,,2,North,0,FEET,HILL CREST,CLARKSBURG RD,STRUC #M0010 LITTLE BENNETT CREEK,,N/A,,DRIVER,SINGLE VEHICLE,CLOUDY,WET,DAYLIGHT,NO CONTROLS,NONE DETECTED,,FIXED OBJECT,N/A,NON INTERSECTION,N/A,CURVE LEFT,NO DEFECTS,"TWO-WAY, NOT DIVIDED",39.25682947,-77.27575599,"(39.25682947, -77.27575599)"
MCP2898001X,16067176,Montgomery County Police,Property Damage Crash,12/30/2016 03:56:00 PM,Yes,Maryland (State),North,,1,North,0,FEET,UNKNOWN,FREDERICK RD,SHADY GROVE RD,,N/A,,DRIVER,SAME DIRECTION SIDESWIPE,CLEAR,DRY,DAYLIGHT,UNKNOWN,N/A,,OTHER VEHICLE,N/A,UNKNOWN,UNKNOWN,UNKNOWN,UNKNOWN,UNKNOWN,39.12233652,-77.17749596,"(39.12233652, -77.17749596)"
MCP2727000Q,15043407,MONTGOMERY,Injury Crash,08/29/2015 12:09:00 PM,No,,,,,,,,,,,"PARKINGLOT OF 20910 FREDERICK ROAD GERMANTOWN, MD 20876",,PEDESTRIAN,DRIVER,OTHER,CLEAR,,DAYLIGHT,NO CONTROLS,NONE DETECTED,NONE DETECTED,PEDESTRIAN,N/A,,,,,,39.20296833,-77.25091167,"(39.20296833, -77.25091167)"
MCP3073004C,190055718,Montgomery County Police,Property Damage Crash,11/18/2019 04:34:00 PM,Yes,,,,,,,,,,,"4101 RANDOLPH ROAD SILVER SPRING, MD 20906 (SHELL GAS STATION)",,,DRIVER,OTHER,N/A,,DAYLIGHT,N/A,"NONE DETECTED, UNKNOWN",,OTHER VEHICLE,N/A,,,,,,39.08024167,-77.063855,"(39.08024167, -77.063855)"
MCP2445005J,240007612,MONTGOMERY,Property Damage Crash,02/16/2024 08:10:00 AM,No,County Route,Southbound,Lane 2,4,North,0,FEET,Level,SHAKESPEARE BLVD,FREDERICK RD (SB/L),,,,DRIVER,Angle,Clear,Dry,Daylight,Traffic Control Signal,"Not Suspect of Alcohol Use, Not Suspect of Drug Use, Not Suspect of Alcohol Use, Not Suspect of Drug Use",,Motor Vehicle In Transport,,Intersection or Related,Perpendicular,Straight,No Defects,"Divided, Raised Median (curbed)",39.19817612,-77.24495791,"(39.19817612, -77.24495791)"