Report Number,Local Case Number,Agency Name,ACRS Report Type,Crash Date/Time,Hit/Run,Route Type,Lane Direction,Lane Type,Number of Lanes,Direction,Distance,Distance Unit,Road Grade,Road Name,Cross-Street Name,Off-Road Description,Municipality,Related Non-Motorist,At Fault,Collision Type,Weather,Surface Condition,Light,Traffic Control,Driver Substance Abuse,Non-Motorist Substance Abuse,First Harmful Event,Second Harmful Event,Junction,Intersection Type,Road Alignment,Road Condition,Road Division,Latitude,Longitude,Location
MCP28480065,180004657,Montgomery County Police,Property Damage Crash,01/27/2018 02:43:00 PM,Yes,,,,,,,,,,,PARKING LOT 10250 WESTLAKE DRIVE (LAKEVIEW APARTMENTS),,,DRIVER,OTHER,CLEAR,,DAYLIGHT,NO CONTROLS,NONE DETECTED,,PARKED VEHICLE,PARKED VEHICLE,,,,,,39.00790167,-77.106775,"(39.00790167, -77.106775)"
MCP3330002L,250004527,MONTGOMERY,Property Damage Crash,01/31/2025 01:24:00 PM,No,Maryland (State) Route,"Eastbound, Southbound","Lane 2, Unknown",4,South,0,FEET,Level,VEIRS MILL RD,UNIVERSITY BLVD W (WB/L),,,,DRIVER,Angle,Rain,Wet,Other,Traffic Control Signal,"Not Suspect of Alcohol Use, Not Suspect of Drug Use, Not Suspect of Alcohol Use, Not Suspect of Drug Use",,Motor Vehicle In Transport,,Intersection or Related,Perpendicular,Straight,No Defects,"Divided, Raised Median (curbed)",39.04006286,-77.05548869,"(39.04006286, -77.05548869)"
MCP29540041,170533913,Montgomery County Police,Property Damage Crash,09/29/2017 07:25:00 PM,No,County,South,,1,North,0,FEET,LEVEL,CARROLL AVE,OSAGE ST,,N/A,,DRIVER,STRAIGHT MOVEMENT ANGLE,CLEAR,DRY,DARK -- UNKNOWN LIGHTING,STOP SIGN,NONE DETECTED,,OTHER VEHICLE,N/A,INTERSECTION,T-INTERSECTION,STRAIGHT,NO DEFECTS,"TWO-WAY, DIVIDED, POSITIVE MEDIAN BARRIER",38.99560833,-76.99228333,"(38.99560833, -76.99228333)"
MCP32200014,210001027,Montgomery County Police,Property Damage Crash,01/08/2021 09:25:00 PM,No,County,North,,2,South,0,FEET,GRADE DOWNHILL,SNOUFFERS SCHOOL RD,NO NAME,,N/A,,DRIVER,STRAIGHT MOVEMENT ANGLE,CLEAR,DRY,DARK LIGHTS ON,NO CONTROLS,NONE DETECTED,,OTHER VEHICLE,N/A,INTERSECTION,T-INTERSECTION,STRAIGHT,NO DEFECTS,"TWO-WAY, NOT DIVIDED",39.167848,-77.17462283,"(39.167848, -77.17462283)"
MCP137800J7,170533454,Montgomery County Police,Property Damage Crash,09/27/2017 04:42:00 PM,No,County,South,,3,North,75,FEET,LEVEL,SHADY GROVE RD,EPSILON DR,,N/A,,DRIVER,SAME DIR REAR END,CLEAR,DRY,DAYLIGHT,TRAFFIC SIGNAL,NONE DETECTED,,OTHER VEHICLE,OTHER VEHICLE,INTERSECTION RELATED,FOUR-WAY INTERSECTION,STRAIGHT,NO DEFECTS,"TWO-WAY, DIVIDED, POSITIVE MEDIAN BARRIER",39.13843,-77.15343833,"(39.13843, -77.15343833)"
EJ78850046,240010384,GAITHERSBURG,Property Damage Crash,03/03/2024 05:27:00 PM,No,Maryland (State) Route,Southbound,Other,3,East,36.98,FEET,Level,QUINCE ORCHARD RD (SB/L),,,,,UNKNOWN,Angle,Clear,Dry,Daylight,No Controls,"Not Suspect of Alcohol Use, Not Suspect of Drug Use, Not Suspect of Alcohol Use, Not Suspect of Drug Use",,Motor Vehicle In Transport,Not Applicable,Entrance/Exit Ramp or Related,,Straight,,Not Divided,39.1485462,-77.21754486,"(39.1485462, -77.21754486)"
MCP2882001Y,17013544,Montgomery County Police,Injury Crash,03/16/2017 01:29:00 PM,No,County,South,RIGHT TURN LANE,2,North,5,FEET,LEVEL,OBSERVATION DR,RIDGE RD,,N/A,,DRIVER,SAME DIR REAR END,CLEAR,WET,DAYLIGHT,TRAFFIC SIGNAL,NONE DETECTED,,OTHER VEHICLE,N/A,INTERSECTION RELATED,FOUR-WAY INTERSECTION,STRAIGHT,NO DEFECTS,"TWO-WAY, DIVIDED, POSITIVE MEDIAN BARRIER",39.20197,-77.25351333,"(39.20197, -77.25351333)"
MCP3011000V,16025138,Montgomery County Police,Property Damage Crash,05/20/2016 05:40:00 PM,No,County,South,,2,South,0,FEET,LEVEL,MAYFIELD DR,WINNEPEG RD,,N/A,,DRIVER,STRAIGHT MOVEMENT ANGLE,CLEAR,DRY,DAYLIGHT,STOP SIGN,NONE DETECTED,,OTHER VEHICLE,N/A,INTERSECTION RELATED,FOUR-WAY INTERSECTION,STRAIGHT,NO DEFECTS,"TWO-WAY, DIVIDED, UNPROTECTED PAINTED MIN 4 FEET",39.02185,-77.13134833,"(39.02185, -77.13134833)"
MCP27530049,190032385,Montgomery County Police,Property Damage Crash,07/08/2019 09:11:00 AM,No,County,West,LEFT TURN LANE,2,East,0,FEET,LEVEL,ARCOLA AVE,AMHERST AVE,,N/A,,DRIVER,SAME DIRECTION SIDESWIPE,RAINING,WET,DAYLIGHT,TRAFFIC SIGNAL,NONE DETECTED,,OTHER VEHICLE,N/A,INTERSECTION,T-INTERSECTION,STRAIGHT,NO DEFECTS,"TWO-WAY, DIVIDED, UNPROTECTED PAINTED MIN 4 FEET",39.04719167,-77.04795333,"(39.04719167, -77.04795333)"
MCP23390017,15052414,MONTGOMERY,Injury Crash,10/15/2015 06:29:00 PM,No,Maryland (State),North,,2,South,50,FEET,LEVEL,GEORGIA AVE,BATCHELLORS FOREST RD,,N/A,,DRIVER,SAME DIR REAR END,CLEAR,N/A,DUSK,NO CONTROLS,NONE DETECTED,,OTHER VEHICLE,N/A,NON INTERSECTION,N/A,STRAIGHT,NO DEFECTS,"TWO-WAY, DIVIDED, UNPROTECTED PAINTED MIN 4 FEET",39.123232,-77.073724,"(39.123232, -77.073724)"
MCP20400019,190052358,Montgomery County Police,Property Damage Crash,10/31/2019 08:06:00 AM,No,County,North,,1,South,0.6,MILE,LEVEL,SPRING MEADOWS DR,DARNESTOWN RD,,N/A,,DRIVER,HEAD ON LEFT TURN,CLOUDY,WET,DAYLIGHT,NO CONTROLS,NONE DETECTED,,OTHER VEHICLE,N/A,N/A,N/A,CURVE LEFT,NO DEFECTS,"TWO-WAY, NOT DIVIDED",39.100855,-77.30792833,"(39.100855, -77.30792833)"
DM8439002X,190030191,Takoma Park Police Depart,Injury Crash,06/24/2019 06:38:00 PM,No,Maryland (State),East,,4,West,50,FEET,LEVEL,UNIVERSITY BLVD E,MERRIMAC DR,,TAKOMA PARK,,DRIVER,SAME DIR REAR END,CLOUDY,DRY,DUSK,NO CONTROLS,N/A,,OTHER VEHICLE,N/A,N/A,N/A,STRAIGHT,NO DEFECTS,"TWO-WAY, DIVIDED, POSITIVE MEDIAN BARRIER",38.99271167,-76.99193167,"(38.99271167, -76.99193167)"
EJ7829005R,190013083,Gaithersburg Police Depar,Property Damage Crash,03/21/2019 05:20:00 PM,Yes,,,,,,,,,,,PARKING LOT OF 400 BLOCK N. FREDERICK AVE,,,DRIVER,OTHER,RAINING,,DAYLIGHT,NO CONTROLS,"NONE DETECTED, UNKNOWN",,OTHER VEHICLE,N/A,,,,,,39.14587333,-77.20352667,"(39.14587333, -77.20352667)"
MCP2209002F,210039366,Montgomery County Police,Injury Crash,10/04/2021 03:24:00 AM,No,County,West,,1,East,150,FEET,GRADE DOWNHILL,TUCKERMAN LA,WHISPERWOOD LA,,N/A,,DRIVER,SINGLE VEHICLE,RAINING,WET,DARK LIGHTS ON,NO CONTROLS,NONE DETECTED,,OFF ROAD,FIXED OBJECT,NON INTERSECTION,N/A,CURVE LEFT,NO DEFECTS,"TWO-WAY, NOT DIVIDED",39.03711667,-77.13701167,"(39.03711667, -77.13701167)"
MCP2330003V,220054948,Montgomery County Police,Property Damage Crash,12/12/2022 01:38:00 PM,No,Maryland (State),North,,3,North,0,FEET,LEVEL,GEORGIA AVE,REEDIE DR,,N/A,,DRIVER,SAME DIRECTION SIDESWIPE,CLEAR,DRY,DAYLIGHT,TRAFFIC SIGNAL,NONE DETECTED,,OTHER VEHICLE,N/A,INTERSECTION,FOUR-WAY INTERSECTION,STRAIGHT,NO DEFECTS,"TWO-WAY, DIVIDED, POSITIVE MEDIAN BARRIER",39.03831667,-77.05129667,"(39.03831667, -77.05129667)"
DD56330060,210036505,Rockville Police Departme,Property Damage Crash,09/16/2021 11:15:00 AM,No,,,,,,,,,,,1174 TAFT ST (PARKING LOT),,,DRIVER,SAME DIRECTION SIDESWIPE,CLEAR,,DAYLIGHT,N/A,NONE DETECTED,,PARKED VEHICLE,OFF ROAD,,,,,,39.0848621,-77.1351778,"(39.0848621, -77.1351778)"
MCP1366007Y,180045958,Montgomery County Police,Property Damage Crash,09/14/2018 02:24:00 PM,No,County,North,,2,South,0,FEET,LEVEL,CRABBS BRANCH WAY,CALHOUN PL,,N/A,,DRIVER,STRAIGHT MOVEMENT ANGLE,CLOUDY,DRY,DAYLIGHT,STOP SIGN,NONE DETECTED,,OTHER VEHICLE,N/A,INTERSECTION,FOUR-WAY INTERSECTION,STRAIGHT,NO DEFECTS,"TWO-WAY, NOT DIVIDED",39.10821667,-77.15232167,"(39.10821667, -77.15232167)"
EJ7894002H,230011821,Gaithersburg Police Depar,Injury Crash,03/10/2023 04:32:00 PM,No,Maryland (State),North,,2,East,0,FEET,GRADE DOWNHILL,CLOPPER RD,SULLNICK WAY,,N/A,,DRIVER,HEAD ON LEFT TURN,RAINING,WET,DAWN,N/A,NONE DETECTED,,OTHER VEHICLE,N/A,INTERSECTION RELATED,N/A,STRAIGHT,NO DEFECTS,"TWO-WAY, DIVIDED, UNPROTECTED PAINTED MIN 4 FEET",39.14834003,-77.23721508,"(39.14834003, -77.23721508)"
MCP1181000S,190002155,Montgomery County Police,Property Damage Crash,01/14/2019 03:59:00 PM,No,Maryland (State),North,,5,South,100,FEET,LEVEL,RIDGE RD,FREDERICK RD,,N/A,,DRIVER,SAME DIR REAR END,CLEAR,WET,DAYLIGHT,NO CONTROLS,"COMBINED SUBSTANCE PRESENT, N/A",,OTHER VEHICLE,N/A,NON INTERSECTION,N/A,STRAIGHT,NO DEFECTS,"TWO-WAY, DIVIDED, POSITIVE MEDIAN BARRIER",39.20448833,-77.24678833,"(39.20448833, -77.24678833)"
EJ78290026,16035471,Gaithersburg Police Depar,Property Damage Crash,07/13/2016 06:02:00 AM,Yes,,,,,,0,,,,,PARKING LOT OF 417 N. FREDERICK AVE,,,DRIVER,OTHER,CLEAR,,DAYLIGHT,NO CONTROLS,UNKNOWN,,PARKED VEHICLE,N/A,,,,,,39.14659333,-77.20460333,"(39.14659333, -77.20460333)"
MCP285900CH,220026307,Montgomery County Police,Injury Crash,06/18/2022 03:36:00 PM,No,Maryland (State),North,ON RAMP,1,North,0,FEET,GRADE DOWNHILL,FREDERICK RD,RAMP 2 FR RP 7 (FR IS370 WB) TO MD355 NB,,N/A,BICYCLIST,DRIVER,OTHER,CLEAR,DRY,DAYLIGHT,NO CONTROLS,NONE DETECTED,NONE DETECTED,BICYCLE,N/A,INTERCHANGE RELATED,OTHER,CURVE RIGHT,NO DEFECTS,ONE-WAY TRAFFICWAY,39.12460926,-77.18016095,"(39.12460926, -77.18016095)"
MCP32710024,220023466,Montgomery County Police,Property Damage Crash,06/01/2022 04:30:00 PM,No,Maryland (State),East,,2,West,10,FEET,LEVEL,RIVER RD,BURDETTE RD,,N/A,,DRIVER,SAME DIR REAR END,CLEAR,DRY,DAYLIGHT,TRAFFIC SIGNAL,NONE DETECTED,,OTHER VEHICLE,N/A,INTERSECTION RELATED,FOUR-WAY INTERSECTION,STRAIGHT,NO DEFECTS,"TWO-WAY, DIVIDED, POSITIVE MEDIAN BARRIER",38.98616971,-77.14342321,"(38.98616971, -77.14342321)"
MCP24200048,220028240,Montgomery County Police,Injury Crash,07/01/2022 06:55:00 AM,No,County,East,,3,East,0,FEET,LEVEL,RANDOLPH RD,GLENMONT CIR #1,,N/A,BICYCLIST,NONMOTORIST,OTHER,CLEAR,DRY,DAYLIGHT,TRAFFIC SIGNAL,NONE DETECTED,NONE DETECTED,PEDESTRIAN,N/A,INTERSECTION,FOUR-WAY INTERSECTION,STRAIGHT,NO DEFECTS,"TWO-WAY, DIVIDED, POSITIVE MEDIAN BARRIER",39.05796167,-77.048425,"(39.05796167, -77.048425)"
MCP3377000L,230055279,Montgomery County Police,Property Damage Crash,09/16/2023 06:59:00 PM,No,County,South,,1,South,10,FEET,LEVEL,CORDELL AVE,OLD GEORGETOWN RD,,N/A,,DRIVER,OTHER,CLEAR,DRY,DAYLIGHT,NO CONTROLS,N/A,,OTHER VEHICLE,N/A,INTERSECTION RELATED,N/A,STRAIGHT,NO DEFECTS,"TWO-WAY, NOT DIVIDED",38.98828967,-77.09931067,"(38.98828967, -77.09931067)"
MCP3239001M,210031166,Montgomery County Police,Injury Crash,08/11/2021 04:11:00 AM,No,County,North,,2,North,0,FEET,LEVEL,EASTWOOD AVE,WOODRIDGE AVE,,N/A,,DRIVER,SINGLE VEHICLE,CLEAR,DRY,DARK LIGHTS ON,NO CONTROLS,UNKNOWN,,FIXED OBJECT,OTHER OBJECT,INTERSECTION,T-INTERSECTION,STRAIGHT,NO DEFECTS,"TWO-WAY, NOT DIVIDED",39.02679348,-77.01216623,"(39.02679348, -77.01216623)"
MCP137800CF,16048353,Montgomery County Police,Property Damage Crash,09/20/2016 03:17:00 PM,No,Municipality,East,LEFT TURN LANE,3,West,60,FEET,GRADE DOWNHILL,SAYBROOKE OAKS BLVD,MIDCOUNTY HWY,,N/A,,DRIVER,SAME DIR REAR END,CLOUDY,DRY,DAYLIGHT,TRAFFIC SIGNAL,NONE DETECTED,,OTHER VEHICLE,N/A,INTERSECTION RELATED,FOUR-WAY INTERSECTION,CURVE LEFT,NO DEFECTS,"TWO-WAY, DIVIDED, POSITIVE MEDIAN BARRIER",39.15037833,-77.17496,"(39.15037833, -77.17496)"
MCP28750024,16041979,Montgomery County Police,Property Damage Crash,08/18/2016 06:16:00 PM,No,Maryland (State),South,,2,North,0,FEET,LEVEL,GREAT SENECA HWY,QUEENSTOWN LA,,N/A,,DRIVER,OTHER,CLEAR,DRY,DAYLIGHT,TRAFFIC SIGNAL,NONE DETECTED,,OTHER VEHICLE,OTHER VEHICLE,INTERSECTION,FOUR-WAY INTERSECTION,CURVE LEFT,NO DEFECTS,"TWO-WAY, DIVIDED, UNPROTECTED PAINTED MIN 4 FEET",39.15338441,-77.27834702,"(39.15338441, -77.27834702)"
DD56150047,170530625,Rockville Police Departme,Property Damage Crash,09/14/2017 08:03:00 PM,No,Municipality,East,,1,East,500,FEET,LEVEL,BEALL AVE #2,N WASHINGTON ST,,ROCKVILLE,,DRIVER,SINGLE VEHICLE,CLEAR,DRY,DARK LIGHTS ON,NO CONTROLS,NONE DETECTED,,FIXED OBJECT,N/A,NON INTERSECTION,N/A,STRAIGHT,OBSTRUCTION NOT SIGNALED,"TWO-WAY, DIVIDED, POSITIVE MEDIAN BARRIER",39.08693833,-77.15416667,"(39.08693833, -77.15416667)"
MCP1151009Z,190046113,Montgomery County Police,Injury Crash,09/26/2019 08:00:00 AM,No,Maryland (State),South,,4,North,30,FEET,LEVEL,FREDERICK RD,GUNNERS BRANCH RD,,N/A,,DRIVER,SAME DIRECTION SIDESWIPE,CLEAR,DRY,DAYLIGHT,N/A,NONE DETECTED,,OTHER VEHICLE,FIXED OBJECT,INTERSECTION RELATED,T-INTERSECTION,STRAIGHT,NO DEFECTS,"TWO-WAY, DIVIDED, POSITIVE MEDIAN BARRIER",39.1786525,-77.23842933,"(39.1786525, -77.23842933)"
MCP2861006C,240047580,MONTGOMERY,Injury Crash,10/05/2024 04:45:00 PM,No,Other Public Roadway,Northbound,Off Road,1,East,48.34,FEET,Level,LAKEVIEW DR,,,,,UNKNOWN,Single Vehicle,Clear,Dry,Daylight,No Controls,"Not Suspect of Alcohol Use, Not Suspect of Drug Use",,Tree (standing),,Non-Junction,,Straight,No Defects,Not Divided,39.02683283,-77.149937,"(39.02683283, -77.149937)"
MCP2837000X,16017506,Montgomery County Police,Injury Crash,04/10/2016 12:10:00 PM,No,Maryland (State),East,,3,West,100,FEET,LEVEL,DARNESTOWN RD,SENECA RD,,N/A,BICYCLIST,DRIVER,HEAD ON LEFT TURN,N/A,DRY,DAYLIGHT,NO CONTROLS,NONE DETECTED,NONE DETECTED,PEDESTRIAN,N/A,N/A,OTHER,STRAIGHT,NO DEFECTS,"TWO-WAY, NOT DIVIDED",39.103765,-77.292745,"(39.103765, -77.292745)"
MCP1015001S,180042605,Montgomery County Police,Property Damage Crash,08/27/2018 08:40:00 AM,No,,,,,,,,,,,PARKING LOT OF 21301 SENECA CROSSING DRIVE,,,DRIVER,OTHER,CLEAR,,DAYLIGHT,N/A,NONE DETECTED,,PARKED VEHICLE,N/A,,,,,,39.20617,-77.23712333,"(39.20617, -77.23712333)"
MCP2693000V,15031023,MONTGOMERY,Property Damage Crash,06/25/2015 02:07:00 PM,No,Maryland (State),South,,2,North,0,FEET,LEVEL,GEORGIA AVE,HEATHFIELD RD,,N/A,,DRIVER,STRAIGHT MOVEMENT ANGLE,CLEAR,DRY,DAYLIGHT,STOP SIGN,NONE DETECTED,,OTHER VEHICLE,N/A,INTERSECTION,FOUR-WAY INTERSECTION,STRAIGHT,NO DEFECTS,"TWO-WAY, DIVIDED, UNPROTECTED PAINTED MIN 4 FEET",39.08748,-77.07961167,"(39.08748, -77.07961167)"
MCP2399002R,190035227,Montgomery County Police,Property Damage Crash,07/24/2019 06:30:00 PM,No,County,West,,2,East,0,FEET,LEVEL,CENTERWAY RD,CLUB HOUSE RD,,N/A,,DRIVER,STRAIGHT MOVEMENT ANGLE,CLEAR,DRY,DAYLIGHT,NO CONTROLS,NONE DETECTED,,OTHER VEHICLE,N/A,INTERSECTION,FOUR-WAY INTERSECTION,STRAIGHT,NO DEFECTS,"TWO-WAY, DIVIDED, UNPROTECTED PAINTED MIN 4 FEET",39.17242667,-77.201515,"(39.17242667, -77.201515)"
MCP3123003N,220014492,Montgomery County Police,Injury Crash,04/05/2022 03:08:00 PM,No,Municipality,West,,3,East,0,FEET,HILL CREST,E GUDE DR,DIRECTIONAL CROSSOVER,,N/A,,DRIVER,STRAIGHT MOVEMENT ANGLE,RAINING,WET,DAYLIGHT,STOP SIGN,N/A,,OTHER VEHICLE,N/A,INTERSECTION,OTHER,STRAIGHT,NO DEFECTS,"TWO-WAY, DIVIDED, POSITIVE MEDIAN BARRIER",39.09635567,-77.13451927,"(39.09635567, -77.13451927)"
MCP3068000Z,180016366,Montgomery County Police,Property Damage Crash,04/04/2018 04:34:00 PM,No,Maryland (State),West,CROSSOVER AREA,1,North,0,FEET,LEVEL,BRADLEY BLVD,BURNING TREE RD,,N/A,,DRIVER,STRAIGHT MOVEMENT ANGLE,CLEAR,DRY,DAYLIGHT,STOP SIGN,N/A,,OTHER VEHICLE,N/A,INTERSECTION,FOUR-WAY INTERSECTION,STRAIGHT,NO DEFECTS,"TWO-WAY, NOT DIVIDED",39.00372833,-77.13689,"(39.00372833, -77.13689)"
EJ7899000M,230014566,Gaithersburg Police Depar,Property Damage Crash,03/26/2023 03:30:00 AM,No,Ramp,North,ON RAMP,2,North,100,FEET,LEVEL,RAMP 3 FR IS 370 EB TO IS 270 NB,NO NAME,,N/A,,DRIVER,SINGLE VEHICLE,FOGGY,WET,DARK NO LIGHTS,NO CONTROLS,N/A,,OFF ROAD,OFF ROAD,INTERCHANGE RELATED,ROUNDABOUT,CURVE LEFT,NO DEFECTS,ONE-WAY TRAFFICWAY,39.12135427,-77.1953953,"(39.12135427, -77.1953953)"
MCP2134000H,15057067,MONTGOMERY,Injury Crash,11/09/2015 08:59:00 AM,No,Maryland (State),West,,3,North,0,FEET,LEVEL,ROCKVILLE PIKE,FIRST ST,,N/A,,DRIVER,SAME DIR REAR END,CLEAR,DRY,DAYLIGHT,TRAFFIC SIGNAL,NONE DETECTED,,OTHER VEHICLE,N/A,INTERSECTION,FOUR-WAY INTERSECTION,STRAIGHT,NO DEFECTS,"TWO-WAY, DIVIDED, POSITIVE MEDIAN BARRIER",39.07715491,-77.13952124,"(39.07715491, -77.13952124)"
MCP3050001V,170549564,Montgomery County Police,Injury Crash,12/19/2017 06:00:00 PM,No,County,East,,3,West,50,FEET,LEVEL,RANDOLPH RD,BENNION RD,,N/A,,DRIVER,SAME DIR REAR END,CLEAR,DRY,DARK LIGHTS ON,TRAFFIC SIGNAL,NONE DETECTED,,OTHER VEHICLE,OTHER VEHICLE,NON INTERSECTION,N/A,STRAIGHT,NO DEFECTS,"TWO-WAY, DIVIDED, POSITIVE MEDIAN BARRIER",39.05492,-77.08423833,"(39.05492, -77.08423833)"
MCP2886002F,170508757,Montgomery County Police,Injury Crash,05/19/2017 07:27:00 PM,No,Maryland (State),South,,6,South,0,FEET,LEVEL,GEORGIA AVE,WELLER RD,,N/A,,DRIVER,STRAIGHT MOVEMENT ANGLE,CLEAR,WET,DAYLIGHT,STOP SIGN,NONE DETECTED,,OTHER VEHICLE,N/A,N/A,FOUR-WAY INTERSECTION,STRAIGHT,NO DEFECTS,"TWO-WAY, DIVIDED, POSITIVE MEDIAN BARRIER",39.06630167,-77.05922167,"(39.06630167, -77.05922167)"
MCP3121003B,200024454,Montgomery County Police,Property Damage Crash,06/22/2020 05:54:00 PM,Yes,County,West,,1,East,5,FEET,HILL UPHILL,BRINK RD,GOSHEN RD,,N/A,,DRIVER,SAME DIR REAR END,RAINING,WET,DAYLIGHT,STOP SIGN,"NONE DETECTED, UNKNOWN",,OTHER VEHICLE,OTHER VEHICLE,N/A,Y-INTERSECTION,STRAIGHT,NO DEFECTS,"TWO-WAY, NOT DIVIDED",39.20377333,-77.18711333,"(39.20377333, -77.18711333)"
MCP2723004X,200007089,Montgomery County Police,Injury Crash,02/12/2020 12:10:00 PM,No,Maryland (State),South,,2,East,0,FEET,LEVEL,OLNEY SANDY SPRING RD,GEORGIA AVE,,N/A,PEDESTRIAN,DRIVER,SINGLE VEHICLE,CLEAR,DRY,DAYLIGHT,TRAFFIC SIGNAL,NONE DETECTED,NONE DETECTED,PEDESTRIAN,N/A,INTERSECTION,FOUR-WAY INTERSECTION,STRAIGHT,N/A,"TWO-WAY, DIVIDED, UNPROTECTED PAINTED MIN 4 FEET",39.15296,-77.06694167,"(39.15296, -77.06694167)"
DD5601004D,180055068,Rockville Police Departme,Property Damage Crash,11/02/2018 07:30:00 PM,No,County,East,,3,North,0,FEET,LEVEL,SHADY GROVE RD,CORPORATE BLVD,,N/A,,DRIVER,STRAIGHT MOVEMENT ANGLE,RAINING,WET,DARK LIGHTS ON,TRAFFIC SIGNAL,N/A,,OTHER VEHICLE,N/A,INTERSECTION,FOUR-WAY INTERSECTION,STRAIGHT,NO DEFECTS,"TWO-WAY, DIVIDED, POSITIVE MEDIAN BARRIER",39.1074365,-77.1893325,"(39.1074365, -77.1893325)"
MCP25860069,230028302,Montgomery County Police,Property Damage Crash,06/12/2023 05:38:00 PM,No,County,East,,1,North,0,FEET,LEVEL,OBSERVATION DR,ROYAL CROWN DR,,N/A,,DRIVER,STRAIGHT MOVEMENT ANGLE,CLEAR,DRY,DAYLIGHT,TRAFFIC SIGNAL,NONE DETECTED,,OTHER VEHICLE,N/A,INTERSECTION,FOUR-WAY INTERSECTION,STRAIGHT,NO DEFECTS,"TWO-WAY, DIVIDED, POSITIVE MEDIAN BARRIER",39.18421167,-77.2638,"(39.18421167, -77.2638)"
MCP27650034,16056114,Montgomery County Police,Property Damage Crash,10/31/2016 06:00:00 PM,No,County,West,,1,West,0,FEET,GRADE DOWNHILL,VICTORY LA,FALLS RD,,N/A,,DRIVER,OPPOSITE DIR BOTH LEFT TURN,CLEAR,DRY,DAYLIGHT,STOP SIGN,NONE DETECTED,,OTHER VEHICLE,N/A,INTERSECTION RELATED,T-INTERSECTION,STRAIGHT,NO DEFECTS,"TWO-WAY, NOT DIVIDED",39.053095,-77.18417167,"(39.053095, -77.18417167)"
MCP3026005L,200035855,Montgomery County Police,Injury Crash,09/13/2020 10:34:00 AM,No,Maryland (State),East,,2,East,0,FEET,HILL UPHILL,EAST WEST HWY,TWIN FORKS LA,,N/A,,DRIVER,SAME DIRECTION LEFT TURN,CLEAR,DRY,DAYLIGHT,STOP SIGN,NONE DETECTED,,OTHER VEHICLE,FIXED OBJECT,INTERSECTION RELATED,OTHER,STRAIGHT,NO DEFECTS,"TWO-WAY, DIVIDED, UNPROTECTED PAINTED MIN 4 FEET",38.99291333,-77.06487333,"(38.99291333, -77.06487333)"
MCP2971000G,15030159,MONTGOMERY,Property Damage Crash,06/20/2015 04:20:00 PM,Yes,,,,,,,,,,,"Whole Foods Parking Lot Behind 833 Wayne Avenue, Silver Spring, Maryland 20910",,,DRIVER,OTHER,CLEAR,,DAYLIGHT,NO CONTROLS,"NONE DETECTED, UNKNOWN",,OTHER VEHICLE,N/A,,,,,,38.99662393,-77.02379465,"(38.99662393, -77.02379465)"
MCP27170064,16026457,Montgomery County Police,Injury Crash,05/27/2016 05:00:00 PM,No,County,South,,2,North,50,FEET,LEVEL,MACARTHUR BLVD,CLARA BARTON PKWY,,N/A,,DRIVER,SAME DIR REAR END,CLEAR,DRY,DAYLIGHT,TRAFFIC SIGNAL,NONE DETECTED,,OTHER VEHICLE,N/A,INTERSECTION RELATED,FOUR-WAY INTERSECTION,STRAIGHT,NO DEFECTS,"TWO-WAY, DIVIDED, UNPROTECTED PAINTED MIN 4 FEET",38.99877167,-77.10974333,"(38.99877167, -77.10974333)"
MCP27610066,240040887,MONTGOMERY,Injury Crash,08/29/2024 10:35:00 AM,No,County Route,"Northbound, Westbound",Lane 1,"1, 3",South,0,FEET,Level,CENTURY BLVD,MIDDLEBROOK RD (WB/L),,,,DRIVER,Angle,Clear,Dry,Daylight,Traffic Control Signal,"Not Suspect of Alcohol Use, Not Suspect of Drug Use, Not Suspect of Alcohol Use, Not Suspect of Drug Use",,Motor Vehicle In Transport,,Intersection or Related,Perpendicular,Straight,No Defects,Not Divided,39.18030595,-77.26843635,"(39.18030595, -77.26843635)"
MCP3148000V,180058380,Montgomery County Police,Property Damage Crash,11/21/2018 09:35:00 AM,No,Maryland (State),South,,2,East,0,FEET,LEVEL,RIVER RD,CAPITAL BELTWAY,,N/A,,DRIVER,HEAD ON LEFT TURN,CLEAR,DRY,DAYLIGHT,TRAFFIC SIGNAL,NONE DETECTED,,OTHER VEHICLE,N/A,INTERSECTION,T-INTERSECTION,STRAIGHT,NO DEFECTS,"TWO-WAY, DIVIDED, POSITIVE MEDIAN BARRIER",38.99126,-77.15917667,"(38.99126, -77.15917667)"
MCP20590029,15065225,MONTGOMERY,Property Damage Crash,12/21/2015 08:13:00 AM,Yes,Maryland (State),South,,3,South,250,FEET,LEVEL,ROCKVILLE PIKE,CEDAR LA,,N/A,,DRIVER,SAME DIRECTION SIDESWIPE,CLEAR,DRY,DAYLIGHT,TRAFFIC SIGNAL,"NONE DETECTED, UNKNOWN",,OTHER VEHICLE,N/A,NON INTERSECTION,N/A,STRAIGHT,NO DEFECTS,"TWO-WAY, DIVIDED, UNPROTECTED PAINTED MIN 4 FEET",39.00565667,-77.09764167,"(39.00565667, -77.09764167)"
MCP2751000L,15026293,Montgomery County Police,Fatal Crash,05/31/2015 03:05:00 PM,No,,South,,1,,100,FEET,LEVEL,2901 S LEISURE WORLD BLVD,EARDLEY COURT,,N/A,,DRIVER,SINGLE VEHICLE,CLEAR,DRY,DAYLIGHT,NO CONTROLS,NONE DETECTED,,FIXED OBJECT,FIXED OBJECT,NON INTERSECTION,N/A,STRAIGHT,NO DEFECTS,"TWO-WAY, DIVIDED, POSITIVE MEDIAN BARRIER",39.103885,-77.05918667,"(39.103885, -77.05918667)"