Report Number,Local Case Number,Agency Name,ACRS Report Type,Crash Date/Time,Hit/Run,Route Type,Lane Direction,Lane Type,Number of Lanes,Direction,Distance,Distance Unit,Road Grade,Road Name,Cross-Street Name,Off-Road Description,Municipality,Related Non-Motorist,At Fault,Collision Type,Weather,Surface Condition,Light,Traffic Control,Driver Substance Abuse,Non-Motorist Substance Abuse,First Harmful Event,Second Harmful Event,Junction,Intersection Type,Road Alignment,Road Condition,Road Division,Latitude,Longitude,Location
MCP23720065,230033162,Montgomery County Police,Injury Crash,07/12/2023 09:10:00 AM,No,County,South,,1,South,500,FEET,LEVEL,GARFIELD ST,GREENTREE RD,,N/A,,DRIVER,OTHER,CLEAR,DRY,DAYLIGHT,NO CONTROLS,NONE DETECTED,,PARKED VEHICLE,PARKED VEHICLE,NON INTERSECTION,N/A,STRAIGHT,NO DEFECTS,"TWO-WAY, NOT DIVIDED",39.00098,-77.11534833,"(39.00098, -77.11534833)"
MCP2792000L,15057789,MONTGOMERY,Property Damage Crash,11/12/2015 05:56:00 PM,No,Maryland (State),South,OTHER,2,North,0,FEET,LEVEL,RIDGE RD,HIGH CORNER ST,,N/A,,DRIVER,HEAD ON LEFT TURN,CLEAR,DRY,DUSK,TRAFFIC SIGNAL,NONE DETECTED,,OTHER VEHICLE,N/A,INTERSECTION,FOUR-WAY INTERSECTION,STRAIGHT,NO DEFECTS,"TWO-WAY, NOT DIVIDED",39.29018167,-77.20357167,"(39.29018167, -77.20357167)"
MCP3145000T,18006299,Montgomery County Police,Property Damage Crash,12/13/2018 05:43:00 PM,No,Maryland (State),South,,3,North,0,FEET,LEVEL,NEW HAMPSHIRE AVE,STONEGATE DR,,N/A,,DRIVER,STRAIGHT MOVEMENT ANGLE,CLEAR,DRY,DARK NO LIGHTS,NO CONTROLS,N/A,,OTHER VEHICLE,N/A,INTERSECTION,T-INTERSECTION,STRAIGHT,NO DEFECTS,"TWO-WAY, DIVIDED, POSITIVE MEDIAN BARRIER",39.09,-77.75,"(39.09, -77.75)"
MCP3394000F,240014940,MONTGOMERY,Property Damage Crash,03/30/2024 12:49:00 PM,,County Route,Northbound,"Lane 1, Other",2,East,15.14,FEET,Downhill,GALENA RD,,,,,UNKNOWN,Unknown,Cloudy,Dry,Daylight,No Controls,"Unknown, Unknown",,Parked Vehicle,,Non-Junction,,Straight,,Not Divided,39.05262808,-77.09706116,"(39.05262808, -77.09706116)"
MCP2968004J,220055685,Montgomery County Police,Injury Crash,12/16/2022 10:59:00 AM,No,Maryland (State),North,UNKNOWN,2,South,50,FEET,LEVEL,FALLS RD,TUCKERMAN LA,,N/A,,DRIVER,SINGLE VEHICLE,CLEAR,DRY,DAYLIGHT,N/A,N/A,,FIXED OBJECT,N/A,N/A,N/A,STRAIGHT,NO DEFECTS,"TWO-WAY, DIVIDED, UNPROTECTED PAINTED MIN 4 FEET",39.050195,-77.18822167,"(39.050195, -77.18822167)"
MCP30070035,180051295,Montgomery County Police,Injury Crash,10/13/2018 02:30:00 PM,No,County,East,,1,East,0,FEET,LEVEL,JANET RD,FLACK ST,,N/A,,DRIVER,ANGLE MEETS RIGHT TURN,CLEAR,DRY,DAYLIGHT,N/A,"N/A, NONE DETECTED",,OTHER VEHICLE,N/A,N/A,FOUR-WAY INTERSECTION,STRAIGHT,N/A,"TWO-WAY, NOT DIVIDED",39.06916333,-77.06321667,"(39.06916333, -77.06321667)"
MCP2767000S,15021118,Montgomery County Police,Injury Crash,05/04/2015 02:55:00 PM,No,Maryland (State),East,,3,East,0,MILE,LEVEL,VEIRS MILL RD,UNIVERSITY BLVD W,,N/A,,DRIVER,STRAIGHT MOVEMENT ANGLE,CLEAR,DRY,DAYLIGHT,N/A,NONE DETECTED,,OTHER VEHICLE,N/A,COMMERCIAL DRIVEWAY,T-INTERSECTION,STRAIGHT,NO DEFECTS,"TWO-WAY, DIVIDED, POSITIVE MEDIAN BARRIER",39.04101962,-77.05749393,"(39.04101962, -77.05749393)"
MCP2059002T,16032350,Montgomery County Police,Injury Crash,06/26/2016 12:48:00 PM,No,Maryland (State),East,,2,West,10,FEET,HILL UPHILL,EAST WEST HWY,TWIN FORKS LA,,N/A,,DRIVER,HEAD ON,CLEAR,DRY,DAYLIGHT,NO CONTROLS,NONE DETECTED,,OTHER VEHICLE,N/A,NON INTERSECTION,N/A,CURVE LEFT,NO DEFECTS,"TWO-WAY, NOT DIVIDED",38.99309988,-77.0650658,"(38.99309988, -77.0650658)"
MCP31340039,220005881,Montgomery County Police,Property Damage Crash,02/10/2022 04:42:00 PM,No,Maryland (State),East,,2,East,0,FEET,LEVEL,SANDY SPRING RD,DINO DR,,N/A,,DRIVER,STRAIGHT MOVEMENT ANGLE,CLEAR,DRY,DAYLIGHT,FLASHING TRAFFIC SIGNAL,N/A,,OTHER VEHICLE,N/A,INTERSECTION,T-INTERSECTION,STRAIGHT,NO DEFECTS,"TWO-WAY, DIVIDED, POSITIVE MEDIAN BARRIER",39.109283,-76.92329167,"(39.109283, -76.92329167)"
MCP3127000T,180025354,Montgomery County Police,Injury Crash,05/23/2018 05:55:00 PM,No,Maryland (State),West,,2,East,25,FEET,LEVEL,WILSON LA,STRATFORD RD,,N/A,PEDESTRIAN,NONMOTORIST,OTHER,CLEAR,DRY,DAYLIGHT,NO CONTROLS,NONE DETECTED,NONE DETECTED,PEDESTRIAN,N/A,NON INTERSECTION,N/A,STRAIGHT,NO DEFECTS,"TWO-WAY, NOT DIVIDED",38.98715102,-77.10850954,"(38.98715102, -77.10850954)"
EJ7747001N,160200143,Gaithersburg Police Depar,Property Damage Crash,04/24/2016 08:05:00 AM,No,Maryland (State),South,OFF ROAD,2,North,800,FEET,LEVEL,GREAT SENECA HWY,HIGH GABLES DR,,N/A,,DRIVER,SINGLE VEHICLE,CLEAR,DRY,DAYLIGHT,N/A,NONE DETECTED,,FIXED OBJECT,OVERTURN,NON INTERSECTION,N/A,CURVE LEFT,NO DEFECTS,"TWO-WAY, DIVIDED, UNPROTECTED PAINTED MIN 4 FEET",39.11365833,-77.22276,"(39.11365833, -77.22276)"
MCP2420003F,190003607,Montgomery County Police,Property Damage Crash,01/23/2019 05:45:00 PM,No,Maryland (State),West,,2,East,20,FEET,LEVEL,OLNEY SANDY SPRING RD,GEORGIA AVE,,N/A,,DRIVER,SAME DIRECTION SIDESWIPE,N/A,DRY,DARK LIGHTS ON,NO CONTROLS,"N/A, NONE DETECTED",,OTHER VEHICLE,OTHER VEHICLE,INTERSECTION RELATED,FOUR-WAY INTERSECTION,STRAIGHT,NO DEFECTS,"TWO-WAY, DIVIDED, POSITIVE MEDIAN BARRIER",39.15260183,-77.06587918,"(39.15260183, -77.06587918)"
DD5625002N,190037141,Rockville Police Departme,Property Damage Crash,08/04/2019 04:40:00 PM,No,Maryland (State),South,,1,East,0,FEET,LEVEL,FIRST ST,BALTIMORE RD,,ROCKVILLE,,DRIVER,HEAD ON LEFT TURN,CLEAR,DRY,DAYLIGHT,TRAFFIC SIGNAL,NONE DETECTED,,OTHER VEHICLE,N/A,INTERSECTION,FOUR-WAY INTERSECTION,STRAIGHT,NO DEFECTS,"TWO-WAY, NOT DIVIDED",39.0847,-77.13607167,"(39.0847, -77.13607167)"
MCP2072006F,230008024,Montgomery County Police,Injury Crash,02/17/2023 08:42:00 AM,No,County,West,,1,West,30,FEET,HILL UPHILL,NEELSVILLE CHURCH RD,SHAKESPEARE BLVD,,N/A,,DRIVER,SINGLE VEHICLE,RAINING,WET,DAYLIGHT,NO CONTROLS,UNKNOWN,,FIXED OBJECT,N/A,N/A,N/A,CURVE LEFT,NO DEFECTS,"TWO-WAY, NOT DIVIDED",39.196975,-77.23672667,"(39.196975, -77.23672667)"
DD56680006,230026656,Rockville Police Departme,Property Damage Crash,06/03/2023 11:50:00 AM,Yes,Municipality,East,,2,East,100,FEET,LEVEL,E MONTGOMERY AVE,MARYLAND AVE,,ROCKVILLE,PEDESTRIAN,DRIVER,SINGLE VEHICLE,CLEAR,DRY,DAYLIGHT,NO CONTROLS,N/A,N/A,PEDESTRIAN,FIXED OBJECT,NON INTERSECTION,N/A,STRAIGHT,NO DEFECTS,N/A,39.08410737,-77.15014302,"(39.08410737, -77.15014302)"
MCP9118000J,16055853,Montgomery County Police,Property Damage Crash,10/30/2016 03:00:00 AM,No,Maryland (State),North,,3,South,200,FEET,LEVEL,GEORGIA AVE,SHOREFIELD RD,,N/A,,UNKNOWN,SINGLE VEHICLE,CLEAR,DRY,DARK LIGHTS ON,NO CONTROLS,NONE DETECTED,,ANIMAL,N/A,NON INTERSECTION,N/A,STRAIGHT,NO DEFECTS,"TWO-WAY, DIVIDED, POSITIVE MEDIAN BARRIER",39.058235,-77.04835833,"(39.058235, -77.04835833)"
MCP2855004Z,230068811,Montgomery County Police,Property Damage Crash,11/28/2023 03:30:00 PM,Yes,Maryland (State),South,,3,North,0,FEET,LEVEL,NEW HAMPSHIRE AVE,POWDER MILL RD,,N/A,,DRIVER,SAME DIR REAR END,CLEAR,DRY,DAYLIGHT,TRAFFIC SIGNAL,"N/A, NONE DETECTED",,OTHER VEHICLE,N/A,INTERSECTION,T-INTERSECTION,STRAIGHT,NO DEFECTS,"TWO-WAY, DIVIDED, POSITIVE MEDIAN BARRIER",39.02259335,-76.97786752,"(39.02259335, -76.97786752)"
MCP31610050,230005768,Montgomery County Police,Property Damage Crash,02/04/2023 03:28:00 PM,No,Maryland (State),West,,2,East,100,FEET,LEVEL,METROPOLITAN AVE,PLYERS MILL RD,,KENSINGTON,,DRIVER,SAME DIR REAR END,CLEAR,DRY,DAYLIGHT,NO CONTROLS,NONE DETECTED,,OTHER VEHICLE,N/A,N/A,N/A,STRAIGHT,NO DEFECTS,"TWO-WAY, NOT DIVIDED",39.0291775,-77.07400567,"(39.0291775, -77.07400567)"
MCP2330004V,240057389,MONTGOMERY,Property Damage Crash,11/30/2024 09:00:00 PM,No,,,,0,,,FEET,,,,Parking Lot Way        PARKING LOT OF 1002 MILESTONE DR,,,UNKNOWN,Single Vehicle,Clear,,Dark - Lighted,,"Not Suspect of Alcohol Use, Not Suspect of Drug Use",,"Other Fixed Object (wall, building, tunnel, etc.)",,,,,,,39.04544555,-76.99134244,"(39.04544555, -76.99134244)"
MCP0113002D,180025452,Montgomery County Police,Property Damage Crash,05/24/2018 09:44:00 AM,No,Maryland (State),West,,3,East,0,FEET,LEVEL,EAST WEST HWY,MEADOWBROOK LA,,N/A,,DRIVER,OTHER,CLEAR,DRY,DAYLIGHT,TRAFFIC SIGNAL,NONE DETECTED,,OTHER VEHICLE,N/A,INTERSECTION,FOUR-WAY INTERSECTION,STRAIGHT,NO DEFECTS,"TWO-WAY, DIVIDED, UNPROTECTED PAINTED MIN 4 FEET",38.99240667,-77.060695,"(38.99240667, -77.060695)"
MCP2215001D,210017205,Montgomery County Police,Injury Crash,05/07/2021 06:35:00 PM,No,County,East,,2,West,0.5,MILE,LEVEL,SUNDOWN RD,ZION RD,,N/A,,DRIVER,SINGLE VEHICLE,RAINING,WET,DAYLIGHT,NO CONTROLS,ILLEGAL DRUG CONTRIBUTED,,FIXED OBJECT,N/A,NON INTERSECTION,N/A,CURVE LEFT,NO DEFECTS,"TWO-WAY, NOT DIVIDED",39.21849333,-77.10301833,"(39.21849333, -77.10301833)"
EJ7875002V,220031640,Gaithersburg Police Depar,Property Damage Crash,07/22/2022 08:55:00 PM,No,Maryland (State),East,LEFT TURN LANE,2,East,0,FEET,LEVEL,W DIAMOND AVE,PERRY PKWY,,GAITHERSBURG,,DRIVER,OTHER,CLEAR,DRY,DARK LIGHTS ON,TRAFFIC SIGNAL,N/A,,OTHER VEHICLE,N/A,INTERSECTION,FOUR-WAY INTERSECTION,STRAIGHT,NO DEFECTS,"TWO-WAY, DIVIDED, POSITIVE MEDIAN BARRIER",39.14061928,-77.20936233,"(39.14061928, -77.20936233)"
MCP2031002P,200013189,Montgomery County Police,Property Damage Crash,03/24/2020 12:18:00 PM,No,County,East,,1,East,0.5,MILE,LEVEL,HOLSEY RD,RIDGE RD,,N/A,,DRIVER,OTHER,CLOUDY,SLUSH,DAYLIGHT,N/A,"NONE DETECTED, UNKNOWN",,OTHER VEHICLE,N/A,N/A,N/A,OTHER,NO DEFECTS,"TWO-WAY, NOT DIVIDED",39.30968521,-77.19172749,"(39.30968521, -77.19172749)"
MCP33860022,240058577,MONTGOMERY,Property Damage Crash,12/07/2024 04:55:00 PM,No,Maryland (State) Route,Westbound,Lane 1,1,East,38.97,FEET,Level,BRADLEY LA,,,,,UNKNOWN,Front to Rear,Clear,Dry,Dark - Lighted,No Controls,"Not Suspect of Alcohol Use, Not Suspect of Drug Use, Not Suspect of Alcohol Use, Not Suspect of Drug Use, Not Suspect of Alcohol Use, Not Suspect of Drug Use",,Motor Vehicle In Transport,,Non-Junction,,Straight,No Defects,Not Divided,38.9771945,-77.08792683,"(38.9771945, -77.08792683)"
MCP25340032,200002043,Montgomery County Police,Property Damage Crash,01/12/2020 09:40:00 PM,No,,,,,,,,,,,PARKING LOT OF 2300 RANDOLPH RD,,,DRIVER,STRAIGHT MOVEMENT ANGLE,CLEAR,,DARK LIGHTS ON,N/A,NONE DETECTED,,OTHER VEHICLE,N/A,,,,,,39.05825717,-77.04853933,"(39.05825717, -77.04853933)"
MCP3129007Z,230059851,Montgomery County Police,Injury Crash,10/11/2023 12:38:00 PM,No,Maryland (State),West,CROSSOVER AREA,2,East,0,FEET,GRADE DOWNHILL,NORBECK RD,HANNANS WAY,,N/A,,DRIVER,STRAIGHT MOVEMENT ANGLE,CLEAR,DRY,DAYLIGHT,NO CONTROLS,NONE DETECTED,,OTHER VEHICLE,N/A,INTERSECTION RELATED,T-INTERSECTION,STRAIGHT,NO DEFECTS,"TWO-WAY, DIVIDED, POSITIVE MEDIAN BARRIER",39.1063335,-77.08442017,"(39.1063335, -77.08442017)"
MCP27280022,16008918,Montgomery County Police,Injury Crash,02/22/2016 05:56:00 PM,No,Maryland (State),East,,3,East,0,MILE,LEVEL,UNIVERSITY BLVD W,CROSSOVER,,N/A,,DRIVER,SINGLE VEHICLE,N/A,DRY,DARK LIGHTS ON,NO CONTROLS,NONE DETECTED,,FIXED OBJECT,N/A,NON INTERSECTION,N/A,STRAIGHT,NO DEFECTS,"TWO-WAY, DIVIDED, POSITIVE MEDIAN BARRIER",39.024095,-77.01804833,"(39.024095, -77.01804833)"
MCP2737003Z,190056129,Montgomery County Police,Property Damage Crash,11/20/2019 04:30:00 AM,No,,,,,,,,,,,"PARKING LOT OF GREENWOOD PARK 18700 GEORGIA AVE, OLNEY MD 20833",,,DRIVER,SINGLE VEHICLE,CLEAR,,DARK NO LIGHTS,NO CONTROLS,NONE DETECTED,,FIXED OBJECT,N/A,,,,,,39.16159872,-77.06384804,"(39.16159872, -77.06384804)"
MCP1048001K,16019403,Montgomery County Police,Injury Crash,04/20/2016 12:23:00 PM,No,Maryland (State),East,,1,East,0,MILE,LEVEL,DARNESTOWN RD,BUCKLODGE RD,,N/A,,DRIVER,SINGLE VEHICLE,CLEAR,DRY,DAYLIGHT,NO CONTROLS,NONE DETECTED,,N/A,OFF ROAD,NON INTERSECTION,N/A,CURVE LEFT,NO DEFECTS,"TWO-WAY, NOT DIVIDED",39.13851,-77.35632333,"(39.13851, -77.35632333)"
DD5601003S,180025341,Rockville Police Departme,Property Damage Crash,05/23/2018 05:00:00 PM,No,County,West,,3,East,0,FEET,LEVEL,MONTROSE RD,NORTH FARM LA,,ROCKVILLE,,DRIVER,SAME DIR REAR END,CLEAR,DRY,DAYLIGHT,NO CONTROLS,N/A,,OTHER VEHICLE,N/A,NON INTERSECTION,N/A,STRAIGHT,NO DEFECTS,"TWO-WAY, DIVIDED, POSITIVE MEDIAN BARRIER",39.05476467,-77.14549983,"(39.05476467, -77.14549983)"
MCP3221001M,210021163,Montgomery County Police,Property Damage Crash,06/04/2021 02:22:00 AM,Yes,,,,,,,,,,,SECOND FLOOR PARKING GARAGE OF 16011 REDLAND RD,,,DRIVER,SAME DIR REAR END,N/A,,OTHER,N/A,ALCOHOL CONTRIBUTED,,PARKED VEHICLE,PARKED VEHICLE,,,,,,39.11956446,-77.16000475,"(39.11956446, -77.16000475)"
MCP3291000H,210010017,Montgomery County Police,Property Damage Crash,03/17/2021 12:10:00 PM,Yes,,,,,,,,,,,"PARKING LOT AREA OF WALGREENS LOCATED AT 11215 NEW HAMPSHIR E AVE, SILVER SPRING, MD.",,,DRIVER,OTHER,CLEAR,,DAYLIGHT,NO CONTROLS,UNKNOWN,,OTHER VEHICLE,N/A,,,,,,39.0411837,-76.98935315,"(39.0411837, -76.98935315)"
MCP06720014,220026630,Montgomery County Police,Injury Crash,06/20/2022 09:28:00 PM,No,Maryland (State),East,,1,East,500,FEET,GRADE DOWNHILL,MUNCASTER MILL RD,IVY OAK DR,,N/A,,DRIVER,HEAD ON,CLEAR,DRY,DARK NO LIGHTS,NO CONTROLS,"ALCOHOL PRESENT, NONE DETECTED",,OTHER VEHICLE,N/A,NON INTERSECTION,N/A,STRAIGHT,NO DEFECTS,"TWO-WAY, DIVIDED, UNPROTECTED PAINTED MIN 4 FEET",39.15684919,-77.15737291,"(39.15684919, -77.15737291)"
MCP28720020,170532863,Montgomery County Police,Property Damage Crash,09/24/2017 03:05:00 PM,No,County,North,,3,North,100,FEET,LEVEL,SHADY GROVE RD,MIDCOUNTY HWY,,N/A,,DRIVER,SAME DIR REAR END,CLEAR,DRY,DAYLIGHT,N/A,NONE DETECTED,,OTHER VEHICLE,OTHER VEHICLE,NON INTERSECTION,N/A,STRAIGHT,NO DEFECTS,"TWO-WAY, DIVIDED, POSITIVE MEDIAN BARRIER",39.14204333,-77.15136667,"(39.14204333, -77.15136667)"
DD5567006C,240055954,ROCKVILLE,Property Damage Crash,11/21/2024 05:30:00 PM,,Municipality Route,Eastbound,Lane 1,1,North,19.2,FEET,Downhill,,,,,,UNKNOWN,Front to Rear,Clear,Dry,Dark - Lighted,No Controls,"Not Suspect of Alcohol Use, Not Suspect of Drug Use, Unknown, Unknown",,Motor Vehicle In Transport,,Non-Junction,,Straight,No Defects,Not Divided,39.07699635,-77.13109628,"(39.07699635, -77.13109628)"
EJ7860002L,200032752,Gaithersburg Police Depar,Property Damage Crash,08/21/2020 11:54:00 PM,No,Municipality,East,,2,South,50,FEET,LEVEL,OLDE TOWNE AVE,S SUMMIT AVE,,GAITHERSBURG,,DRIVER,SAME DIRECTION LEFT TURN,RAINING,WET,DARK LIGHTS ON,NO CONTROLS,NONE DETECTED,,OTHER VEHICLE,N/A,NON INTERSECTION,N/A,STRAIGHT,NO DEFECTS,"TWO-WAY, NOT DIVIDED",39.14074668,-77.1947172,"(39.14074668, -77.1947172)"
MCP263900FT,230015197,Montgomery County Police,Injury Crash,03/29/2023 04:54:00 PM,No,County,West,CROSSOVER AREA,3,East,0,FEET,HILL UPHILL,RANDOLPH RD,HAWKESBURY LA,,N/A,,DRIVER,STRAIGHT MOVEMENT ANGLE,CLEAR,DRY,DAYLIGHT,TRAFFIC SIGNAL,NONE DETECTED,,OTHER VEHICLE,OVERTURN,INTERSECTION,FOUR-WAY INTERSECTION,STRAIGHT,NO DEFECTS,"TWO-WAY, DIVIDED, POSITIVE MEDIAN BARRIER",39.06593167,-77.02283333,"(39.06593167, -77.02283333)"
MCP3164006V,240046134,MONTGOMERY,Property Damage Crash,09/27/2024 11:05:00 AM,No,Other Public Roadway,"Eastbound, Westbound","Lane 1, Other","1, 3",North,0,FEET,Level,GLENMONT CIR #1,RAMP 4 FR MD 97 NB TO RANDOLPH RD EB,,,,UNKNOWN,Angle,Rain,Wet,Daylight,Traffic Control Signal,"Not Suspect of Alcohol Use, Not Suspect of Drug Use, Not Suspect of Alcohol Use, Not Suspect of Drug Use",,Motor Vehicle In Transport,,Intersection or Related,Angled/Skewed,Straight,Not Applicable,"Divided, Raised Median (curbed)",39.05902322,-77.04764702,"(39.05902322, -77.04764702)"
MCP2904002M,16050179,Montgomery County Police,Property Damage Crash,09/29/2016 11:10:00 PM,No,Maryland (State),North,,3,South,50,FEET,HILL UPHILL,PINEY BRANCH RD,UNIVERSITY BLVD E,,N/A,,DRIVER,SAME DIR REAR END,RAINING,WET,DARK LIGHTS ON,TRAFFIC SIGNAL,"ALCOHOL PRESENT, NONE DETECTED",,OTHER VEHICLE,N/A,N/A,FOUR-WAY INTERSECTION,STRAIGHT,NO DEFECTS,"TWO-WAY, DIVIDED, POSITIVE MEDIAN BARRIER",38.99950058,-76.9958353,"(38.99950058, -76.9958353)"
MCP2496000Y,200001254,Montgomery County Police,Injury Crash,01/08/2020 10:15:00 AM,No,County,East,,2,West,0,FEET,HILL UPHILL,SCHUYLER RD,DALE DR,,N/A,,DRIVER,ANGLE MEETS LEFT HEAD ON,SNOW,WET,DAYLIGHT,NO CONTROLS,NONE DETECTED,,OTHER VEHICLE,N/A,INTERSECTION,T-INTERSECTION,STRAIGHT,N/A,"TWO-WAY, NOT DIVIDED",39.00012167,-77.01725167,"(39.00012167, -77.01725167)"
MCP31630034,210003910,Montgomery County Police,Property Damage Crash,01/30/2021 06:27:00 PM,No,Maryland (State),West,,2,East,0,FEET,LEVEL,RIVER RD,ROYAL DOMINION DR,,N/A,,DRIVER,SAME DIR REAR END,CLEAR,DRY,DARK LIGHTS ON,TRAFFIC SIGNAL,NONE DETECTED,,OTHER VEHICLE,N/A,INTERSECTION,FOUR-WAY INTERSECTION,STRAIGHT,NO DEFECTS,"TWO-WAY, DIVIDED, POSITIVE MEDIAN BARRIER",38.9902703,-77.1524242,"(38.9902703, -77.1524242)"
MCP3041000D,170504434,Montgomery County Police,Injury Crash,04/26/2017 11:18:00 PM,Yes,Municipality,North,N/A,1,North,0,UNKNOWN,LEVEL,ROLLINS AVE,ROAD END,,N/A,PEDESTRIAN,UNKNOWN,SINGLE VEHICLE,CLEAR,DRY,DARK -- UNKNOWN LIGHTING,N/A,N/A,ALCOHOL PRESENT,PEDESTRIAN,N/A,N/A,N/A,STRAIGHT,NO DEFECTS,"TWO-WAY, NOT DIVIDED",39.05758375,-77.13183403,"(39.05758375, -77.13183403)"
MCP229800QT,200006822,Montgomery County Police,Injury Crash,02/10/2020 05:51:00 PM,No,Maryland (State),South,,2,North,0,FEET,LEVEL,GREAT SENECA HWY,DAIRYMAID DR,,N/A,,DRIVER,HEAD ON LEFT TURN,RAINING,WET,DARK LIGHTS ON,TRAFFIC SIGNAL,NONE DETECTED,,OTHER VEHICLE,N/A,INTERSECTION,FOUR-WAY INTERSECTION,CURVE LEFT,NO DEFECTS,"TWO-WAY, DIVIDED, POSITIVE MEDIAN BARRIER",39.16669667,-77.271035,"(39.16669667, -77.271035)"
MCP91100013,180007627,Montgomery County Police,Property Damage Crash,02/13/2018 07:22:00 PM,No,Maryland (State),North,,2,South,300,FEET,LEVEL,CLARKSBURG RD,LITTLE SIERRA CT,,N/A,,DRIVER,SINGLE VEHICLE,CLEAR,DRY,DARK NO LIGHTS,NO CONTROLS,NONE DETECTED,,FIXED OBJECT,N/A,NON INTERSECTION,N/A,STRAIGHT,NO DEFECTS,"TWO-WAY, NOT DIVIDED",39.20249132,-77.30445698,"(39.20249132, -77.30445698)"
MCP3005002Z,170531695,Montgomery County Police,Property Damage Crash,09/20/2017 11:15:00 AM,No,,,,,,,,,,,PARKING LOT OF EINSTEIN HS (11135 NEWPORT MILL ROAD),,,UNKNOWN,SAME DIRECTION SIDESWIPE,CLEAR,,DAYLIGHT,NO CONTROLS,NONE DETECTED,,OTHER VEHICLE,N/A,,,,,,39.03934833,-77.06963667,"(39.03934833, -77.06963667)"
DD56510003,210015093,Rockville Police Departme,Property Damage Crash,04/23/2021 10:00:00 AM,No,Municipality,East,,2,East,0,FEET,LEVEL,EDMONSTON DR,BALTIMORE RD,,ROCKVILLE,,DRIVER,STRAIGHT MOVEMENT ANGLE,CLEAR,DRY,DAYLIGHT,STOP SIGN,NONE DETECTED,,OTHER VEHICLE,N/A,INTERSECTION,FOUR-WAY INTERSECTION,STRAIGHT,NO DEFECTS,"TWO-WAY, NOT DIVIDED",39.08385033,-77.13023283,"(39.08385033, -77.13023283)"
MCP29810048,240029535,MONTGOMERY,Property Damage Crash,06/21/2024 10:17:00 PM,,County Route,Eastbound,Lane 1,1,North,28.38,FEET,Level,TALLAHASSEE AVE,,,,,UNKNOWN,"Sideswipe, Same Direction",Clear,Dry,Dark - Lighted,No Controls,"Unknown, Unknown",,Parked Vehicle,,Non-Junction,,Straight,,Not Divided,39.06966865,-77.09587626,"(39.06966865, -77.09587626)"
DD5624004S,210017350,Rockville Police Departme,Property Damage Crash,05/08/2021 07:02:00 PM,Yes,Municipality,Unknown,,1,East,0,FEET,LEVEL,BALTIMORE RD,WOODBURN RD,,ROCKVILLE,,DRIVER,STRAIGHT MOVEMENT ANGLE,CLEAR,DRY,DAYLIGHT,STOP SIGN,"NONE DETECTED, UNKNOWN",,OTHER VEHICLE,N/A,INTERSECTION,FOUR-WAY INTERSECTION,STRAIGHT,NO DEFECTS,"TWO-WAY, NOT DIVIDED",39.08407251,-77.13328922,"(39.08407251, -77.13328922)"
MCP3233004W,240025642,MONTGOMERY,Property Damage Crash,05/30/2024 02:50:00 PM,No,County Route,Eastbound,Lane 3,3,West,1157.35,FEET,Level,E WAYNE AVE,,,,,UNKNOWN,Front to Rear,Clear,Dry,Daylight,No Controls,"Not Suspect of Alcohol Use, Not Suspect of Drug Use, Not Suspect of Alcohol Use, Not Suspect of Drug Use",,Motor Vehicle In Transport,,Non-Junction,,Straight,No Defects,"Divided, Raised Median (curbed)",39.00557578,-76.99370782,"(39.00557578, -76.99370782)"
MCP3351002K,240031770,MONTGOMERY,Injury Crash,07/05/2024 10:11:00 PM,No,Maryland (State) Route,Westbound,"Lane 1, Lane 2",4,South,27.04,FEET,Uphill,,,,,,UNKNOWN,Front to Rear,Clear,Dry,Dark - Lighted,Traffic Control Signal,"Not Suspect of Alcohol Use, Not Suspect of Drug Use, Not Suspect of Alcohol Use, Not Suspect of Drug Use",,Motor Vehicle In Transport,,Non-Junction,,Straight,Other,"Divided, Raised Median (curbed)",38.99877846,-76.99891517,"(38.99877846, -76.99891517)"
MCP2813006M,190020454,Montgomery County Police,Property Damage Crash,05/01/2019 02:41:00 PM,No,County,West,,4,West,10,FEET,GRADE DOWNHILL,RANDOLPH RD,CONNECTICUT AVE,,N/A,,DRIVER,SAME DIRECTION RIGHT TURN,CLOUDY,DRY,DAYLIGHT,TRAFFIC SIGNAL,N/A,,OTHER VEHICLE,N/A,INTERSECTION RELATED,FOUR-WAY INTERSECTION,STRAIGHT,NO DEFECTS,"TWO-WAY, DIVIDED, POSITIVE MEDIAN BARRIER",39.05725667,-77.07304833,"(39.05725667, -77.07304833)"
MCP27900016,17004672,Montgomery County Police,Property Damage Crash,01/08/2017 08:30:00 PM,Yes,,,,,,0,,,,,"GERMANTOWN POLICE STATION
20,000 AIRCRAFT DR GERMANTOWN, MD 20874",,,DRIVER,UNKNOWN,N/A,,DARK LIGHTS ON,NO CONTROLS,UNKNOWN,,PARKED VEHICLE,PARKED VEHICLE,,,,,,39.18458833,-77.263285,"(39.18458833, -77.263285)"