Report Number,Local Case Number,Agency Name,ACRS Report Type,Crash Date/Time,Hit/Run,Route Type,Lane Direction,Lane Type,Number of Lanes,Direction,Distance,Distance Unit,Road Grade,Road Name,Cross-Street Name,Off-Road Description,Municipality,Related Non-Motorist,At Fault,Collision Type,Weather,Surface Condition,Light,Traffic Control,Driver Substance Abuse,Non-Motorist Substance Abuse,First Harmful Event,Second Harmful Event,Junction,Intersection Type,Road Alignment,Road Condition,Road Division,Latitude,Longitude,Location
MCP1554001J,16048170,Montgomery County Police,Property Damage Crash,09/19/2016 06:00:00 PM,No,County,South,,6,North,0,FEET,LEVEL,SHADY GROVE RD,CRABBS BRANCH WAY,,N/A,,DRIVER,HEAD ON LEFT TURN,N/A,WET,DAYLIGHT,TRAFFIC SIGNAL,NONE DETECTED,,OTHER VEHICLE,N/A,INTERSECTION,FOUR-WAY INTERSECTION,STRAIGHT,NO DEFECTS,"TWO-WAY, DIVIDED, POSITIVE MEDIAN BARRIER",39.12886833,-77.16785833,"(39.12886833, -77.16785833)"
MCP2995004J,190017280,Montgomery County Police,Property Damage Crash,04/13/2019 04:07:00 PM,No,Maryland (State),East,,1,North,0,FEET,LEVEL,GEORGIA AVE,HATHAWAY DR,,N/A,,DRIVER,OTHER,CLOUDY,DRY,DAYLIGHT,TRAFFIC SIGNAL,NONE DETECTED,,OTHER VEHICLE,N/A,INTERSECTION,FOUR-WAY INTERSECTION,STRAIGHT,NO DEFECTS,"TWO-WAY, DIVIDED, UNPROTECTED PAINTED MIN 4 FEET",39.06813993,-77.06123364,"(39.06813993, -77.06123364)"
MCP21810022,180008728,Montgomery County Police,Injury Crash,02/20/2018 08:46:00 AM,No,County,East,,2,West,0.35,UNKNOWN,LEVEL,HAWKINS CREAMERY RD,HAWKINS CREAMERY CT,,N/A,,DRIVER,STRAIGHT MOVEMENT ANGLE,CLOUDY,WET,DAYLIGHT,N/A,N/A,,OTHER VEHICLE,N/A,NON INTERSECTION,N/A,STRAIGHT,NO DEFECTS,"TWO-WAY, NOT DIVIDED",39.24778833,-77.163225,"(39.24778833, -77.163225)"
MCP271700BH,170500556,Montgomery County Police,Property Damage Crash,04/05/2017 04:10:00 PM,No,County,South,,2,South,0,FEET,LEVEL,IRON GATE RD,DEMOCRACY BLVD,,N/A,,DRIVER,OTHER,CLEAR,DRY,DAYLIGHT,NO CONTROLS,NONE DETECTED,,OTHER VEHICLE,N/A,INTERSECTION,T-INTERSECTION,STRAIGHT,NO DEFECTS,"TWO-WAY, DIVIDED, UNPROTECTED PAINTED MIN 4 FEET",39.02621367,-77.19460733,"(39.02621367, -77.19460733)"
MCP3073001H,180021958,Montgomery County Police,Property Damage Crash,05/04/2018 05:25:00 PM,No,County,East,,3,South,0,FEET,GRADE DOWNHILL,KEMP MILL RD,RANDOLPH RD,,N/A,,DRIVER,SAME DIR REAR END,CLEAR,DRY,DAYLIGHT,TRAFFIC SIGNAL,N/A,,OTHER VEHICLE,OTHER VEHICLE,INTERSECTION,T-INTERSECTION,STRAIGHT,NO DEFECTS,"TWO-WAY, DIVIDED, POSITIVE MEDIAN BARRIER",39.06644333,-77.03048,"(39.06644333, -77.03048)"
MCP22310046,180043934,Montgomery County Police,Property Damage Crash,09/03/2018 01:22:00 PM,No,Maryland (State),East,,1,East,0,FEET,HILL UPHILL,CLOPPER RD,ENT TO STATE PARK,,N/A,,DRIVER,SAME DIRECTION LEFT TURN,CLEAR,DRY,DAYLIGHT,STOP SIGN,NONE DETECTED,,OTHER VEHICLE,N/A,INTERSECTION RELATED,T-INTERSECTION,CURVE LEFT,NO DEFECTS,"TWO-WAY, NOT DIVIDED",39.151045,-77.24625333,"(39.151045, -77.24625333)"
MCP1227000X,190031742,Montgomery County Police,Fatal Crash,07/03/2019 03:12:00 PM,No,County,East,,1,East,0,FEET,LEVEL,RIVER RD,RIVER RD,,N/A,,DRIVER,ANGLE MEETS LEFT HEAD ON,CLEAR,DRY,DAYLIGHT,STOP SIGN,NONE DETECTED,,OTHER VEHICLE,FIXED OBJECT,INTERSECTION,T-INTERSECTION,STRAIGHT,NO DEFECTS,"TWO-WAY, DIVIDED, UNPROTECTED PAINTED MIN 4 FEET",39.0788717,-77.32765179,"(39.0788717, -77.32765179)"
MCP2907001S,170542447,Montgomery County Police,Property Damage Crash,11/12/2017 11:30:00 PM,Yes,County,West,,1,West,500,FEET,LEVEL,MCCOMAS AVE,HOBSON ST,,N/A,,DRIVER,SAME DIRECTION SIDESWIPE,RAINING,WET,DARK LIGHTS ON,NO CONTROLS,ALCOHOL PRESENT,,PARKED VEHICLE,N/A,NON INTERSECTION,N/A,STRAIGHT,NO DEFECTS,"TWO-WAY, NOT DIVIDED",39.03282667,-77.06354667,"(39.03282667, -77.06354667)"
MCP913000D7,220044371,Montgomery County Police,Injury Crash,10/11/2022 05:44:00 AM,No,Maryland (State),East,,3,East,0,FEET,LEVEL,UNIVERSITY BLVD E,CARROLL AVE,,N/A,PEDESTRIAN,BOTH,SINGLE VEHICLE,CLEAR,DRY,DARK LIGHTS ON,TRAFFIC SIGNAL,NONE DETECTED,NONE DETECTED,PEDESTRIAN,N/A,INTERSECTION,FOUR-WAY INTERSECTION,STRAIGHT,NO DEFECTS,"TWO-WAY, DIVIDED, POSITIVE MEDIAN BARRIER",38.99385077,-76.99254645,"(38.99385077, -76.99254645)"
MCP10990041,210046186,Montgomery County Police,Property Damage Crash,11/14/2021 02:43:00 PM,No,,,,,,,,,,,PARKING LOT OF 8357 MORINGVIEW  DRIVE GAITHERSBURG,,,DRIVER,SINGLE VEHICLE,CLEAR,,DAYLIGHT,N/A,N/A,,FIXED OBJECT,N/A,,,,,,39.14758725,-77.16799672,"(39.14758725, -77.16799672)"
MCP2356001S,210012483,Montgomery County Police,Injury Crash,04/03/2021 07:00:00 PM,No,Municipality,East,,1,East,300,FEET,LEVEL,MARYLAND AVE,E MIDDLE LA,,ROCKVILLE,PEDESTRIAN,NONMOTORIST,STRAIGHT MOVEMENT ANGLE,CLEAR,DRY,DUSK,N/A,N/A,N/A,PEDESTRIAN,N/A,N/A,N/A,STRAIGHT,NO DEFECTS,"TWO-WAY, NOT DIVIDED",39.08623688,-77.15101352,"(39.08623688, -77.15101352)"
MCP14380057,170539988,Montgomery County Police,Property Damage Crash,10/31/2017 02:10:00 PM,No,,,,,,,,,,,"PARKING LOT OF MVA
15 METROPOLITIAN GROVE RD.",,,DRIVER,OTHER,CLEAR,,DAYLIGHT,N/A,NONE DETECTED,,OTHER VEHICLE,N/A,,,,,,39.14827167,-77.22674,"(39.14827167, -77.22674)"
MCP2534001Z,170520653,Montgomery County Police,Injury Crash,07/22/2017 10:48:00 PM,Yes,Maryland (State),North,,3,North,0,FEET,GRADE DOWNHILL,CONNECTICUT AVE,DEAN RD,,N/A,,DRIVER,STRAIGHT MOVEMENT ANGLE,CLEAR,WET,DARK LIGHTS ON,N/A,"ALCOHOL PRESENT, NONE DETECTED",,OTHER VEHICLE,FIXED OBJECT,INTERSECTION,T-INTERSECTION,STRAIGHT,NO DEFECTS,"TWO-WAY, DIVIDED, POSITIVE MEDIAN BARRIER",39.06875333,-77.07535333,"(39.06875333, -77.07535333)"
MCP2853006Q,190047280,Montgomery County Police,Property Damage Crash,10/02/2019 03:25:00 PM,No,Maryland (State),South,,3,South,0,UNKNOWN,LEVEL,NEW HAMPSHIRE AVE,RAMP 8 FR MD 650 SB TO IS 495 WB,,N/A,,DRIVER,SAME DIRECTION SIDESWIPE,CLEAR,DRY,DAYLIGHT,N/A,N/A,,OTHER VEHICLE,N/A,N/A,N/A,STRAIGHT,NO DEFECTS,"TWO-WAY, DIVIDED, POSITIVE MEDIAN BARRIER",39.019715,-76.97668167,"(39.019715, -76.97668167)"
MCP3268004C,240042032,MONTGOMERY,Injury Crash,09/05/2024 06:47:00 AM,No,County Route,"Northbound, Westbound","Lane 1, Lane 2, Outside Right Of Way",2,North,0,FEET,Level,,FAIRLAND RD (WB/L),,,,DRIVER,Angle,Clear,Dry,Daylight,Traffic Control Signal,"Not Suspect of Alcohol Use, Not Suspect of Drug Use, Not Suspect of Alcohol Use, Not Suspect of Drug Use, Not Suspect of Alcohol Use, Not Suspect of Drug Use",,Motor Vehicle In Transport,,Intersection or Related,Angled/Skewed,Straight,No Defects,Not Divided,39.07589655,-76.95755238,"(39.07589655, -76.95755238)"
MCP2890000Z,16014816,Montgomery County Police,Injury Crash,03/26/2016 02:47:00 AM,No,Maryland (State),North,,1,North,0,FEET,LEVEL,WOODFIELD RD,WARFIELD RD,,N/A,,DRIVER,STRAIGHT MOVEMENT ANGLE,CLEAR,DRY,DARK -- UNKNOWN LIGHTING,FLASHING TRAFFIC SIGNAL,"ALCOHOL CONTRIBUTED, NONE DETECTED",,OTHER VEHICLE,OVERTURN,INTERSECTION,FOUR-WAY INTERSECTION,STRAIGHT,NO DEFECTS,"TWO-WAY, NOT DIVIDED",39.19501667,-77.15326,"(39.19501667, -77.15326)"
MCP2684000P,15049474,MONTGOMERY,Injury Crash,09/30/2015 03:06:00 AM,No,Maryland (State),South,,3,North,10,FEET,GRADE DOWNHILL,16TH ST,ENT TO SPRING CTR,,N/A,,DRIVER,SINGLE VEHICLE,RAINING,WET,DARK LIGHTS ON,NO CONTROLS,N/A,,FIXED OBJECT,N/A,INTERSECTION RELATED,N/A,CURVE LEFT,NO DEFECTS,"TWO-WAY, DIVIDED, POSITIVE MEDIAN BARRIER",38.99813333,-77.03905167,"(38.99813333, -77.03905167)"
MCP3024002F,220016042,Montgomery County Police,Injury Crash,04/15/2022 05:56:00 PM,No,Other Public Roadway,East,,1,South,500,FEET,LEVEL,WHEATFIELD TERR,WHEATFIELD DR,,N/A,PEDESTRIAN,NONMOTORIST,SINGLE VEHICLE,CLEAR,DRY,DAYLIGHT,NO CONTROLS,N/A,N/A,PEDESTRIAN,N/A,NON INTERSECTION,N/A,STRAIGHT,NO DEFECTS,"TWO-WAY, NOT DIVIDED",39.17019822,-77.23152836,"(39.17019822, -77.23152836)"
MCP3391001S,250012509,MONTGOMERY,Property Damage Crash,03/21/2025 09:50:00 PM,No,Maryland (State) Route,Westbound,"Lane 2, Lane 3",3,West,17.29,FEET,Level,UNIVERSITY BLVD W (WB/L),,,,,DRIVER,Angle,Clear,Dry,Dark - Lighted,No Controls,"Not Suspect of Alcohol Use, Not Suspect of Drug Use, Not Suspect of Alcohol Use, Not Suspect of Drug Use",,Motor Vehicle In Transport,Curb,Non-Junction,,Straight,No Defects,"Divided, Raised Median (curbed)",39.04164231,-77.05093528,"(39.04164231, -77.05093528)"
MCP1472001H,190028534,Montgomery County Police,Property Damage Crash,06/14/2019 10:30:00 PM,No,Ramp,East,ON RAMP,1,North,100,FEET,LEVEL,RAMP 4 FR IS 270 NB TO RIDGE RD EB,RIDGE RD,,N/A,,DRIVER,SINGLE VEHICLE,CLEAR,DRY,DARK LIGHTS ON,NO CONTROLS,ALCOHOL CONTRIBUTED,,FIXED OBJECT,N/A,INTERCHANGE RELATED,N/A,CURVE RIGHT,NO DEFECTS,"TWO-WAY, DIVIDED, POSITIVE MEDIAN BARRIER",39.20034547,-77.25734464,"(39.20034547, -77.25734464)"
MCP2686003C,190027294,Montgomery County Police,Property Damage Crash,06/07/2019 06:17:00 PM,No,County,North,,2,South,50,FEET,LEVEL,FATHER HURLEY BLVD,WISTERIA DR,,N/A,,DRIVER,SAME DIR REAR END,CLEAR,DRY,DAYLIGHT,TRAFFIC SIGNAL,NONE DETECTED,,OTHER VEHICLE,N/A,INTERSECTION RELATED,FOUR-WAY INTERSECTION,STRAIGHT,NO DEFECTS,"TWO-WAY, DIVIDED, UNPROTECTED PAINTED MIN 4 FEET",39.18112667,-77.27658333,"(39.18112667, -77.27658333)"
MCP3020005N,200037873,Montgomery County Police,Property Damage Crash,09/26/2020 02:15:00 PM,Yes,County,West,,2,East,200,FEET,GRADE DOWNHILL,NORBECK RD,NORWOOD RD,,N/A,,DRIVER,SAME DIRECTION SIDESWIPE,CLEAR,DRY,DAYLIGHT,NO CONTROLS,NONE DETECTED,,OTHER VEHICLE,N/A,OTHER,N/A,STRAIGHT,NO DEFECTS,"TWO-WAY, DIVIDED, POSITIVE MEDIAN BARRIER",39.11915333,-77.02013,"(39.11915333, -77.02013)"
MCP242500HH,220018072,Montgomery County Police,Property Damage Crash,04/28/2022 04:40:00 PM,No,County,East,,2,West,10,FEET,HILL UPHILL,FOREST GLEN RD,WOODLAND DR,,N/A,,UNKNOWN,SAME DIRECTION SIDESWIPE,CLEAR,DRY,DAYLIGHT,NO CONTROLS,NONE DETECTED,,OTHER VEHICLE,N/A,INTERSECTION RELATED,FOUR-WAY INTERSECTION,STRAIGHT,NO DEFECTS,"TWO-WAY, NOT DIVIDED",39.015675,-77.04130167,"(39.015675, -77.04130167)"
MCP26390057,180060341,Montgomery County Police,Property Damage Crash,12/03/2018 08:30:00 AM,No,Maryland (State),West,,3,West,100,FEET,LEVEL,UNIVERSITY BLVD W,KING GEORGE DR,,N/A,,DRIVER,SINGLE VEHICLE,CLEAR,DRY,DAYLIGHT,NO CONTROLS,UNKNOWN,,FIXED OBJECT,FIXED OBJECT,NON INTERSECTION,N/A,STRAIGHT,NO DEFECTS,"TWO-WAY, DIVIDED, POSITIVE MEDIAN BARRIER",39.040785,-77.04639167,"(39.040785, -77.04639167)"
MCP1119004R,180002510,Montgomery County Police,Property Damage Crash,01/16/2018 03:48:00 PM,No,County,East,,1,East,75,FEET,LEVEL,FLORAL ST,CENTERHILL ST,,N/A,,DRIVER,OTHER,CLOUDY,DRY,DAYLIGHT,N/A,NONE DETECTED,,PARKED VEHICLE,N/A,NON INTERSECTION,N/A,CURVE LEFT,NO DEFECTS,"TWO-WAY, NOT DIVIDED",39.05499833,-77.06927833,"(39.05499833, -77.06927833)"
MCP9113003S,180035359,Montgomery County Police,Property Damage Crash,07/17/2018 02:42:00 PM,No,County,South,,1,North,200,FEET,HILL UPHILL,CONNECTICUT AVE,ROAD END - GATE,,N/A,,DRIVER,OPPOSITE DIRECTION SIDESWIPE,RAINING,WET,DAYLIGHT,NO CONTROLS,NONE DETECTED,,OTHER VEHICLE,N/A,N/A,N/A,CURVE LEFT,NO DEFECTS,"TWO-WAY, NOT DIVIDED",39.09493833,-77.06913333,"(39.09493833, -77.06913333)"
MCP3256000C,200037230,Montgomery County Police,Property Damage Crash,09/22/2020 03:23:00 PM,No,County,North,,2,South,10,FEET,LEVEL,FLOWER AVE,PINEY BRANCH RD,,N/A,,DRIVER,SAME DIRECTION RIGHT TURN,CLEAR,DRY,DAYLIGHT,TRAFFIC SIGNAL,NONE DETECTED,,OTHER VEHICLE,N/A,INTERSECTION RELATED,FOUR-WAY INTERSECTION,STRAIGHT,NO DEFECTS,"TWO-WAY, NOT DIVIDED",38.99792167,-77.00348667,"(38.99792167, -77.00348667)"
DD5631000H,180031407,Rockville Police Departme,Property Damage Crash,06/26/2018 08:00:00 AM,No,Maryland (State),East,LEFT TURN LANE,2,East,100,FEET,LEVEL,W MONTGOMERY AVE,NELSON ST,,ROCKVILLE,,DRIVER,STRAIGHT MOVEMENT ANGLE,CLEAR,DRY,DAYLIGHT,TRAFFIC SIGNAL,NONE DETECTED,,OTHER VEHICLE,OTHER VEHICLE,INTERSECTION RELATED,FOUR-WAY INTERSECTION,STRAIGHT,NO DEFECTS,"TWO-WAY, DIVIDED, POSITIVE MEDIAN BARRIER",39.08571833,-77.17124167,"(39.08571833, -77.17124167)"
MCP32180020,210038111,Montgomery County Police,Injury Crash,09/26/2021 04:50:00 PM,No,,,,,,,,,,,"11160 VEIRS MILL ROAD, EXIT OF TARGET PARKING LOT.",,,DRIVER,STRAIGHT MOVEMENT ANGLE,CLEAR,,DAYLIGHT,STOP SIGN,NONE DETECTED,,OTHER VEHICLE,N/A,,,,,,39.03727317,-77.05730017,"(39.03727317, -77.05730017)"
MCP30890008,170524163,Montgomery County Police,Property Damage Crash,08/10/2017 06:23:00 PM,No,County,South,SHOULDER AREA,1,South,15,FEET,LEVEL,SECOND AVE,SPRING ST,,N/A,,DRIVER,SAME DIR REAR END,CLEAR,DRY,DAYLIGHT,TRAFFIC SIGNAL,NONE DETECTED,,OTHER VEHICLE,N/A,NON INTERSECTION,N/A,STRAIGHT,NO DEFECTS,"TWO-WAY, DIVIDED, UNPROTECTED PAINTED MIN 4 FEET",38.99767976,-77.03429148,"(38.99767976, -77.03429148)"
MCP2363001W,200002550,Montgomery County Police,Injury Crash,01/15/2020 06:20:00 PM,Yes,Maryland (State),North,,3,North,40,FEET,LEVEL,CONNECTICUT AVE,CONNECTICUT AVE SERVICE RD,,N/A,,DRIVER,SAME DIR REAR END,CLOUDY,DRY,DARK LIGHTS ON,TRAFFIC SIGNAL,"NONE DETECTED, UNKNOWN",,OTHER VEHICLE,OTHER VEHICLE,N/A,FOUR-WAY INTERSECTION,STRAIGHT,NO DEFECTS,"TWO-WAY, DIVIDED, POSITIVE MEDIAN BARRIER",39.05647333,-77.07362,"(39.05647333, -77.07362)"
MCP1151007P,180028941,Montgomery County Police,Property Damage Crash,06/12/2018 08:20:00 AM,No,Maryland (State),South,,2,North,5,FEET,LEVEL,FALLS RD,ENT TO CARING CHALLENGING COMMUNITY,,N/A,,DRIVER,SAME DIR REAR END,CLEAR,DRY,DAYLIGHT,N/A,NONE DETECTED,,OTHER VEHICLE,N/A,NON INTERSECTION,N/A,STRAIGHT,NO DEFECTS,"TWO-WAY, NOT DIVIDED",39.029735,-77.20163167,"(39.029735, -77.20163167)"
MCP10220032,15046918,MONTGOMERY,Injury Crash,09/16/2015 02:51:00 PM,No,Maryland (State),South,,1,North,575,FEET,LEVEL,WOODFIELD RD,VALLEY PARK DR,,N/A,,DRIVER,SAME DIR REAR END,CLEAR,DRY,DAYLIGHT,NO CONTROLS,NONE DETECTED,,OTHER VEHICLE,OTHER VEHICLE,NON INTERSECTION,N/A,STRAIGHT,NO DEFECTS,"TWO-WAY, NOT DIVIDED",39.27974833,-77.20318333,"(39.27974833, -77.20318333)"
MCP27240014,16020911,Montgomery County Police,Property Damage Crash,04/28/2016 11:58:00 AM,Yes,Maryland (State),East,,3,West,100,FEET,LEVEL,UNIVERSITY BLVD E,CARROLL AVE,,N/A,,DRIVER,SAME DIR REAR END,RAINING,WET,DAYLIGHT,UNKNOWN,"N/A, UNKNOWN",,OTHER VEHICLE,N/A,N/A,N/A,STRAIGHT,NO DEFECTS,"TWO-WAY, DIVIDED, POSITIVE MEDIAN BARRIER",38.99457167,-76.99313667,"(38.99457167, -76.99313667)"
MCP9147000F,15027487,Montgomery County Police,Injury Crash,06/06/2015 10:59:00 PM,No,,,,,,0,,,,,PARKING LOT FOR 8541 GEORGIA AVENUE,,BICYCLIST,UNKNOWN,STRAIGHT MOVEMENT ANGLE,CLEAR,,DARK LIGHTS ON,N/A,NONE DETECTED,NONE DETECTED,BICYCLE,N/A,,,,,,38.99615333,-77.02771667,"(38.99615333, -77.02771667)"
MCP2760000G,15007928,Montgomery County Police,Property Damage Crash,02/18/2015 01:30:00 AM,No,Municipality,East,,1,East,0,FEET,HILL CREST,TRAVIS AVE,TANYARD HILL RD,,GAITHERSBURG,,DRIVER,SINGLE VEHICLE,CLEAR,DRY,DARK LIGHTS ON,STOP SIGN,ALCOHOL PRESENT,,FIXED OBJECT,N/A,INTERSECTION,T-INTERSECTION,STRAIGHT,NO DEFECTS,"TWO-WAY, NOT DIVIDED",39.1623029,-77.2167464,"(39.1623029, -77.2167464)"
MCP2953001V,170551465,Montgomery County Police,Property Damage Crash,12/31/2017 03:29:00 PM,No,Maryland (State),West,,3,East,0,FEET,LEVEL,NORBECK RD,GEORGIA AVE,,N/A,,DRIVER,SAME DIRECTION RIGHT TURN,SNOW,DRY,DAYLIGHT,NO CONTROLS,NONE DETECTED,,OTHER VEHICLE,N/A,INTERSECTION,T-INTERSECTION,STRAIGHT,NO DEFECTS,"TWO-WAY, DIVIDED, POSITIVE MEDIAN BARRIER",39.10949833,-77.07738333,"(39.10949833, -77.07738333)"
MCP2231005G,200012730,Montgomery County Police,Injury Crash,03/15/2020 12:20:00 PM,Yes,County,North,LEFT TURN LANE,3,South,10,FEET,LEVEL,GOSHEN RD,ODENDHAL AVE,,GAITHERSBURG,,DRIVER,HEAD ON LEFT TURN,CLEAR,DRY,DAYLIGHT,TRAFFIC SIGNAL,"NONE DETECTED, UNKNOWN",,OTHER VEHICLE,OTHER VEHICLE,INTERSECTION RELATED,FOUR-WAY INTERSECTION,STRAIGHT,NO DEFECTS,"TWO-WAY, NOT DIVIDED",39.15209167,-77.192525,"(39.15209167, -77.192525)"
MCP2991005L,210029237,Montgomery County Police,Injury Crash,07/28/2021 11:51:00 AM,No,County,West,N/A,2,South,0.1,FEET,LEVEL,QUEEN ELIZABETH DR,HERITAGE HILLS DR,,N/A,BICYCLIST,UNKNOWN,STRAIGHT MOVEMENT ANGLE,CLEAR,DRY,DAYLIGHT,STOP SIGN,NONE DETECTED,NONE DETECTED,OTHER VEHICLE,BICYCLE,NON INTERSECTION,N/A,STRAIGHT,NO DEFECTS,OTHER,39.16176683,-77.0710375,"(39.16176683, -77.0710375)"
MCP243600BJ,200038585,Montgomery County Police,Injury Crash,10/01/2020 08:50:00 AM,No,US (State),South,,3,South,30,FEET,GRADE DOWNHILL,COLESVILLE RD,INDIAN SPRING DR,,N/A,,DRIVER,SAME DIR REAR END,CLEAR,DRY,DAYLIGHT,OTHER,NONE DETECTED,,OTHER VEHICLE,N/A,N/A,N/A,STRAIGHT,NO DEFECTS,"TWO-WAY, DIVIDED, POSITIVE MEDIAN BARRIER",39.0126435,-77.0169275,"(39.0126435, -77.0169275)"
MCP1212000V,16063727,Montgomery County Police,Property Damage Crash,12/12/2016 11:38:00 AM,No,,,,,,0,,,,,PARKING LOT OF THE WEGMANS GROCERY STORE 22600 SENECA MEADOWS PKWY.,,,DRIVER,OTHER,RAINING,,N/A,N/A,NONE DETECTED,,OTHER VEHICLE,OTHER VEHICLE,,,,,,39.184009,-77.28819,"(39.184009, -77.28819)"
MCP28130062,180062532,Montgomery County Police,Property Damage Crash,12/14/2018 06:30:00 PM,No,County,East,,3,East,0,FEET,LEVEL,RANDOLPH RD,HEURICH RD,,N/A,,DRIVER,ANGLE MEETS LEFT TURN,RAINING,WET,DARK LIGHTS ON,N/A,N/A,,OTHER VEHICLE,N/A,INTERSECTION,FOUR-WAY INTERSECTION,STRAIGHT,NO DEFECTS,"TWO-WAY, DIVIDED, POSITIVE MEDIAN BARRIER",39.06253,-77.04192,"(39.06253, -77.04192)"
EJ7877001B,210046912,Gaithersburg Police Depar,Property Damage Crash,11/18/2021 09:01:00 PM,Yes,Maryland (State),North,,3,South,5,FEET,LEVEL,MONTGOMERY VILLAGE AVE,RUSSELL AVE,,GAITHERSBURG,,DRIVER,SAME DIRECTION LEFT TURN,RAINING,WET,DARK LIGHTS ON,TRAFFIC SIGNAL,"N/A, UNKNOWN",,OTHER VEHICLE,N/A,INTERSECTION RELATED,FOUR-WAY INTERSECTION,STRAIGHT,NO DEFECTS,"TWO-WAY, DIVIDED, POSITIVE MEDIAN BARRIER",39.15461923,-77.20963285,"(39.15461923, -77.20963285)"
MCP9428004P,220040439,Montgomery County Police,Property Damage Crash,09/17/2022 12:10:00 PM,No,County,South,,2,South,25,FEET,LEVEL,CENTURY BLVD,MIDDLEBROOK RD,,N/A,,DRIVER,SAME DIRECTION SIDESWIPE,N/A,DRY,DAYLIGHT,TRAFFIC SIGNAL,NONE DETECTED,,OTHER VEHICLE,OTHER VEHICLE,INTERSECTION RELATED,FOUR-WAY INTERSECTION,STRAIGHT,NO DEFECTS,"TWO-WAY, DIVIDED, UNPROTECTED PAINTED MIN 4 FEET",39.180595,-77.26790167,"(39.180595, -77.26790167)"
MCP2330004Z,250011443,MONTGOMERY,Property Damage Crash,03/15/2025 11:27:00 PM,No,County Route,Eastbound,Lane 1,1,South,0,FEET,Level,BELLS MILL RD,WILLOWBROOK DR,,,,UNKNOWN,Single Vehicle,Clear,Dry,Dark - Lighted,No Controls,"Not Suspect of Alcohol Use, Not Suspect of Drug Use",,Animal (live),,Intersection or Related,Perpendicular,Straight,No Defects,Not Divided,39.03510137,-77.18509655,"(39.03510137, -77.18509655)"
EJ7747003R,180000283,Gaithersburg Police Depar,Property Damage Crash,01/09/2018 12:20:00 PM,No,Maryland (State),South,,3,South,300,FEET,LEVEL,FREDERICK RD,S WESTLAND DR,,N/A,,UNKNOWN,SAME DIR REAR END,CLEAR,DRY,DAYLIGHT,NO CONTROLS,NONE DETECTED,,OTHER VEHICLE,OTHER VEHICLE,N/A,N/A,STRAIGHT,NO DEFECTS,"TWO-WAY, DIVIDED, POSITIVE MEDIAN BARRIER",39.12662833,-77.18377333,"(39.12662833, -77.18377333)"
MCP28050017,15018401,Montgomery County Police,Injury Crash,04/19/2015 10:01:00 PM,No,County,North,OTHER,2,East,200,FEET,LEVEL,PENSHURST CT,STRATH HAVEN DR,,N/A,,DRIVER,OTHER,RAINING,WET,DARK LIGHTS ON,N/A,NONE DETECTED,,OTHER VEHICLE,FIXED OBJECT,N/A,N/A,CURVE LEFT,NO DEFECTS,"TWO-WAY, NOT DIVIDED",39.19398147,-77.1917519,"(39.19398147, -77.1917519)"
MCP2372000D,180010546,Montgomery County Police,Property Damage Crash,03/01/2018 07:54:00 AM,No,Maryland (State),West,,1,East,0,FEET,HILL UPHILL,RIVER RD,CARDEROCK SPRINGS DR,,N/A,,DRIVER,SAME DIR REAR END,CLOUDY,DRY,DAYLIGHT,N/A,NONE DETECTED,,OTHER VEHICLE,N/A,INTERSECTION RELATED,T-INTERSECTION,STRAIGHT,NO DEFECTS,"TWO-WAY, NOT DIVIDED",38.996935,-77.16951333,"(38.996935, -77.16951333)"
MCP3113000J,180016403,Montgomery County Police,Property Damage Crash,04/04/2018 07:05:00 PM,Yes,Maryland (State),East,,4,North,10,FEET,LEVEL,GEORGIA AVE,COLESVILLE RD,,N/A,,DRIVER,SAME DIRECTION SIDESWIPE,CLEAR,DRY,DAYLIGHT,TRAFFIC SIGNAL,N/A,,OTHER VEHICLE,N/A,INTERSECTION RELATED,FOUR-WAY INTERSECTION,STRAIGHT,NO DEFECTS,"TWO-WAY, DIVIDED, POSITIVE MEDIAN BARRIER",38.99603608,-77.02807546,"(38.99603608, -77.02807546)"
MCP3218002L,220003487,Montgomery County Police,Injury Crash,01/26/2022 08:00:00 PM,No,County,West,,3,East,0,FEET,LEVEL,RANDOLPH RD,LINDELL ST,,N/A,PEDESTRIAN,DRIVER,OTHER,CLEAR,DRY,DARK LIGHTS ON,TRAFFIC SIGNAL,NONE DETECTED,NONE DETECTED,PEDESTRIAN,N/A,INTERSECTION,FOUR-WAY INTERSECTION,STRAIGHT,NO DEFECTS,"TWO-WAY, DIVIDED, UNPROTECTED PAINTED MIN 4 FEET",39.0592945,-77.06216783,"(39.0592945, -77.06216783)"
MCP1334008G,190044674,Montgomery County Police,Property Damage Crash,09/18/2019 09:05:00 AM,No,Maryland (State),East,,2,East,500,FEET,LEVEL,CLOPPER RD,TWELVE OAKS DR,,GAITHERSBURG,,DRIVER,SAME DIRECTION SIDESWIPE,CLEAR,DRY,DAYLIGHT,N/A,NONE DETECTED,,OTHER VEHICLE,N/A,INTERSECTION RELATED,FOUR-WAY INTERSECTION,STRAIGHT,NO DEFECTS,"TWO-WAY, DIVIDED, UNPROTECTED PAINTED MIN 4 FEET",39.14490333,-77.22641167,"(39.14490333, -77.22641167)"
MCP2358001H,15054159,MONTGOMERY,Property Damage Crash,10/25/2015 11:32:00 AM,No,Maryland (State),South,,3,North,0,FEET,LEVEL,OLD GEORGETOWN RD,RAMP 4 FR MD 187 NB TO IS 270 EB,,N/A,,DRIVER,SAME DIR REAR END,CLEAR,DRY,DAYLIGHT,TRAFFIC SIGNAL,NONE DETECTED,,OTHER VEHICLE,N/A,INTERSECTION,T-INTERSECTION,STRAIGHT,NO DEFECTS,"TWO-WAY, NOT DIVIDED",39.03069167,-77.12663833,"(39.03069167, -77.12663833)"