Report Number,Local Case Number,Agency Name,ACRS Report Type,Crash Date/Time,Hit/Run,Route Type,Lane Direction,Lane Type,Number of Lanes,Direction,Distance,Distance Unit,Road Grade,Road Name,Cross-Street Name,Off-Road Description,Municipality,Related Non-Motorist,At Fault,Collision Type,Weather,Surface Condition,Light,Traffic Control,Driver Substance Abuse,Non-Motorist Substance Abuse,First Harmful Event,Second Harmful Event,Junction,Intersection Type,Road Alignment,Road Condition,Road Division,Latitude,Longitude,Location
MCP2791003Z,190013536,Montgomery County Police,Property Damage Crash,03/24/2019 04:21:00 AM,No,Maryland (State),West,,3,East,0,FEET,LEVEL,UNIVERSITY BLVD W,GEORGIA AVE,,N/A,,DRIVER,SAME DIR REAR END,N/A,DRY,DARK LIGHTS ON,TRAFFIC SIGNAL,"ALCOHOL PRESENT, N/A",,OTHER VEHICLE,OTHER VEHICLE,INTERSECTION,FOUR-WAY INTERSECTION,STRAIGHT,NO DEFECTS,"TWO-WAY, DIVIDED, POSITIVE MEDIAN BARRIER",39.04156036,-77.05151077,"(39.04156036, -77.05151077)"
MCP13820020,15009059,Montgomery County Police,Property Damage Crash,02/25/2015 09:12:00 AM,No,US (State),South,,3,North,180,FEET,GRADE DOWNHILL,COLUMBIA PIKE,STRUC #15009 NORTHWEST BRANCH,,N/A,,DRIVER,SAME DIR REAR END,CLEAR,DRY,DAYLIGHT,NO CONTROLS,NONE DETECTED,,OTHER VEHICLE,N/A,NON INTERSECTION,N/A,STRAIGHT,NO DEFECTS,"TWO-WAY, DIVIDED, POSITIVE MEDIAN BARRIER",39.03059167,-77.00551667,"(39.03059167, -77.00551667)"
MCP3319002B,240010844,MONTGOMERY,Property Damage Crash,03/06/2024 09:05:00 AM,No,Local Route,Southbound,Other,6,North,95.94,FEET,Level,METRORAIL TRACK B2 RAIL,,,,,DRIVER,Angle,Rain,Wet,Daylight,No Controls,"Not Suspect of Alcohol Use, Not Suspect of Drug Use, Not Suspect of Alcohol Use, Not Suspect of Drug Use",,Motor Vehicle In Transport,,Non-Junction,,Straight,,"Divided, Flush Median (greater than 4ft wide)",39.00785038,-77.04036552,"(39.00785038, -77.04036552)"
MCP2370002M,16036328,Montgomery County Police,Property Damage Crash,07/18/2016 11:17:00 AM,No,County,East,,3,East,0,FEET,LEVEL,BRIGGS CHANEY RD,COLUMBIA PIKE,,N/A,,DRIVER,STRAIGHT MOVEMENT ANGLE,CLEAR,DRY,DAYLIGHT,TRAFFIC SIGNAL,NONE DETECTED,,OTHER VEHICLE,N/A,INTERSECTION,FOUR-WAY INTERSECTION,STRAIGHT,NO DEFECTS,"TWO-WAY, DIVIDED, POSITIVE MEDIAN BARRIER",39.08314333,-76.94815333,"(39.08314333, -76.94815333)"
MCP2504003X,190013981,Montgomery County Police,Injury Crash,03/26/2019 04:06:00 PM,No,County,West,,2,West,0,FEET,HILL UPHILL,TUCKERMAN LA,DURYEA DR,,N/A,,DRIVER,SAME DIR REAR END,CLEAR,DRY,DAYLIGHT,NO CONTROLS,NONE DETECTED,,OTHER VEHICLE,N/A,INTERSECTION,FOUR-WAY INTERSECTION,STRAIGHT,NO DEFECTS,"TWO-WAY, NOT DIVIDED",39.04386,-77.17957,"(39.04386, -77.17957)"
MCP1563009H,240021407,MONTGOMERY,Property Damage Crash,05/07/2024 05:50:00 AM,No,Maryland (State) Route,Westbound,Right Turn Lane,3,South,18.45,FEET,Level,EAST WEST HWY,,,,,DRIVER,Angle,Cloudy,Wet,Dawn,Traffic Control Signal,"Not Suspect of Alcohol Use, Not Suspect of Drug Use, Not Suspect of Alcohol Use, Not Suspect of Drug Use",,Motor Vehicle In Transport,Not Applicable,Driveway Access or Related,,Straight,,Not Divided,38.9953144,-77.03830302,"(38.9953144, -77.03830302)"
DD5595008M,200006053,Rockville Police Departme,Injury Crash,02/05/2020 08:15:00 PM,No,Maryland (State),East,,1,West,200,FEET,GRADE DOWNHILL,VEIRS MILL RD,ENT TO SHOPPING CENTER,,N/A,,DRIVER,HEAD ON LEFT TURN,RAINING,WET,DARK LIGHTS ON,N/A,NONE DETECTED,,OTHER VEHICLE,N/A,INTERSECTION RELATED,N/A,STRAIGHT,NO DEFECTS,"TWO-WAY, DIVIDED, POSITIVE MEDIAN BARRIER",39.10378833,-77.19110667,"(39.10378833, -77.19110667)"
MCP3215002B,210044772,Montgomery County Police,Property Damage Crash,11/05/2021 06:53:00 AM,No,Maryland (State),South,,2,South,10,FEET,GRADE DOWNHILL,16TH ST,EAST WEST HWY,,N/A,,DRIVER,SAME DIRECTION SIDESWIPE,CLEAR,DRY,DAWN,TRAFFIC SIGNAL,"N/A, NONE DETECTED",,OTHER VEHICLE,N/A,INTERSECTION RELATED,FOUR-WAY INTERSECTION,STRAIGHT,NO DEFECTS,"TWO-WAY, DIVIDED, POSITIVE MEDIAN BARRIER",38.9943917,-77.03638768,"(38.9943917, -77.03638768)"
MCP3228005N,240008945,MONTGOMERY,Property Damage Crash,02/23/2024 06:45:00 PM,,US (State),Northbound,Unknown,3,North,0,FEET,Level,GEORGIA AVE (SB/L),GEORGIA AVE,,,,UNKNOWN,"Sideswipe, Same Direction",Clear,Dry,Dark - Lighted,Traffic Control Signal,"Not Suspect of Alcohol Use, Not Suspect of Drug Use, Unknown, Unknown",,Motor Vehicle In Transport,Not Applicable,Intersection or Related,Perpendicular,Straight,No Defects,Not Divided,38.99608587,-77.02810192,"(38.99608587, -77.02810192)"
MCP2871004Q,170536552,Montgomery County Police,Property Damage Crash,10/13/2017 10:57:00 PM,No,County,South,,2,South,0,FEET,HILL CREST,LYTTONSVILLE PL,BEGIN BRIDGE,,N/A,,DRIVER,OTHER,RAINING,WET,DARK LIGHTS ON,NO CONTROLS,"ALCOHOL PRESENT, NONE DETECTED",,OTHER VEHICLE,N/A,NON INTERSECTION,N/A,STRAIGHT,NO DEFECTS,"TWO-WAY, NOT DIVIDED",39.00045,-77.05468667,"(39.00045, -77.05468667)"
MCP1563008B,230007476,Montgomery County Police,Property Damage Crash,02/14/2023 11:30:00 AM,Yes,Maryland (State),North,RIGHT TURN LANE,3,North,0,FEET,GRADE DOWNHILL,ROCKVILLE PIKE,NICHOLSON LA,,N/A,,DRIVER,HEAD ON LEFT TURN,CLEAR,DRY,DAYLIGHT,TRAFFIC SIGNAL,"NONE DETECTED, UNKNOWN",,OTHER VEHICLE,N/A,INTERSECTION,FOUR-WAY INTERSECTION,STRAIGHT,NO DEFECTS,"TWO-WAY, DIVIDED, POSITIVE MEDIAN BARRIER",39.04476833,-77.111155,"(39.04476833, -77.111155)"
DD56530042,240056865,ROCKVILLE,Injury Crash,11/26/2024 08:50:00 PM,No,Municipality Route,"Eastbound, Westbound","Lane 1, Left Turn Lane","4, 5",North,0,FEET,Level,TAFT CT,TAFT ST,,,,UNKNOWN,Front to Front,Clear,Dry,Dark - Lighted,Traffic Control Signal,"Not Suspect of Alcohol Use, Not Suspect of Drug Use, Not Suspect of Alcohol Use, Not Suspect of Drug Use",,Motor Vehicle In Transport,Curb,Intersection or Related,Perpendicular,Straight,No Defects,"Divided, Raised Median (curbed)",39.09414975,-77.13255762,"(39.09414975, -77.13255762)"
MCP22910046,190053290,Montgomery County Police,Injury Crash,11/05/2019 02:40:00 PM,No,Maryland (State),North,RIGHT TURN LANE,4,South,100,FEET,LEVEL,CONNECTICUT AVE,RAMP 4 FR MD 185 NB TO IS 495 EB,,N/A,,DRIVER,SAME DIR REAR END,CLEAR,DRY,DAYLIGHT,NO CONTROLS,NONE DETECTED,,OTHER VEHICLE,OTHER VEHICLE,NON INTERSECTION,N/A,STRAIGHT,NO DEFECTS,"TWO-WAY, DIVIDED, POSITIVE MEDIAN BARRIER",39.002309,-77.07708667,"(39.002309, -77.07708667)"
MCP003600C7,190055697,Montgomery County Police,Injury Crash,11/18/2019 05:28:00 PM,No,County,South,,2,South,0,FEET,HILL UPHILL,KINGS VALLEY RD,STRINGTOWN RD,,N/A,,DRIVER,STRAIGHT MOVEMENT ANGLE,CLOUDY,DRY,DARK LIGHTS ON,STOP SIGN,NONE DETECTED,,OTHER VEHICLE,N/A,INTERSECTION,Y-INTERSECTION,STRAIGHT,NO DEFECTS,"TWO-WAY, NOT DIVIDED",39.26568,-77.23600167,"(39.26568, -77.23600167)"
MCP2496003X,230001059,Montgomery County Police,Property Damage Crash,01/07/2023 11:00:00 AM,Yes,County,South,,1,East,100,FEET,LEVEL,COMUS RD,SLIDELL RD,,N/A,,DRIVER,SAME DIRECTION SIDESWIPE,CLEAR,DRY,DAYLIGHT,NO CONTROLS,UNKNOWN,,PARKED VEHICLE,N/A,NON INTERSECTION,N/A,STRAIGHT,NO DEFECTS,OTHER,39.11382833,-77.272845,"(39.11382833, -77.272845)"
DD56050015,15020056,Rockville Police Departme,Injury Crash,04/28/2015 05:09:00 PM,No,Maryland (State),South,,3,East,100,FEET,HILL UPHILL,VEIRS MILL RD,SPUR FR MD 355,,N/A,,DRIVER,SAME DIRECTION LEFT TURN,CLEAR,DRY,DAYLIGHT,N/A,NONE DETECTED,,OTHER VEHICLE,FIXED OBJECT,INTERSECTION RELATED,Y-INTERSECTION,CURVE LEFT,NO DEFECTS,"TWO-WAY, DIVIDED, POSITIVE MEDIAN BARRIER",39.08094024,-77.14473009,"(39.08094024, -77.14473009)"
MCP32550025,210030570,Montgomery County Police,Property Damage Crash,08/06/2021 03:30:00 PM,No,Maryland (State),North,,1,East,0,FEET,HILL UPHILL,MUNCASTER MILL RD,IVY OAK DR,,N/A,,DRIVER,SAME DIR REAR END,CLEAR,DRY,DAYLIGHT,NO CONTROLS,N/A,,OTHER VEHICLE,OTHER VEHICLE,INTERSECTION,T-INTERSECTION,STRAIGHT,NO DEFECTS,"TWO-WAY, NOT DIVIDED",39.15630167,-77.15663167,"(39.15630167, -77.15663167)"
MCP2871002M,15064305,MONTGOMERY,Property Damage Crash,12/16/2015 05:42:00 PM,No,County,South,,2,South,0,FEET,LEVEL,WHITTIER BLVD,WILSON LA,,N/A,,DRIVER,OTHER,CLEAR,DRY,DARK LIGHTS ON,TRAFFIC SIGNAL,"ALCOHOL CONTRIBUTED, NONE DETECTED",,OTHER VEHICLE,N/A,INTERSECTION,FOUR-WAY INTERSECTION,STRAIGHT,NO DEFECTS,"TWO-WAY, NOT DIVIDED",38.98844,-77.12766833,"(38.98844, -77.12766833)"
MCP2635007P,220053567,Montgomery County Police,Property Damage Crash,12/04/2022 07:11:00 PM,No,Maryland (State),East,SHOULDER AREA,3,East,80,FEET,LEVEL,OLNEY LAYTONSVILLE RD,OLNEY POST OFFICE,,N/A,OTHER CONVEYANCE,DRIVER,OTHER,CLEAR,DRY,DARK LIGHTS ON,STOP SIGN,N/A,N/A,OTHER CONVEYANCE,N/A,COMMERCIAL DRIVEWAY,T-INTERSECTION,STRAIGHT,NO DEFECTS,"TWO-WAY, DIVIDED, POSITIVE MEDIAN BARRIER",39.15531333,-77.07060833,"(39.15531333, -77.07060833)"
MCP1212000L,16005198,Montgomery County Police,Property Damage Crash,02/01/2016 09:51:00 AM,No,,,,,,0,,,,,PARKING LOT 13100 SHAWNEE LA (COUNTY BUS LOT),,,DRIVER,SAME DIR REAR END,CLOUDY,,DAYLIGHT,N/A,NONE DETECTED,,PARKED VEHICLE,N/A,,,,,,39.22514833,-77.27160333,"(39.22514833, -77.27160333)"
MCP2820001L,15046862,MONTGOMERY,Injury Crash,09/16/2015 10:02:00 AM,No,Maryland (State),North,,3,South,15,FEET,N/A,GEORGIA AVE,LINDELL ST,,N/A,,DRIVER,SAME DIR REAR END,CLEAR,DRY,DAYLIGHT,N/A,NONE DETECTED,,OTHER VEHICLE,N/A,NON INTERSECTION,N/A,STRAIGHT,NO DEFECTS,"TWO-WAY, DIVIDED, POSITIVE MEDIAN BARRIER",39.053975,-77.05056167,"(39.053975, -77.05056167)"
MCP3220002B,220013264,Montgomery County Police,Property Damage Crash,03/28/2022 03:37:00 PM,No,,,,,,,,,,,PARKING LOT OF 17825 WASHINGTON GROVE LN,,,DRIVER,STRAIGHT MOVEMENT ANGLE,CLEAR,,DAYLIGHT,NO CONTROLS,NONE DETECTED,,OTHER VEHICLE,N/A,,,,,,39.14764817,-77.1672515,"(39.14764817, -77.1672515)"
MCP29780010,16014332,MONTGOMERY,Injury Crash,03/23/2016 11:45:00 AM,Yes,Maryland (State),East,,1,South,200,FEET,LEVEL,ROCKVILLE PIKE,FIRST ST,,N/A,BICYCLIST,DRIVER,STRAIGHT MOVEMENT ANGLE,CLEAR,DRY,DAYLIGHT,STOP SIGN,UNKNOWN,NONE DETECTED,BICYCLE,PEDESTRIAN,COMMERCIAL DRIVEWAY,OTHER,STRAIGHT,NO DEFECTS,N/A,39.07634285,-77.138502,"(39.07634285, -77.138502)"
MCP3180003K,230030296,Montgomery County Police,Injury Crash,06/24/2023 08:03:00 PM,No,Maryland (State),West,RIGHT TURN LANE,2,West,2,MILE,LEVEL,NORBECK RD,COOLIDGE AVE,,N/A,,DRIVER,HEAD ON,CLEAR,DRY,DAYLIGHT,NO CONTROLS,"ALCOHOL PRESENT, NONE DETECTED",,FELL JUMPED FROM MOTOR VEHICLE,OTHER VEHICLE,N/A,N/A,CURVE LEFT,NO DEFECTS,"TWO-WAY, NOT DIVIDED",39.11236167,-77.07142333,"(39.11236167, -77.07142333)"
MCP9418000G,15018527,Montgomery County Police,Property Damage Crash,04/20/2015 02:41:00 PM,No,Maryland (State),North,LEFT TURN LANE,4,North,20,FEET,LEVEL,GEORGIA AVE,CORWIN DR,,N/A,,DRIVER,SAME DIRECTION SIDESWIPE,CLEAR,DRY,DAYLIGHT,NO CONTROLS,NONE DETECTED,,OTHER VEHICLE,N/A,NON INTERSECTION,N/A,STRAIGHT,NO DEFECTS,"TWO-WAY, NOT DIVIDED",39.00811833,-77.039465,"(39.00811833, -77.039465)"
MCP21840007,210013882,Montgomery County Police,Injury Crash,04/14/2021 08:10:00 AM,No,County,North,,5,North,900,FEET,HILL CREST,SAM EIG HWY,GREAT SENECA HWY,,N/A,,DRIVER,SAME DIR REAR END,CLEAR,DRY,DAYLIGHT,TRAFFIC SIGNAL,NONE DETECTED,,OTHER VEHICLE,OTHER VEHICLE,INTERSECTION RELATED,FOUR-WAY INTERSECTION,STRAIGHT,NO DEFECTS,"TWO-WAY, DIVIDED, POSITIVE MEDIAN BARRIER",39.11321833,-77.21002667,"(39.11321833, -77.21002667)"
MCP209400MD,230048185,Montgomery County Police,Injury Crash,08/07/2023 11:10:00 AM,No,County,East,,2,East,300,FEET,HILL UPHILL,BETHESDA AVE,WOODMONT AVE,,N/A,,DRIVER,SAME DIR REAR END,CLEAR,DRY,DAYLIGHT,N/A,NONE DETECTED,,PARKED VEHICLE,PARKED VEHICLE,NON INTERSECTION,N/A,STRAIGHT,NO DEFECTS,"TWO-WAY, NOT DIVIDED",38.981205,-77.09403667,"(38.981205, -77.09403667)"
MCP2446003P,180023265,Montgomery County Police,Injury Crash,05/11/2018 07:52:00 PM,No,County,East,SHOULDER AREA,1,East,400,FEET,LEVEL,HAWKINS CREAMERY RD,JOHNSON FARM RD,,N/A,,UNKNOWN,OTHER,CLEAR,DRY,DUSK,NO CONTROLS,NONE DETECTED,,OFF ROAD,N/A,NON INTERSECTION,N/A,CURVE LEFT,NO DEFECTS,"TWO-WAY, NOT DIVIDED",39.26915007,-77.18577862,"(39.26915007, -77.18577862)"
MCP2492001H,200041087,Montgomery County Police,Injury Crash,10/18/2020 01:32:00 PM,No,Maryland (State),West,,3,East,0,FEET,LEVEL,VEIRS MILL RD,NEWPORT MILL RD,,N/A,,DRIVER,STRAIGHT MOVEMENT ANGLE,CLEAR,DRY,DAYLIGHT,TRAFFIC SIGNAL,"ALCOHOL CONTRIBUTED, NONE DETECTED",,OTHER VEHICLE,FIXED OBJECT,INTERSECTION,FOUR-WAY INTERSECTION,STRAIGHT,NO DEFECTS,"TWO-WAY, DIVIDED, POSITIVE MEDIAN BARRIER",39.04512941,-77.06495809,"(39.04512941, -77.06495809)"
MCP3006000H,16005075,Montgomery County Police,Property Damage Crash,01/31/2016 12:04:00 PM,No,County,East,,1,West,0,FEET,LEVEL,DENNIS AVE,TENBROOK DR,,N/A,,DRIVER,STRAIGHT MOVEMENT ANGLE,CLEAR,DRY,DAYLIGHT,STOP SIGN,NONE DETECTED,,OTHER VEHICLE,N/A,INTERSECTION,FOUR-WAY INTERSECTION,STRAIGHT,NO DEFECTS,"TWO-WAY, DIVIDED, POSITIVE MEDIAN BARRIER",39.02346333,-77.02888333,"(39.02346333, -77.02888333)"
MCP30540010,170547008,Montgomery County Police,Property Damage Crash,12/06/2017 05:37:00 PM,No,Municipality,East,,2,East,0,FEET,LEVEL,W GUDE DR,GAITHER RD,,ROCKVILLE,,DRIVER,SAME DIR REAR END,CLEAR,DRY,DARK -- UNKNOWN LIGHTING,TRAFFIC SIGNAL,NONE DETECTED,,OTHER VEHICLE,N/A,INTERSECTION,T-INTERSECTION,STRAIGHT,NO DEFECTS,"TWO-WAY, DIVIDED, POSITIVE MEDIAN BARRIER",39.06869167,-77.08591333,"(39.06869167, -77.08591333)"
EJ78530020,17003578,Gaithersburg Police Depar,Injury Crash,01/21/2017 02:01:00 AM,No,Maryland (State),North,,2,North,10,FEET,LEVEL,FREDERICK RD,MONTGOMERY VILLAGE AVE,,N/A,,DRIVER,OTHER,RAINING,WET,DARK LIGHTS ON,TRAFFIC SIGNAL,NONE DETECTED,,OTHER VEHICLE,N/A,NON INTERSECTION,N/A,STRAIGHT,NO DEFECTS,"TWO-WAY, DIVIDED, POSITIVE MEDIAN BARRIER",39.13981,-77.19488667,"(39.13981, -77.19488667)"
MCP2162003F,180062289,Montgomery County Police,Property Damage Crash,12/13/2018 04:47:00 PM,No,Maryland (State),South,LEFT TURN LANE,3,North,0,FEET,LEVEL,GEORGIA AVE,QUEEN MARY DR,,N/A,,DRIVER,SAME DIR REAR END,CLEAR,DRY,DARK LIGHTS ON,NO CONTROLS,"ALCOHOL PRESENT, N/A",,OTHER VEHICLE,OTHER VEHICLE,INTERSECTION,T-INTERSECTION,STRAIGHT,NO DEFECTS,"TWO-WAY, DIVIDED, POSITIVE MEDIAN BARRIER",39.14846333,-77.06692,"(39.14846333, -77.06692)"
MCP28710055,180006945,Montgomery County Police,Property Damage Crash,02/09/2018 07:44:00 PM,No,Maryland (State),West,CROSSOVER AREA,3,North,0,FEET,LEVEL,OLD GEORGETOWN RD,TUCKERMAN LA,,N/A,,DRIVER,STRAIGHT MOVEMENT ANGLE,CLEAR,DRY,DARK LIGHTS ON,TRAFFIC SIGNAL,NONE DETECTED,,OTHER VEHICLE,N/A,INTERSECTION RELATED,FOUR-WAY INTERSECTION,STRAIGHT,NO DEFECTS,"TWO-WAY, DIVIDED, POSITIVE MEDIAN BARRIER",39.03456,-77.12491333,"(39.03456, -77.12491333)"
MCP25860046,180035838,Montgomery County Police,Property Damage Crash,07/19/2018 07:00:00 PM,Yes,Maryland (State),North,,3,North,0,FEET,LEVEL,CONNECTICUT AVE,PLYERS MILL RD,,N/A,,DRIVER,SAME DIR REAR END,CLEAR,DRY,DAYLIGHT,TRAFFIC SIGNAL,"NONE DETECTED, UNKNOWN",,OTHER VEHICLE,N/A,INTERSECTION,FOUR-WAY INTERSECTION,STRAIGHT,N/A,"TWO-WAY, DIVIDED, POSITIVE MEDIAN BARRIER",39.0296139,-77.07583353,"(39.0296139, -77.07583353)"
MCP2844006Q,230049935,Montgomery County Police,Property Damage Crash,08/17/2023 02:00:00 PM,Yes,Maryland (State),Unknown,,1,North,50,FEET,LEVEL,LAYHILL RD,CROSSOVER,,N/A,,DRIVER,OTHER,CLEAR,DRY,DAYLIGHT,NO CONTROLS,"N/A, NONE DETECTED",,OTHER VEHICLE,N/A,N/A,N/A,STRAIGHT,NO DEFECTS,"TWO-WAY, DIVIDED, UNPROTECTED PAINTED MIN 4 FEET",39.06292717,-77.04956867,"(39.06292717, -77.04956867)"
MCP3149002T,210044449,Montgomery County Police,Property Damage Crash,11/03/2021 08:28:00 AM,No,US (State),South,,3,South,200,FEET,GRADE DOWNHILL,COLUMBIA PIKE,LOCKWOOD DR,,N/A,,DRIVER,SAME DIR REAR END,CLEAR,DRY,DAYLIGHT,N/A,NONE DETECTED,,OTHER VEHICLE,N/A,N/A,N/A,STRAIGHT,NO DEFECTS,"TWO-WAY, DIVIDED, POSITIVE MEDIAN BARRIER",39.03505,-77.00126167,"(39.03505, -77.00126167)"
MCP28750075,230018537,Montgomery County Police,Property Damage Crash,04/18/2023 05:19:00 PM,Yes,County,North,,2,East,0,FEET,LEVEL,SCENERY DR,GERMANTOWN RD,,N/A,,DRIVER,STRAIGHT MOVEMENT ANGLE,CLEAR,DRY,DAYLIGHT,TRAFFIC SIGNAL,"NONE DETECTED, UNKNOWN",,OTHER VEHICLE,N/A,INTERSECTION,FOUR-WAY INTERSECTION,STRAIGHT,NO DEFECTS,"TWO-WAY, NOT DIVIDED",39.19244833,-77.23324167,"(39.19244833, -77.23324167)"
EJ7889001K,210043583,Gaithersburg Police Depar,Property Damage Crash,10/28/2021 07:15:00 PM,No,Maryland (State),North,,3,South,50,FEET,GRADE DOWNHILL,FREDERICK RD,TRAVIS AVE,,GAITHERSBURG,,DRIVER,SAME DIR REAR END,CLEAR,DRY,DUSK,N/A,NONE DETECTED,,OTHER VEHICLE,N/A,NON INTERSECTION,N/A,STRAIGHT,NO DEFECTS,"TWO-WAY, DIVIDED, POSITIVE MEDIAN BARRIER",39.16086297,-77.22127325,"(39.16086297, -77.22127325)"
MCP33730010,230029633,Montgomery County Police,Property Damage Crash,06/20/2023 05:23:00 PM,No,County,North,,3,West,0,FEET,LEVEL,ROWEN RD,COLESVILLE RD,,N/A,,DRIVER,STRAIGHT MOVEMENT ANGLE,CLOUDY,DRY,DAYLIGHT,STOP SIGN,NONE DETECTED,,OTHER VEHICLE,N/A,INTERSECTION,T-INTERSECTION,STRAIGHT,NO DEFECTS,"TWO-WAY, NOT DIVIDED",39.00405833,-77.02372333,"(39.00405833, -77.02372333)"
MCP1616002N,16063173,Montgomery County Police,Property Damage Crash,12/09/2016 07:41:00 AM,No,,,,,,0,,,,,PARKING LOT AT 5405 TUCKERMAN LN BETHESDA MD,,,DRIVER,OPPOSITE DIRECTION SIDESWIPE,CLEAR,,DAYLIGHT,N/A,NONE DETECTED,,OTHER VEHICLE,N/A,,,,,,39.02946,-77.10857167,"(39.02946, -77.10857167)"
MCP15540065,240006241,MONTGOMERY,Property Damage Crash,02/07/2024 07:41:00 PM,,Maryland (State) Route,Northbound,Lane 1,3,South,53.14,FEET,Level,MUNCASTER MILL RD,,,,,UNKNOWN,Front to Rear,Clear,Dry,Dark - Lighted,Traffic Control Signal,"Not Suspect of Alcohol Use, Not Suspect of Drug Use, Unknown, Unknown",,Motor Vehicle In Transport,,Non-Junction,,Straight,No Defects,"Not Divided, With a Continuous Left-Turn Lane",39.13263367,-77.12139815,"(39.13263367, -77.12139815)"
MCP1595002N,240028791,MONTGOMERY,Injury Crash,06/17/2024 12:49:00 PM,No,Maryland (State) Route,Northbound,"Lane 1, On Ramp",1,South,82.94,FEET,Level,NO NAME,,,,,DRIVER,Front to Rear,Clear,Dry,Daylight,No Controls,"Not Suspect of Alcohol Use, Not Suspect of Drug Use, Not Suspect of Alcohol Use, Not Suspect of Drug Use",,Motor Vehicle In Transport,,Entrance/Exit Ramp or Related,,Curve Right,No Defects,Not Divided,39.05191455,-77.07454776,"(39.05191455, -77.07454776)"
MCP3039007P,250014900,MONTGOMERY,Injury Crash,04/05/2025 07:12:00 PM,No,US (State),Southbound,Lane 1,2,South,32.01,FEET,Level,,,,,,DRIVER,"Sideswipe, Same Direction",Clear,Dry,Daylight,No Controls,"Not Suspect of Alcohol Use, Not Suspect of Drug Use, Not Suspect of Alcohol Use, Not Suspect of Drug Use",,Motor Vehicle In Transport,,Non-Junction,,Straight,No Defects,Not Divided,38.98700512,-77.02673331,"(38.98700512, -77.02673331)"
MCP2987005M,190044980,Montgomery County Police,Property Damage Crash,09/18/2019 08:00:00 AM,Yes,County,West,OTHER,1,North,100,FEET,LEVEL,LOCKWOOD DR,HEATHER HOLLOW CIR,,N/A,,DRIVER,OTHER,CLEAR,DRY,DAYLIGHT,NO CONTROLS,UNKNOWN,,PARKED VEHICLE,N/A,N/A,N/A,STRAIGHT,NO DEFECTS,"TWO-WAY, NOT DIVIDED",39.04135167,-76.98530167,"(39.04135167, -76.98530167)"
MCP0036005F,16061538,Montgomery County Police,Injury Crash,11/30/2016 06:57:00 PM,No,Maryland (State),West,OFF ROAD,1,East,0,MILE,LEVEL,OLNEY LAYTONSVILLE RD,ZION RD,,N/A,,DRIVER,SINGLE VEHICLE,RAINING,WET,DARK LIGHTS ON,NO CONTROLS,NONE DETECTED,,OFF ROAD,FIXED OBJECT,NON INTERSECTION,N/A,STRAIGHT,NO DEFECTS,"TWO-WAY, NOT DIVIDED",39.18023167,-77.10433,"(39.18023167, -77.10433)"
MCP3026009Z,230024481,Montgomery County Police,Property Damage Crash,05/22/2023 10:35:00 AM,No,Maryland (State),South,,4,North,100,FEET,LEVEL,CONNECTICUT AVE,EAST WEST HWY,,N/A,,UNKNOWN,SAME DIRECTION SIDESWIPE,CLEAR,DRY,DAYLIGHT,TRAFFIC SIGNAL,NONE DETECTED,,OTHER VEHICLE,N/A,N/A,N/A,STRAIGHT,OTHER,"TWO-WAY, DIVIDED, POSITIVE MEDIAN BARRIER",38.98846367,-77.07727433,"(38.98846367, -77.07727433)"
MCP93010033,190060605,Montgomery County Police,Property Damage Crash,12/16/2019 02:15:00 PM,Yes,Ramp,South,ON RAMP,2,East,300,FEET,LEVEL,RAMP 1 FR IS 270 NB TO SHADY GROVE RD WB,SHADY GROVE RD,,N/A,,DRIVER,SINGLE VEHICLE,RAINING,WET,DAYLIGHT,N/A,UNKNOWN,,FIXED OBJECT,N/A,INTERCHANGE RELATED,OTHER,CURVE LEFT,NO DEFECTS,OTHER,39.15008333,-77.23444667,"(39.15008333, -77.23444667)"
MCP13780182,240014129,MONTGOMERY,Property Damage Crash,03/25/2024 03:14:00 PM,No,Ramp,Northbound,Lane 3,7,North,43.6,FEET,Uphill,RAMP 4 FR IS 270 NB TO MD 121 EB,EISENHOWER MEMORIAL HWY,,,,DRIVER,Front to Rear,Clear,Dry,Daylight,No Controls,"Not Suspect of Alcohol Use, Not Suspect of Drug Use, Not Suspect of Alcohol Use, Not Suspect of Drug Use, Not Suspect of Alcohol Use, Not Suspect of Drug Use",,Motor Vehicle In Transport,Motor Vehicle In Transport,Entrance/Exit Ramp or Related,,Straight,No Defects,"Divided, Raised Median (curbed)",39.22903282,-77.28301051,"(39.22903282, -77.28301051)"
DD56140027,17013493,Rockville Police Departme,Property Damage Crash,03/16/2017 11:39:00 AM,Yes,,,,,,,,,,,PARKING LOT 37 MARYLAND AVE LEVEL P1,,,DRIVER,STRAIGHT MOVEMENT ANGLE,N/A,,DARK LIGHTS ON,NO CONTROLS,UNKNOWN,,FIXED OBJECT,PARKED VEHICLE,,,,,,39.08538742,-77.1515201,"(39.08538742, -77.1515201)"