Report Number,Local Case Number,Agency Name,ACRS Report Type,Crash Date/Time,Hit/Run,Route Type,Lane Direction,Lane Type,Number of Lanes,Direction,Distance,Distance Unit,Road Grade,Road Name,Cross-Street Name,Off-Road Description,Municipality,Related Non-Motorist,At Fault,Collision Type,Weather,Surface Condition,Light,Traffic Control,Driver Substance Abuse,Non-Motorist Substance Abuse,First Harmful Event,Second Harmful Event,Junction,Intersection Type,Road Alignment,Road Condition,Road Division,Latitude,Longitude,Location
DM8476000N,190051612,Takoma Park Police Depart,Property Damage Crash,10/27/2019 12:01:00 AM,No,,,,,,,,,,,"949 UNIVERSITY BLVD PARKING LOT, TAKOMA PARK, MD 20912",,,DRIVER,OTHER,CLOUDY,,DARK LIGHTS ON,N/A,ALCOHOL PRESENT,,PARKED VEHICLE,OTHER VEHICLE,,,,,,38.992709,-76.99193232,"(38.992709, -76.99193232)"
EJ7865000Z,170500785,Gaithersburg Police Depar,Property Damage Crash,04/06/2017 06:50:00 PM,Yes,,,,,,,,,,,PL OF COURTYARD MARRIOTT,,,DRIVER,SAME DIR REAR END,CLEAR,,DARK LIGHTS ON,NO CONTROLS,UNKNOWN,,PARKED VEHICLE,N/A,,,,,,39.11690527,-77.1981436,"(39.11690527, -77.1981436)"
MCP2686006H,230033911,Montgomery County Police,Injury Crash,07/16/2023 05:37:00 PM,No,Maryland (State),Unknown,,2,South,0.5,MILE,HILL UPHILL,BEALLSVILLE RD,SELLMAN RD,,N/A,,UNKNOWN,SINGLE VEHICLE,CLEAR,DRY,DAYLIGHT,NO CONTROLS,NONE DETECTED,,ANIMAL,UNKNOWN,N/A,N/A,CURVE LEFT,NO DEFECTS,"TWO-WAY, NOT DIVIDED",39.20302985,-77.38909816,"(39.20302985, -77.38909816)"
DD5653004X,250021804,ROCKVILLE,Property Damage Crash,05/17/2025 12:57:00 PM,No,Maryland (State) Route,"Eastbound, Southbound","Crossover Area, Lane 3","1, 3",East,14.06,FEET,Level,ROCKVILLE PIKE (SB/L),,,,,UNKNOWN,Angle,Clear,Dry,Daylight,"No Controls, Stop Sign","Not Suspect of Alcohol Use, Not Suspect of Drug Use, Not Suspect of Alcohol Use, Not Suspect of Drug Use",,Motor Vehicle In Transport,,Driveway Access or Related,,Straight,No Defects,"Divided, Raised Median (curbed), Not Divided",39.06875018,-77.1300934,"(39.06875018, -77.1300934)"
MCP229800V3,210001752,Montgomery County Police,Property Damage Crash,01/14/2021 03:23:00 PM,No,Maryland (State),South,,2,North,0,FEET,LEVEL,GERMANTOWN RD,RAMP 7 FR MD 118 WB TO IS 270 SB,,N/A,,DRIVER,SAME DIRECTION SIDESWIPE,CLEAR,DRY,DAYLIGHT,NO CONTROLS,NONE DETECTED,,OTHER VEHICLE,N/A,INTERSECTION,Y-INTERSECTION,CURVE RIGHT,NO DEFECTS,"TWO-WAY, DIVIDED, POSITIVE MEDIAN BARRIER",39.18389667,-77.25568167,"(39.18389667, -77.25568167)"
MCP2456007V,230056228,Montgomery County Police,Property Damage Crash,09/22/2023 07:30:00 AM,No,Maryland (State),South,,1,North,0.25,MILE,LEVEL,NEW HAMPSHIRE AVE,POWDER MILL RD,,N/A,,DRIVER,HEAD ON,CLEAR,DRY,DAYLIGHT,NO CONTROLS,NONE DETECTED,,OTHER VEHICLE,N/A,OTHER,OTHER,STRAIGHT,NO DEFECTS,"TWO-WAY, NOT DIVIDED",39.02232833,-76.97617167,"(39.02232833, -76.97617167)"
MCP3174005H,250018295,MONTGOMERY,Property Damage Crash,04/27/2025 12:34:00 PM,,County Route,"Eastbound, Southbound",Lane 1,1,West,12.31,FEET,Level,ROTHBURY DR,,,,,UNKNOWN,Angle,Clear,Dry,Daylight,No Controls,"Not Suspect of Alcohol Use, Not Suspect of Drug Use, Unknown, Unknown",,Motor Vehicle In Transport,,Non-Junction,,Straight,No Defects,"Divided, Raised Median (curbed)",39.18542533,-77.18869896,"(39.18542533, -77.18869896)"
MCP34240018,250018812,MONTGOMERY,Injury Crash,04/30/2025 03:53:00 AM,No,,,,0,,,FEET,,,,Parking Lot Way        ROAD BEHIND 15801 GAITHER DR,,Cyclist (non-electric),NONMOTORIST,Single Vehicle,Rain,,Dark - Not Lighted,,"Not Suspect of Alcohol Use, Not Suspect of Drug Use","Not Suspect of Alcohol Use, Not Suspect of Drug Use",Pedalcycle,,,,,,,39.11544211,-77.18925842,"(39.11544211, -77.18925842)"
DD561500B1,210017572,Rockville Police Departme,Injury Crash,05/10/2021 03:08:00 PM,No,Maryland (State),Unknown,LEFT TURN LANE,1,East,0,FEET,GRADE DOWNHILL,VEIRS MILL RD,ATLANTIC AVE,,ROCKVILLE,,DRIVER,STRAIGHT MOVEMENT ANGLE,CLEAR,DRY,DAYLIGHT,NO CONTROLS,NONE DETECTED,,OTHER VEHICLE,OTHER VEHICLE,COMMERCIAL DRIVEWAY,T-INTERSECTION,STRAIGHT,NO DEFECTS,OTHER,39.07409728,-77.11558966,"(39.07409728, -77.11558966)"
MCP27240017,16024858,Montgomery County Police,Property Damage Crash,05/19/2016 12:38:00 PM,Yes,County,East,LEFT TURN LANE,1,North,0,FEET,LEVEL,LOCKWOOD DR,WHITE OAK SHOPPIING CENTER,,N/A,,DRIVER,SAME DIR REAR END,CLOUDY,DRY,DAYLIGHT,TRAFFIC SIGNAL,"N/A, UNKNOWN",,OTHER VEHICLE,N/A,INTERSECTION,FOUR-WAY INTERSECTION,STRAIGHT,NO DEFECTS,"TWO-WAY, DIVIDED, POSITIVE MEDIAN BARRIER",39.04009167,-76.989885,"(39.04009167, -76.989885)"
MCP1378006C,15027763,Montgomery County Police,Injury Crash,06/08/2015 04:59:00 PM,No,Municipality,North,,2,North,0,FEET,GRADE DOWNHILL,LAKE FOREST BLVD,FREDERICK RD,,N/A,,DRIVER,STRAIGHT MOVEMENT ANGLE,CLOUDY,DRY,DAYLIGHT,NO CONTROLS,NONE DETECTED,,OTHER VEHICLE,FIXED OBJECT,COMMERCIAL DRIVEWAY,FOUR-WAY INTERSECTION,STRAIGHT,NO DEFECTS,"TWO-WAY, DIVIDED, UNPROTECTED PAINTED MIN 4 FEET",39.15061833,-77.20809833,"(39.15061833, -77.20809833)"
MCP3150001H,200029762,Montgomery County Police,Property Damage Crash,07/31/2020 08:20:00 PM,No,County,East,,3,West,0,FEET,LEVEL,PLUM ORCHARD DR,CHERRY HILL RD,,N/A,,DRIVER,OTHER,N/A,WET,DARK LIGHTS ON,TRAFFIC SIGNAL,NONE DETECTED,,OTHER VEHICLE,OTHER VEHICLE,INTERSECTION,FOUR-WAY INTERSECTION,STRAIGHT,NO DEFECTS,"TWO-WAY, DIVIDED, UNPROTECTED PAINTED MIN 4 FEET",39.05258333,-76.9534,"(39.05258333, -76.9534)"
MCP29170092,220012750,Montgomery County Police,Injury Crash,03/24/2022 07:35:00 PM,No,Maryland (State),South,LEFT TURN LANE,2,North,0,FEET,LEVEL,LAYHILL RD,QUEENSGUARD RD,,N/A,,DRIVER,STRAIGHT MOVEMENT ANGLE,RAINING,WET,DARK NO LIGHTS,NO CONTROLS,NONE DETECTED,,OTHER VEHICLE,OTHER VEHICLE,INTERSECTION,FOUR-WAY INTERSECTION,STRAIGHT,NO DEFECTS,"TWO-WAY, DIVIDED, POSITIVE MEDIAN BARRIER",39.08766966,-77.04500035,"(39.08766966, -77.04500035)"
MCP30120078,200038918,Montgomery County Police,Injury Crash,10/03/2020 11:06:00 AM,No,Maryland (State),North,,3,North,0,FEET,GRADE DOWNHILL,GEORGIA AVE,HEWITT AVE,,N/A,,DRIVER,STRAIGHT MOVEMENT ANGLE,CLEAR,DRY,DAYLIGHT,TRAFFIC SIGNAL,NONE DETECTED,,OTHER VEHICLE,N/A,INTERSECTION,FOUR-WAY INTERSECTION,STRAIGHT,NO DEFECTS,"TWO-WAY, DIVIDED, POSITIVE MEDIAN BARRIER",39.07756452,-77.07068766,"(39.07756452, -77.07068766)"
MCP235800DD,250002841,MONTGOMERY,Property Damage Crash,01/21/2025 08:00:00 AM,No,County Route,Southbound,Lane 1,1,North,32.95,FEET,Downhill,BEN AVON RD,,,,,UNKNOWN,"Sideswipe, Same Direction",Clear,Ice/Frost,Dawn,No Controls,"Not Suspect of Alcohol Use, Not Suspect of Drug Use",,Parked Vehicle,,Non-Junction,,Straight,No Defects,Not Divided,38.98492304,-77.14282105,"(38.98492304, -77.14282105)"
MCP2627001H,200002544,Montgomery County Police,Injury Crash,01/15/2020 05:55:00 PM,No,Maryland (State),South,,2,South,50,FEET,LEVEL,16TH ST,SPRING ST,,N/A,,DRIVER,SAME DIR REAR END,CLEAR,DRY,DARK LIGHTS ON,NO CONTROLS,NONE DETECTED,,OTHER VEHICLE,N/A,NON INTERSECTION,N/A,STRAIGHT,NO DEFECTS,"TWO-WAY, DIVIDED, POSITIVE MEDIAN BARRIER",38.99579167,-77.03668167,"(38.99579167, -77.03668167)"
MCP2894002K,16036909,Montgomery County Police,Property Damage Crash,07/21/2016 11:54:00 AM,No,County,East,,2,East,500,FEET,LEVEL,RANDOLPH RD,HUNTERS LA,,N/A,,DRIVER,SAME DIRECTION SIDESWIPE,CLEAR,DRY,DAYLIGHT,N/A,NONE DETECTED,,OTHER VEHICLE,N/A,N/A,N/A,STRAIGHT,NO DEFECTS,"TWO-WAY, NOT DIVIDED",39.05346667,-77.09952333,"(39.05346667, -77.09952333)"
MCP27670085,200028056,Montgomery County Police,Property Damage Crash,07/19/2020 03:53:00 PM,Yes,Other Public Roadway,West,,2,East,0.5,MILE,GRADE DOWNHILL,GEORGIAN WOODS PL,GEORGIA AVE,,N/A,,DRIVER,OPPOSITE DIRECTION SIDESWIPE,CLEAR,DRY,DAYLIGHT,NO CONTROLS,"NONE DETECTED, UNKNOWN",,OTHER VEHICLE,N/A,NON INTERSECTION,N/A,CURVE LEFT,NO DEFECTS,"TWO-WAY, NOT DIVIDED",39.05583723,-77.04490265,"(39.05583723, -77.04490265)"
MCP32900046,250018123,MONTGOMERY,Property Damage Crash,04/26/2025 10:01:00 AM,,Local Route,Southbound,Lane 3,3,West,1.21,FEET,Level,METRORAIL TRACK B2 RAIL,,,,,DRIVER,Front to Rear,Rain,Wet,Daylight,No Controls,"Not Suspect of Alcohol Use, Not Suspect of Drug Use, Unknown, Unknown",,Motor Vehicle In Transport,,Non-Junction,,Straight,No Defects,"Divided, Raised Median (curbed), Not Divided",39.01615736,-77.04296229,"(39.01615736, -77.04296229)"
MCP2357001N,16029150,Montgomery County Police,Property Damage Crash,06/10/2016 08:15:00 AM,No,County,Unknown,N/A,0,South,500,FEET,N/A,ELLSWORTH DR,FENTON ST,,N/A,,DRIVER,SINGLE VEHICLE,CLEAR,DRY,DAYLIGHT,N/A,NONE DETECTED,,OTHER,N/A,N/A,N/A,N/A,NO DEFECTS,N/A,38.99766,-77.02329167,"(38.99766, -77.02329167)"
MCP31650026,200029443,Montgomery County Police,Property Damage Crash,07/29/2020 01:40:00 PM,No,County,South,,3,North,0,FEET,LEVEL,CASTLE BLVD,BRIGGS CHANEY RD,,N/A,BICYCLIST,DRIVER,STRAIGHT MOVEMENT ANGLE,CLEAR,DRY,DAYLIGHT,TRAFFIC SIGNAL,NONE DETECTED,NONE DETECTED,BICYCLE,N/A,INTERSECTION,FOUR-WAY INTERSECTION,STRAIGHT,NO DEFECTS,"TWO-WAY, NOT DIVIDED",39.08163167,-76.94646667,"(39.08163167, -76.94646667)"
MCP2286000Z,16016491,Montgomery County Police,Injury Crash,04/04/2016 09:19:00 PM,Yes,Municipality,North,,2,South,0,FEET,HILL UPHILL,TWINBROOK PKWY,CHAPMAN AVE,,ROCKVILLE,,DRIVER,ANGLE MEETS RIGHT TURN,CLEAR,DRY,DARK LIGHTS ON,TRAFFIC SIGNAL,"ALCOHOL PRESENT, NONE DETECTED",,OTHER VEHICLE,FIXED OBJECT,INTERSECTION,FOUR-WAY INTERSECTION,STRAIGHT,NO DEFECTS,"TWO-WAY, NOT DIVIDED",39.05867615,-77.11887896,"(39.05867615, -77.11887896)"
MCP1309000Z,170540675,Montgomery County Police,Injury Crash,11/03/2017 01:15:00 PM,No,County,West,,2,West,100,FEET,LEVEL,SHAKESPEARE BLVD,FREDERICK RD,,N/A,PEDESTRIAN,NONMOTORIST,OTHER,CLEAR,DRY,DAYLIGHT,NO CONTROLS,NONE DETECTED,NONE DETECTED,PEDESTRIAN,N/A,INTERSECTION RELATED,FOUR-WAY INTERSECTION,STRAIGHT,NO DEFECTS,"TWO-WAY, DIVIDED, POSITIVE MEDIAN BARRIER",39.19820167,-77.2457,"(39.19820167, -77.2457)"
MCP2962000X,17001086,Montgomery County Police,Property Damage Crash,01/06/2017 09:15:00 PM,Yes,,,,,,0,,,,,PARKING LOT OF NORDSTROMS AT MONTGOMERY MALL,,,DRIVER,OTHER,N/A,,DARK LIGHTS ON,N/A,UNKNOWN,,BACKING,N/A,,,,,,39.02298254,-77.14553475,"(39.02298254, -77.14553475)"
MCP3372001Q,230062351,Montgomery County Police,Property Damage Crash,10/24/2023 04:58:00 PM,Yes,Maryland (State),North,,3,North,0,FEET,LEVEL,GEORGIA AVE,BEL PRE RD,,N/A,,DRIVER,SAME DIRECTION SIDESWIPE,CLEAR,DRY,DAYLIGHT,NO CONTROLS,"NONE DETECTED, UNKNOWN",,OTHER VEHICLE,N/A,INTERSECTION,FOUR-WAY INTERSECTION,STRAIGHT,NO DEFECTS,"TWO-WAY, DIVIDED, POSITIVE MEDIAN BARRIER",39.09242901,-77.07982142,"(39.09242901, -77.07982142)"
MCP285900GF,240016294,MONTGOMERY,Property Damage Crash,04/08/2024 08:30:00 AM,No,Maryland (State) Route,"Eastbound, Northbound, Westbound","Lane 1, Lane 3, Left Turn Lane","1, 3",North,0,FEET,Level,QUINCE ORCHARD RD,RAMP 6 FR MD 124 EB TO RAMP 7 (TO IS270),,,,DRIVER,Angle,Clear,Dry,Daylight,Traffic Control Signal,"Not Suspect of Alcohol Use, Not Suspect of Drug Use, Not Suspect of Alcohol Use, Not Suspect of Drug Use, Not Suspect of Alcohol Use, Not Suspect of Drug Use",,Motor Vehicle In Transport,Motor Vehicle In Transport,Intersection or Related,Perpendicular,Straight,No Defects,"Divided, Raised Median (curbed), Not Divided",39.14782317,-77.21790767,"(39.14782317, -77.21790767)"
MCP27080060,200001758,Montgomery County Police,Property Damage Crash,01/10/2020 09:45:00 PM,No,US (State),North,,3,North,0,FEET,GRADE DOWNHILL,COLESVILLE RD,LORAIN AVE,,N/A,,DRIVER,SAME DIR REAR END,CLOUDY,WET,DARK LIGHTS ON,NO CONTROLS,NONE DETECTED,,OTHER VEHICLE,N/A,INTERSECTION,FOUR-WAY INTERSECTION,STRAIGHT,NO DEFECTS,"TWO-WAY, DIVIDED, POSITIVE MEDIAN BARRIER",39.02393667,-77.011085,"(39.02393667, -77.011085)"
MCP2774001V,16057336,Montgomery County Police,Property Damage Crash,11/07/2016 12:39:00 AM,No,Maryland (State),North,,2,North,0,FEET,GRADE DOWNHILL,PINEY BRANCH RD,GARLAND AVE,,N/A,,DRIVER,STRAIGHT MOVEMENT ANGLE,N/A,DRY,DARK LIGHTS ON,NO CONTROLS,"ALCOHOL PRESENT, N/A",,OTHER VEHICLE,N/A,INTERSECTION,T-INTERSECTION,STRAIGHT,NO DEFECTS,"TWO-WAY, DIVIDED, UNPROTECTED PAINTED MIN 4 FEET",38.99875016,-76.99878573,"(38.99875016, -76.99878573)"
MCP2497000Z,170534452,Montgomery County Police,Property Damage Crash,10/03/2017 07:25:00 AM,No,County,North,,2,North,15,FEET,GRADE DOWNHILL,JONES LA,DARNESTOWN RD,,N/A,,DRIVER,SAME DIR REAR END,CLEAR,DRY,DAYLIGHT,STOP SIGN,NONE DETECTED,,OTHER VEHICLE,N/A,INTERSECTION RELATED,T-INTERSECTION,STRAIGHT,NO DEFECTS,"TWO-WAY, DIVIDED, UNPROTECTED PAINTED MIN 4 FEET",39.11345,-77.267385,"(39.11345, -77.267385)"
DM8421000B,15013106,Takoma Park Police Depart,Injury Crash,03/21/2015 11:56:00 PM,Yes,Maryland (State),North,,2,North,0,FEET,LEVEL,PINEY BRANCH RD,PHILADELPHIA AVE,,N/A,,UNKNOWN,SAME DIR REAR END,CLEAR,DRY,DARK LIGHTS ON,TRAFFIC SIGNAL,NONE DETECTED,,OTHER VEHICLE,N/A,INTERSECTION,FOUR-WAY INTERSECTION,CURVE LEFT,NO DEFECTS,"TWO-WAY, DIVIDED, UNPROTECTED PAINTED MIN 4 FEET",38.983155,-77.01529167,"(38.983155, -77.01529167)"
MCP2682002L,210015849,Montgomery County Police,Property Damage Crash,04/28/2021 01:49:00 PM,No,County,South,,2,South,25,FEET,LEVEL,MONTGOMERY VILLAGE AVE,WHETSTONE DR,,N/A,,DRIVER,SINGLE VEHICLE,CLEAR,DRY,DAYLIGHT,NO CONTROLS,NONE DETECTED,,FIXED OBJECT,N/A,INTERSECTION RELATED,OTHER,STRAIGHT,NO DEFECTS,"TWO-WAY, DIVIDED, POSITIVE MEDIAN BARRIER",39.17056667,-77.20416667,"(39.17056667, -77.20416667)"
MCP2686005S,220051507,Montgomery County Police,Property Damage Crash,11/21/2022 03:46:00 PM,No,County,South,,3,South,0,FEET,GRADE DOWNHILL,FATHER HURLEY BLVD,RAMP 8 FR IS270 SB TO FATHER HURLEY BLVD,,N/A,,DRIVER,STRAIGHT MOVEMENT ANGLE,CLEAR,DRY,DAYLIGHT,TRAFFIC SIGNAL,NONE DETECTED,,OTHER VEHICLE,N/A,INTERCHANGE RELATED,T-INTERSECTION,STRAIGHT,NO DEFECTS,"TWO-WAY, DIVIDED, POSITIVE MEDIAN BARRIER",39.196596,-77.26547867,"(39.196596, -77.26547867)"
MCP30640012,180018242,Montgomery County Police,Property Damage Crash,04/08/2018 02:15:00 PM,No,County,East,,3,East,50,FEET,LEVEL,RANDOLPH RD,GARDEN GATE RD,,N/A,,DRIVER,SAME DIR REAR END,CLEAR,DRY,DAYLIGHT,N/A,NONE DETECTED,,OTHER VEHICLE,N/A,N/A,N/A,STRAIGHT,NO DEFECTS,"TWO-WAY, DIVIDED, POSITIVE MEDIAN BARRIER",39.06433993,-77.03876674,"(39.06433993, -77.03876674)"
MCP2976002P,170520794,Montgomery County Police,Property Damage Crash,07/24/2017 12:32:00 AM,No,US (State),North,,3,South,200,FEET,LEVEL,COLESVILLE RD,TIMBERWOOD AVE,,N/A,,DRIVER,SAME DIRECTION SIDESWIPE,RAINING,WET,DARK LIGHTS ON,NO CONTROLS,"ALCOHOL PRESENT, NONE DETECTED",,OTHER VEHICLE,N/A,NON INTERSECTION,N/A,STRAIGHT,NO DEFECTS,"TWO-WAY, DIVIDED, POSITIVE MEDIAN BARRIER",39.02148428,-77.01188564,"(39.02148428, -77.01188564)"
MCP2512002V,170515889,Montgomery County Police,Property Damage Crash,06/26/2017 06:50:00 PM,Yes,County,North,,2,North,0,FEET,LEVEL,MUDDY BRANCH RD,MIDSUMMER DR,,GAITHERSBURG,,DRIVER,STRAIGHT MOVEMENT ANGLE,CLEAR,DRY,DAYLIGHT,NO CONTROLS,NONE DETECTED,,OTHER VEHICLE,N/A,INTERSECTION,T-INTERSECTION,STRAIGHT,NO DEFECTS,"TWO-WAY, DIVIDED, POSITIVE MEDIAN BARRIER",39.10844333,-77.2181797,"(39.10844333, -77.2181797)"
MCP31900042,220038965,Montgomery County Police,Injury Crash,09/08/2022 08:34:00 AM,No,Maryland (State),South,,2,North,0,FEET,LEVEL,GEORGIA AVE,OLANDWOOD CT,,N/A,,DRIVER,STRAIGHT MOVEMENT ANGLE,CLOUDY,DRY,DAYLIGHT,NO CONTROLS,NONE DETECTED,,OTHER VEHICLE,N/A,INTERSECTION,T-INTERSECTION,STRAIGHT,NO DEFECTS,"TWO-WAY, NOT DIVIDED",39.15584167,-77.06687833,"(39.15584167, -77.06687833)"
MCP33340018,230020029,Montgomery County Police,Property Damage Crash,04/26/2023 06:40:00 PM,Yes,US (State),North,,3,North,0,FEET,LEVEL,COLESVILLE RD,FRANKLIN AVE,,N/A,,DRIVER,SAME DIRECTION SIDESWIPE,CLEAR,DRY,DAYLIGHT,TRAFFIC SIGNAL,NONE DETECTED,,OTHER VEHICLE,N/A,INTERSECTION RELATED,FOUR-WAY INTERSECTION,STRAIGHT,NO DEFECTS,"TWO-WAY, DIVIDED, UNPROTECTED PAINTED MIN 4 FEET",39.00941,-77.01776,"(39.00941, -77.01776)"
MCP93120007,15035986,MONTGOMERY,Property Damage Crash,07/21/2015 09:30:00 PM,Yes,,,,,,,,,,,"Parking lot in front of 9900 Key West Ave., Gaithersburg, Md",,,DRIVER,OTHER,CLEAR,,DARK LIGHTS ON,N/A,UNKNOWN,,PARKED VEHICLE,N/A,,,,,,39.10071932,-77.21144333,"(39.10071932, -77.21144333)"
MCP3251000Y,220045179,Montgomery County Police,Property Damage Crash,10/15/2022 02:50:00 AM,No,County,East,,3,East,50,FEET,LEVEL,MIDDLEBROOK RD,EXIT #13,,N/A,,DRIVER,SINGLE VEHICLE,CLEAR,DRY,DARK LIGHTS ON,NO CONTROLS,UNKNOWN,,FIXED OBJECT,N/A,NON INTERSECTION,N/A,CURVE RIGHT,NO DEFECTS,"TWO-WAY, DIVIDED, POSITIVE MEDIAN BARRIER",39.17661667,-77.24486333,"(39.17661667, -77.24486333)"
MCP3133002R,210043039,Montgomery County Police,Property Damage Crash,10/26/2021 06:48:00 AM,Yes,County,East,,3,East,0,FEET,LEVEL,RANDOLPH RD,VEIRS MILL RD,,N/A,,DRIVER,SAME DIR REAR END,CLEAR,WET,DARK LIGHTS ON,TRAFFIC SIGNAL,NONE DETECTED,,OTHER VEHICLE,N/A,INTERSECTION,FOUR-WAY INTERSECTION,STRAIGHT,NO DEFECTS,"TWO-WAY, DIVIDED, POSITIVE MEDIAN BARRIER",39.05627667,-77.08226833,"(39.05627667, -77.08226833)"
MCP11280059,210000421,Montgomery County Police,Property Damage Crash,01/04/2021 04:34:00 PM,No,Maryland (State),South,,7,South,50,FEET,LEVEL,CONNECTICUT AVE,UNIVERSITY BLVD W,,N/A,,DRIVER,SAME DIRECTION SIDESWIPE,CLEAR,DRY,DUSK,N/A,NONE DETECTED,,OTHER VEHICLE,OTHER VEHICLE,N/A,N/A,STRAIGHT,NO DEFECTS,"TWO-WAY, NOT DIVIDED",39.03156333,-77.07499167,"(39.03156333, -77.07499167)"
MCP2777004Z,180062705,Montgomery County Police,Injury Crash,12/15/2018 05:40:00 PM,No,County,South,,2,South,0,FEET,LEVEL,WOODMONT AVE,HAMPDEN LA,,N/A,PEDESTRIAN,DRIVER,OTHER,RAINING,WET,DARK LIGHTS ON,TRAFFIC SIGNAL,NONE DETECTED,NONE DETECTED,PEDESTRIAN,N/A,INTERSECTION,FOUR-WAY INTERSECTION,STRAIGHT,NO DEFECTS,"TWO-WAY, NOT DIVIDED",38.98231333,-77.09590833,"(38.98231333, -77.09590833)"
MCP3362004L,240053106,MONTGOMERY,Property Damage Crash,11/03/2024 09:02:00 AM,,,,,0,,,FEET,,,,Parking Stall        PARKING LOT OF 1424 HAMPSHIRE WEST CT,,,UNKNOWN,"Sideswipe, Same Direction",Clear,,Daylight,,"Unknown, Unknown",,Parked Vehicle,,,,,,,39.00845775,-76.98292424,"(39.00845775, -76.98292424)"
MCP34000013,240019817,MONTGOMERY,Property Damage Crash,04/28/2024 04:15:00 PM,,Maryland (State) Route,Southbound,Lane 1,1,South,0,FEET,Level,UNIVERSITY BLVD W (WB/L),SUTHERLAND RD,,,,UNKNOWN,"Sideswipe, Same Direction",Clear,Dry,Daylight,Stop Sign,"Not Suspect of Alcohol Use, Not Suspect of Drug Use, Unknown, Unknown",,Motor Vehicle In Transport,,Intersection or Related,Perpendicular,Straight,No Defects,"Divided, Depressed Median",39.02092043,-77.01355254,"(39.02092043, -77.01355254)"
EJ7888000M,210019442,Gaithersburg Police Depar,Property Damage Crash,05/23/2021 06:00:00 AM,Yes,Maryland (State),West,,3,North,10,FEET,LEVEL,S FREDERICK RD,S SUMMIT AVE,,GAITHERSBURG,,DRIVER,SAME DIR REAR END,CLEAR,DRY,DAWN,TRAFFIC SIGNAL,"ALCOHOL PRESENT, NONE DETECTED",,OTHER VEHICLE,N/A,NON INTERSECTION,N/A,STRAIGHT,NO DEFECTS,"TWO-WAY, NOT DIVIDED",39.13816018,-77.19409748,"(39.13816018, -77.19409748)"
MCP25650022,15054616,MONTGOMERY,Property Damage Crash,10/27/2015 08:01:00 PM,No,Maryland (State),South,,3,North,25,FEET,HILL UPHILL,CONNECTICUT AVE,PARSONS RD,,N/A,,DRIVER,SAME DIR REAR END,CLEAR,DRY,DARK LIGHTS ON,NO CONTROLS,"ALCOHOL PRESENT, N/A, NONE DETECTED",,OTHER VEHICLE,OTHER VEHICLE,NON INTERSECTION,N/A,STRAIGHT,NO DEFECTS,"TWO-WAY, DIVIDED, POSITIVE MEDIAN BARRIER",39.00109333,-77.07705,"(39.00109333, -77.07705)"
MCP2739003P,200041473,Montgomery County Police,Property Damage Crash,10/20/2020 10:16:00 PM,No,US (State),South,,3,South,0.1,MILE,GRADE DOWNHILL,COLUMBIA PIKE,LOCKWOOD DR,,N/A,,DRIVER,SINGLE VEHICLE,CLEAR,DRY,DARK LIGHTS ON,NO CONTROLS,N/A,,ANIMAL,N/A,NON INTERSECTION,N/A,STRAIGHT,NO DEFECTS,"TWO-WAY, DIVIDED, POSITIVE MEDIAN BARRIER",39.03311833,-77.00314833,"(39.03311833, -77.00314833)"
EJ7829000Z,15003211,Gaithersburg Police Depar,Property Damage Crash,01/20/2015 04:02:00 PM,No,Maryland (State),South,,4,North,0,FEET,LEVEL,S FREDERICK RD,EDUCATION BLVD,,GAITHERSBURG,,DRIVER,SAME DIR REAR END,CLOUDY,DRY,DAYLIGHT,TRAFFIC SIGNAL,N/A,,OTHER VEHICLE,N/A,INTERSECTION RELATED,FOUR-WAY INTERSECTION,STRAIGHT,NO DEFECTS,"TWO-WAY, DIVIDED, POSITIVE MEDIAN BARRIER",39.13607167,-77.19245167,"(39.13607167, -77.19245167)"
MCP1048005N,210033004,Montgomery County Police,Property Damage Crash,08/11/2016 05:03:00 PM,No,Other Public Roadway,South,,2,South,50,FEET,N/A,HENDERSON CORNER RD,SPUR FR MD 27,,N/A,,UNKNOWN,N/A,N/A,N/A,DAYLIGHT,N/A,N/A,,N/A,N/A,N/A,N/A,N/A,N/A,N/A,39.20527077,-77.24335735,"(39.20527077, -77.24335735)"
EJ7854002L,180062390,Gaithersburg Police Depar,Property Damage Crash,12/14/2018 07:02:00 AM,No,,,,,,,,,,,307 COPLEY PARKING LOT ON COPLEY PLACE NEAR STARBUCKS,,,DRIVER,SAME DIR REAR END,CLEAR,,DAWN,NO CONTROLS,NONE DETECTED,,PARKED VEHICLE,N/A,,,,,,39.11516333,-77.20705833,"(39.11516333, -77.20705833)"
MCP2799001W,16042647,Montgomery County Police,Property Damage Crash,08/22/2016 05:20:00 PM,No,Maryland (State),East,,2,West,300,FEET,LEVEL,NORBECK RD,GEORGIA AVE,,N/A,,DRIVER,SAME DIR REAR END,CLEAR,DRY,DAYLIGHT,NO CONTROLS,NONE DETECTED,,OTHER VEHICLE,OTHER VEHICLE,NON INTERSECTION,N/A,CURVE RIGHT,NO DEFECTS,"TWO-WAY, DIVIDED, POSITIVE MEDIAN BARRIER",39.11061,-76.98979833,"(39.11061, -76.98979833)"