Report Number,Local Case Number,Agency Name,ACRS Report Type,Crash Date/Time,Hit/Run,Route Type,Lane Direction,Lane Type,Number of Lanes,Direction,Distance,Distance Unit,Road Grade,Road Name,Cross-Street Name,Off-Road Description,Municipality,Related Non-Motorist,At Fault,Collision Type,Weather,Surface Condition,Light,Traffic Control,Driver Substance Abuse,Non-Motorist Substance Abuse,First Harmful Event,Second Harmful Event,Junction,Intersection Type,Road Alignment,Road Condition,Road Division,Latitude,Longitude,Location
EJ7885003J,230057341,Gaithersburg Police Depar,Property Damage Crash,09/28/2023 04:50:00 PM,No,Municipality,North,,2,North,0,FEET,LEVEL,S SUMMIT AVE,OLDE TOWNE AVE,,GAITHERSBURG,,DRIVER,SAME DIR REAR END,CLEAR,DRY,DAYLIGHT,N/A,NONE DETECTED,,OTHER VEHICLE,N/A,INTERSECTION,T-INTERSECTION,STRAIGHT,NO DEFECTS,"TWO-WAY, NOT DIVIDED",39.14121333,-77.1933765,"(39.14121333, -77.1933765)"
MCP32300035,220030454,Montgomery County Police,Property Damage Crash,07/15/2022 05:00:00 PM,No,Maryland (State),West,,5,North,200,FEET,LEVEL,GEORGIA AVE,BEL PRE RD,,N/A,,DRIVER,SAME DIR REAR END,CLEAR,DRY,DAYLIGHT,TRAFFIC SIGNAL,NONE DETECTED,,OTHER VEHICLE,OTHER VEHICLE,INTERSECTION RELATED,FOUR-WAY INTERSECTION,STRAIGHT,NO DEFECTS,"TWO-WAY, DIVIDED, UNPROTECTED PAINTED MIN 4 FEET",39.09395417,-77.0796125,"(39.09395417, -77.0796125)"
MCP137800ML,180046467,Montgomery County Police,Injury Crash,09/17/2018 02:42:00 PM,No,County,North,OFF ROAD,2,North,100,FEET,LEVEL,MUNCASTER RD,STRUC #M0058 ROCK CREEK,,N/A,,DRIVER,HEAD ON,RAINING,WET,DAYLIGHT,NO CONTROLS,NONE DETECTED,,OTHER VEHICLE,FIXED OBJECT,NON INTERSECTION,N/A,STRAIGHT,NO DEFECTS,"TWO-WAY, NOT DIVIDED",39.15424167,-77.13150667,"(39.15424167, -77.13150667)"
MCP1205008K,220055351,Montgomery County Police,Injury Crash,12/14/2022 01:53:00 PM,No,Maryland (State),North,OUTSIDE RIGHT OF WAY,3,North,10,FEET,GRADE DOWNHILL,CONNECTICUT AVE,CHEVY CHASE COMMUNITY LIBRARY,,N/A,BICYCLIST,DRIVER,STRAIGHT MOVEMENT ANGLE,CLOUDY,DRY,DAYLIGHT,NO CONTROLS,NONE DETECTED,NONE DETECTED,BICYCLE,N/A,COMMERCIAL DRIVEWAY,OTHER,STRAIGHT,NO DEFECTS,"TWO-WAY, DIVIDED, POSITIVE MEDIAN BARRIER",38.991215,-77.07686333,"(38.991215, -77.07686333)"
MCP2967002Z,180012871,Montgomery County Police,Injury Crash,03/14/2018 04:10:00 PM,No,Maryland (State),East,,1,East,0,FEET,LEVEL,STRATHMORE AVE,KENILWORTH AVE,,GARRETT PARK,,DRIVER,SAME DIR REAR END,CLEAR,DRY,DAYLIGHT,TRAFFIC SIGNAL,N/A,,OTHER VEHICLE,N/A,INTERSECTION,FOUR-WAY INTERSECTION,STRAIGHT,NO DEFECTS,"TWO-WAY, DIVIDED, UNPROTECTED PAINTED MIN 4 FEET",39.03447333,-77.09465833,"(39.03447333, -77.09465833)"
MCP2886000N,15036591,MONTGOMERY,Property Damage Crash,07/24/2015 05:58:00 PM,No,County,West,,6,West,5,FEET,LEVEL,RANDOLPH RD,COLIE DR,,N/A,,DRIVER,SAME DIRECTION RIGHT TURN,CLEAR,DRY,DAYLIGHT,N/A,NONE DETECTED,,OTHER VEHICLE,N/A,N/A,N/A,STRAIGHT,NO DEFECTS,"TWO-WAY, DIVIDED, UNPROTECTED PAINTED MIN 4 FEET",39.05778833,-77.08016333,"(39.05778833, -77.08016333)"
MCP2726000W,15060919,MONTGOMERY,Property Damage Crash,11/29/2015 10:31:00 AM,No,,,,,,,,,,,"Parking lot of 1776 E Jefferson St, Rockville, MD 20852",,,DRIVER,SINGLE VEHICLE,RAINING,,DAYLIGHT,NO CONTROLS,N/A,,OTHER OBJECT,N/A,,,,,,39.05678396,-77.12477446,"(39.05678396, -77.12477446)"
MCP26120053,230020804,Montgomery County Police,Injury Crash,05/01/2023 04:04:00 PM,No,County,West,,2,North,0,FEET,LEVEL,HATHAWAY DR,LAYHILL RD,,N/A,BICYCLIST,NONMOTORIST,OTHER,CLEAR,DRY,DAYLIGHT,NO CONTROLS,NONE DETECTED,NONE DETECTED,BICYCLE,N/A,INTERSECTION,T-INTERSECTION,STRAIGHT,NO DEFECTS,"TWO-WAY, NOT DIVIDED",39.07481467,-77.0458985,"(39.07481467, -77.0458985)"
MCP2843001B,180023741,Montgomery County Police,Injury Crash,05/14/2018 06:55:00 PM,No,County,North,,2,South,200,FEET,LEVEL,MUDDY BRANCH RD,W DIAMOND AVE,,N/A,,DRIVER,SAME DIR REAR END,RAINING,WET,DAYLIGHT,TRAFFIC SIGNAL,NONE DETECTED,,OTHER VEHICLE,N/A,INTERSECTION RELATED,N/A,STRAIGHT,NO DEFECTS,"TWO-WAY, DIVIDED, POSITIVE MEDIAN BARRIER",39.138343,-77.20553367,"(39.138343, -77.20553367)"
MCP30570015,180025253,Montgomery County Police,Injury Crash,05/23/2018 08:31:00 AM,No,Maryland (State),East,,2,North,5,MILE,LEVEL,DAMASCUS RD,LAYTONSVILLE RD,,N/A,,DRIVER,SAME DIR REAR END,CLEAR,DRY,DAYLIGHT,N/A,NONE DETECTED,,OTHER VEHICLE,N/A,N/A,N/A,STRAIGHT,NO DEFECTS,"TWO-WAY, NOT DIVIDED",39.24718167,-77.12181167,"(39.24718167, -77.12181167)"
EJ7836002V,210021260,Gaithersburg Police Depar,Property Damage Crash,06/04/2021 05:39:00 PM,No,Maryland (State),West,,2,East,0,FEET,HILL CREST,CLOPPER RD,W WATKINS MILL RD,,GAITHERSBURG,,DRIVER,HEAD ON LEFT TURN,CLEAR,DRY,DAYLIGHT,TRAFFIC SIGNAL,NONE DETECTED,,OTHER VEHICLE,OTHER VEHICLE,INTERSECTION,FOUR-WAY INTERSECTION,STRAIGHT,NO DEFECTS,"TWO-WAY, DIVIDED, UNPROTECTED PAINTED MIN 4 FEET",39.14772643,-77.23328702,"(39.14772643, -77.23328702)"
MCP2270001X,230047929,Montgomery County Police,Property Damage Crash,08/05/2023 10:25:00 AM,No,Maryland (State),West,,2,East,0.25,MILE,GRADE DOWNHILL,RIVER RD,BEECH TREE RD,,N/A,,DRIVER,SAME DIR REAR END,CLEAR,DRY,DAYLIGHT,NO CONTROLS,NONE DETECTED,,OTHER VEHICLE,OTHER VEHICLE,NON INTERSECTION,N/A,STRAIGHT,NO DEFECTS,"TWO-WAY, DIVIDED, POSITIVE MEDIAN BARRIER",38.98728167,-77.14555833,"(38.98728167, -77.14555833)"
MCP15650028,16065740,Montgomery County Police,Injury Crash,12/22/2016 03:43:00 PM,No,Maryland (State),East,,2,West,50,FEET,LEVEL,NORBECK RD,COOLIDGE AVE,,N/A,,DRIVER,SAME DIR REAR END,CLEAR,DRY,DAYLIGHT,NO CONTROLS,NONE DETECTED,,OTHER VEHICLE,OTHER VEHICLE,NON INTERSECTION,N/A,CURVE RIGHT,NO DEFECTS,"TWO-WAY, NOT DIVIDED",39.11228421,-77.07147092,"(39.11228421, -77.07147092)"
MCP2763004X,250007856,MONTGOMERY,Injury Crash,02/22/2025 12:50:00 PM,No,County Route,"Northbound, Southbound",Lane 1,"1, 2",North,0,FEET,Level,,BONANZA WAY,,,,UNKNOWN,Rear To Side,Clear,Dry,Daylight,Stop Sign,"Not Suspect of Alcohol Use, Not Suspect of Drug Use, Not Suspect of Alcohol Use, Not Suspect of Drug Use",,Motor Vehicle In Transport,Not Applicable,Intersection or Related,Perpendicular,Straight,No Defects,Not Divided,39.16626357,-77.17099036,"(39.16626357, -77.17099036)"
MCP3006000M,16010805,MONTGOMERY,Property Damage Crash,03/04/2016 11:57:00 AM,No,County,West,,1,North,0,FEET,LEVEL,ASPEN HILL RD,ARCTIC AVE,,N/A,,DRIVER,OPPOSITE DIRECTION SIDESWIPE,CLOUDY,DRY,DAYLIGHT,TRAFFIC SIGNAL,NONE DETECTED,,OTHER VEHICLE,N/A,INTERSECTION,FOUR-WAY INTERSECTION,STRAIGHT,NO DEFECTS,"TWO-WAY, NOT DIVIDED",39.0712985,-77.09888846,"(39.0712985, -77.09888846)"
DM8352000T,240040982,TAKOMA,Property Damage Crash,08/29/2024 06:34:00 PM,,Maryland (State) Route,"Not On Roadway, Southbound",Lane 1,"2, 3",South,12.75,FEET,"Downhill, Uphill",CARROLL AVE,,,,,UNKNOWN,"Sideswipe, Opposite Direction",Rain,Wet,Daylight,No Controls,"Not Suspect of Alcohol Use, Not Suspect of Drug Use, Unknown, Unknown",,Motor Vehicle In Transport,,Through Roadway,,Straight,No Defects,Not Divided,38.98714927,-76.99522237,"(38.98714927, -76.99522237)"
MCP13660025,15001029,Montgomery County Police,Property Damage Crash,01/07/2015 10:21:00 AM,No,County,South,N/A,0,North,0,FEET,LEVEL,EDISON RD,S GLEN RD,,N/A,,DRIVER,SAME DIR REAR END,CLEAR,SLUSH,DAYLIGHT,STOP SIGN,"N/A, NONE DETECTED",,OTHER VEHICLE,N/A,INTERSECTION,T-INTERSECTION,STRAIGHT,N/A,"TWO-WAY, NOT DIVIDED",39.03316833,-77.213855,"(39.03316833, -77.213855)"
MCP2921004G,220046111,Montgomery County Police,Injury Crash,10/20/2022 05:38:00 PM,No,County,North,,2,South,500,FEET,LEVEL,FATHER HURLEY BLVD,MIDDLEBROOK RD,,N/A,,DRIVER,SAME DIR REAR END,CLEAR,DRY,DAYLIGHT,YIELD SIGN,N/A,,OTHER VEHICLE,N/A,N/A,N/A,STRAIGHT,NO DEFECTS,"TWO-WAY, DIVIDED, POSITIVE MEDIAN BARRIER",39.18461334,-77.273487,"(39.18461334, -77.273487)"
DD5601004X,190031345,Rockville Police Departme,Property Damage Crash,07/01/2019 02:30:00 PM,No,Maryland (State),East,,1,East,0,FEET,LEVEL,W MONTGOMERY AVE,ADCLARE RD,,ROCKVILLE,,DRIVER,OTHER,CLEAR,DRY,DAYLIGHT,NO CONTROLS,N/A,,OTHER VEHICLE,FIXED OBJECT,NON INTERSECTION,N/A,STRAIGHT,NO DEFECTS,"TWO-WAY, DIVIDED, UNPROTECTED PAINTED MIN 4 FEET",39.08542767,-77.1666345,"(39.08542767, -77.1666345)"
MCP1378019G,240047315,MONTGOMERY,Property Damage Crash,10/04/2024 07:33:00 AM,No,County Route,Southbound,Lane 3,8,South,8.46,FEET,Downhill,SHADY GROVE RD (SB/L),CHOKE CHERRY RD CHOKE CHERRY RD (WB/L),,,,DRIVER,Front to Rear,Cloudy,Dry,Daylight,Traffic Control Signal,"Not Suspect of Alcohol Use, Not Suspect of Drug Use, Not Suspect of Alcohol Use, Not Suspect of Drug Use",,Motor Vehicle In Transport,,Non-Junction,,Straight,No Defects,"Divided, Raised Median (curbed)",39.11465797,-77.18586423,"(39.11465797, -77.18586423)"
MCP2466004Q,230071743,Montgomery County Police,Property Damage Crash,12/14/2023 03:57:00 PM,No,Maryland (State),West,,2,East,0,FEET,LEVEL,DARNESTOWN RD,RIFFLE FORD RD,,N/A,,DRIVER,SAME DIR REAR END,CLEAR,DRY,DAYLIGHT,TRAFFIC SIGNAL,NONE DETECTED,,OTHER VEHICLE,N/A,INTERSECTION,FOUR-WAY INTERSECTION,STRAIGHT,NO DEFECTS,"TWO-WAY, NOT DIVIDED",39.11773549,-77.26153288,"(39.11773549, -77.26153288)"
MCP20160011,16032917,Montgomery County Police,Injury Crash,06/29/2016 02:43:00 PM,No,County,West,OFF ROAD,2,West,500,FEET,LEVEL,SOUTHLAWN LA,INCINERATOR RD (GATED),,N/A,,DRIVER,OTHER,CLEAR,DRY,N/A,NO CONTROLS,NONE DETECTED,,PARKED VEHICLE,N/A,NON INTERSECTION,N/A,CURVE RIGHT,NO DEFECTS,"TWO-WAY, DIVIDED, UNPROTECTED PAINTED MIN 4 FEET",39.10438167,-77.13364667,"(39.10438167, -77.13364667)"
MCP29730008,15019345,Montgomery County Police,Injury Crash,04/24/2015 04:19:00 PM,No,County,East,,1,East,10,FEET,LEVEL,ARCOLA AVE,KEMP MILL RD,,N/A,,DRIVER,SAME DIRECTION SIDESWIPE,CLEAR,DRY,DAYLIGHT,TRAFFIC SIGNAL,NONE DETECTED,,OTHER VEHICLE,N/A,INTERSECTION RELATED,T-INTERSECTION,STRAIGHT,NO DEFECTS,"TWO-WAY, NOT DIVIDED",39.04644833,-77.03310167,"(39.04644833, -77.03310167)"
MCP3113003G,210048747,Montgomery County Police,Injury Crash,12/01/2021 01:00:00 PM,No,US (State),South,,3,North,10,FEET,LEVEL,COLUMBIA PIKE,MUSGROVE RD,,N/A,,DRIVER,SAME DIRECTION SIDESWIPE,CLEAR,DRY,DAYLIGHT,NO CONTROLS,N/A,,OTHER VEHICLE,OTHER VEHICLE,INTERSECTION RELATED,FOUR-WAY INTERSECTION,STRAIGHT,NO DEFECTS,"TWO-WAY, DIVIDED, POSITIVE MEDIAN BARRIER",39.06787,-76.95976167,"(39.06787, -76.95976167)"
MCP30060027,170510398,Montgomery County Police,Property Damage Crash,05/28/2017 01:36:00 PM,No,Maryland (State),South,,3,North,10,FEET,LEVEL,GEORGIA AVE,REEDIE DR,,N/A,,DRIVER,SAME DIR REAR END,RAINING,WET,DAYLIGHT,TRAFFIC SIGNAL,NONE DETECTED,,OTHER VEHICLE,N/A,INTERSECTION RELATED,FOUR-WAY INTERSECTION,STRAIGHT,NO DEFECTS,"TWO-WAY, DIVIDED, UNPROTECTED PAINTED MIN 4 FEET",39.03882333,-77.05107667,"(39.03882333, -77.05107667)"
MCP3031005B,240014857,MONTGOMERY,Property Damage Crash,03/29/2024 08:40:00 PM,No,Maryland (State) Route,Southbound,Left Turn Lane,2,North,0,FEET,Level,GEORGIA AVE (SB/L),BORDLY DR,,,,UNKNOWN,Angle,Clear,Dry,Dark - Lighted,"No Controls, Stop Sign","Not Suspect of Alcohol Use, Not Suspect of Drug Use, Not Suspect of Alcohol Use, Not Suspect of Drug Use",,Motor Vehicle In Transport,Not Applicable,Intersection or Related,Perpendicular,Straight,,Not Divided,39.1902589,-77.06560781,"(39.1902589, -77.06560781)"
MCP2728002G,16028005,Montgomery County Police,Property Damage Crash,06/04/2016 02:12:00 PM,No,,,,,,0,,,,,IN THE PARKING LOT OF 1428 HAMPSHIRE WEST COURT,,,DRIVER,STRAIGHT MOVEMENT ANGLE,CLEAR,,DAYLIGHT,NO CONTROLS,NONE DETECTED,,FIXED OBJECT,PARKED VEHICLE,,,,,,39.00786333,-76.98228333,"(39.00786333, -76.98228333)"
MCP25860026,16051209,Montgomery County Police,Injury Crash,10/05/2016 04:00:00 PM,No,County,North,,2,North,50,FEET,LEVEL,CASTLE BLVD,BRIGGS CHANEY RD,,N/A,,DRIVER,STRAIGHT MOVEMENT ANGLE,CLEAR,DRY,DAYLIGHT,TRAFFIC SIGNAL,NONE DETECTED,,OTHER VEHICLE,N/A,COMMERCIAL DRIVEWAY,T-INTERSECTION,STRAIGHT,NO DEFECTS,"TWO-WAY, NOT DIVIDED",39.08175224,-76.94511473,"(39.08175224, -76.94511473)"
MCP1220003D,16009081,Montgomery County Police,Injury Crash,02/23/2016 02:55:00 PM,No,,,,,,0,,,,,"PARKING LOT
9321 GEORGIA AVE
SILVER SPRING, MD 20910",,,DRIVER,OTHER,RAINING,,DAYLIGHT,N/A,NONE DETECTED,,PARKED VEHICLE,PARKED VEHICLE,,,,,,39.00829667,-77.039755,"(39.00829667, -77.039755)"
MCP2582002P,190018469,Montgomery County Police,Property Damage Crash,04/20/2019 04:26:00 AM,Yes,Other Public Roadway,South,,1,North,200,FEET,GRADE DOWNHILL,LIMETREE RD,MORNINGSIDE LA,,N/A,,DRIVER,HEAD ON,RAINING,WET,DARK LIGHTS ON,NO CONTROLS,NONE DETECTED,,PARKED VEHICLE,N/A,NON INTERSECTION,N/A,STRAIGHT,NO DEFECTS,"TWO-WAY, NOT DIVIDED",39.07097167,-76.98275833,"(39.07097167, -76.98275833)"
MCP29500025,190059817,Montgomery County Police,Injury Crash,12/12/2019 04:26:00 AM,No,County,West,,2,East,0,FEET,LEVEL,MIDDLEBROOK RD,KNOLLCROSS DR,,N/A,,DRIVER,SINGLE VEHICLE,CLEAR,DRY,DARK LIGHTS ON,N/A,NONE DETECTED,,FIXED OBJECT,N/A,INTERSECTION,FOUR-WAY INTERSECTION,STRAIGHT,NO DEFECTS,"TWO-WAY, NOT DIVIDED",39.18160667,-77.22907667,"(39.18160667, -77.22907667)"
MCP2789003H,170509105,Montgomery County Police,Property Damage Crash,05/21/2017 09:03:00 PM,No,County,North,,1,North,10,FEET,LEVEL,FENWICK LA,FIRST AVE,,N/A,,DRIVER,SAME DIR REAR END,CLEAR,DRY,DARK LIGHTS ON,NO CONTROLS,N/A,,PARKED VEHICLE,N/A,N/A,N/A,STRAIGHT,NO DEFECTS,"TWO-WAY, NOT DIVIDED",38.99747667,-77.03168167,"(38.99747667, -77.03168167)"
MCP2597001Y,180021115,Montgomery County Police,Property Damage Crash,04/30/2018 03:22:00 PM,No,Interstate (State),East,,5,East,0.5,MILE,LEVEL,CAPITAL BELTWAY,RAMP 4 FR MD 355 NB TO IS 495 EB,,N/A,,DRIVER,SAME DIRECTION SIDESWIPE,CLEAR,DRY,DAYLIGHT,NO CONTROLS,NONE DETECTED,,OTHER VEHICLE,N/A,N/A,N/A,STRAIGHT,NO DEFECTS,"TWO-WAY, DIVIDED, POSITIVE MEDIAN BARRIER",39.01001,-77.08904,"(39.01001, -77.08904)"
MCP2311000G,15039917,MONTGOMERY,Property Damage Crash,08/11/2015 08:54:00 AM,No,County,South,,2,South,300,FEET,HILL UPHILL,INDUSTRIAL DR,BEGIN BRIDGE,,N/A,,DRIVER,SINGLE VEHICLE,CLEAR,DRY,DAYLIGHT,N/A,N/A,,FIXED OBJECT,N/A,N/A,N/A,STRAIGHT,NO DEFECTS,"TWO-WAY, NOT DIVIDED",39.12381167,-77.19069,"(39.12381167, -77.19069)"
MCP1378005T,15018726,Montgomery County Police,Injury Crash,04/21/2015 02:32:00 PM,No,Interstate (State),North,RIGHT TURN LANE,2,North,0,FEET,LEVEL,EISENHOWER MEMORIAL HWY,RAMP 1 FR IS 270 NB TO MD 117 WB,,N/A,,DRIVER,SAME DIR REAR END,CLEAR,DRY,DAYLIGHT,NO CONTROLS,NONE DETECTED,,OTHER VEHICLE,N/A,N/A,N/A,STRAIGHT,NO DEFECTS,ONE-WAY TRAFFICWAY,39.14048167,-77.21220833,"(39.14048167, -77.21220833)"
EJ7829001K,15050008,GAITHERSBURG,Property Damage Crash,10/02/2015 07:00:00 PM,No,Maryland (State),North,,1,East,0,FEET,LEVEL,W DIAMOND AVE,MUDDY BRANCH RD,,N/A,,DRIVER,HEAD ON LEFT TURN,RAINING,WET,DARK LIGHTS ON,TRAFFIC SIGNAL,NONE DETECTED,,N/A,N/A,INTERSECTION,FOUR-WAY INTERSECTION,STRAIGHT,NO DEFECTS,"TWO-WAY, DIVIDED, POSITIVE MEDIAN BARRIER",39.14006833,-77.20499833,"(39.14006833, -77.20499833)"
MCP3169004H,210034242,Montgomery County Police,Property Damage Crash,09/01/2021 02:22:00 PM,No,County,West,,1,North,100,FEET,LEVEL,BURNT MILLS AVE,WHEELER DR,,N/A,,DRIVER,SAME DIRECTION SIDESWIPE,RAINING,WET,DAYLIGHT,NO CONTROLS,N/A,,PARKED VEHICLE,N/A,NON INTERSECTION,N/A,STRAIGHT,NO DEFECTS,"TWO-WAY, NOT DIVIDED",39.03661,-77.00164167,"(39.03661, -77.00164167)"
MCP2167000G,170537107,Montgomery County Police,Property Damage Crash,10/17/2017 06:20:00 AM,No,Maryland (State),East,,5,West,50,FEET,HILL CREST,DARNESTOWN RD,MUDDY BRANCH RD,,N/A,,DRIVER,SAME DIR REAR END,CLEAR,DRY,DAWN,TRAFFIC SIGNAL,NONE DETECTED,,OTHER VEHICLE,N/A,NON INTERSECTION,N/A,STRAIGHT,NO DEFECTS,"TWO-WAY, DIVIDED, POSITIVE MEDIAN BARRIER",39.102765,-77.221385,"(39.102765, -77.221385)"
MCP2728005R,180042255,Montgomery County Police,Injury Crash,08/24/2018 07:50:00 PM,No,County,East,,2,East,0,FEET,LEVEL,WAYNE AVE,DALE DR,,N/A,BICYCLIST,DRIVER,STRAIGHT MOVEMENT ANGLE,CLEAR,DRY,DUSK,NO CONTROLS,NONE DETECTED,NONE DETECTED,BICYCLE,N/A,INTERSECTION,FOUR-WAY INTERSECTION,STRAIGHT,NO DEFECTS,"TWO-WAY, NOT DIVIDED",38.99924167,-77.01722,"(38.99924167, -77.01722)"
MCP3404000N,240012198,MONTGOMERY,Injury Crash,03/14/2024 07:52:00 AM,No,Maryland (State) Route,Northbound,Lane 3,3,South,5.09,FEET,Level,NEW HAMPSHIRE AVE,,,,,DRIVER,Front to Rear,Clear,Dry,Daylight,No Controls,"Not Suspect of Alcohol Use, Not Suspect of Drug Use, Not Suspect of Alcohol Use, Not Suspect of Drug Use",,Motor Vehicle In Transport,,Through Roadway,,Straight,,"Divided, Raised Median (curbed)",39.01561095,-76.97762397,"(39.01561095, -76.97762397)"
DD56580018,230052196,Rockville Police Departme,Property Damage Crash,08/30/2023 11:54:00 AM,No,,North,,1,Unknown,0,FEET,LEVEL,FIRST ST,TAFT ST,,N/A,,DRIVER,OTHER,CLEAR,DRY,DAYLIGHT,N/A,N/A,,OTHER VEHICLE,N/A,N/A,N/A,N/A,N/A,N/A,39.09467017,-77.13461367,"(39.09467017, -77.13461367)"
MCP229800GQ,170546784,Montgomery County Police,Injury Crash,12/05/2017 05:37:00 PM,No,Maryland (State),South,,2,North,0,FEET,GRADE DOWNHILL,RIDGE RD,TRALEE TERR,,N/A,,DRIVER,SAME DIR REAR END,RAINING,WET,DARK LIGHTS ON,NO CONTROLS,NONE DETECTED,,OTHER VEHICLE,OTHER VEHICLE,INTERSECTION,T-INTERSECTION,STRAIGHT,NO DEFECTS,"TWO-WAY, NOT DIVIDED",39.27048333,-77.21660333,"(39.27048333, -77.21660333)"
MCP3225001M,210026298,Montgomery County Police,Injury Crash,07/08/2021 05:15:00 PM,Yes,,,,,,,,,,,"116 UNIVERSITY BLVD W.
SILVER SPRING, MD",,PEDESTRIAN,DRIVER,OTHER,CLOUDY,,DAYLIGHT,N/A,UNKNOWN,NONE DETECTED,OTHER VEHICLE,PEDESTRIAN,,,,,,39.02120545,-77.01557047,"(39.02120545, -77.01557047)"
EJ78860010,220003491,Gaithersburg Police Depar,Injury Crash,01/26/2022 08:36:00 PM,No,Maryland (State),West,,2,South,20,FEET,LEVEL,QUINCE ORCHARD RD,W DIAMOND AVE,,N/A,,DRIVER,STRAIGHT MOVEMENT ANGLE,CLEAR,DRY,DARK LIGHTS ON,TRAFFIC SIGNAL,"N/A, UNKNOWN",,OTHER VEHICLE,OTHER VEHICLE,INTERSECTION RELATED,FOUR-WAY INTERSECTION,STRAIGHT,NO DEFECTS,"TWO-WAY, DIVIDED, UNPROTECTED PAINTED MIN 4 FEET",39.14291117,-77.2218135,"(39.14291117, -77.2218135)"
MCP3033001L,170544607,Montgomery County Police,Property Damage Crash,11/24/2017 09:07:00 AM,No,Maryland (State),East,,3,East,0,FEET,LEVEL,OLD COLUMBIA PIKE,SPUR TO RAMP 6 FR MD 198 EB TO US 29 SB,,N/A,,DRIVER,HEAD ON LEFT TURN,CLEAR,DRY,DAYLIGHT,TRAFFIC SIGNAL,NONE DETECTED,,OTHER VEHICLE,N/A,N/A,FOUR-WAY INTERSECTION,STRAIGHT,NO DEFECTS,"TWO-WAY, DIVIDED, POSITIVE MEDIAN BARRIER",39.11121969,-76.93211138,"(39.11121969, -76.93211138)"
MCP29730029,16057064,Montgomery County Police,Property Damage Crash,11/05/2016 07:30:00 AM,No,Maryland (State),South,,3,North,0,FEET,LEVEL,CONNECTICUT AVE,WELLER RD,,N/A,,DRIVER,SINGLE VEHICLE,CLEAR,DRY,DAWN,NO CONTROLS,NONE DETECTED,,FIXED OBJECT,N/A,INTERSECTION,FOUR-WAY INTERSECTION,STRAIGHT,NO DEFECTS,"TWO-WAY, DIVIDED, POSITIVE MEDIAN BARRIER",39.06275833,-77.07333,"(39.06275833, -77.07333)"
DD5529000M,15008374,Rockville Police Departme,Property Damage Crash,02/20/2015 03:41:00 PM,No,Municipality,East,RIGHT TURN LANE,2,West,0,FEET,LEVEL,HALPINE RD,CHAPMAN AVE,,ROCKVILLE,,DRIVER,OTHER,CLEAR,DRY,DAYLIGHT,STOP SIGN,NONE DETECTED,,OTHER VEHICLE,PARKED VEHICLE,INTERSECTION,T-INTERSECTION,STRAIGHT,NO DEFECTS,"TWO-WAY, DIVIDED, UNPROTECTED PAINTED MIN 4 FEET",39.081105,-77.151865,"(39.081105, -77.151865)"
MCP2107001X,180042475,Montgomery County Police,Injury Crash,08/26/2018 10:45:00 AM,No,County,East,,1,East,10,FEET,LEVEL,RICHTER FARM RD,GREAT SENECA HWY,,N/A,,DRIVER,SAME DIR REAR END,CLEAR,DRY,DAYLIGHT,YIELD SIGN,NONE DETECTED,,OTHER VEHICLE,N/A,INTERSECTION RELATED,FOUR-WAY INTERSECTION,CURVE RIGHT,NO DEFECTS,"TWO-WAY, DIVIDED, POSITIVE MEDIAN BARRIER",39.14832833,-77.276475,"(39.14832833, -77.276475)"
MCP3289002Y,240001101,MONTGOMERY,Property Damage Crash,01/08/2024 07:41:00 AM,No,,,,0,,,FEET,,,,Parking Lot Way        OFF PARKING LOT AT 8533 GEORGIA AVE.,,,UNKNOWN,Single Vehicle,Clear,,Unknown,,,,"Other Fixed Object (wall, building, tunnel, etc.)",Not Applicable,,,,,,38.99598218,-77.02759505,"(38.99598218, -77.02759505)"
MCP24360042,170534276,Montgomery County Police,Injury Crash,10/02/2017 07:42:00 AM,No,Maryland (State),West,,3,West,30,FEET,LEVEL,UNIVERSITY BLVD E,BUCKINGHAM DR,,N/A,,DRIVER,SAME DIR REAR END,CLEAR,DRY,DAYLIGHT,N/A,NONE DETECTED,,OTHER VEHICLE,FIXED OBJECT,N/A,N/A,STRAIGHT,NO DEFECTS,"TWO-WAY, DIVIDED, POSITIVE MEDIAN BARRIER",39.00661,-76.99760167,"(39.00661, -76.99760167)"
MCP263900CV,210037426,Montgomery County Police,Property Damage Crash,09/22/2021 11:35:00 AM,No,Maryland (State),West,,2,North,40,FEET,LEVEL,WOODFIELD RD,WARFIELD RD,,N/A,,DRIVER,SAME DIR REAR END,RAINING,WET,DAYLIGHT,TRAFFIC SIGNAL,NONE DETECTED,,OTHER VEHICLE,OTHER VEHICLE,INTERSECTION RELATED,FOUR-WAY INTERSECTION,STRAIGHT,N/A,"TWO-WAY, NOT DIVIDED",39.19516,-77.152855,"(39.19516, -77.152855)"
MCP2528001Z,250000593,MONTGOMERY,Property Damage Crash,01/05/2025 08:24:00 AM,No,County Route,Eastbound,Lane 2,2,West,14.65,FEET,Uphill,BRIGGS CHANEY RD,,,,,DRIVER,Front to Rear,Clear,Dry,Daylight,No Controls,"Not Suspect of Alcohol Use, Not Suspect of Drug Use, Not Suspect of Alcohol Use, Not Suspect of Drug Use",,Motor Vehicle In Transport,,Driveway Access or Related,,Straight,No Defects,"Not Divided, Unknown",39.0844652,-76.95153708,"(39.0844652, -76.95153708)"