Report Number,Local Case Number,Agency Name,ACRS Report Type,Crash Date/Time,Hit/Run,Route Type,Lane Direction,Lane Type,Number of Lanes,Direction,Distance,Distance Unit,Road Grade,Road Name,Cross-Street Name,Off-Road Description,Municipality,Related Non-Motorist,At Fault,Collision Type,Weather,Surface Condition,Light,Traffic Control,Driver Substance Abuse,Non-Motorist Substance Abuse,First Harmful Event,Second Harmful Event,Junction,Intersection Type,Road Alignment,Road Condition,Road Division,Latitude,Longitude,Location
MCP2686006L,230035099,Montgomery County Police,Injury Crash,07/23/2023 06:39:00 PM,No,Maryland (State),South,,3,North,0,FEET,LEVEL,GERMANTOWN RD,AIRCRAFT DR,,N/A,,DRIVER,HEAD ON LEFT TURN,CLEAR,DRY,DAYLIGHT,TRAFFIC SIGNAL,NONE DETECTED,,OTHER VEHICLE,OTHER VEHICLE,INTERSECTION,FOUR-WAY INTERSECTION,STRAIGHT,NO DEFECTS,"TWO-WAY, DIVIDED, POSITIVE MEDIAN BARRIER",39.18207358,-77.2602143,"(39.18207358, -77.2602143)"
MCP2964003B,190006471,Montgomery County Police,Property Damage Crash,02/09/2019 06:29:00 PM,No,Maryland (State),North,,2,East,0,FEET,GRADE DOWNHILL,CLOPPER RD,MATENY RD,,N/A,,DRIVER,HEAD ON LEFT TURN,CLEAR,DRY,DUSK,TRAFFIC SIGNAL,NONE DETECTED,,OTHER VEHICLE,N/A,INTERSECTION,FOUR-WAY INTERSECTION,STRAIGHT,NO DEFECTS,"TWO-WAY, NOT DIVIDED",39.15681167,-77.26623167,"(39.15681167, -77.26623167)"
MCP1595001B,200036806,Montgomery County Police,Injury Crash,09/19/2020 09:52:00 PM,No,Maryland (State),West,,3,West,45,FEET,GRADE DOWNHILL,VEIRS MILL RD,REEDIE DR,,N/A,,DRIVER,OTHER,CLEAR,DRY,DARK LIGHTS ON,TRAFFIC SIGNAL,ALCOHOL CONTRIBUTED,,FIXED OBJECT,N/A,NON INTERSECTION,N/A,STRAIGHT,NO DEFECTS,"TWO-WAY, DIVIDED, POSITIVE MEDIAN BARRIER",39.03811756,-77.05257255,"(39.03811756, -77.05257255)"
MCP2917004N,190032775,Montgomery County Police,Property Damage Crash,07/10/2019 03:50:00 PM,Yes,Maryland (State),South,,3,North,200,FEET,LEVEL,GEORGIA AVE,CONNECTICUT AVE,,N/A,,DRIVER,STRAIGHT MOVEMENT ANGLE,CLEAR,DRY,DAYLIGHT,STOP SIGN,NONE DETECTED,,OTHER VEHICLE,OTHER VEHICLE,CROSSOVER RELATED,T-INTERSECTION,STRAIGHT,NO DEFECTS,"TWO-WAY, DIVIDED, POSITIVE MEDIAN BARRIER",39.08507402,-77.0786305,"(39.08507402, -77.0786305)"
EJ7869002W,190020137,Gaithersburg Police Depar,Property Damage Crash,04/29/2019 08:26:00 PM,No,,,,,,,,,,,"671 E DIAMOND AVE GAITHERSBURG, MD",,,DRIVER,SINGLE VEHICLE,CLEAR,,DARK LIGHTS ON,NO CONTROLS,NONE DETECTED,,FIXED OBJECT,N/A,,,,,,39.1390917,-77.18104232,"(39.1390917, -77.18104232)"
MCP01130025,180011177,Montgomery County Police,Property Damage Crash,03/05/2018 10:26:00 AM,No,Maryland (State),South,,3,North,25,FEET,GRADE DOWNHILL,CONNECTICUT AVE,BEACH DR,,N/A,,DRIVER,SAME DIR REAR END,CLEAR,DRY,DAYLIGHT,TRAFFIC SIGNAL,NONE DETECTED,,OTHER VEHICLE,OTHER VEHICLE,INTERSECTION RELATED,FOUR-WAY INTERSECTION,STRAIGHT,NO DEFECTS,"TWO-WAY, DIVIDED, POSITIVE MEDIAN BARRIER",39.00878167,-77.080715,"(39.00878167, -77.080715)"
MCP25830007,15000102,Montgomery County Police,Property Damage Crash,01/01/2015 11:58:00 AM,No,County,North,UNKNOWN,3,South,100,FEET,OTHER,CRABBS BRANCH WAY,REDLAND RD,,N/A,,DRIVER,SAME DIRECTION SIDESWIPE,CLEAR,DRY,DAYLIGHT,TRAFFIC SIGNAL,N/A,,OTHER VEHICLE,N/A,INTERSECTION RELATED,FOUR-WAY INTERSECTION,STRAIGHT,NO DEFECTS,"TWO-WAY, DIVIDED, POSITIVE MEDIAN BARRIER",39.12141333,-77.15914167,"(39.12141333, -77.15914167)"
DD5601001Z,16046150,Rockville Police Departme,Injury Crash,09/09/2016 07:02:00 AM,No,County,East,,2,East,0,FEET,LEVEL,MONTROSE RD,BARGATE CT,,N/A,,DRIVER,STRAIGHT MOVEMENT ANGLE,CLEAR,DRY,DAWN,STOP SIGN,"N/A, NONE DETECTED",,OTHER VEHICLE,FIXED OBJECT,NON INTERSECTION,N/A,STRAIGHT,NO DEFECTS,"TWO-WAY, DIVIDED, UNPROTECTED PAINTED MIN 4 FEET",39.05321617,-77.13145583,"(39.05321617, -77.13145583)"
DM8388003H,200040217,Takoma Park Police Depart,Injury Crash,10/12/2020 07:15:00 PM,No,Maryland (State),North,,4,North,0,FEET,GRADE DOWNHILL,NEW HAMPSHIRE AVE,ALLEY #4,,TAKOMA PARK,,DRIVER,STRAIGHT MOVEMENT ANGLE,RAINING,WET,DARK LIGHTS ON,TRAFFIC SIGNAL,NONE DETECTED,,OTHER VEHICLE,N/A,INTERSECTION,FOUR-WAY INTERSECTION,STRAIGHT,VIEW OBSTRUCTED,"TWO-WAY, DIVIDED, POSITIVE MEDIAN BARRIER",38.98751633,-76.98775983,"(38.98751633, -76.98775983)"
MCP26560014,16001690,Montgomery County Police,Property Damage Crash,01/09/2016 09:13:00 PM,Yes,County,South,,1,East,0,UNKNOWN,LEVEL,BRIGGS CHANEY RD,ENT TO BRIGGS CHANEY SHOPPING CENTER,,N/A,,DRIVER,HEAD ON,RAINING,ICE,DARK LIGHTS ON,N/A,NONE DETECTED,,OTHER VEHICLE,N/A,N/A,N/A,STRAIGHT,NO DEFECTS,OTHER,39.08331833,-76.94649667,"(39.08331833, -76.94649667)"
MCP3260001D,240057336,MONTGOMERY,Property Damage Crash,11/30/2024 02:10:00 PM,No,US (State),Northbound,Lane 3,4,North,26.76,FEET,Level,COLUMBIA PIKE,,,,,DRIVER,Front to Rear,Clear,Dry,Daylight,Traffic Control Signal,"Not Suspect of Alcohol Use, Not Suspect of Drug Use, Not Suspect of Alcohol Use, Not Suspect of Drug Use",,Motor Vehicle In Transport,,Through Roadway,,Straight,No Defects,"Divided, Raised Median (curbed)",39.03058933,-77.00521167,"(39.03058933, -77.00521167)"
MCP2717009G,17006940,Montgomery County Police,Injury Crash,02/08/2017 04:59:00 AM,No,Maryland (State),East,,2,West,100,FEET,LEVEL,RIVER RD,GOLDSBORO RD,,N/A,,DRIVER,SAME DIR REAR END,CLEAR,DRY,DARK LIGHTS ON,NO CONTROLS,NONE DETECTED,,OTHER VEHICLE,OTHER VEHICLE,NON INTERSECTION,N/A,STRAIGHT,NO DEFECTS,"TWO-WAY, DIVIDED, POSITIVE MEDIAN BARRIER",39.0263425,-77.128753,"(39.0263425, -77.128753)"
MCP2886002G,170510072,Montgomery County Police,Injury Crash,05/26/2017 06:17:00 PM,No,Maryland (State),West,,6,West,0,FEET,LEVEL,VEIRS MILL RD,GRIDLEY RD,,N/A,,DRIVER,HEAD ON LEFT TURN,CLEAR,DRY,DAYLIGHT,TRAFFIC SIGNAL,NONE DETECTED,,OTHER VEHICLE,N/A,N/A,FOUR-WAY INTERSECTION,STRAIGHT,NO DEFECTS,"TWO-WAY, DIVIDED, POSITIVE MEDIAN BARRIER",39.05707833,-77.08409833,"(39.05707833, -77.08409833)"
MCP2981003P,210021701,Montgomery County Police,Property Damage Crash,06/07/2021 10:55:00 AM,Yes,,,,,,,,,,,PARKING LOT OF 2110 RANDOLPH ROAD,,,DRIVER,OTHER,CLEAR,,DAYLIGHT,NO CONTROLS,UNKNOWN,,PARKED VEHICLE,N/A,,,,,,39.0596902,-77.04583,"(39.0596902, -77.04583)"
MCP3014003Q,220033840,Montgomery County Police,Property Damage Crash,08/06/2022 08:54:00 PM,No,County,North,,1,South,200,FEET,HILL UPHILL,BYBEE ST,BYBEE CT,,N/A,,DRIVER,SAME DIR REAR END,CLEAR,DRY,DARK LIGHTS ON,NO CONTROLS,UNKNOWN,,PARKED VEHICLE,N/A,N/A,N/A,STRAIGHT,NO DEFECTS,"TWO-WAY, NOT DIVIDED",39.0396835,-77.02481867,"(39.0396835, -77.02481867)"
MCP3026001V,170539165,Montgomery County Police,Injury Crash,10/27/2017 01:34:00 PM,No,County,East,,2,East,5,FEET,LEVEL,RIVER RD,WINSTON DR,,N/A,,DRIVER,SAME DIR REAR END,CLEAR,DRY,DAYLIGHT,TRAFFIC SIGNAL,NONE DETECTED,,OTHER VEHICLE,N/A,INTERSECTION RELATED,FOUR-WAY INTERSECTION,STRAIGHT,NO DEFECTS,"TWO-WAY, DIVIDED, POSITIVE MEDIAN BARRIER",38.97526833,-77.12582,"(38.97526833, -77.12582)"
MCP26660037,190045240,Montgomery County Police,Property Damage Crash,09/21/2019 08:44:00 AM,No,Maryland (State),North,,4,South,50,FEET,LEVEL,PINEY BRANCH RD,GARLAND AVE,,N/A,,DRIVER,STRAIGHT MOVEMENT ANGLE,CLEAR,DRY,DAYLIGHT,NO CONTROLS,NONE DETECTED,,OTHER VEHICLE,N/A,N/A,N/A,STRAIGHT,NO DEFECTS,"TWO-WAY, DIVIDED, UNPROTECTED PAINTED MIN 4 FEET",38.99846333,-76.99866,"(38.99846333, -76.99866)"
MCP3037001N,180006453,Montgomery County Police,Property Damage Crash,02/06/2018 09:10:00 PM,No,Maryland (State),North,,1,South,20,FEET,LEVEL,FREDERICK RD,CAMPING RIDGE RD,,N/A,,UNKNOWN,SINGLE VEHICLE,CLEAR,DRY,DARK LIGHTS ON,NO CONTROLS,NONE DETECTED,,ANIMAL,N/A,NON INTERSECTION,N/A,STRAIGHT,NO DEFECTS,"TWO-WAY, DIVIDED, UNPROTECTED PAINTED MIN 4 FEET",39.24656225,-77.29066372,"(39.24656225, -77.29066372)"
MCP27170027,15039074,MONTGOMERY,Injury Crash,08/06/2015 01:00:00 PM,No,Maryland (State),South,,4,North,500,FEET,LEVEL,ROCKVILLE PIKE,TUCKERMAN LA,,N/A,,DRIVER,SAME DIR REAR END,CLOUDY,DRY,DAYLIGHT,TRAFFIC SIGNAL,NONE DETECTED,,OTHER VEHICLE,N/A,INTERSECTION RELATED,FOUR-WAY INTERSECTION,STRAIGHT,NO DEFECTS,"TWO-WAY, DIVIDED, POSITIVE MEDIAN BARRIER",38.985065,-77.09344167,"(38.985065, -77.09344167)"
MCP23800008,170544601,Montgomery County Police,Property Damage Crash,11/24/2017 09:04:00 AM,No,Maryland (State),East,,4,East,0,FEET,HILL UPHILL,EAST WEST HWY,BLAIR MILL WAY,,N/A,,DRIVER,SAME DIR REAR END,CLEAR,DRY,DAYLIGHT,OTHER,NONE DETECTED,,OTHER VEHICLE,N/A,INTERSECTION,T-INTERSECTION,STRAIGHT,NO DEFECTS,"TWO-WAY, DIVIDED, UNPROTECTED PAINTED MIN 4 FEET",38.98877,-77.027865,"(38.98877, -77.027865)"
MCP23110030,180003876,Montgomery County Police,Property Damage Crash,01/23/2018 04:10:00 PM,No,Maryland (State),South,,3,North,0,FEET,LEVEL,FREDERICK RD,S WESTLAND DR,,N/A,,DRIVER,STRAIGHT MOVEMENT ANGLE,CLEAR,DRY,DAYLIGHT,TRAFFIC SIGNAL,N/A,,OTHER VEHICLE,N/A,INTERSECTION,FOUR-WAY INTERSECTION,STRAIGHT,NO DEFECTS,"TWO-WAY, DIVIDED, POSITIVE MEDIAN BARRIER",39.12598167,-77.183065,"(39.12598167, -77.183065)"
MCP33600012,230058676,Montgomery County Police,Property Damage Crash,10/05/2023 09:23:00 AM,Yes,,,,,,,,,,,"18715 N FREDERICK AVE, GAITHERSBURG, MD 20879",,,DRIVER,SINGLE VEHICLE,CLEAR,,DAYLIGHT,NO CONTROLS,NONE DETECTED,,FIXED OBJECT,N/A,,,,,,39.16291667,-77.22367167,"(39.16291667, -77.22367167)"
MCP3231001J,250007811,MONTGOMERY,Property Damage Crash,02/22/2025 03:38:00 AM,No,Maryland (State) Route,Northbound,Unknown,6,North,32.98,FEET,Level,CONNECTICUT AVE,,,,,DRIVER,Single Vehicle,Clear,Dry,Dark - Lighted,No Controls,"Not Suspect of Alcohol Use, Not Suspect of Drug Use",,Curb,Fence,Non-Junction,,Curve Right,Not Applicable,"Divided, Raised Median (curbed)",39.00981551,-77.08082663,"(39.00981551, -77.08082663)"
MCP9106001M,180015771,Montgomery County Police,Injury Crash,04/01/2018 11:48:00 AM,No,Maryland (State),North,,3,North,0,FEET,HILL CREST,FREDERICK RD,GUNNERS BRANCH RD,,N/A,,DRIVER,HEAD ON LEFT TURN,CLOUDY,DRY,DAYLIGHT,TRAFFIC SIGNAL,NONE DETECTED,,OTHER VEHICLE,N/A,INTERSECTION,FOUR-WAY INTERSECTION,STRAIGHT,NO DEFECTS,"TWO-WAY, DIVIDED, POSITIVE MEDIAN BARRIER",39.178575,-77.238415,"(39.178575, -77.238415)"
MCP3222002N,230073587,Montgomery County Police,Injury Crash,12/25/2023 08:39:00 PM,No,County,South,,3,West,0,FEET,LEVEL,DEMOCRACY BLVD,RAMP 8 FR IS 270Y SB TO DEMOCRACY BLVD,,N/A,,DRIVER,SAME DIR REAR END,N/A,DRY,DARK LIGHTS ON,NO CONTROLS,NONE DETECTED,,OTHER VEHICLE,N/A,N/A,N/A,CURVE RIGHT,NO DEFECTS,"TWO-WAY, DIVIDED, POSITIVE MEDIAN BARRIER",39.0236128,-77.14274459,"(39.0236128, -77.14274459)"
MCP2720005Q,210018251,Montgomery County Police,Injury Crash,05/14/2021 11:36:00 PM,No,Maryland (State),South,,3,North,0,FEET,GRADE DOWNHILL,GEORGIA AVE,HEATHFIELD RD,,N/A,,DRIVER,SAME DIR REAR END,CLEAR,DRY,DARK LIGHTS ON,TRAFFIC SIGNAL,"ALCOHOL PRESENT, NONE DETECTED",,OTHER VEHICLE,N/A,INTERSECTION,FOUR-WAY INTERSECTION,STRAIGHT,NO DEFECTS,"TWO-WAY, DIVIDED, POSITIVE MEDIAN BARRIER",39.086975,-77.07937,"(39.086975, -77.07937)"
MCP2954007N,190059971,Montgomery County Police,Property Damage Crash,12/12/2019 07:01:00 PM,No,Maryland (State),East,,3,East,30,FEET,LEVEL,UNIVERSITY BLVD E,E MELBOURNE AVE,,N/A,,DRIVER,SAME DIR REAR END,CLEAR,DRY,DARK LIGHTS ON,NO CONTROLS,NONE DETECTED,,OTHER VEHICLE,N/A,NON INTERSECTION,N/A,STRAIGHT,NO DEFECTS,"TWO-WAY, DIVIDED, POSITIVE MEDIAN BARRIER",39.01005333,-77.00045,"(39.01005333, -77.00045)"
MCP2973005B,210001803,Montgomery County Police,Property Damage Crash,01/14/2021 11:20:00 PM,No,,,,,,,,,,,ENTRANCE OF 1131 UNIVERSITY BLVD W. SILVER SPRING MD 20902,,,DRIVER,SINGLE VEHICLE,CLEAR,,DARK LIGHTS ON,NO CONTROLS,N/A,,OFF ROAD,N/A,,,,,,39.03628833,-77.0286,"(39.03628833, -77.0286)"
MCP3178001S,200012360,Montgomery County Police,Property Damage Crash,03/13/2020 09:46:00 AM,No,Maryland (State),South,,3,North,0,FEET,HILL UPHILL,NEW HAMPSHIRE AVE,MIDLAND RD,,N/A,,DRIVER,STRAIGHT MOVEMENT ANGLE,CLOUDY,WET,DAYLIGHT,STOP SIGN,NONE DETECTED,,OTHER VEHICLE,FIXED OBJECT,INTERSECTION,T-INTERSECTION,STRAIGHT,NO DEFECTS,"TWO-WAY, DIVIDED, POSITIVE MEDIAN BARRIER",39.07702167,-77.00171167,"(39.07702167, -77.00171167)"
MCP24870036,230031220,Montgomery County Police,Property Damage Crash,06/30/2023 09:50:00 AM,No,Maryland (State),East,,1,East,0,FEET,LEVEL,DARNESTOWN RD,WHITE GROUNDS RD,,N/A,,DRIVER,ANGLE MEETS LEFT TURN,CLEAR,DRY,DAYLIGHT,STOP SIGN,NONE DETECTED,,OTHER VEHICLE,N/A,INTERSECTION,T-INTERSECTION,STRAIGHT,NO DEFECTS,"TWO-WAY, NOT DIVIDED",39.13024,-77.3468,"(39.13024, -77.3468)"
MCP235800BZ,230065531,Montgomery County Police,Property Damage Crash,11/10/2023 09:30:00 AM,No,County,North,,1,South,500,FEET,LEVEL,BALTIMORE AVE,RIVER RD,,N/A,,DRIVER,OTHER,RAINING,WET,DAYLIGHT,NO CONTROLS,NONE DETECTED,,PARKED VEHICLE,N/A,NON INTERSECTION,N/A,STRAIGHT,NO DEFECTS,"TWO-WAY, NOT DIVIDED",38.9599467,-77.09632161,"(38.9599467, -77.09632161)"
DD56050060,180057878,Rockville Police Departme,Property Damage Crash,11/18/2018 04:00:00 PM,Yes,,,,,,,,,,,"PARKING LOT OF 625 HUNGERFORD DR, ROCKVILLE, MD, 20850",,,UNKNOWN,OTHER,CLEAR,,DAYLIGHT,NO CONTROLS,UNKNOWN,,PARKED VEHICLE,N/A,,,,,,39.092619,-77.15252483,"(39.092619, -77.15252483)"
MCP23850018,170508817,Montgomery County Police,Injury Crash,05/20/2017 01:32:00 AM,No,Maryland (State),South,,2,North,0.1,MILE,HILL UPHILL,RIDGE RD,DAVIS MILL RD,,N/A,,DRIVER,HEAD ON,CLEAR,DRY,DARK NO LIGHTS,NO CONTROLS,NONE DETECTED,,OTHER VEHICLE,OTHER VEHICLE,NON INTERSECTION,N/A,STRAIGHT,NO DEFECTS,"TWO-WAY, NOT DIVIDED",39.24078333,-77.23502833,"(39.24078333, -77.23502833)"
EJ78510017,15060299,GAITHERSBURG,Property Damage Crash,11/25/2015 02:31:00 PM,No,Maryland (State),West,,3,East,150,FEET,LEVEL,W DIAMOND AVE,QUINCE ORCHARD RD,,N/A,,UNKNOWN,SAME DIRECTION SIDESWIPE,CLEAR,DRY,DAYLIGHT,NO CONTROLS,NONE DETECTED,,OTHER VEHICLE,N/A,NON INTERSECTION,N/A,STRAIGHT,NO DEFECTS,"TWO-WAY, DIVIDED, POSITIVE MEDIAN BARRIER",39.14219344,-77.21890926,"(39.14219344, -77.21890926)"
DD5653003J,240024263,ROCKVILLE,Property Damage Crash,05/22/2024 04:30:00 PM,,Maryland (State) Route,Eastbound,Lane 2,2,North,5.34,FEET,Uphill,W MONTGOMERY AVE,,,,,UNKNOWN,Front to Rear,Clear,Dry,Daylight,No Controls,"Not Suspect of Alcohol Use, Not Suspect of Drug Use, Not Suspect of Alcohol Use, Not Suspect of Drug Use",,Motor Vehicle In Transport,,Non-Junction,,Curve Left,No Defects,"Divided, Raised Median (curbed)",39.08565587,-77.17188474,"(39.08565587, -77.17188474)"
MCP1475002B,190032688,Montgomery County Police,Property Damage Crash,07/10/2019 06:40:00 AM,No,County,South,,1,South,45,FEET,LEVEL,WATKINS MILL RD,CLUB LAKE RD,,N/A,,DRIVER,SAME DIR REAR END,CLEAR,DRY,DAYLIGHT,N/A,N/A,,OTHER VEHICLE,N/A,OTHER,N/A,CURVE LEFT,NO DEFECTS,"TWO-WAY, DIVIDED, POSITIVE MEDIAN BARRIER",39.17679833,-77.21017333,"(39.17679833, -77.21017333)"
MCP33170036,250004713,MONTGOMERY,Property Damage Crash,02/01/2025 05:49:00 PM,,,,,0,,,FEET,,,,Parking Aisle        13834 PARKING LOT,,,DRIVER,Angle,Clear,,Dark - Lighted,,"Not Suspect of Alcohol Use, Not Suspect of Drug Use, Unknown, Unknown",,Motor Vehicle In Transport,,,,,,,39.08280189,-76.9453391,"(39.08280189, -76.9453391)"
MCP3201002M,220025939,Montgomery County Police,Property Damage Crash,06/16/2022 02:26:00 PM,No,Maryland (State),South,,2,North,0,FEET,LEVEL,GERMANTOWN RD,RAMP 2 FR MD 118 WB TO IS 270 NB,,N/A,,DRIVER,STRAIGHT MOVEMENT ANGLE,CLEAR,DRY,DAYLIGHT,TRAFFIC SIGNAL,NONE DETECTED,,OTHER VEHICLE,N/A,INTERSECTION,T-INTERSECTION,STRAIGHT,NO DEFECTS,"TWO-WAY, DIVIDED, POSITIVE MEDIAN BARRIER",39.18644483,-77.2533305,"(39.18644483, -77.2533305)"
MCP1099004B,220017879,Montgomery County Police,Injury Crash,04/27/2022 02:41:00 PM,No,Maryland (State),West,,2,West,500,FEET,LEVEL,MUNCASTER MILL RD,NEEDWOOD RD,,N/A,,DRIVER,SAME DIR REAR END,CLEAR,DRY,DAYLIGHT,N/A,NONE DETECTED,,OTHER VEHICLE,OTHER VEHICLE,NON INTERSECTION,N/A,STRAIGHT,NO DEFECTS,"TWO-WAY, DIVIDED, UNPROTECTED PAINTED MIN 4 FEET",39.13032833,-77.11921333,"(39.13032833, -77.11921333)"
MCP3034000C,17010601,Montgomery County Police,Property Damage Crash,02/27/2017 10:47:00 PM,No,US (State),North,RIGHT TURN LANE,4,South,20,FEET,HILL CREST,COLUMBIA PIKE,BRIGGS CHANEY RD,,N/A,,DRIVER,SAME DIR REAR END,CLEAR,DRY,DARK LIGHTS ON,TRAFFIC SIGNAL,NONE DETECTED,,OTHER VEHICLE,N/A,INTERSECTION RELATED,T-INTERSECTION,CURVE RIGHT,NO DEFECTS,ONE-WAY TRAFFICWAY,39.08258506,-76.94805443,"(39.08258506, -76.94805443)"
MCP2645000D,15028897,Montgomery County Police,Injury Crash,06/14/2015 04:09:00 AM,No,Maryland (State),North,,3,North,0,FEET,LEVEL,GEORGIA AVE,HILDAROSE DR,,N/A,,DRIVER,SAME DIR REAR END,CLEAR,WET,DARK LIGHTS ON,NO CONTROLS,NONE DETECTED,,OTHER VEHICLE,N/A,INTERSECTION,T-INTERSECTION,STRAIGHT,NO DEFECTS,"TWO-WAY, DIVIDED, POSITIVE MEDIAN BARRIER",39.02105918,-77.04453349,"(39.02105918, -77.04453349)"
DD5598000F,15065732,ROCKVILLE,Injury Crash,12/23/2015 11:46:00 AM,No,Municipality,South,,1,North,85,FEET,LEVEL,TWINBROOK PKWY,MARSHALL AVE,,ROCKVILLE,,DRIVER,OTHER,RAINING,WET,OTHER,NO CONTROLS,N/A,,PARKED VEHICLE,OFF ROAD,NON INTERSECTION,N/A,STRAIGHT,NO DEFECTS,"TWO-WAY, NOT DIVIDED",39.08248667,-77.11507,"(39.08248667, -77.11507)"
MCP1002000X,190050770,Montgomery County Police,Injury Crash,10/22/2019 05:50:00 PM,No,Maryland (State),East,,4,East,0,FEET,HILL CREST,CLOPPER RD,PHEASANT RUN DR,,GAITHERSBURG,,DRIVER,STRAIGHT MOVEMENT ANGLE,RAINING,WET,DAYLIGHT,TRAFFIC SIGNAL,NONE DETECTED,,OTHER VEHICLE,N/A,INTERSECTION,FOUR-WAY INTERSECTION,STRAIGHT,NO DEFECTS,"TWO-WAY, NOT DIVIDED",39.14945167,-77.23267833,"(39.14945167, -77.23267833)"
MCP2008001Q,15060167,MONTGOMERY,Property Damage Crash,11/24/2015 07:44:00 PM,No,County,East,LEFT TURN LANE,3,West,80,FEET,LEVEL,DEMOCRACY BLVD,WESTLAKE DR,,N/A,,DRIVER,SAME DIR REAR END,CLEAR,DRY,DARK LIGHTS ON,TRAFFIC SIGNAL,"MEDICATION PRESENT, NONE DETECTED, UNKNOWN",,OTHER VEHICLE,OTHER VEHICLE,INTERSECTION RELATED,FOUR-WAY INTERSECTION,STRAIGHT,NO DEFECTS,"TWO-WAY, DIVIDED, POSITIVE MEDIAN BARRIER",39.02261667,-77.15058667,"(39.02261667, -77.15058667)"
MCP24660054,240030629,MONTGOMERY,Injury Crash,06/28/2024 06:10:00 PM,No,County Route,"Southbound, Westbound",Lane 1,1,North,0,FEET,Level,GLEN RD,PINEY MEETINGHOUSE RD,,,,UNKNOWN,Angle,Clear,Dry,Daylight,Stop Sign,"Not Suspect of Alcohol Use, Not Suspect of Drug Use, Not Suspect of Alcohol Use, Not Suspect of Drug Use",,Motor Vehicle In Transport,Not Applicable,Intersection or Related,Perpendicular,Straight,No Defects,Not Divided,39.04844803,-77.23319132,"(39.04844803, -77.23319132)"
DD5610000S,15013535,Rockville Police Departme,Property Damage Crash,03/24/2015 11:11:00 AM,No,Municipality,East,,2,East,1,FEET,LEVEL,BEALL AVE #2,N ADAMS ST,,ROCKVILLE,,DRIVER,SAME DIR REAR END,CLEAR,DRY,DAYLIGHT,NO CONTROLS,N/A,,PARKED VEHICLE,PARKED VEHICLE,NON INTERSECTION,N/A,STRAIGHT,NO DEFECTS,"TWO-WAY, DIVIDED, UNPROTECTED PAINTED MIN 4 FEET",39.087015,-77.15448167,"(39.087015, -77.15448167)"
MCP2607005Q,210043394,Montgomery County Police,Property Damage Crash,10/27/2021 06:50:00 PM,No,Maryland (State),South,,1,South,5,FEET,LEVEL,FREDERICK RD,SPUR TO SHADY GROVE RD,,N/A,,DRIVER,SAME DIR REAR END,CLEAR,DRY,DARK LIGHTS ON,YIELD SIGN,NONE DETECTED,,OTHER VEHICLE,N/A,INTERCHANGE RELATED,OTHER,CURVE RIGHT,NO DEFECTS,ONE-WAY TRAFFICWAY,39.1222305,-77.17786983,"(39.1222305, -77.17786983)"
MCP2039007V,220037654,Montgomery County Police,Injury Crash,08/31/2022 08:27:00 AM,No,Maryland (State),South,,3,North,200,FEET,LEVEL,GEORGIA AVE,ASPEN HILL RD,,N/A,,DRIVER,SAME DIR REAR END,CLEAR,DRY,DAYLIGHT,TRAFFIC SIGNAL,N/A,,OTHER VEHICLE,N/A,INTERSECTION RELATED,T-INTERSECTION,STRAIGHT,NO DEFECTS,"TWO-WAY, DIVIDED, POSITIVE MEDIAN BARRIER",39.081115,-77.07579667,"(39.081115, -77.07579667)"
MCP3191004Y,250031651,MONTGOMERY,Property Damage Crash,07/16/2025 12:15:00 AM,No,Maryland (State) Route,Northbound,Lane 3,4,North,61.91,FEET,Level,FREDERICK RD,,,,,DRIVER,Front to Rear,Clear,Dry,Dark - Lighted,Traffic Control Signal,"Not Suspect of Alcohol Use, Not Suspect of Drug Use, Not Suspect of Alcohol Use, Not Suspect of Drug Use, Not Suspect of Alcohol Use, Not Suspect of Drug Use",,Motor Vehicle In Transport,,Driveway Access or Related,,Straight,No Defects,"Divided, Raised Median (curbed)",39.109233,-77.16002483,"(39.109233, -77.16002483)"
MCP27040016,200018509,Montgomery County Police,Property Damage Crash,05/01/2020 04:00:00 PM,Yes,,,,,,,,,,,LOWE'S PARKING LOT,,,DRIVER,UNKNOWN,CLEAR,,DAYLIGHT,NO CONTROLS,UNKNOWN,,PARKED VEHICLE,N/A,,,,,,39.1247813,-77.2355825,"(39.1247813, -77.2355825)"
MCP2891002H,16027569,Montgomery County Police,Property Damage Crash,06/02/2016 01:01:00 PM,No,US (State),South,,3,South,75,FEET,LEVEL,COLESVILLE RD,N NOYES DR,,N/A,,DRIVER,SAME DIRECTION SIDESWIPE,CLEAR,DRY,DAYLIGHT,N/A,NONE DETECTED,,OTHER VEHICLE,OTHER VEHICLE,N/A,N/A,STRAIGHT,N/A,"TWO-WAY, DIVIDED, UNPROTECTED PAINTED MIN 4 FEET",39.00095333,-77.02553333,"(39.00095333, -77.02553333)"
MCP2921005K,250027687,MONTGOMERY,Property Damage Crash,06/21/2025 05:33:00 PM,No,Maryland (State) Route,Northbound,Lane 2,2,South,0,FEET,Level,RIDGE RD,HENDERSON CORNER RD (NB/L),,,,UNKNOWN,Single Vehicle,Clear,Dry,Daylight,Traffic Control Signal,"Not Suspect of Alcohol Use, Not Suspect of Drug Use",,Concrete Traffic Barrier,,Intersection or Related,Angled/Skewed,Straight,No Defects,"Divided, Raised Median (curbed)",39.2054216,-77.24320288,"(39.2054216, -77.24320288)"