Report Number,Local Case Number,Agency Name,ACRS Report Type,Crash Date/Time,Hit/Run,Route Type,Lane Direction,Lane Type,Number of Lanes,Direction,Distance,Distance Unit,Road Grade,Road Name,Cross-Street Name,Off-Road Description,Municipality,Related Non-Motorist,At Fault,Collision Type,Weather,Surface Condition,Light,Traffic Control,Driver Substance Abuse,Non-Motorist Substance Abuse,First Harmful Event,Second Harmful Event,Junction,Intersection Type,Road Alignment,Road Condition,Road Division,Latitude,Longitude,Location
EJ7888003Z,230015301,Gaithersburg Police Depar,Property Damage Crash,03/30/2023 10:20:00 AM,No,Maryland (State),West,,2,East,0,FEET,LEVEL,W DIAMOND AVE,RAMP 1 FR IS 270 NB TO MD 117 WB,,N/A,,DRIVER,STRAIGHT MOVEMENT ANGLE,CLEAR,DRY,DAYLIGHT,TRAFFIC SIGNAL,NONE DETECTED,,OTHER VEHICLE,N/A,INTERSECTION,T-INTERSECTION,STRAIGHT,NO DEFECTS,"TWO-WAY, NOT DIVIDED",39.14046982,-77.21058162,"(39.14046982, -77.21058162)"
MCP3201002S,220029930,Montgomery County Police,Property Damage Crash,07/12/2022 01:28:00 PM,Yes,,,,,,,,,,,"PARKING LOT OF 12982 MIDDLEBROOK ROAD GERMANTOWN, MD 20874",,,DRIVER,OTHER,CLEAR,,DAYLIGHT,NO CONTROLS,"NONE DETECTED, UNKNOWN",,OTHER VEHICLE,N/A,,,,,,39.18100583,-77.26978517,"(39.18100583, -77.26978517)"
MCP2239000B,15046162,MONTGOMERY,Injury Crash,09/12/2015 12:50:00 PM,No,Maryland (State),North,,1,North,100,FEET,HILL CREST,FALLS RD,WOODINGTON DR,,N/A,,DRIVER,SINGLE VEHICLE,RAINING,WET,DAYLIGHT,N/A,NONE DETECTED,,FIXED OBJECT,N/A,NON INTERSECTION,N/A,CURVE RIGHT,NO DEFECTS,"TWO-WAY, NOT DIVIDED",39.042374,-77.191947,"(39.042374, -77.191947)"
MCP14530040,170502804,Montgomery County Police,Property Damage Crash,04/18/2017 03:45:00 PM,No,Maryland (State),South,,3,South,25,FEET,LEVEL,RIDGE RD,BRINK RD,,N/A,,DRIVER,SINGLE VEHICLE,CLEAR,N/A,DAYLIGHT,N/A,NONE DETECTED,,FIXED OBJECT,N/A,INTERSECTION RELATED,FOUR-WAY INTERSECTION,STRAIGHT,NO DEFECTS,"TWO-WAY, DIVIDED, POSITIVE MEDIAN BARRIER",39.20990333,-77.240115,"(39.20990333, -77.240115)"
MCP27850022,16050212,Montgomery County Police,Property Damage Crash,09/30/2016 07:00:00 AM,No,County,East,RIGHT TURN LANE,4,East,0,FEET,LEVEL,BRIGGS CHANEY RD,ENT TO BRIGGS CHANEY SHOPPING CENTER,,N/A,,DRIVER,SAME DIRECTION RIGHT TURN,CLOUDY,WET,DAWN,NO CONTROLS,N/A,,OTHER VEHICLE,FIXED OBJECT,N/A,OTHER,STRAIGHT,NO DEFECTS,"TWO-WAY, NOT DIVIDED",39.04627667,-76.990695,"(39.04627667, -76.990695)"
MCP3240003S,250005837,MONTGOMERY,Property Damage Crash,02/08/2025 09:47:00 PM,No,Maryland (State) Route,"Northbound, Westbound","Lane 1, Lane 2","2, 3",North,0,FEET,Level,GERMANTOWN RD,LEAMAN FARM RD,,,,DRIVER,Rear To Side,Clear,Wet,Dark - Lighted,"No Controls, Stop Sign","Not Suspect of Alcohol Use, Not Suspect of Drug Use, Suspect of Alcohol Use, Not Suspect of Drug Use",,Motor Vehicle In Transport,,Intersection or Related,Perpendicular,Straight,No Defects,Not Divided,39.15997827,-77.28404814,"(39.15997827, -77.28404814)"
MCP29300047,240012138,MONTGOMERY,Property Damage Crash,03/13/2024 05:16:00 PM,No,County Route,Eastbound,Lane 1,1,North,56.08,FEET,Level,,EADES ST,,,,DRIVER,Front to Rear,Clear,Dry,Daylight,No Controls,"Not Suspect of Alcohol Use, Not Suspect of Drug Use, Not Suspect of Alcohol Use, Not Suspect of Drug Use",,Motor Vehicle In Transport,,Non-Junction,,Straight,,Not Divided,39.07360083,-77.0951185,"(39.07360083, -77.0951185)"
MCP3397000W,250005384,MONTGOMERY,Property Damage Crash,02/05/2025 06:53:00 PM,,Maryland (State) Route,Eastbound,"Lane 4, Lane 5",5,North,29.33,FEET,Level,UNIVERSITY BLVD W,,,,,UNKNOWN,"Sideswipe, Same Direction",Clear,Dry,Dark - Lighted,No Controls,"Not Suspect of Alcohol Use, Not Suspect of Drug Use, Unknown, Unknown",,Motor Vehicle In Transport,,Non-Junction,,Straight,No Defects,Not Divided,39.01992983,-77.01351996,"(39.01992983, -77.01351996)"
MCP2615000P,15026299,Montgomery County Police,Property Damage Crash,05/31/2015 03:43:00 PM,Yes,,,,,,0,,,,,"Fairland Market Convenience Store
13318 Old Columbia Pike
Silver Spring, MD 20904",,,DRIVER,OTHER,CLEAR,,DAYLIGHT,NO CONTROLS,NONE DETECTED,,PARKED VEHICLE,N/A,,,,,,39.07584312,-76.9584024,"(39.07584312, -76.9584024)"
EJ7895006Z,250005562,GAITHERSBURG,Injury Crash,02/07/2025 08:30:00 AM,No,Maryland (State) Route,Westbound,Lane 2,3,South,65.2,FEET,Level,MONTGOMERY VILLAGE AVE (SB/L),,,,,UNKNOWN,Front to Rear,Clear,Dry,Daylight,No Controls,"Not Suspect of Alcohol Use, Not Suspect of Drug Use, Not Suspect of Alcohol Use, Not Suspect of Drug Use",,Motor Vehicle In Transport,,Non-Junction,,Straight,No Defects,"Divided, Raised Median (curbed)",39.15407089,-77.21026857,"(39.15407089, -77.21026857)"
MCP2723008P,240044950,MONTGOMERY,Injury Crash,09/20/2024 04:40:00 PM,No,Crossover,"Southbound, Westbound",Lane 2,"3, 4",North,0,FEET,Uphill,,ATHERTON DR CONNECTICUT AVE (SB/L),,,,DRIVER,Angle,Clear,Dry,Daylight,No Controls,"Not Suspect of Alcohol Use, Not Suspect of Drug Use, Suspect of Alcohol Use, Unknown",,Motor Vehicle In Transport,,Intersection or Related,Angled/Skewed,Straight,No Defects,Not Divided,39.06714039,-77.07492264,"(39.06714039, -77.07492264)"
MCP2351000K,15059313,MONTGOMERY,Property Damage Crash,11/20/2015 02:21:00 PM,No,County,West,,3,East,0,FEET,LEVEL,MONTROSE RD,TOWER OAKS BLVD,,ROCKVILLE,,UNKNOWN,SINGLE VEHICLE,CLEAR,DRY,DAYLIGHT,TRAFFIC SIGNAL,,,OTHER,N/A,INTERSECTION,Y-INTERSECTION,OTHER,NO DEFECTS,"TWO-WAY, DIVIDED, POSITIVE MEDIAN BARRIER",39.05572833,-77.14956833,"(39.05572833, -77.14956833)"
MCP27530016,16032480,Montgomery County Police,Property Damage Crash,06/27/2016 09:51:00 AM,No,Maryland (State),West,,2,East,50,FEET,LEVEL,NORBECK RD,NADINE DR,,N/A,,DRIVER,SAME DIR REAR END,CLEAR,DRY,DAYLIGHT,NO CONTROLS,NONE DETECTED,,OTHER VEHICLE,OTHER VEHICLE,NON INTERSECTION,N/A,STRAIGHT,NO DEFECTS,"TWO-WAY, DIVIDED, POSITIVE MEDIAN BARRIER",39.098635,-77.102735,"(39.098635, -77.102735)"
MCP2016008S,250026371,MONTGOMERY,Property Damage Crash,06/13/2025 10:28:00 AM,No,Maryland (State) Route,Northbound,Lane 2,2,South,12.53,FEET,Level,VEIRS MILL RD (WB/L),,,,,UNKNOWN,Front to Rear,Clear,Dry,Daylight,No Controls,"Not Suspect of Alcohol Use, Not Suspect of Drug Use, Not Suspect of Alcohol Use, Not Suspect of Drug Use",,Motor Vehicle In Transport,,Non-Junction,,Straight,No Defects,"Divided, Raised Median (curbed)",39.077801,-77.12606083,"(39.077801, -77.12606083)"
MCP137800TD,190053461,Montgomery County Police,Property Damage Crash,11/06/2019 01:03:00 PM,No,Ramp,East,ON RAMP,1,West,50,FEET,LEVEL,RAMP 4 FR RAMP 1 TO SHADY GROVE RD,SHADY GROVE RD,,N/A,,DRIVER,SAME DIR REAR END,CLEAR,DRY,DAYLIGHT,YIELD SIGN,NONE DETECTED,,OTHER VEHICLE,N/A,INTERCHANGE RELATED,Y-INTERSECTION,CURVE RIGHT,NO DEFECTS,ONE-WAY TRAFFICWAY,39.11242937,-77.18674273,"(39.11242937, -77.18674273)"
MCP32580029,220030198,Montgomery County Police,Injury Crash,07/14/2022 07:34:00 AM,No,Maryland (State),West,,3,East,0,FEET,LEVEL,UNIVERSITY BLVD W,GRANDVIEW AVE,,N/A,,UNKNOWN,STRAIGHT MOVEMENT ANGLE,CLEAR,DRY,DAYLIGHT,TRAFFIC SIGNAL,NONE DETECTED,,OTHER VEHICLE,N/A,INTERSECTION,FOUR-WAY INTERSECTION,STRAIGHT,NO DEFECTS,"TWO-WAY, DIVIDED, POSITIVE MEDIAN BARRIER",39.041135,-77.05299833,"(39.041135, -77.05299833)"
MCP9366001D,220014876,Montgomery County Police,Property Damage Crash,04/07/2022 10:27:00 PM,No,Maryland (State),North,,2,North,0,FEET,LEVEL,GEORGIA AVE,ENT TO BUSINESS,,N/A,,DRIVER,OPPOSITE DIRECTION SIDESWIPE,CLEAR,DRY,DARK LIGHTS ON,NO CONTROLS,N/A,,OTHER VEHICLE,N/A,INTERSECTION,T-INTERSECTION,STRAIGHT,NO DEFECTS,"TWO-WAY, NOT DIVIDED",39.151505,-77.06658833,"(39.151505, -77.06658833)"
MCP3061002N,240044377,MONTGOMERY,Property Damage Crash,09/17/2024 10:09:00 PM,No,Spur,Southbound,Right Turn Lane,5,West,28.44,FEET,Level,,,,,,UNKNOWN,Single Vehicle,Cloudy,Wet,Dark - Lighted,Yield Sign,"Not Suspect of Alcohol Use, Not Suspect of Drug Use",,Curb,,Acceleration/Deceleration Lane,,Curve Right,No Defects,"Divided, Raised Median (curbed)",39.16303617,-77.2832,"(39.16303617, -77.2832)"
MCP3077001X,240036821,MONTGOMERY,Property Damage Crash,08/05/2024 03:15:00 AM,No,Maryland (State) Route,Northbound,Lane 1,2,East,74.35,FEET,Level,BEALLSVILLE RD,,,,,UNKNOWN,Single Vehicle,Clear,Dry,Dark - Not Lighted,No Controls,"Not Suspect of Alcohol Use, Not Suspect of Drug Use",,Animal (live),Not Applicable,Acceleration/Deceleration Lane,,Straight,No Defects,Not Divided,39.19454431,-77.39819059,"(39.19454431, -77.39819059)"
MCP3029002M,190021962,Montgomery County Police,Injury Crash,05/09/2019 08:37:00 PM,No,County,West,,2,North,100,FEET,LEVEL,FAIRLAND RD,COLUMBIA PIKE,,N/A,,DRIVER,SAME DIR REAR END,CLEAR,DRY,DARK LIGHTS ON,NO CONTROLS,NONE DETECTED,,OTHER VEHICLE,N/A,NON INTERSECTION,N/A,STRAIGHT,NO DEFECTS,"TWO-WAY, DIVIDED, POSITIVE MEDIAN BARRIER",39.07451167,-76.95654167,"(39.07451167, -76.95654167)"
MCP3038007R,250007911,MONTGOMERY,Injury Crash,02/22/2025 07:43:00 PM,No,Local Route,Westbound,Lane 1,3,West,0,FEET,Downhill,RAMSEY AVE,RAMSEY AVE WAYNE AVE (WB/L),,,,DRIVER,Front to Rear,Clear,Dry,Dark - Lighted,Traffic Control Signal,"Not Suspect of Alcohol Use, Not Suspect of Drug Use, Not Suspect of Alcohol Use, Not Suspect of Drug Use",,Motor Vehicle In Transport,,Intersection or Related,Perpendicular,Straight,No Defects,"Divided, Raised Median (curbed)",38.9945484,-77.02904333,"(38.9945484, -77.02904333)"
MCP29400083,250026840,MONTGOMERY,Property Damage Crash,06/16/2025 12:50:00 PM,,,,,0,,,FEET,,,,"Parking Stall        PARKING LOT OF 
10321 WESTLAKE DR 
BETHESDA MD 20817",,,DRIVER,Other,Cloudy,,Daylight,,"Not Suspect of Alcohol Use, Not Suspect of Drug Use",,Motor Vehicle In Transport,,,,,,,39.026017,-77.14769725,"(39.026017, -77.14769725)"
MCP2989000G,16026876,Montgomery County Police,Property Damage Crash,05/30/2016 04:35:00 AM,No,County,East,OFF ROAD,1,West,0,FEET,LEVEL,DILSTON RD,AVENEL RD,,N/A,,DRIVER,OTHER,RAINING,WET,DARK -- UNKNOWN LIGHTING,STOP SIGN,ALCOHOL PRESENT,,FIXED OBJECT,PARKED VEHICLE,INTERSECTION,FOUR-WAY INTERSECTION,STRAIGHT,NO DEFECTS,"TWO-WAY, NOT DIVIDED",39.01170833,-76.97975,"(39.01170833, -76.97975)"
MCP24660047,230020000,Montgomery County Police,Injury Crash,04/26/2023 04:15:00 PM,No,Maryland (State),North,,2,South,200,FEET,LEVEL,FALLS RD,TUCKERMAN LA,,N/A,,DRIVER,SAME DIR REAR END,CLEAR,DRY,DAYLIGHT,TRAFFIC SIGNAL,NONE DETECTED,,OTHER VEHICLE,N/A,INTERSECTION RELATED,FOUR-WAY INTERSECTION,STRAIGHT,NO DEFECTS,"TWO-WAY, NOT DIVIDED",39.04976919,-77.18824353,"(39.04976919, -77.18824353)"
MCP33070029,240013251,MONTGOMERY,Property Damage Crash,03/20/2024 03:10:00 AM,No,Private Route,Northbound,Lane 1,1,East,24.43,FEET,Level,,,,,,DRIVER,Rear To Side,Clear,Dry,Dark - Lighted,No Controls,"Not Suspect of Alcohol Use, Not Suspect of Drug Use",,Parked Vehicle,Not Applicable,Non-Junction,,Straight,,Not Divided,39.10040467,-77.04861083,"(39.10040467, -77.04861083)"
MCP3012006M,200017794,Montgomery County Police,Property Damage Crash,05/01/2020 12:49:00 PM,No,Maryland (State),West,,2,West,0,FEET,GRADE DOWNHILL,VEIRS MILL RD,TURKEY BRANCH PKWY,,N/A,,DRIVER,SAME DIR REAR END,CLEAR,DRY,DAYLIGHT,NO CONTROLS,NONE DETECTED,,OTHER VEHICLE,N/A,N/A,N/A,STRAIGHT,NO DEFECTS,"TWO-WAY, DIVIDED, POSITIVE MEDIAN BARRIER",39.06021,-77.08970833,"(39.06021, -77.08970833)"
MCP3053001X,180020607,Montgomery County Police,Injury Crash,04/27/2018 12:44:00 PM,No,County,East,,1,East,4,FEET,LEVEL,INDEPENDENCE ST,PARKLAND DR,,N/A,PEDESTRIAN,NONMOTORIST,OTHER,CLOUDY,DRY,DAYLIGHT,NO CONTROLS,N/A,N/A,PEDESTRIAN,N/A,NON INTERSECTION,N/A,CURVE LEFT,NO DEFECTS,"TWO-WAY, NOT DIVIDED",39.07285333,-77.08617667,"(39.07285333, -77.08617667)"
MCP0487000Y,16032172,Montgomery County Police,Injury Crash,06/25/2016 12:17:00 PM,No,County,South,,2,South,0,FEET,LEVEL,SNOUFFERS SCHOOL RD,WOODFIELD RD,,N/A,,DRIVER,HEAD ON LEFT TURN,CLEAR,DRY,DAYLIGHT,TRAFFIC SIGNAL,NONE DETECTED,,OTHER VEHICLE,OTHER VEHICLE,INTERSECTION,FOUR-WAY INTERSECTION,STRAIGHT,NO DEFECTS,"TWO-WAY, DIVIDED, POSITIVE MEDIAN BARRIER",39.15874,-77.16059833,"(39.15874, -77.16059833)"
MCP3080004L,240021124,MONTGOMERY,Property Damage Crash,05/05/2024 03:43:00 PM,No,County Route,Northbound,Lane 2,4,North,49.89,FEET,Level,MATENY RD (NB/L),,,,,UNKNOWN,"Sideswipe, Same Direction",Clear,Dry,Daylight,No Controls,"Not Suspect of Alcohol Use, Not Suspect of Drug Use, Not Suspect of Alcohol Use, Not Suspect of Drug Use",,Parked Vehicle,,Non-Junction,,Straight,,Not Divided,39.1474823,-77.27088008,"(39.1474823, -77.27088008)"
DD5522002L,16011989,Rockville Police Departme,Property Damage Crash,03/10/2016 08:20:00 PM,No,Maryland (State),North,,3,North,0,FEET,LEVEL,HUNGERFORD DR,PARK RD,,ROCKVILLE,,DRIVER,STRAIGHT MOVEMENT ANGLE,CLEAR,DRY,DARK LIGHTS ON,TRAFFIC SIGNAL,NONE DETECTED,,OTHER VEHICLE,N/A,INTERSECTION,FOUR-WAY INTERSECTION,STRAIGHT,NO DEFECTS,"TWO-WAY, NOT DIVIDED",39.08503667,-77.14806333,"(39.08503667, -77.14806333)"
MCP2965009Y,250017590,MONTGOMERY,Injury Crash,04/23/2025 10:00:00 AM,No,County Route,"Eastbound, Westbound",Left Turn Lane,2,South,5.53,FEET,"Downhill, Uphill",SPARTAN RD,,,,,DRIVER,"Sideswipe, Opposite Direction",Clear,Dry,Daylight,"Other Pavement Marking (excluding edgelines, centerlines, or lane lines)","Not Suspect of Alcohol Use, Not Suspect of Drug Use, Not Suspect of Alcohol Use, Not Suspect of Drug Use",,Motor Vehicle In Transport,,Non-Junction,,Straight,No Defects,Not Divided,39.14996236,-77.06413026,"(39.14996236, -77.06413026)"
MCP2059002Z,16042751,Montgomery County Police,Property Damage Crash,08/23/2016 08:29:00 AM,No,Maryland (State),South,,3,South,750,FEET,HILL UPHILL,ROCKVILLE PIKE,WILSON DR,,N/A,,DRIVER,SAME DIRECTION SIDESWIPE,CLEAR,DRY,DAYLIGHT,NO CONTROLS,NONE DETECTED,,OTHER VEHICLE,N/A,NON INTERSECTION,N/A,STRAIGHT,NO DEFECTS,"TWO-WAY, DIVIDED, POSITIVE MEDIAN BARRIER",39.001295,-77.09728833,"(39.001295, -77.09728833)"
HA23610005,15001154,MCPARK,Property Damage Crash,10/12/2015 04:10:00 PM,No,,,,,,,,,,,Parking Lot 15100blk. Avery Rd.,,,DRIVER,SINGLE VEHICLE,CLEAR,,DAYLIGHT,NO CONTROLS,NONE DETECTED,,FIXED OBJECT,N/A,,,,,,39.10468167,-77.12079333,"(39.10468167, -77.12079333)"
MCP29810009,15066484,MONTGOMERY,Injury Crash,12/28/2015 01:41:00 AM,No,Maryland (State),North,,3,North,10,FEET,LEVEL,CONNECTICUT AVE,PLYERS MILL RD,,N/A,,DRIVER,SAME DIR REAR END,CLEAR,WET,DARK LIGHTS ON,TRAFFIC SIGNAL,NONE DETECTED,,OTHER VEHICLE,N/A,INTERSECTION RELATED,FOUR-WAY INTERSECTION,STRAIGHT,NO DEFECTS,"TWO-WAY, DIVIDED, POSITIVE MEDIAN BARRIER",39.02917,-77.0758,"(39.02917, -77.0758)"
MCP28850028,170543512,Montgomery County Police,Property Damage Crash,11/18/2017 12:00:00 AM,Yes,County,East,OFF ROAD,3,East,0,FEET,LEVEL,SLYE CT,UNIVERSITY BLVD W,,N/A,,DRIVER,SINGLE VEHICLE,CLEAR,DRY,DARK LIGHTS ON,NO CONTROLS,NONE DETECTED,,FIXED OBJECT,N/A,INTERSECTION RELATED,T-INTERSECTION,STRAIGHT,NO DEFECTS,"TWO-WAY, DIVIDED, POSITIVE MEDIAN BARRIER",39.03813633,-77.04096079,"(39.03813633, -77.04096079)"
MCP31600050,240015722,MONTGOMERY,Property Damage Crash,04/04/2024 03:00:00 PM,No,Maryland (State) Route,Southbound,Lane 3,3,West,33.51,FEET,Level,ROCKVILLE PIKE (SB/L),NICHOLSON LA,,,,UNKNOWN,"Sideswipe, Same Direction",Rain,Wet,Daylight,No Controls,"Not Suspect of Alcohol Use, Not Suspect of Drug Use, Not Suspect of Alcohol Use, Not Suspect of Drug Use",,Motor Vehicle In Transport,Not Applicable,,,Straight,No Defects,"Divided, Raised Median (curbed)",39.04471325,-77.11171644,"(39.04471325, -77.11171644)"
MCP3374000C,230017244,Montgomery County Police,Property Damage Crash,04/10/2023 03:45:00 PM,Yes,County,South,,2,South,100,FEET,LEVEL,HOLMHURST RD,STONEHAM RD,,N/A,,DRIVER,SAME DIRECTION SIDESWIPE,CLEAR,DRY,DAYLIGHT,NO CONTROLS,UNKNOWN,,PARKED VEHICLE,N/A,N/A,N/A,STRAIGHT,NO DEFECTS,"TWO-WAY, NOT DIVIDED",39.01594,-77.13129333,"(39.01594, -77.13129333)"
MCP2008009S,230002564,Montgomery County Police,Property Damage Crash,01/16/2023 07:05:00 PM,No,Maryland (State),North,,2,East,250,FEET,LEVEL,RIVER RD,WILSON LA,,N/A,,DRIVER,SAME DIR REAR END,CLEAR,DRY,DARK LIGHTS ON,TRAFFIC SIGNAL,NONE DETECTED,,OTHER VEHICLE,N/A,INTERSECTION RELATED,FOUR-WAY INTERSECTION,STRAIGHT,NO DEFECTS,"TWO-WAY, DIVIDED, POSITIVE MEDIAN BARRIER",38.9830415,-77.13703617,"(38.9830415, -77.13703617)"
MCP2635008W,240048818,MONTGOMERY,Fatal Crash,10/12/2024 07:21:00 PM,No,Maryland (State) Route,"Northbound, Southbound","Lane 2, Left Turn Lane","2, 4",North,0,FEET,Level,ROCKVILLE PIKE,TUCKERMAN LA (EB/L),,,,UNKNOWN,Angle,Clear,Dry,Dark - Lighted,Traffic Control Signal,"Not Suspect of Alcohol Use, Not Suspect of Drug Use, Unknown, Unknown",,Motor Vehicle In Transport,,Intersection or Related,Perpendicular,Straight,No Defects,"Divided, Raised Median (curbed)",39.02423552,-77.10297655,"(39.02423552, -77.10297655)"
MCP2710001M,170547595,Montgomery County Police,Property Damage Crash,12/15/2017 03:00:00 PM,Yes,County,West,,2,West,100,FEET,LEVEL,SNOWDEN FARM PKWY,SNOWDEN FARM PKWY (PROP) (AHEAD),,N/A,,DRIVER,SAME DIR REAR END,SNOW,WET,DAYLIGHT,N/A,"NONE DETECTED, UNKNOWN",,OTHER VEHICLE,N/A,NON INTERSECTION,N/A,STRAIGHT,NO DEFECTS,"TWO-WAY, DIVIDED, POSITIVE MEDIAN BARRIER",39.22995942,-77.25297332,"(39.22995942, -77.25297332)"
MCP3311002C,240013601,MONTGOMERY,Property Damage Crash,03/21/2024 08:41:00 PM,,Spur,Westbound,Lane 1,2,East,49.02,FEET,Uphill,,BURLINGTON AVE (WB/L),,,,UNKNOWN,"Sideswipe, Opposite Direction",Clear,Dry,Dark - Lighted,No Controls,"Not Suspect of Alcohol Use, Not Suspect of Drug Use, Unknown, Unknown",,Motor Vehicle In Transport,,Non-Junction,,Straight,,Not Divided,38.98793797,-77.02411856,"(38.98793797, -77.02411856)"
DM8388003K,200040365,Takoma Park Police Depart,Property Damage Crash,10/13/2020 06:55:00 PM,No,Municipality,North,,1,East,0,FEET,LEVEL,MAPLE AVE,LINCOLN AVE,,TAKOMA PARK,,DRIVER,SAME DIR REAR END,CLEAR,DRY,DARK LIGHTS ON,STOP SIGN,NONE DETECTED,,OTHER VEHICLE,N/A,INTERSECTION,FOUR-WAY INTERSECTION,STRAIGHT,NO DEFECTS,"TWO-WAY, NOT DIVIDED",38.983905,-77.005474,"(38.983905, -77.005474)"
MCP2763003Y,210048147,Montgomery County Police,Property Damage Crash,11/27/2021 12:20:00 PM,No,County,South,,3,North,0.2,MILE,LEVEL,SHADY GROVE RD,CHOKE CHERRY RD,,ROCKVILLE,,DRIVER,SAME DIR REAR END,CLEAR,DRY,DAYLIGHT,TRAFFIC SIGNAL,NONE DETECTED,,OTHER VEHICLE,N/A,INTERSECTION RELATED,FOUR-WAY INTERSECTION,STRAIGHT,NO DEFECTS,"TWO-WAY, DIVIDED, POSITIVE MEDIAN BARRIER",39.11553167,-77.18516333,"(39.11553167, -77.18516333)"
MCP2485000H,15034136,MONTGOMERY,Injury Crash,07/12/2015 12:43:00 AM,No,Maryland (State),South,,2,North,0,FEET,GRADE DOWNHILL,WOODFIELD RD,SWEEPSTAKES RD,,N/A,,DRIVER,STRAIGHT MOVEMENT ANGLE,CLEAR,DRY,DARK LIGHTS ON,FLASHING TRAFFIC SIGNAL,"ALCOHOL PRESENT, NONE DETECTED",,OTHER VEHICLE,N/A,INTERSECTION,T-INTERSECTION,STRAIGHT,NO DEFECTS,"TWO-WAY, DIVIDED, UNPROTECTED PAINTED MIN 4 FEET",39.259765,-77.213225,"(39.259765, -77.213225)"
MCP2469001H,180038969,Montgomery County Police,Property Damage Crash,08/02/2018 06:00:00 PM,No,County,West,,1,West,0,FEET,LEVEL,CHURCHILL RD,GATES AVE,,N/A,,DRIVER,SINGLE VEHICLE,N/A,DRY,DAYLIGHT,NO CONTROLS,NONE DETECTED,,FIXED OBJECT,N/A,INTERSECTION,T-INTERSECTION,STRAIGHT,NO DEFECTS,"TWO-WAY, NOT DIVIDED",39.02126339,-77.04934537,"(39.02126339, -77.04934537)"
MCP2786004V,250026398,MONTGOMERY,Property Damage Crash,06/13/2025 12:50:00 PM,No,Maryland (State) Route,Northbound,Lane 1,3,North,0,FEET,Level,NEW HAMPSHIRE AVE (SB/L),QUAINT ACRES DR,,,,DRIVER,Single Vehicle,Clear,Dry,Daylight,Traffic Control Signal,"Not Suspect of Alcohol Use, Not Suspect of Drug Use",,Curb,,Intersection or Related,Perpendicular,Straight,No Defects,"Divided, Raised Median (curbed)",39.04763391,-76.992931,"(39.04763391, -76.992931)"
MCP30610028,230056575,Montgomery County Police,Injury Crash,09/24/2023 05:10:00 AM,No,Maryland (State),East,,2,East,300,FEET,HILL CREST,BARNESVILLE RD,SPUR FR MD 117 TO MD 117,,N/A,,DRIVER,SINGLE VEHICLE,RAINING,WET,DARK LIGHTS ON,NO CONTROLS,NONE DETECTED,,OFF ROAD,OVERTURN,NON INTERSECTION,N/A,CURVE LEFT,NO DEFECTS,"TWO-WAY, NOT DIVIDED",39.184557,-77.31343517,"(39.184557, -77.31343517)"
MCP3134004D,230029438,Montgomery County Police,Property Damage Crash,06/19/2023 03:20:00 PM,No,US (State),South,,3,South,0.2,MILE,HILL CREST,COLUMBIA PIKE,BLACKBURN RD,,N/A,,DRIVER,SAME DIR REAR END,CLEAR,DRY,N/A,N/A,N/A,,OTHER VEHICLE,N/A,NON INTERSECTION,N/A,STRAIGHT,NO DEFECTS,"TWO-WAY, DIVIDED, POSITIVE MEDIAN BARRIER",39.09714117,-76.93728467,"(39.09714117, -76.93728467)"
MCP2766001B,15019833,Montgomery County Police,Property Damage Crash,04/27/2015 03:54:00 PM,No,Maryland (State),West,,2,East,0,FEET,HILL UPHILL,VEIRS MILL RD,BUSHEY DR,,N/A,,DRIVER,SINGLE VEHICLE,CLEAR,DRY,DAYLIGHT,N/A,NONE DETECTED,,FIXED OBJECT,N/A,INTERSECTION RELATED,T-INTERSECTION,STRAIGHT,NO DEFECTS,"TWO-WAY, DIVIDED, POSITIVE MEDIAN BARRIER",39.05460167,-77.07981667,"(39.05460167, -77.07981667)"
MCP2633000P,15058934,MONTGOMERY,Injury Crash,11/18/2015 05:04:00 PM,No,Municipality,North,OTHER,2,North,0,FEET,LEVEL,WATKINS MILL RD,TRAVIS AVE,,GAITHERSBURG,,DRIVER,STRAIGHT MOVEMENT ANGLE,CLOUDY,DRY,DUSK,STOP SIGN,"N/A, NONE DETECTED",,OTHER VEHICLE,N/A,INTERSECTION RELATED,FOUR-WAY INTERSECTION,STRAIGHT,NO DEFECTS,"TWO-WAY, DIVIDED, POSITIVE MEDIAN BARRIER",39.16240667,-77.21446333,"(39.16240667, -77.21446333)"