Report Number,Local Case Number,Agency Name,ACRS Report Type,Crash Date/Time,Hit/Run,Route Type,Lane Direction,Lane Type,Number of Lanes,Direction,Distance,Distance Unit,Road Grade,Road Name,Cross-Street Name,Off-Road Description,Municipality,Related Non-Motorist,At Fault,Collision Type,Weather,Surface Condition,Light,Traffic Control,Driver Substance Abuse,Non-Motorist Substance Abuse,First Harmful Event,Second Harmful Event,Junction,Intersection Type,Road Alignment,Road Condition,Road Division,Latitude,Longitude,Location
MCP25980045,220036385,Montgomery County Police,Injury Crash,08/23/2022 12:57:00 PM,No,County,South,,2,North,100,FEET,LEVEL,DAMASCUS BLVD,RIDGE RD,,N/A,,DRIVER,STRAIGHT MOVEMENT ANGLE,CLEAR,DRY,DAYLIGHT,NO CONTROLS,NONE DETECTED,,PARKED VEHICLE,N/A,NON INTERSECTION,N/A,STRAIGHT,NO DEFECTS,"TWO-WAY, NOT DIVIDED",39.2876424,-77.2063173,"(39.2876424, -77.2063173)"
MCP91180018,180020876,Montgomery County Police,Property Damage Crash,04/29/2018 12:42:00 AM,Yes,County,South,,2,South,100,FEET,LEVEL,GRENOBLE DR,JUSTICE RD,,N/A,,DRIVER,OPPOSITE DIRECTION SIDESWIPE,CLEAR,DRY,DARK -- UNKNOWN LIGHTING,NO CONTROLS,"ALCOHOL CONTRIBUTED, NONE DETECTED",,OTHER VEHICLE,N/A,NON INTERSECTION,N/A,STRAIGHT,NO DEFECTS,"TWO-WAY, NOT DIVIDED",39.07685924,-77.09052801,"(39.07685924, -77.09052801)"
DD56490037,230032266,Rockville Police Departme,Injury Crash,07/06/2023 06:38:00 PM,No,Municipality,West,,2,West,0,FEET,LEVEL,HALPINE RD,E JEFFERSON ST,,ROCKVILLE,PEDESTRIAN,DRIVER,OTHER,N/A,DRY,DAYLIGHT,TRAFFIC SIGNAL,N/A,N/A,PEDESTRIAN,N/A,INTERSECTION,FOUR-WAY INTERSECTION,STRAIGHT,NO DEFECTS,"TWO-WAY, DIVIDED, POSITIVE MEDIAN BARRIER",39.0612988,-77.12503017,"(39.0612988, -77.12503017)"
MCP3386002M,250009868,MONTGOMERY,Property Damage Crash,03/06/2025 03:00:00 PM,No,Maryland (State) Route,Southbound,Lane 1,3,South,18.9,FEET,Level,WISCONSIN AVE (SB/L),,,,,UNKNOWN,Front to Rear,Cloudy,Dry,Daylight,Traffic Control Signal,"Not Suspect of Alcohol Use, Not Suspect of Drug Use, Unknown, Unknown",,Motor Vehicle In Transport,,Non-Junction,,Straight,No Defects,"Divided, Raised Median (curbed)",38.9782495,-77.091299,"(38.9782495, -77.091299)"
EJ78840071,250005226,GAITHERSBURG,Property Damage Crash,02/04/2025 11:17:00 PM,,Municipality Route,Northbound,"Lane 1, Other",1,North,8.92,FEET,Level,HEATHWALK ST,,,,,DRIVER,Angle,Clear,Dry,Dark - Lighted,No Controls,"Suspect of Alcohol Use, Not Suspect of Drug Use",,Parked Vehicle,Parked Vehicle,Non-Junction,,Straight,No Defects,Not Divided,39.12117367,-77.2323725,"(39.12117367, -77.2323725)"
MCP33080019,220039274,Montgomery County Police,Property Damage Crash,09/09/2022 08:00:00 PM,Yes,Maryland (State),South,,3,South,20,FEET,LEVEL,GEORGIA AVE,PRICHARD RD,,N/A,,DRIVER,SAME DIRECTION LEFT TURN,N/A,DRY,DAWN,TRAFFIC SIGNAL,NONE DETECTED,,OTHER VEHICLE,N/A,INTERSECTION RELATED,OTHER,STRAIGHT,NO DEFECTS,"TWO-WAY, DIVIDED, POSITIVE MEDIAN BARRIER",39.03631967,-77.04937717,"(39.03631967, -77.04937717)"
MCP9312000Q,170536578,Montgomery County Police,Injury Crash,10/14/2017 03:50:00 AM,No,County,North,,1,South,100,FEET,HILL UPHILL,WATKINS MILL RD,STEDWICK RD,,N/A,,DRIVER,SINGLE VEHICLE,CLEAR,DRY,DARK NO LIGHTS,N/A,ALCOHOL PRESENT,,FIXED OBJECT,FIXED OBJECT,N/A,N/A,STRAIGHT,NO DEFECTS,"TWO-WAY, NOT DIVIDED",39.170245,-77.20906833,"(39.170245, -77.20906833)"
MCP27080077,210043850,Montgomery County Police,Property Damage Crash,10/29/2021 05:30:00 PM,Yes,,,,,,,,,,,PARKING LOT IN FRONT OF 9026 PINEY BRANCH RD,,,DRIVER,OTHER,RAINING,,DAYLIGHT,NO CONTROLS,N/A,,PARKED VEHICLE,N/A,,,,,,39.00277761,-76.98931077,"(39.00277761, -76.98931077)"
MCP3045003M,200044948,Montgomery County Police,Property Damage Crash,11/14/2020 03:00:00 AM,Yes,County,East,,1,West,0,FEET,LEVEL,TUCKERMAN LA,LUX LA,,N/A,,DRIVER,SINGLE VEHICLE,CLEAR,UNKNOWN,UNKNOWN,NO CONTROLS,N/A,,FIXED OBJECT,OTHER OBJECT,RESIDENTIAL DRIVEWAY,N/A,STRAIGHT,NO DEFECTS,"TWO-WAY, DIVIDED, UNPROTECTED PAINTED MIN 4 FEET",39.03571167,-77.129935,"(39.03571167, -77.129935)"
EJ7849000Y,15021367,Gaithersburg Police Depar,Property Damage Crash,05/05/2015 05:40:00 PM,Yes,,,,,,0,,,,,parking lot behind 6 n summit avenue,,,DRIVER,SAME DIR REAR END,CLEAR,,DAYLIGHT,N/A,"N/A, UNKNOWN",,OTHER VEHICLE,N/A,,,,,,39.14248467,-77.19346046,"(39.14248467, -77.19346046)"
EJ7884004J,220021416,Gaithersburg Police Depar,Property Damage Crash,05/19/2022 08:23:00 PM,No,County,North,,2,North,30,FEET,LEVEL,MUDDY BRANCH RD,HARMONY HALL RD,,N/A,,DRIVER,SAME DIR REAR END,CLEAR,DRY,DARK -- UNKNOWN LIGHTING,NO CONTROLS,N/A,,OTHER VEHICLE,N/A,N/A,N/A,STRAIGHT,NO DEFECTS,"TWO-WAY, DIVIDED, POSITIVE MEDIAN BARRIER",39.1375993,-77.20553133,"(39.1375993, -77.20553133)"
MCP25260024,210044713,Montgomery County Police,Injury Crash,11/04/2021 05:08:00 PM,No,Maryland (State),West,,2,East,300,FEET,HILL UPHILL,RIVER RD,SENECA RD,,N/A,,UNKNOWN,SINGLE VEHICLE,CLEAR,DRY,DAYLIGHT,NO CONTROLS,NONE DETECTED,,FIXED OBJECT,N/A,NON INTERSECTION,N/A,CURVE LEFT,NO DEFECTS,"TWO-WAY, NOT DIVIDED",39.07684,-77.32653833,"(39.07684, -77.32653833)"
DD56280054,210049862,Rockville Police Departme,Property Damage Crash,12/08/2021 03:00:00 PM,Yes,,,,,,,,,,,PARKING LOT OF 250 ROCKVILLE PK (ROCKVILLE METRO STATION).,,,DRIVER,SAME DIRECTION SIDESWIPE,CLOUDY,,N/A,NO CONTROLS,"NONE DETECTED, UNKNOWN",,PARKED VEHICLE,N/A,,,,,,39.08439022,-77.14699058,"(39.08439022, -77.14699058)"
MCP30630025,190059214,Montgomery County Police,Property Damage Crash,12/08/2019 07:43:00 PM,Yes,,,,,,,,,,,"1502 NOVEMBER CIR. SILVER SPRING, MD 20904. (PARKING LOT)",,,DRIVER,N/A,CLEAR,,DARK NO LIGHTS,NO CONTROLS,UNKNOWN,,PARKED VEHICLE,PARKED VEHICLE,,,,,,39.04531523,-76.98092888,"(39.04531523, -76.98092888)"
MCP2904001R,16006054,Montgomery County Police,Property Damage Crash,02/05/2016 03:57:00 PM,No,Maryland (State),North,,3,South,25,FEET,LEVEL,NEW HAMPSHIRE AVE,OAKVIEW DR,,N/A,,DRIVER,SAME DIR REAR END,CLEAR,DRY,DAYLIGHT,NO CONTROLS,NONE DETECTED,,OTHER VEHICLE,N/A,N/A,FOUR-WAY INTERSECTION,STRAIGHT,NO DEFECTS,"TWO-WAY, DIVIDED, POSITIVE MEDIAN BARRIER",39.014895,-76.977885,"(39.014895, -76.977885)"
MCP137800RW,190041042,Montgomery County Police,Property Damage Crash,08/27/2019 03:15:00 PM,Yes,Maryland (State),North,,2,North,20,FEET,LEVEL,WOODFIELD RD,EAST VILLAGE AVE,,N/A,,DRIVER,SAME DIR REAR END,CLOUDY,DRY,DAYLIGHT,NO CONTROLS,"NONE DETECTED, UNKNOWN",,OTHER VEHICLE,OTHER VEHICLE,NON INTERSECTION,N/A,STRAIGHT,NO DEFECTS,"TWO-WAY, NOT DIVIDED",39.19175167,-77.15223667,"(39.19175167, -77.15223667)"
MCP12330055,230027835,Montgomery County Police,Property Damage Crash,06/09/2023 06:16:00 PM,No,County,Unknown,N/A,0,South,20,FEET,GRADE DOWNHILL,DRUMM AVE,FAULKNER PL,,N/A,,DRIVER,SAME DIRECTION RIGHT TURN,CLOUDY,WET,DAYLIGHT,NO CONTROLS,NONE DETECTED,,OTHER VEHICLE,PARKED VEHICLE,NON INTERSECTION,N/A,CURVE RIGHT,NO DEFECTS,"TWO-WAY, NOT DIVIDED",39.03483833,-77.06101333,"(39.03483833, -77.06101333)"
HA24150003,15000721,MCPARK,Injury Crash,07/11/2015 07:30:00 AM,No,Government,North,,1,West,,MILE,LEVEL,SLIGO CREEK PKWY,PARK VALLEY RD,,N/A,,DRIVER,SINGLE VEHICLE,RAINING,WET,DAYLIGHT,NO CONTROLS,UNKNOWN,,FIXED OBJECT,OVERTURN,NON INTERSECTION,N/A,CURVE LEFT,NO DEFECTS,"TWO-WAY, NOT DIVIDED",38.9908,-77.00595167,"(38.9908, -77.00595167)"
MCP1500001D,16046643,Montgomery County Police,Property Damage Crash,09/10/2016 03:55:00 PM,Yes,,,,,,0,,,,,"FRONT YARD OF
 
2900 CRAIGLAWN ROAD",,,DRIVER,SINGLE VEHICLE,CLEAR,,DAYLIGHT,N/A,NONE DETECTED,,FIXED OBJECT,N/A,,,,,,39.05623827,-76.94679379,"(39.05623827, -76.94679379)"
MCP32800075,250032683,MONTGOMERY,Injury Crash,07/22/2025 01:27:00 PM,No,County Route,Northbound,Lane 4,4,West,0,FEET,Level,LANARK WAY,COLESVILLE RD,,,,DRIVER,Front to Rear,Clear,Dry,Daylight,Traffic Control Signal,"Not Suspect of Alcohol Use, Not Suspect of Drug Use, Not Suspect of Alcohol Use, Not Suspect of Drug Use",,Motor Vehicle In Transport,,Intersection or Related,Perpendicular,Straight,No Defects,"Divided, Raised Median (curbed)",39.01854505,-77.01416609,"(39.01854505, -77.01416609)"
DM8447000K,15016012,Takoma Park Police Depart,Property Damage Crash,04/07/2015 07:45:00 AM,Yes,Maryland (State),South,,3,North,40,FEET,LEVEL,NEW HAMPSHIRE AVE,HOLTON LA,,TAKOMA PARK,,DRIVER,OTHER,CLEAR,WET,DAYLIGHT,N/A,"NONE DETECTED, UNKNOWN",,OTHER VEHICLE,N/A,NON INTERSECTION,N/A,STRAIGHT,NO DEFECTS,"TWO-WAY, DIVIDED, POSITIVE MEDIAN BARRIER",38.987264,-76.990817,"(38.987264, -76.990817)"
MCP3118004L,240010837,MONTGOMERY,Property Damage Crash,03/06/2024 08:27:00 AM,No,Maryland (State) Route,"Northbound, Westbound","Crossover Area, Lane 1","2, 3",South,0,FEET,"Downhill, Level",LAYHILL RD,MIDDLEBRIDGE DR (WB/L),,,,DRIVER,Angle,Cloudy,Wet,Daylight,"No Controls, Stop Sign","Not Suspect of Alcohol Use, Not Suspect of Drug Use, Not Suspect of Alcohol Use, Not Suspect of Drug Use",,Motor Vehicle In Transport,Not Applicable,Intersection or Related,Perpendicular,Straight,No Defects,"Divided, Raised Median (curbed)",39.0728671,-77.04540138,"(39.0728671, -77.04540138)"
MCP3136006Q,230068838,Montgomery County Police,Property Damage Crash,11/29/2023 06:32:00 AM,Yes,,,,,,,,,,,650 UNIVERSITY BLVD E PARKING LOT,,,DRIVER,OTHER,CLEAR,,DAWN,NO CONTROLS,"NONE DETECTED, UNKNOWN",,PARKED VEHICLE,N/A,,,,,,39.00025397,-76.99502837,"(39.00025397, -76.99502837)"
MCP28400012,17014336,Montgomery County Police,Injury Crash,03/20/2017 08:00:00 PM,No,County,South,,2,South,0,FEET,LEVEL,CHERRY HILL RD,CALVERTON BLVD,,N/A,,DRIVER,HEAD ON LEFT TURN,CLEAR,N/A,DARK LIGHTS ON,NO CONTROLS,N/A,,OTHER VEHICLE,OTHER VEHICLE,INTERSECTION,FOUR-WAY INTERSECTION,STRAIGHT,NO DEFECTS,"TWO-WAY, NOT DIVIDED",39.0506,-76.96069,"(39.0506, -76.96069)"
MCP3080003J,230029465,Montgomery County Police,Injury Crash,06/19/2023 05:00:00 PM,Yes,Maryland (State),North,,2,East,0,FEET,LEVEL,CLOPPER RD,MATENEY RD,,N/A,,DRIVER,SAME DIR REAR END,CLOUDY,DRY,DAYLIGHT,TRAFFIC SIGNAL,"N/A, NONE DETECTED",,OTHER VEHICLE,N/A,INTERSECTION,FOUR-WAY INTERSECTION,STRAIGHT,NO DEFECTS,"TWO-WAY, NOT DIVIDED",39.15657089,-77.26649517,"(39.15657089, -77.26649517)"
MCP2545000F,170540155,Montgomery County Police,Property Damage Crash,11/01/2017 07:20:00 AM,No,,,,,,,,,,,"SIDE DRIVEWAY OF ALBERT EINSTEIN HIGH SCHOOL 
11135 NEWPORT MILL RD",,,DRIVER,OTHER,CLEAR,,DAWN,NO CONTROLS,NONE DETECTED,,OTHER VEHICLE,N/A,,,,,,39.03988631,-77.06904888,"(39.03988631, -77.06904888)"
DD5502002Q,16044455,Rockville Police Departme,Injury Crash,08/31/2016 04:05:00 PM,No,Municipality,North,,2,East,200,FEET,HILL UPHILL,MARYLAND AVE,FLEET ST,,ROCKVILLE,,DRIVER,STRAIGHT MOVEMENT ANGLE,CLEAR,DRY,DAYLIGHT,TRAFFIC SIGNAL,NONE DETECTED,,OTHER VEHICLE,N/A,OTHER DRIVEWAY,N/A,STRAIGHT,NO DEFECTS,"TWO-WAY, DIVIDED, UNPROTECTED PAINTED MIN 4 FEET",39.08082333,-77.15184167,"(39.08082333, -77.15184167)"
MCP1202001X,16058851,Montgomery County Police,Injury Crash,11/15/2016 01:50:00 PM,No,County,South,OFF ROAD,2,South,150,FEET,LEVEL,SEVEN LOCKS RD,ROSEHILL DR,,N/A,,DRIVER,SINGLE VEHICLE,CLEAR,DRY,DAYLIGHT,NO CONTROLS,NONE DETECTED,,FIXED OBJECT,N/A,NON INTERSECTION,N/A,STRAIGHT,NO DEFECTS,"TWO-WAY, NOT DIVIDED",39.01019167,-77.15995167,"(39.01019167, -77.15995167)"
MCP26230048,200006090,Montgomery County Police,Injury Crash,02/06/2020 04:14:00 AM,No,County,West,,1,South,0,FEET,LEVEL,CHERRY HILL RD,CALVERTON BLVD,,N/A,,DRIVER,STRAIGHT MOVEMENT ANGLE,RAINING,WET,DARK LIGHTS ON,TRAFFIC SIGNAL,NONE DETECTED,,OTHER VEHICLE,N/A,INTERSECTION,FOUR-WAY INTERSECTION,STRAIGHT,NO DEFECTS,"TWO-WAY, NOT DIVIDED",39.05622333,-76.95444,"(39.05622333, -76.95444)"
MCP3009001X,190049283,Montgomery County Police,Property Damage Crash,10/14/2019 12:20:00 PM,No,Other Public Roadway,North,,1,North,0,FEET,LEVEL,OBSERVATION DR,OBSERVATION DR (AHEAD),,N/A,,DRIVER,SINGLE VEHICLE,N/A,DRY,DAYLIGHT,STOP SIGN,N/A,,OTHER,N/A,INTERSECTION,T-INTERSECTION,STRAIGHT,NO DEFECTS,"TWO-WAY, DIVIDED, POSITIVE MEDIAN BARRIER",39.18820333,-77.24901667,"(39.18820333, -77.24901667)"
MCP2756006D,250005239,MONTGOMERY,Property Damage Crash,02/05/2025 06:52:00 AM,No,County Route,Northbound,"Lane 1, Shoulder Area",1,North,42.9,FEET,Downhill,GALT AVE,,,,,DRIVER,Front to Rear,Clear,Dry,Daylight,No Controls,"Not Suspect of Alcohol Use, Not Suspect of Drug Use",,Parked Vehicle,,Non-Junction,,Straight,No Defects,Not Divided,39.04821831,-77.05461079,"(39.04821831, -77.05461079)"
MCP94040009,15009002,Montgomery County Police,Injury Crash,02/24/2015 10:28:00 PM,No,Maryland (State),West,,1,East,1,FEET,HILL CREST,MUNCASTER MILL RD,BOWIE MILL RD,,N/A,,DRIVER,SAME DIR REAR END,CLEAR,DRY,DARK LIGHTS ON,TRAFFIC SIGNAL,NONE DETECTED,,OTHER VEHICLE,N/A,INTERSECTION RELATED,T-INTERSECTION,CURVE LEFT,NO DEFECTS,"TWO-WAY, NOT DIVIDED",39.13317333,-77.12191833,"(39.13317333, -77.12191833)"
MCP29400076,240022057,MONTGOMERY,Property Damage Crash,05/10/2024 12:15:00 PM,No,County Route,"Southbound, Westbound",Lane 1,"1, 2",North,0,FEET,Level,TUCKERMAN LA (EB/L),LUXMANOR RD,,,,DRIVER,Other,Rain,Wet,Daylight,"No Controls, Stop Sign","Not Suspect of Alcohol Use, Not Suspect of Drug Use, Not Suspect of Alcohol Use, Not Suspect of Drug Use",,Motor Vehicle In Transport,,Intersection or Related,Perpendicular,Straight,,"Divided, Flush Median (greater than 4ft wide)",39.03481329,-77.12582715,"(39.03481329, -77.12582715)"
DD56050052,180007464,Rockville Police Departme,Injury Crash,02/13/2018 07:15:00 AM,No,Municipality,East,,1,North,0,FEET,HILL CREST,MT VERNON PL,COLONIAL CT,,ROCKVILLE,,DRIVER,STRAIGHT MOVEMENT ANGLE,CLEAR,DRY,DAYLIGHT,NO CONTROLS,NONE DETECTED,,OTHER VEHICLE,FIXED OBJECT,OTHER,T-INTERSECTION,STRAIGHT,NO DEFECTS,"TWO-WAY, DIVIDED, UNPROTECTED PAINTED MIN 4 FEET",39.07696833,-77.14738933,"(39.07696833, -77.14738933)"
MCP2783000T,16022556,Montgomery County Police,Injury Crash,05/06/2016 10:44:00 AM,No,Maryland (State),South,,3,North,0,FEET,LEVEL,GEORGIA AVE,WINDHAM LA,,N/A,,DRIVER,STRAIGHT MOVEMENT ANGLE,RAINING,WET,DARK LIGHTS ON,TRAFFIC SIGNAL,NONE DETECTED,,OTHER VEHICLE,OTHER VEHICLE,INTERSECTION,FOUR-WAY INTERSECTION,STRAIGHT,N/A,"TWO-WAY, DIVIDED, POSITIVE MEDIAN BARRIER",39.031865,-77.048485,"(39.031865, -77.048485)"
DD5595004Y,170541995,Rockville Police Departme,Property Damage Crash,11/03/2017 01:00:00 PM,Yes,,,,,,,,,,,PARKING LOT 4 OF 51 MANNAKEE ST,,,DRIVER,OTHER,UNKNOWN,,UNKNOWN,N/A,UNKNOWN,,PARKED VEHICLE,N/A,,,,,,39.097252,-77.15865167,"(39.097252, -77.15865167)"
MCP2607001B,16014059,MONTGOMERY,Property Damage Crash,03/22/2016 04:15:00 PM,No,Ramp,South,ON RAMP,2,North,0,FEET,LEVEL,RAMP 1 FR IS 270 NB TO MD 117 WB,W DIAMOND AVE,,N/A,,DRIVER,SAME DIR REAR END,CLEAR,DRY,DAYLIGHT,TRAFFIC SIGNAL,NONE DETECTED,,OTHER VEHICLE,N/A,INTERCHANGE RELATED,T-INTERSECTION,CURVE RIGHT,NO DEFECTS,"TWO-WAY, DIVIDED, POSITIVE MEDIAN BARRIER",39.14064833,-77.21078667,"(39.14064833, -77.21078667)"
MCP30200029,180028238,Montgomery County Police,Injury Crash,06/08/2018 07:25:00 AM,No,County,North,,2,South,0,FEET,LEVEL,RIPPLING BROOK DR,BEL PRE RD,,N/A,,DRIVER,SAME DIR REAR END,CLEAR,DRY,DAYLIGHT,STOP SIGN,NONE DETECTED,,OTHER VEHICLE,N/A,INTERSECTION,T-INTERSECTION,STRAIGHT,NO DEFECTS,"TWO-WAY, NOT DIVIDED",39.09023833,-77.05127167,"(39.09023833, -77.05127167)"
MCP2291003N,190025852,Montgomery County Police,Injury Crash,05/30/2019 05:58:00 PM,No,,,,,,,,,,,PARKING LOT OF 1940 ROSEMARY HILLS DR,,,DRIVER,SINGLE VEHICLE,RAINING,,DAYLIGHT,NO CONTROLS,N/A,,FIXED OBJECT,FIXED OBJECT,,,,,,38.999902,-77.04298567,"(38.999902, -77.04298567)"
MCP2934004B,210038868,Montgomery County Police,Property Damage Crash,09/30/2021 05:48:00 PM,Yes,,,,,,,,,,,PARKING LOT OF 6410 ROCKLEDGE DRIVE,,,DRIVER,SAME DIR REAR END,CLEAR,,DAYLIGHT,NO CONTROLS,UNKNOWN,,FIXED OBJECT,OTHER VEHICLE,,,,,,39.02363411,-77.13404617,"(39.02363411, -77.13404617)"
MCP209400HL,210026204,Montgomery County Police,Property Damage Crash,07/08/2021 09:59:00 AM,No,County,East,,4,West,100,FEET,HILL UPHILL,EDGEMOOR LA,OLD GEORGETOWN RD,,N/A,,UNKNOWN,OTHER,CLEAR,DRY,DAYLIGHT,NO CONTROLS,NONE DETECTED,,OTHER VEHICLE,N/A,NON INTERSECTION,N/A,STRAIGHT,NO DEFECTS,"TWO-WAY, NOT DIVIDED",38.98532333,-77.09592667,"(38.98532333, -77.09592667)"
MCP2736004J,170506330,Montgomery County Police,Injury Crash,05/06/2017 06:32:00 PM,No,Interstate (State),South,,4,South,100,FEET,LEVEL,EISENHOWER MEMORIAL HWY,IS 270Y (SB/L),,N/A,,DRIVER,SAME DIR REAR END,RAINING,WET,DAYLIGHT,NO CONTROLS,NONE DETECTED,,OTHER VEHICLE,N/A,NON INTERSECTION,N/A,STRAIGHT,NO DEFECTS,"TWO-WAY, DIVIDED, POSITIVE MEDIAN BARRIER",39.018726,-77.14574567,"(39.018726, -77.14574567)"
DM8498000B,220000346,Takoma Park Police Depart,Property Damage Crash,01/04/2022 12:20:00 AM,No,County,West,N/A,1,West,10,FEET,LEVEL,LINDEN LA,NO NAME,,N/A,,DRIVER,SAME DIRECTION RIGHT TURN,SNOW,ICE,DARK LIGHTS ON,NO CONTROLS,NONE DETECTED,,PARKED VEHICLE,N/A,NON INTERSECTION,N/A,STRAIGHT,NO DEFECTS,"TWO-WAY, NOT DIVIDED",38.97757407,-76.98988298,"(38.97757407, -76.98988298)"
EJ78990009,220055613,Gaithersburg Police Depar,Property Damage Crash,12/16/2022 12:03:00 AM,Yes,Maryland (State),North,,2,North,500,FEET,LEVEL,QUINCE ORCHARD RD,FIRSTFIELD RD,,GAITHERSBURG,,DRIVER,SAME DIR REAR END,RAINING,WET,DARK NO LIGHTS,TRAFFIC SIGNAL,"N/A, NONE DETECTED",,OTHER VEHICLE,OTHER VEHICLE,INTERSECTION RELATED,T-INTERSECTION,STRAIGHT,NO DEFECTS,"TWO-WAY, DIVIDED, POSITIVE MEDIAN BARRIER",39.14925375,-77.21586718,"(39.14925375, -77.21586718)"
MCP2378000R,170510144,Montgomery County Police,Property Damage Crash,05/27/2017 12:18:00 AM,Yes,County,Unknown,N/A,0,South,200,FEET,N/A,ST ELMO AVE,OLD GEORGETOWN RD,,N/A,,DRIVER,OTHER,N/A,DRY,DARK LIGHTS ON,NO CONTROLS,NONE DETECTED,,PARKED VEHICLE,N/A,N/A,N/A,N/A,N/A,N/A,38.98818458,-77.09865309,"(38.98818458, -77.09865309)"
MCP2965002R,18000051,Montgomery County Police,Property Damage Crash,01/01/2018 05:00:00 AM,Yes,County,West,,2,North,20,FEET,HILL CREST,WINDMILL LA,PILLOCK PL,,N/A,,DRIVER,HEAD ON,CLEAR,N/A,DARK -- UNKNOWN LIGHTING,NO CONTROLS,UNKNOWN,,OTHER VEHICLE,N/A,N/A,N/A,N/A,NO DEFECTS,"TWO-WAY, DIVIDED, UNPROTECTED PAINTED MIN 4 FEET",39.09696667,-76.98228,"(39.09696667, -76.98228)"
MCP1595001S,220006930,Montgomery County Police,Property Damage Crash,02/16/2022 07:35:00 PM,Yes,,,,,,,,,,,PARKING GARAGE,,,DRIVER,SINGLE VEHICLE,CLEAR,,DARK LIGHTS ON,NO CONTROLS,UNKNOWN,,OTHER OBJECT,N/A,,,,,,39.06214161,-77.05227488,"(39.06214161, -77.05227488)"
MCP91130025,17006409,Montgomery County Police,Property Damage Crash,02/06/2017 06:04:00 AM,No,Maryland (State),North,,3,North,300,FEET,GRADE DOWNHILL,GEORGIA AVE,REGINA DR,,N/A,,DRIVER,SAME DIR REAR END,CLEAR,DRY,DARK LIGHTS ON,N/A,NONE DETECTED,,OTHER VEHICLE,N/A,NON INTERSECTION,N/A,STRAIGHT,NO DEFECTS,"TWO-WAY, DIVIDED, POSITIVE MEDIAN BARRIER",39.07442333,-77.06713833,"(39.07442333, -77.06713833)"
MCP00360051,16048236,Montgomery County Police,Property Damage Crash,09/20/2016 06:18:00 AM,No,County,North,,2,North,300,FEET,HILL UPHILL,CRYSTAL ROCK DR,AIRCRAFT DR,,N/A,,UNKNOWN,SINGLE VEHICLE,CLEAR,DRY,DARK LIGHTS ON,N/A,NONE DETECTED,,ANIMAL,N/A,NON INTERSECTION,N/A,STRAIGHT,NO DEFECTS,"TWO-WAY, DIVIDED, UNPROTECTED PAINTED MIN 4 FEET",39.18838333,-77.26548167,"(39.18838333, -77.26548167)"
MCP23300044,230010204,Montgomery County Police,Injury Crash,03/01/2023 03:27:00 PM,No,Maryland (State),West,,2,East,100,FEET,GRADE DOWNHILL,VEIRS MILL RD,NEWPORT MILL RD,,N/A,,DRIVER,SAME DIR REAR END,CLEAR,DRY,DAYLIGHT,TRAFFIC SIGNAL,NONE DETECTED,,OTHER VEHICLE,N/A,INTERSECTION RELATED,FOUR-WAY INTERSECTION,STRAIGHT,NO DEFECTS,"TWO-WAY, DIVIDED, POSITIVE MEDIAN BARRIER",39.04450167,-77.06363,"(39.04450167, -77.06363)"
MCP29340059,230013063,Montgomery County Police,Injury Crash,03/17/2023 07:34:00 PM,No,County,South,,2,South,100,FEET,LEVEL,ROCKLEDGE DR,ENT TO WALTER JOHNSON HIGH SCHOOL,,N/A,,DRIVER,SAME DIR REAR END,CLEAR,DRY,DARK LIGHTS ON,NO CONTROLS,NONE DETECTED,,OTHER VEHICLE,N/A,INTERSECTION RELATED,T-INTERSECTION,STRAIGHT,NO DEFECTS,"TWO-WAY, DIVIDED, POSITIVE MEDIAN BARRIER",39.02449,-77.13277167,"(39.02449, -77.13277167)"
MCP33050018,210048447,Montgomery County Police,Property Damage Crash,11/29/2021 04:00:00 PM,No,US (State),South,,3,North,50,FEET,LEVEL,COLESVILLE RD,SPRING ST,,N/A,,DRIVER,SAME DIR REAR END,CLEAR,DRY,DAYLIGHT,NO CONTROLS,NONE DETECTED,,OTHER VEHICLE,OTHER VEHICLE,NON INTERSECTION,N/A,STRAIGHT,NO DEFECTS,"TWO-WAY, NOT DIVIDED",38.9993,-77.02563667,"(38.9993, -77.02563667)"
MCP21340008,15000784,Montgomery County Police,Fatal Crash,01/05/2015 05:55:00 PM,No,Maryland (State),West,,2,East,0,FEET,HILL CREST,VEIRS MILL RD,PARKLAND DR,,N/A,PEDESTRIAN,UNKNOWN,OTHER,CLEAR,DRY,DARK LIGHTS ON,TRAFFIC SIGNAL,NONE DETECTED,UNKNOWN,PEDESTRIAN,N/A,INTERSECTION,FOUR-WAY INTERSECTION,STRAIGHT,NO DEFECTS,"TWO-WAY, DIVIDED, UNPROTECTED PAINTED MIN 4 FEET",39.06151591,-77.09187984,"(39.06151591, -77.09187984)"
DD562000C4,250015265,ROCKVILLE,Property Damage Crash,04/08/2025 12:05:00 PM,No,County Route,Southbound,"Lane 1, Lane 2",2,North,41.74,FEET,Uphill,OLD HAMMONDS FERRY RD,,,,,DRIVER,"Sideswipe, Same Direction",Clear,Dry,Daylight,No Controls,"Not Suspect of Alcohol Use, Not Suspect of Drug Use, Not Suspect of Alcohol Use, Not Suspect of Drug Use",,Motor Vehicle In Transport,,Non-Junction,,Straight,No Defects,"Divided, Raised Median (curbed)",39.21913143,-76.6646493,"(39.21913143, -76.6646493)"