Report Number,Local Case Number,Agency Name,ACRS Report Type,Crash Date/Time,Hit/Run,Route Type,Lane Direction,Lane Type,Number of Lanes,Direction,Distance,Distance Unit,Road Grade,Road Name,Cross-Street Name,Off-Road Description,Municipality,Related Non-Motorist,At Fault,Collision Type,Weather,Surface Condition,Light,Traffic Control,Driver Substance Abuse,Non-Motorist Substance Abuse,First Harmful Event,Second Harmful Event,Junction,Intersection Type,Road Alignment,Road Condition,Road Division,Latitude,Longitude,Location
MCP1575006K,180013847,Montgomery County Police,Property Damage Crash,03/20/2018 07:34:00 AM,No,County,North,,2,North,200,FEET,LEVEL,CRABBS BRANCH WAY,SHADY GROVE RD,,N/A,,DRIVER,SINGLE VEHICLE,RAINING,WET,DAYLIGHT,STOP SIGN,NONE DETECTED,,FIXED OBJECT,N/A,COMMERCIAL DRIVEWAY,T-INTERSECTION,STRAIGHT,NO DEFECTS,"TWO-WAY, DIVIDED, POSITIVE MEDIAN BARRIER",39.12730667,-77.16592667,"(39.12730667, -77.16592667)"
MCP3064004T,22005041,Montgomery County Police,Injury Crash,11/15/2022 07:30:00 AM,No,County,East,,3,East,0,FEET,LEVEL,RANDOLPH RD,GARDEN GATE RD,,N/A,,DRIVER,STRAIGHT MOVEMENT ANGLE,CLEAR,DRY,DAYLIGHT,TRAFFIC SIGNAL,NONE DETECTED,,OTHER VEHICLE,N/A,INTERSECTION,FOUR-WAY INTERSECTION,STRAIGHT,NO DEFECTS,"TWO-WAY, DIVIDED, POSITIVE MEDIAN BARRIER",39.06400333,-77.03927833,"(39.06400333, -77.03927833)"
MCP2534001K,16062209,Montgomery County Police,Property Damage Crash,12/04/2016 03:13:00 AM,Yes,County,East,OTHER,1,West,100,FEET,HILL CREST,KAYSON ST,GOODHILL RD,,N/A,,DRIVER,OTHER,CLEAR,DRY,DARK LIGHTS ON,N/A,ALCOHOL PRESENT,,PARKED VEHICLE,N/A,NON INTERSECTION,N/A,CURVE RIGHT,NO DEFECTS,"TWO-WAY, DIVIDED, UNPROTECTED PAINTED MIN 4 FEET",39.06642167,-77.07203833,"(39.06642167, -77.07203833)"
MCP29520088,190013887,Montgomery County Police,Property Damage Crash,03/26/2019 09:12:00 AM,No,Maryland (State),South,,4,South,140,FEET,LEVEL,GEORGIA AVE,FLORA LA,,N/A,,DRIVER,STRAIGHT MOVEMENT ANGLE,CLEAR,DRY,DAYLIGHT,NO CONTROLS,NONE DETECTED,,OTHER VEHICLE,N/A,NON INTERSECTION,N/A,STRAIGHT,NO DEFECTS,"TWO-WAY, NOT DIVIDED",39.01075596,-77.04099083,"(39.01075596, -77.04099083)"
HA2484000Y,23001602,Maryland-National Capital,Property Damage Crash,08/16/2023 12:20:00 PM,No,Maryland (State),East,RIGHT TURN LANE,3,East,0,FEET,LEVEL,UNIVERSITY BLVD W,AMHERST AVE,,N/A,,DRIVER,HEAD ON LEFT TURN,CLEAR,DRY,DAYLIGHT,TRAFFIC SIGNAL,NONE DETECTED,,OTHER VEHICLE,OTHER VEHICLE,INTERSECTION,FOUR-WAY INTERSECTION,STRAIGHT,NO DEFECTS,"TWO-WAY, DIVIDED, POSITIVE MEDIAN BARRIER",39.04132326,-77.04829932,"(39.04132326, -77.04829932)"
DD5646001M,210046045,Rockville Police Departme,Property Damage Crash,11/13/2021 12:31:00 PM,No,Maryland (State),East,,2,East,0,FEET,GRADE DOWNHILL,VEIRS MILL RD,FIRST ST,,N/A,,DRIVER,SAME DIR REAR END,CLOUDY,WET,DAYLIGHT,TRAFFIC SIGNAL,NONE DETECTED,,OTHER VEHICLE,N/A,INTERSECTION,FOUR-WAY INTERSECTION,STRAIGHT,NO DEFECTS,"TWO-WAY, DIVIDED, POSITIVE MEDIAN BARRIER",39.07973944,-77.13793635,"(39.07973944, -77.13793635)"
MCP3280002L,220043276,Montgomery County Police,Property Damage Crash,10/04/2022 02:10:00 PM,No,County,West,,4,East,50,FEET,LEVEL,BROADBIRCH DR,TECH RD,,N/A,,DRIVER,STRAIGHT MOVEMENT ANGLE,CLEAR,DRY,DAYLIGHT,STOP SIGN,NONE DETECTED,,OTHER VEHICLE,N/A,COMMERCIAL DRIVEWAY,T-INTERSECTION,STRAIGHT,NO DEFECTS,"TWO-WAY, NOT DIVIDED",39.05586,-76.96571333,"(39.05586, -76.96571333)"
MCP209400N2,230069930,Montgomery County Police,Property Damage Crash,12/05/2023 09:04:00 AM,No,County,West,,2,West,150,FEET,GRADE DOWNHILL,KENT ST,STONEYBROOK DR,,N/A,,DRIVER,SAME DIR REAR END,CLEAR,DRY,DAYLIGHT,NO CONTROLS,NONE DETECTED,,OTHER VEHICLE,N/A,NON INTERSECTION,N/A,STRAIGHT,NO DEFECTS,"TWO-WAY, NOT DIVIDED",39.01988667,-77.06457167,"(39.01988667, -77.06457167)"
DD5643003M,240010116,ROCKVILLE,Property Damage Crash,03/01/2024 04:51:00 PM,No,Municipality Route,Southbound,Lane 1,2,East,18.72,FEET,Uphill,GAITHER RD,,,,,UNKNOWN,Single Vehicle,Clear,Dry,Daylight,No Controls,"Not Suspect of Alcohol Use, Not Suspect of Drug Use",,"Other Post, Pole, Or Support",Tree (standing),Non-Junction,,Straight,Not Applicable,"Divided, Raised Median (curbed)",39.11021964,-77.1744771,"(39.11021964, -77.1744771)"
MCP2704000R,170515775,Montgomery County Police,Property Damage Crash,06/26/2017 04:42:00 AM,No,Maryland (State),South,,3,North,0.8,MILE,HILL UPHILL,CONNECTICUT AVE,JEFFRY ST,,N/A,,DRIVER,SAME DIRECTION SIDESWIPE,CLEAR,DRY,DARK LIGHTS ON,OTHER,NONE DETECTED,,OTHER VEHICLE,N/A,NON INTERSECTION,N/A,STRAIGHT,NO DEFECTS,OTHER,39.06577064,-77.07452022,"(39.06577064, -77.07452022)"
MCP3275002D,240026657,MONTGOMERY,Property Damage Crash,06/04/2024 10:29:00 PM,No,County Route,Northbound,Lane 3,6,South,0,FEET,Level,INDUSTRIAL PKWY,COLUMBIA PIKE,,,,DRIVER,Front to Rear,Clear,Dry,Dark - Lighted,Traffic Control Signal,"Not Suspect of Alcohol Use, Not Suspect of Drug Use, Not Suspect of Alcohol Use, Not Suspect of Drug Use",,Motor Vehicle In Transport,,Intersection or Related,Angled/Skewed,Straight,,"Divided, Flush Median (greater than 4ft wide)",39.05614613,-76.97125663,"(39.05614613, -76.97125663)"
MCP30050058,200039793,Montgomery County Police,Injury Crash,10/09/2020 02:40:00 PM,No,,,,,,,,,,,REAR PARKING LOT OF 3000 MCCOMAS AVE,,OTHER CONVEYANCE,DRIVER,SINGLE VEHICLE,CLEAR,,DAYLIGHT,NO CONTROLS,NONE DETECTED,NONE DETECTED,PEDESTRIAN,N/A,,,,,,39.03172167,-77.06211167,"(39.03172167, -77.06211167)"
MCP242500FS,200001432,Montgomery County Police,Injury Crash,01/09/2020 06:38:00 AM,No,US (State),South,,3,North,0,FEET,HILL UPHILL,COLESVILLE RD,LORAIN AVE,,N/A,,DRIVER,STRAIGHT MOVEMENT ANGLE,CLEAR,DRY,DARK LIGHTS ON,NO CONTROLS,NONE DETECTED,,OTHER VEHICLE,N/A,INTERSECTION,FOUR-WAY INTERSECTION,STRAIGHT,NO DEFECTS,"TWO-WAY, DIVIDED, POSITIVE MEDIAN BARRIER",39.02394833,-77.01130333,"(39.02394833, -77.01130333)"
MCP26120051,230018584,Montgomery County Police,Injury Crash,04/18/2023 08:37:00 PM,No,County,East,OFF ROAD,2,West,50,FEET,LEVEL,BONIFANT RD,MORTON HALL RD,,N/A,,DRIVER,SINGLE VEHICLE,CLEAR,DRY,DARK LIGHTS ON,NO CONTROLS,UNKNOWN,,OFF ROAD,OVERTURN,NON INTERSECTION,N/A,CURVE RIGHT,NO DEFECTS,"TWO-WAY, NOT DIVIDED",39.093471,-77.037782,"(39.093471, -77.037782)"
MCP0685001C,15043670,MONTGOMERY,Injury Crash,08/31/2015 07:21:00 AM,No,County,East,,1,West,300,FEET,LEVEL,GLEN RD,FALLS RD,,N/A,,DRIVER,SAME DIR REAR END,CLEAR,DRY,DAYLIGHT,TRAFFIC SIGNAL,NONE DETECTED,,OTHER VEHICLE,OTHER VEHICLE,INTERSECTION RELATED,T-INTERSECTION,STRAIGHT,N/A,"TWO-WAY, DIVIDED, UNPROTECTED PAINTED MIN 4 FEET",39.04648333,-77.19291,"(39.04648333, -77.19291)"
MCP2846006V,210025463,Montgomery County Police,Property Damage Crash,07/02/2021 05:30:00 PM,Yes,Maryland (State),North,,3,South,10,FEET,LEVEL,GEORGIA AVE,AUGUST DR,,N/A,,DRIVER,SAME DIRECTION SIDESWIPE,CLEAR,DRY,DAYLIGHT,NO CONTROLS,"NONE DETECTED, UNKNOWN",,OTHER VEHICLE,N/A,NON INTERSECTION,N/A,STRAIGHT,NO DEFECTS,"TWO-WAY, DIVIDED, POSITIVE MEDIAN BARRIER",39.02688833,-77.04578333,"(39.02688833, -77.04578333)"
MCP20390032,170536784,Montgomery County Police,Property Damage Crash,10/15/2017 01:10:00 PM,No,Maryland (State),North,,3,North,0,FEET,LEVEL,GEORGIA AVE,HEWITT AVE,,N/A,,DRIVER,STRAIGHT MOVEMENT ANGLE,CLOUDY,DRY,DAYLIGHT,TRAFFIC SIGNAL,N/A,,OTHER VEHICLE,OTHER VEHICLE,INTERSECTION,T-INTERSECTION,STRAIGHT,NO DEFECTS,"TWO-WAY, DIVIDED, POSITIVE MEDIAN BARRIER",39.07817333,-77.07081,"(39.07817333, -77.07081)"
MCP21770019,16062819,Montgomery County Police,Property Damage Crash,12/07/2016 02:03:00 PM,No,Maryland (State),East,,1,East,0,FEET,LEVEL,W JEFFERSON ST,GREAT FALLS RD,,ROCKVILLE,,DRIVER,SAME DIR REAR END,CLEAR,DRY,DAYLIGHT,TRAFFIC SIGNAL,NONE DETECTED,,OTHER VEHICLE,N/A,INTERSECTION,FOUR-WAY INTERSECTION,CURVE RIGHT,NO DEFECTS,"TWO-WAY, DIVIDED, POSITIVE MEDIAN BARRIER",39.08394149,-77.15687782,"(39.08394149, -77.15687782)"
MCP3012005F,190058357,Montgomery County Police,Property Damage Crash,12/04/2019 08:42:00 AM,No,Maryland (State),South,,3,South,20,FEET,HILL CREST,CONNECTICUT AVE,ATHERTON DR,,N/A,,DRIVER,SAME DIR REAR END,CLEAR,DRY,DAYLIGHT,NO CONTROLS,NONE DETECTED,,OTHER VEHICLE,N/A,N/A,N/A,STRAIGHT,NO DEFECTS,"TWO-WAY, DIVIDED, POSITIVE MEDIAN BARRIER",39.06757667,-77.07514167,"(39.06757667, -77.07514167)"
MCP2607000T,15007367,Montgomery County Police,Property Damage Crash,02/13/2015 10:14:00 PM,Yes,County,South,,3,North,20,FEET,LEVEL,SHADY GROVE RD,BRIARDALE RD,,N/A,,DRIVER,SAME DIRECTION SIDESWIPE,CLEAR,DRY,DARK LIGHTS ON,NO CONTROLS,NONE DETECTED,,OTHER VEHICLE,N/A,NON INTERSECTION,N/A,STRAIGHT,NO DEFECTS,"TWO-WAY, DIVIDED, POSITIVE MEDIAN BARRIER",39.13359833,-77.15822333,"(39.13359833, -77.15822333)"
MCP24180015,200041859,Montgomery County Police,Property Damage Crash,10/23/2020 03:04:00 PM,No,Maryland (State),South,RIGHT TURN LANE,4,North,20,FEET,HILL UPHILL,GEORGIA AVE,FOREST GLEN RD,,N/A,,DRIVER,SAME DIRECTION RIGHT TURN,CLEAR,DRY,DAYLIGHT,TRAFFIC SIGNAL,NONE DETECTED,,OTHER VEHICLE,N/A,INTERSECTION RELATED,FOUR-WAY INTERSECTION,STRAIGHT,NO DEFECTS,"TWO-WAY, DIVIDED, POSITIVE MEDIAN BARRIER",39.01570908,-77.04279071,"(39.01570908, -77.04279071)"
MCP2730002F,210041302,Montgomery County Police,Property Damage Crash,10/15/2021 08:30:00 AM,No,County,South,,1,South,200,FEET,LEVEL,RIDGECREST DR,STONEY BOTTOM RD,,N/A,,DRIVER,OTHER,CLEAR,DRY,DAYLIGHT,NO CONTROLS,N/A,,PARKED VEHICLE,N/A,NON INTERSECTION,N/A,STRAIGHT,NO DEFECTS,"TWO-WAY, NOT DIVIDED",39.17287,-77.25700833,"(39.17287, -77.25700833)"
MCP2560000Q,16066941,Montgomery County Police,Property Damage Crash,12/29/2016 12:12:00 PM,No,County,West,,3,East,0,FEET,GRADE DOWNHILL,MIDDLEBROOK RD,CENTURY BLVD,,N/A,,DRIVER,ANGLE MEETS LEFT TURN,N/A,WET,DAYLIGHT,TRAFFIC SIGNAL,"N/A, NONE DETECTED",,OTHER VEHICLE,N/A,INTERSECTION,FOUR-WAY INTERSECTION,STRAIGHT,NO DEFECTS,"TWO-WAY, DIVIDED, POSITIVE MEDIAN BARRIER",39.1847,-77.262575,"(39.1847, -77.262575)"
MCP2766004R,190018214,Montgomery County Police,Injury Crash,04/18/2019 06:15:00 PM,No,County,West,,2,West,0,FEET,LEVEL,BEL PRE RD,CONNECTICUT AVE,,N/A,,DRIVER,SAME DIR REAR END,CLEAR,DRY,DAYLIGHT,TRAFFIC SIGNAL,NONE DETECTED,,OTHER VEHICLE,N/A,INTERSECTION,FOUR-WAY INTERSECTION,STRAIGHT,NO DEFECTS,"TWO-WAY, DIVIDED, POSITIVE MEDIAN BARRIER",39.09217333,-77.07015,"(39.09217333, -77.07015)"
MCP30580053,230064814,Montgomery County Police,Property Damage Crash,11/06/2023 11:20:00 PM,Yes,,,,,,,,,,,"PARKING LOT OF 15906 SHADY GROVE RD, GAITHERSBURG MD 20877",,,DRIVER,OTHER,CLEAR,,DARK LIGHTS ON,NO CONTROLS,N/A,,PARKED VEHICLE,N/A,,,,,,39.11769734,-77.18397266,"(39.11769734, -77.18397266)"
EJ7884003N,220004039,Gaithersburg Police Depar,Injury Crash,01/30/2022 07:03:00 PM,No,Maryland (State),East,,4,South,60,FEET,LEVEL,MONTGOMERY VILLAGE AVE,FREDERICK RD,,N/A,,DRIVER,SAME DIR REAR END,CLEAR,DRY,DARK NO LIGHTS,TRAFFIC SIGNAL,NONE DETECTED,,OTHER VEHICLE,N/A,INTERSECTION RELATED,FOUR-WAY INTERSECTION,STRAIGHT,NO DEFECTS,"TWO-WAY, DIVIDED, POSITIVE MEDIAN BARRIER",39.15181932,-77.21296202,"(39.15181932, -77.21296202)"
MCP271700JX,180038224,Montgomery County Police,Property Damage Crash,08/01/2018 08:45:00 PM,No,Maryland (State),South,,3,South,50,FEET,LEVEL,GEORGIA AVE,SPRING ST,,N/A,,DRIVER,SAME DIRECTION SIDESWIPE,CLEAR,DRY,DARK LIGHTS ON,NO CONTROLS,NONE DETECTED,,OTHER VEHICLE,N/A,INTERSECTION RELATED,FOUR-WAY INTERSECTION,STRAIGHT,N/A,"TWO-WAY, DIVIDED, POSITIVE MEDIAN BARRIER",38.999068,-77.031523,"(38.999068, -77.031523)"
MCP9424002V,210009392,Montgomery County Police,Property Damage Crash,03/12/2021 11:06:00 PM,No,Maryland (State),South,,2,North,0,FEET,LEVEL,RIDGE RD,PREAKNESS DR,,N/A,,DRIVER,SAME DIR REAR END,CLEAR,DRY,DARK LIGHTS ON,N/A,NONE DETECTED,,OTHER VEHICLE,N/A,INTERSECTION,T-INTERSECTION,STRAIGHT,NO DEFECTS,"TWO-WAY, NOT DIVIDED",39.26017333,-77.223305,"(39.26017333, -77.223305)"
MCP2853003M,170508907,Montgomery County Police,Property Damage Crash,05/20/2017 04:55:00 PM,Yes,,,,,,,,,,,IN PARKING LOT  OF 10101 NEW HAMPSHIRE AVE,,,DRIVER,OTHER,CLEAR,,DAYLIGHT,NO CONTROLS,UNKNOWN,,PARKED VEHICLE,N/A,,,,,,39.02083412,-76.97593331,"(39.02083412, -76.97593331)"
MCP3016004N,230068665,Montgomery County Police,Property Damage Crash,11/28/2023 09:00:00 AM,Yes,,,,,,,,,,,"PARKING LOT OF 12900 MIDDLEBROOK RD., GERMANTOWN, MD (MUNICIPAL ADMINISTRATION OFFICE)",,,DRIVER,UNKNOWN,N/A,,UNKNOWN,N/A,UNKNOWN,,PARKED VEHICLE,N/A,,,,,,39.17906167,-77.26956833,"(39.17906167, -77.26956833)"
MCP2586007R,240050755,MONTGOMERY,Property Damage Crash,10/23/2024 02:41:00 PM,No,County Route,Northbound,Lane 1,2,North,60.19,FEET,Level,SCENERY DR,,,,,UNKNOWN,Single Vehicle,Clear,Dry,Daylight,No Controls,"Suspect of Alcohol Use, Not Suspect of Drug Use",,Guardrail Face,Curb,Through Roadway,,Curve Left,No Defects,"Divided, Raised Median (curbed)",39.17957024,-77.23048045,"(39.17957024, -77.23048045)"
MCP30950052,240008753,MONTGOMERY,Property Damage Crash,02/22/2024 05:46:00 PM,No,County Route,Northbound,Lane 2,6,North,0,FEET,Level,,COLUMBIA PIKE,,,,DRIVER,Front to Rear,Rain,Wet,Dark - Lighted,Traffic Control Signal,"Not Suspect of Alcohol Use, Not Suspect of Drug Use, Not Suspect of Alcohol Use, Not Suspect of Drug Use, Suspect of Alcohol Use, Not Suspect of Drug Use",,Motor Vehicle In Transport,Motor Vehicle In Transport,Intersection or Related,Perpendicular,Straight,No Defects,"Divided, Raised Median (curbed)",39.06775634,-76.95922309,"(39.06775634, -76.95922309)"
MCP0899003D,180051486,Montgomery County Police,Injury Crash,10/14/2018 07:37:00 PM,No,,,,,,,,,,,"PARKING GARAGE #47 7401 WAVERLY STREET BETHESDA, MD. 20814",,,DRIVER,ANGLE MEETS RIGHT TURN,CLOUDY,,DARK LIGHTS ON,NO CONTROLS,NONE DETECTED,,OTHER VEHICLE,N/A,,,,,,39.01585333,-77.000205,"(39.01585333, -77.000205)"
MCP28240016,15013816,Montgomery County Police,Property Damage Crash,03/25/2015 06:40:00 PM,No,County,East,,4,West,0,FEET,LEVEL,SOUTHLAWN LA,E GUDE DR,,N/A,,DRIVER,HEAD ON,CLEAR,DRY,DAYLIGHT,TRAFFIC SIGNAL,N/A,,OTHER VEHICLE,OTHER VEHICLE,INTERSECTION,FOUR-WAY INTERSECTION,STRAIGHT,NO DEFECTS,"TWO-WAY, NOT DIVIDED",39.09774,-77.136569,"(39.09774, -77.136569)"
MCP28670013,15018631,Montgomery County Police,Property Damage Crash,04/21/2015 06:33:00 AM,No,Maryland (State),North,,4,North,50,FEET,LEVEL,NEW HAMPSHIRE AVE,RUPPERT RD,,N/A,,UNKNOWN,SAME DIRECTION RIGHT TURN,N/A,DRY,N/A,N/A,NONE DETECTED,,OTHER VEHICLE,N/A,NON INTERSECTION,N/A,STRAIGHT,NO DEFECTS,"TWO-WAY, DIVIDED, POSITIVE MEDIAN BARRIER",39.046145,-76.99071167,"(39.046145, -76.99071167)"
MCP30060047,190027027,Montgomery County Police,Injury Crash,06/06/2019 11:21:00 AM,No,Maryland (State),North,,3,North,10,FEET,LEVEL,GEORGIA AVE,MASON ST,,N/A,,DRIVER,SAME DIR REAR END,CLEAR,DRY,DAYLIGHT,OTHER,NONE DETECTED,,OTHER VEHICLE,OTHER VEHICLE,INTERSECTION RELATED,FOUR-WAY INTERSECTION,STRAIGHT,NO DEFECTS,"TWO-WAY, DIVIDED, UNPROTECTED PAINTED MIN 4 FEET",39.05549167,-77.049905,"(39.05549167, -77.049905)"
MCP2898005N,250001896,MONTGOMERY,Property Damage Crash,01/14/2025 06:34:00 PM,No,Ramp,Eastbound,On Ramp,4,West,18.1,FEET,Level,RAMP 4 FR IS 270 NB TO MD 118 EB,,,,,DRIVER,Single Vehicle,Clear,Wet,Dark - Lighted,Yield Sign,"Not Suspect of Alcohol Use, Not Suspect of Drug Use",,Curb,,Entrance/Exit Ramp or Related,,Straight,No Defects,"Divided, Raised Median (curbed)",39.18758548,-77.25225288,"(39.18758548, -77.25225288)"
DM8421000D,15026464,Takoma Park Police Depart,Property Damage Crash,06/01/2015 04:37:00 PM,No,Maryland (State),North,N/A,2,North,60,FEET,GRADE DOWNHILL,CARROLL AVE,OLD CARROLL AVE,,TAKOMA PARK,,DRIVER,OPPOSITE DIRECTION SIDESWIPE,RAINING,WET,DAYLIGHT,N/A,NONE DETECTED,,OTHER VEHICLE,N/A,N/A,N/A,CURVE LEFT,NO DEFECTS,"TWO-WAY, DIVIDED, UNPROTECTED PAINTED MIN 4 FEET",38.98258,-77.00087,"(38.98258, -77.00087)"
MCP23510038,190040373,Montgomery County Police,Property Damage Crash,08/23/2019 02:13:00 PM,Yes,Maryland (State),South,,3,North,0,FEET,LEVEL,ROCKVILLE PIKE,RICHARD MONTGOMERY DR,,ROCKVILLE,,UNKNOWN,STRAIGHT MOVEMENT ANGLE,CLOUDY,WET,DAYLIGHT,TRAFFIC SIGNAL,"N/A, NONE DETECTED",,OTHER VEHICLE,N/A,INTERSECTION,OTHER,STRAIGHT,NO DEFECTS,"TWO-WAY, DIVIDED, POSITIVE MEDIAN BARRIER",39.08034124,-77.14403152,"(39.08034124, -77.14403152)"
MCP3180003H,230014851,Montgomery County Police,Property Damage Crash,03/27/2023 06:56:00 PM,No,Maryland (State),South,,2,South,700,FEET,HILL UPHILL,MARKET ST,BROOKEVILLE RD,,N/A,,DRIVER,OPPOSITE DIRECTION SIDESWIPE,CLEAR,DRY,DAYLIGHT,NO CONTROLS,"NONE DETECTED, UNKNOWN",,OTHER VEHICLE,N/A,NON INTERSECTION,N/A,CURVE LEFT,NO DEFECTS,"TWO-WAY, NOT DIVIDED",39.18103653,-77.05919393,"(39.18103653, -77.05919393)"
MCP32150027,210041790,Montgomery County Police,Injury Crash,10/18/2021 11:45:00 AM,No,Maryland (State),North,,3,South,10,FEET,LEVEL,WISCONSIN AVE,BRADLEY LA,,N/A,,DRIVER,ANGLE MEETS LEFT HEAD ON,CLEAR,DRY,DAYLIGHT,TRAFFIC SIGNAL,NONE DETECTED,,OTHER VEHICLE,OTHER VEHICLE,INTERSECTION RELATED,FOUR-WAY INTERSECTION,STRAIGHT,NO DEFECTS,"TWO-WAY, DIVIDED, POSITIVE MEDIAN BARRIER",38.97704325,-77.09071307,"(38.97704325, -77.09071307)"
EJ785600B2,220002868,Gaithersburg Police Depar,Property Damage Crash,01/22/2022 05:27:00 PM,Yes,,,,,,,,,,,"PARKING LOT IN FRONT OF 220 N. FREDERICK AVE, GAITHERSBURG, MD 20877",,,DRIVER,SAME DIRECTION SIDESWIPE,CLOUDY,,DARK LIGHTS ON,N/A,UNKNOWN,,PARKED VEHICLE,N/A,,,,,,39.1438088,-77.20296385,"(39.1438088, -77.20296385)"
MCP2682000B,15040907,MONTGOMERY,Property Damage Crash,08/16/2015 10:53:00 AM,No,County,South,,1,South,100,FEET,HILL UPHILL,GOSHEN RD,WIGHTMAN RD,,N/A,,DRIVER,SAME DIRECTION LEFT TURN,CLEAR,DRY,DAYLIGHT,N/A,NONE DETECTED,,OTHER VEHICLE,N/A,NON INTERSECTION,N/A,STRAIGHT,NO DEFECTS,"TWO-WAY, NOT DIVIDED",39.18690833,-77.18701167,"(39.18690833, -77.18701167)"
MCP1563003C,17014676,Montgomery County Police,Injury Crash,03/22/2017 04:06:00 PM,No,County,South,,2,North,0,FEET,LEVEL,SEVEN LOCKS RD,DEMOCRACY BLVD,,N/A,,DRIVER,ANGLE MEETS LEFT TURN,CLEAR,DRY,DAYLIGHT,TRAFFIC SIGNAL,NONE DETECTED,,OTHER VEHICLE,FIXED OBJECT,INTERSECTION,FOUR-WAY INTERSECTION,STRAIGHT,NO DEFECTS,"TWO-WAY, DIVIDED, POSITIVE MEDIAN BARRIER",39.02309167,-77.16260167,"(39.02309167, -77.16260167)"
DD5624000T,180029143,Rockville Police Departme,Property Damage Crash,06/13/2018 09:23:00 AM,No,Municipality,North,,1,South,50,FEET,HILL UPHILL,TAYLOR AVE,BALTIMORE RD,,ROCKVILLE,,DRIVER,OTHER,CLEAR,DRY,DAYLIGHT,NO CONTROLS,NONE DETECTED,,OTHER VEHICLE,N/A,NON INTERSECTION,N/A,STRAIGHT,NO DEFECTS,"TWO-WAY, NOT DIVIDED",39.08523017,-77.137948,"(39.08523017, -77.137948)"
MCP31090066,210050959,Montgomery County Police,Injury Crash,12/15/2021 11:05:00 AM,No,Maryland (State),South,,3,North,0,FEET,LEVEL,GEORGIA AVE,16TH ST,,N/A,,DRIVER,STRAIGHT MOVEMENT ANGLE,CLEAR,DRY,DAYLIGHT,TRAFFIC SIGNAL,NONE DETECTED,,OTHER VEHICLE,OTHER VEHICLE,INTERSECTION,T-INTERSECTION,STRAIGHT,NO DEFECTS,"TWO-WAY, DIVIDED, UNPROTECTED PAINTED MIN 4 FEET",39.006073,-77.03877517,"(39.006073, -77.03877517)"
MCP2931001S,17002262,Montgomery County Police,Property Damage Crash,01/13/2017 03:24:00 PM,No,County,East,,2,West,100,FEET,LEVEL,E GUDE DR,DOVER RD,,N/A,,DRIVER,SAME DIR REAR END,CLOUDY,DRY,DAYLIGHT,N/A,N/A,,OTHER VEHICLE,OTHER VEHICLE,COMMERCIAL DRIVEWAY,N/A,STRAIGHT,N/A,"TWO-WAY, DIVIDED, POSITIVE MEDIAN BARRIER",39.10236167,-77.14214667,"(39.10236167, -77.14214667)"
EJ78840065,230050198,Gaithersburg Police Depar,Property Damage Crash,08/19/2023 12:41:00 AM,Yes,Maryland (State),South,UNKNOWN,3,North,10,FEET,HILL UPHILL,S FREDERICK RD,VIRGINIA DR,,GAITHERSBURG,,DRIVER,SINGLE VEHICLE,CLEAR,DRY,DARK LIGHTS ON,NO CONTROLS,UNKNOWN,,FIXED OBJECT,OTHER OBJECT,INTERSECTION RELATED,FOUR-WAY INTERSECTION,STRAIGHT,NO DEFECTS,"TWO-WAY, DIVIDED, POSITIVE MEDIAN BARRIER",39.13079393,-77.1879531,"(39.13079393, -77.1879531)"
MCP26710034,220011023,Montgomery County Police,Property Damage Crash,03/14/2022 05:35:00 PM,Yes,County,East,,3,West,30,FEET,LEVEL,RANDOLPH RD,LINDELL ST,,N/A,,DRIVER,SAME DIR REAR END,N/A,DRY,DAYLIGHT,TRAFFIC SIGNAL,NONE DETECTED,,OTHER VEHICLE,N/A,INTERSECTION RELATED,FOUR-WAY INTERSECTION,STRAIGHT,NO DEFECTS,"TWO-WAY, NOT DIVIDED",39.05920939,-77.06204318,"(39.05920939, -77.06204318)"
MCP2682004J,230017042,Montgomery County Police,Property Damage Crash,04/10/2023 11:22:00 AM,No,County,North,,1,North,300,FEET,GRADE DOWNHILL,WATKINS MILL RD,APPLE RIDGE RD,,N/A,,DRIVER,SAME DIR REAR END,CLEAR,DRY,DAYLIGHT,NO CONTROLS,NONE DETECTED,,OTHER VEHICLE,OTHER VEHICLE,NON INTERSECTION,N/A,STRAIGHT,NO DEFECTS,"TWO-WAY, NOT DIVIDED",39.1854085,-77.21207133,"(39.1854085, -77.21207133)"
MCP94320035,220030117,Montgomery County Police,Injury Crash,07/13/2022 04:20:00 PM,Yes,Government,West,,2,East,40,FEET,LEVEL,SLIGO CREEK PKWY,WAYNE AVE,,N/A,BICYCLIST,DRIVER,SAME DIRECTION SIDESWIPE,CLEAR,DRY,DAYLIGHT,NO CONTROLS,UNKNOWN,NONE DETECTED,BICYCLE,N/A,N/A,FOUR-WAY INTERSECTION,STRAIGHT,NO DEFECTS,"TWO-WAY, NOT DIVIDED",39.06635383,-77.1597625,"(39.06635383, -77.1597625)"
MCP11820014,16008087,Montgomery County Police,Property Damage Crash,02/18/2016 06:45:00 AM,No,Maryland (State),East,,2,East,25,FEET,LEVEL,RIVER RD,BRAEBURN PKWY,,N/A,,DRIVER,SINGLE VEHICLE,CLEAR,DRY,DAWN,NO CONTROLS,N/A,,ANIMAL,N/A,NON INTERSECTION,N/A,STRAIGHT,NO DEFECTS,"TWO-WAY, DIVIDED, POSITIVE MEDIAN BARRIER",38.97985167,-77.13294833,"(38.97985167, -77.13294833)"