Report Number,Local Case Number,Agency Name,ACRS Report Type,Crash Date/Time,Hit/Run,Route Type,Lane Direction,Lane Type,Number of Lanes,Direction,Distance,Distance Unit,Road Grade,Road Name,Cross-Street Name,Off-Road Description,Municipality,Related Non-Motorist,At Fault,Collision Type,Weather,Surface Condition,Light,Traffic Control,Driver Substance Abuse,Non-Motorist Substance Abuse,First Harmful Event,Second Harmful Event,Junction,Intersection Type,Road Alignment,Road Condition,Road Division,Latitude,Longitude,Location
MCP1064004S,16042984,Montgomery County Police,Property Damage Crash,08/24/2016 08:58:00 AM,No,Maryland (State),South,,3,North,300,FEET,LEVEL,NEW HAMPSHIRE AVE,VALLEY BROOK DR,,N/A,,DRIVER,SAME DIR REAR END,CLEAR,DRY,DAYLIGHT,TRAFFIC SIGNAL,N/A,,OTHER VEHICLE,N/A,NON INTERSECTION,N/A,STRAIGHT,NO DEFECTS,"TWO-WAY, DIVIDED, POSITIVE MEDIAN BARRIER",39.06042333,-76.99808,"(39.06042333, -76.99808)"
DD5610003T,170539128,Rockville Police Departme,Injury Crash,10/27/2017 09:58:00 AM,No,Maryland (State),North,OTHER,3,East,0,FEET,LEVEL,VEIRS MILL RD,ROCKVILLE PIKE,,N/A,,DRIVER,SAME DIR REAR END,CLEAR,DRY,DAYLIGHT,YIELD SIGN,"N/A, NONE DETECTED",,OTHER VEHICLE,OTHER VEHICLE,INTERSECTION,FIVE-POINT OR MORE,CURVE RIGHT,N/A,"TWO-WAY, DIVIDED, POSITIVE MEDIAN BARRIER",39.081745,-77.14582667,"(39.081745, -77.14582667)"
MCP2959002S,17051794,Montgomery County Police,Injury Crash,07/02/2017 10:40:00 AM,No,Maryland (State),West,,3,East,0,FEET,GRADE DOWNHILL,UNIVERSITY BLVD W,ELKIN ST,,N/A,,DRIVER,STRAIGHT MOVEMENT ANGLE,CLEAR,DRY,DAYLIGHT,NO CONTROLS,NONE DETECTED,,OTHER VEHICLE,N/A,INTERSECTION,FOUR-WAY INTERSECTION,STRAIGHT,NO DEFECTS,"TWO-WAY, DIVIDED, POSITIVE MEDIAN BARRIER",39.04197833,-77.050375,"(39.04197833, -77.050375)"
DD5633003M,200024515,Rockville Police Departme,Property Damage Crash,06/23/2020 11:20:00 AM,No,Maryland (State),South,LEFT TURN LANE,3,North,0,FEET,LEVEL,ROCKVILLE PIKE,VEIRS MILL RD,,N/A,,DRIVER,SINGLE VEHICLE,CLEAR,DRY,DAYLIGHT,N/A,NONE DETECTED,,FIXED OBJECT,N/A,INTERSECTION,FOUR-WAY INTERSECTION,STRAIGHT,NO DEFECTS,"TWO-WAY, DIVIDED, POSITIVE MEDIAN BARRIER",39.07180447,-77.17856141,"(39.07180447, -77.17856141)"
MCP27220059,240023481,MONTGOMERY,Property Damage Crash,05/18/2024 11:34:00 AM,No,Maryland (State) Route,Southbound,Lane 2,3,North,11.05,FEET,Level,UNIVERSITY BLVD W,,,,,DRIVER,Front to Rear,Cloudy,Wet,Daylight,Traffic Control Signal,"Not Suspect of Alcohol Use, Not Suspect of Drug Use, Suspect of Alcohol Use, Not Suspect of Drug Use",,Motor Vehicle In Transport,,Through Roadway,,Straight,,"Divided, Raised Median (curbed)",39.03648473,-77.03064191,"(39.03648473, -77.03064191)"
MCP29140045,17016636,Montgomery County Police,Injury Crash,04/01/2017 09:20:00 PM,Yes,Maryland (State),South,,3,North,0,FEET,HILL UPHILL,NEW HAMPSHIRE AVE,OAKVIEW DR,,N/A,,DRIVER,SAME DIR REAR END,CLEAR,N/A,DARK LIGHTS ON,TRAFFIC SIGNAL,N/A,,OTHER VEHICLE,N/A,NON INTERSECTION,N/A,STRAIGHT,N/A,"TWO-WAY, DIVIDED, POSITIVE MEDIAN BARRIER",39.01700702,-76.97736159,"(39.01700702, -76.97736159)"
MCP32000076,220058065,Montgomery County Police,Injury Crash,12/31/2022 07:16:00 PM,No,Maryland (State),East,,2,East,0,FEET,LEVEL,RIVER RD,SEVEN LOCKS RD,,N/A,,DRIVER,HEAD ON LEFT TURN,RAINING,WET,DARK LIGHTS ON,TRAFFIC SIGNAL,NONE DETECTED,,OTHER VEHICLE,N/A,INTERSECTION,FOUR-WAY INTERSECTION,STRAIGHT,NO DEFECTS,"TWO-WAY, DIVIDED, POSITIVE MEDIAN BARRIER",38.99205217,-77.16104,"(38.99205217, -77.16104)"
MCP3090008D,250018795,MONTGOMERY,Property Damage Crash,04/29/2025 09:19:00 PM,No,County Route,"Northbound, Southbound","Lane 2, Left Turn Lane",4,South,22.12,FEET,Level,MIDCOUNTY HWY (NB/L),,,,,DRIVER,Angle,Clear,Dry,Dark - Lighted,Traffic Control Signal,"Not Suspect of Alcohol Use, Not Suspect of Drug Use, Not Suspect of Alcohol Use, Not Suspect of Drug Use",,Motor Vehicle In Transport,,Non-Junction,,Straight,No Defects,"Divided, Raised Median (curbed)",39.14755666,-77.16909948,"(39.14755666, -77.16909948)"
MCP31530045,220018490,Montgomery County Police,Injury Crash,05/01/2022 11:41:00 AM,No,County,East,,1,South,500,FEET,LEVEL,WELLER RD,ATHERTON DR,,N/A,,DRIVER,STRAIGHT MOVEMENT ANGLE,CLOUDY,DRY,DAYLIGHT,NO CONTROLS,NONE DETECTED,,OTHER VEHICLE,FIXED OBJECT,NON INTERSECTION,N/A,STRAIGHT,NO DEFECTS,"TWO-WAY, NOT DIVIDED",39.06257333,-77.076435,"(39.06257333, -77.076435)"
MCP12130015,15059408,MONTGOMERY,Property Damage Crash,11/20/2015 09:26:00 PM,No,Maryland (State),South,,4,South,2,FEET,LEVEL,NEW HAMPSHIRE AVE,ORCHARD WAY,,N/A,,UNKNOWN,STRAIGHT MOVEMENT ANGLE,CLEAR,DRY,DARK LIGHTS ON,NO CONTROLS,NONE DETECTED,,ANIMAL,N/A,NON INTERSECTION,N/A,STRAIGHT,NO DEFECTS,"TWO-WAY, DIVIDED, POSITIVE MEDIAN BARRIER",39.08367833,-77.00090667,"(39.08367833, -77.00090667)"
MCP2601000T,210033106,Montgomery County Police,Injury Crash,08/24/2021 10:20:00 PM,No,,,,,,,,,,,1101 BONIFANT STREET SILVER SPRING MD 20910 3RD FLOOR,,,DRIVER,SINGLE VEHICLE,N/A,,DARK LIGHTS ON,N/A,ALCOHOL PRESENT,,FIXED OBJECT,N/A,,,,,,38.99363275,-77.02852201,"(38.99363275, -77.02852201)"
MCP3235002K,250018245,MONTGOMERY,Property Damage Crash,04/27/2025 02:41:00 AM,,Local Route,,"Not Applicable, Parking Lot",0,North,50.97,FEET,Level,CASTLE BLVD,CASTLE BLVD,,,,DRIVER,Rear To Rear,Clear,Dry,Dark - Lighted,No Controls,"Unknown, Unknown",,Motor Vehicle In Transport,,Non-Junction,,Straight,No Defects,Not Divided,39.08619282,-76.94016583,"(39.08619282, -76.94016583)"
DD5612001D,170533433,Rockville Police Departme,Injury Crash,09/27/2017 03:25:00 PM,No,Municipality,West,,2,West,300,FEET,LEVEL,W GUDE DR,PICCARD DR,,ROCKVILLE,,DRIVER,SAME DIR REAR END,CLEAR,DRY,DAYLIGHT,NO CONTROLS,NONE DETECTED,,OTHER VEHICLE,N/A,CROSSOVER RELATED,N/A,STRAIGHT,NO DEFECTS,"TWO-WAY, DIVIDED, POSITIVE MEDIAN BARRIER",39.10310988,-77.17442282,"(39.10310988, -77.17442282)"
MCP3360001R,240010236,MONTGOMERY,Injury Crash,03/02/2024 04:21:00 PM,No,Municipality Route,"Eastbound, Westbound",Lane 2,2,North,45.51,FEET,Downhill,CHRISTOPHER AVE,,,,,DRIVER,Angle,Clear,Dry,Daylight,No Controls,"Not Suspect of Alcohol Use, Not Suspect of Drug Use, Not Suspect of Alcohol Use, Not Suspect of Drug Use",,Motor Vehicle In Transport,,Through Roadway,,Straight,,"Divided, Raised Median (curbed)",39.15662243,-77.21474424,"(39.15662243, -77.21474424)"
DD5663000Q,240002312,ROCKVILLE,Injury Crash,01/15/2024 06:09:00 AM,No,Ramp,Eastbound,Lane 2,3,South,47.37,FEET,Downhill,RAMP 5 FR IS 270 SB TO MD 28 EB,,,,,UNKNOWN,Front to Rear,Snow,Ice/Frost,Dark - Lighted,Traffic Control Signal,"Not Suspect of Alcohol Use, Not Suspect of Drug Use, Not Suspect of Alcohol Use, Not Suspect of Drug Use",,Motor Vehicle In Transport,Not Applicable,Non-Junction,,Straight,,Not Divided,39.08763744,-77.17623408,"(39.08763744, -77.17623408)"
MCP2351002N,180053835,Montgomery County Police,Injury Crash,10/27/2018 02:00:00 PM,Yes,County,West,,2,North,0,FEET,LEVEL,PARKLAWN DR,RANDOLPH RD,,N/A,,DRIVER,HEAD ON,RAINING,WET,DAYLIGHT,TRAFFIC SIGNAL,"NONE DETECTED, UNKNOWN",,OTHER VEHICLE,N/A,INTERSECTION,FOUR-WAY INTERSECTION,STRAIGHT,NO DEFECTS,"TWO-WAY, NOT DIVIDED",39.053735,-77.10712833,"(39.053735, -77.10712833)"
MCP30760017,180003081,Montgomery County Police,Property Damage Crash,01/19/2018 11:46:00 AM,Yes,County,South,,1,North,0,FEET,LEVEL,CAMERON ST,RAMSEY AVE,,N/A,,DRIVER,HEAD ON,CLEAR,DRY,N/A,STOP SIGN,"N/A, NONE DETECTED",,OTHER VEHICLE,OTHER VEHICLE,INTERSECTION RELATED,T-INTERSECTION,STRAIGHT,N/A,"TWO-WAY, NOT DIVIDED",38.99642381,-77.03056455,"(38.99642381, -77.03056455)"
MCP3004003H,200001882,Montgomery County Police,Property Damage Crash,01/11/2020 04:28:00 PM,No,County,East,,1,East,10,FEET,GRADE DOWNHILL,QUINTON RD,LANIER DR,,N/A,,DRIVER,SINGLE VEHICLE,CLEAR,DRY,DAYLIGHT,N/A,NONE DETECTED,,FIXED OBJECT,N/A,N/A,T-INTERSECTION,STRAIGHT,NO DEFECTS,"TWO-WAY, NOT DIVIDED",38.99925833,-77.04778333,"(38.99925833, -77.04778333)"
MCP3037007C,250023717,MONTGOMERY,Property Damage Crash,05/28/2025 12:30:00 PM,,,,,0,,,FEET,,,,Parking Stall        PARKING GARAGE OF 1900 CHAPMAN AVE,,,DRIVER,Unknown,Rain,,Daylight,,"Unknown, Unknown, Unknown, Unknown",,Parked Vehicle,,,,,,,39.05964215,-77.12022598,"(39.05964215, -77.12022598)"
EJ7829002C,16060757,Gaithersburg Police Depar,Property Damage Crash,11/26/2016 04:00:00 PM,No,Municipality,South,,1,North,50,FEET,HILL CREST,ARGOSY DR,DARNESTOWN RD,,N/A,,DRIVER,SINGLE VEHICLE,CLEAR,DRY,DAYLIGHT,N/A,NONE DETECTED,,FIXED OBJECT,FIXED OBJECT,NON INTERSECTION,N/A,STRAIGHT,NO DEFECTS,"TWO-WAY, NOT DIVIDED",39.10389,-77.22399167,"(39.10389, -77.22399167)"
MCP2286005Q,230069513,Montgomery County Police,Injury Crash,12/02/2023 05:45:00 PM,No,Maryland (State),North,,3,North,0,FEET,LEVEL,ROCKVILLE PIKE,ENT TO CONGRESSIONAL PLAZA,,N/A,,DRIVER,HEAD ON LEFT TURN,CLEAR,DRY,DARK LIGHTS ON,NO CONTROLS,NONE DETECTED,,OTHER VEHICLE,FIXED OBJECT,INTERSECTION RELATED,OTHER,STRAIGHT,NO DEFECTS,"TWO-WAY, NOT DIVIDED",39.063156,-77.125069,"(39.063156, -77.125069)"
MCP2358001T,15065450,MONTGOMERY,Property Damage Crash,12/22/2015 09:20:00 AM,No,County,South,,2,North,200,FEET,HILL UPHILL,BURDETTE RD,ARROWOOD RD,,N/A,,DRIVER,SINGLE VEHICLE,RAINING,WET,DAYLIGHT,NO CONTROLS,NONE DETECTED,,FIXED OBJECT,N/A,NON INTERSECTION,N/A,STRAIGHT,NO DEFECTS,"TWO-WAY, NOT DIVIDED",39.00139,-77.14392833,"(39.00139, -77.14392833)"
EJ7885002B,220036947,Gaithersburg Police Depar,Property Damage Crash,08/26/2022 04:49:00 PM,No,,,,,,,,,,,GARAGE OF 2432 LAKESIDE DR FREDERICK MD 21702,,,DRIVER,SINGLE VEHICLE,CLEAR,,DAYLIGHT,NO CONTROLS,NONE DETECTED,,FIXED OBJECT,N/A,,,,,,39.45723,-77.449419,"(39.45723, -77.449419)"
MCP27520049,210035182,Montgomery County Police,Injury Crash,09/07/2021 07:35:00 PM,No,County,East,,1,East,25,FEET,LEVEL,JONES BRIDGE RD,WALNUT HILL RD,,N/A,BICYCLIST,NONMOTORIST,SAME DIR REAR END,CLEAR,DRY,DAWN,NO CONTROLS,,N/A,PARKED VEHICLE,OTHER VEHICLE,NON INTERSECTION,N/A,STRAIGHT,NO DEFECTS,"TWO-WAY, DIVIDED, UNPROTECTED PAINTED MIN 4 FEET",38.998664,-77.068664,"(38.998664, -77.068664)"
MCP229800G9,170540510,Montgomery County Police,Injury Crash,11/02/2017 05:47:00 PM,No,Maryland (State),South,,3,North,0,FEET,LEVEL,FREDERICK RD,GUNNERS BRANCH RD,,N/A,,DRIVER,HEAD ON LEFT TURN,CLEAR,DRY,DUSK,TRAFFIC SIGNAL,NONE DETECTED,,OTHER VEHICLE,OTHER VEHICLE,INTERSECTION,FOUR-WAY INTERSECTION,STRAIGHT,NO DEFECTS,"TWO-WAY, DIVIDED, POSITIVE MEDIAN BARRIER",39.17840296,-77.23861244,"(39.17840296, -77.23861244)"
MCP28710040,17004790,Montgomery County Police,Injury Crash,01/27/2017 06:43:00 PM,No,Interstate (State),North,,4,North,0,MILE,LEVEL,EISENHOWER MEMORIAL HWY,ROCKLEDGE BLVD,,N/A,,DRIVER,SAME DIRECTION LEFT TURN,CLEAR,DRY,DARK NO LIGHTS,NO CONTROLS,NONE DETECTED,,OTHER VEHICLE,N/A,N/A,N/A,STRAIGHT,NO DEFECTS,"TWO-WAY, DIVIDED, POSITIVE MEDIAN BARRIER",39.03262,-77.138335,"(39.03262, -77.138335)"
MCP3126004M,230031135,Montgomery County Police,Injury Crash,06/29/2023 07:00:00 PM,No,Maryland (State),North,,3,North,0.1,MILE,LEVEL,FREDERICK RD,OXBRIDGE DR,,N/A,,DRIVER,SAME DIR REAR END,CLEAR,DRY,DAYLIGHT,NO CONTROLS,NONE DETECTED,,OTHER VEHICLE,N/A,NON INTERSECTION,N/A,STRAIGHT,NO DEFECTS,"TWO-WAY, DIVIDED, POSITIVE MEDIAN BARRIER",39.190459,-77.2418875,"(39.190459, -77.2418875)"
EJ7895003N,230005855,Gaithersburg Police Depar,Injury Crash,02/05/2023 10:05:00 AM,No,Maryland (State),North,,3,North,0,FEET,LEVEL,FREDERICK RD,CHRISTOPHER AVE,,GAITHERSBURG,,DRIVER,STRAIGHT MOVEMENT ANGLE,N/A,DRY,DAYLIGHT,TRAFFIC SIGNAL,NONE DETECTED,,OTHER VEHICLE,N/A,INTERSECTION,FOUR-WAY INTERSECTION,STRAIGHT,NO DEFECTS,"TWO-WAY, DIVIDED, POSITIVE MEDIAN BARRIER",39.1556949,-77.21572087,"(39.1556949, -77.21572087)"
MCP2349000D,15024795,Montgomery County Police,Injury Crash,05/23/2015 10:47:00 AM,No,Maryland (State),North,,8,North,50,FEET,LEVEL,FREDERICK RD,MIDDLEBROOK RD,,N/A,,DRIVER,SAME DIR REAR END,CLEAR,DRY,DAYLIGHT,TRAFFIC SIGNAL,NONE DETECTED,,OTHER VEHICLE,OTHER VEHICLE,INTERSECTION RELATED,FOUR-WAY INTERSECTION,STRAIGHT,NO DEFECTS,"TWO-WAY, DIVIDED, POSITIVE MEDIAN BARRIER",39.18058667,-77.23831333,"(39.18058667, -77.23831333)"
MCP263900G1,230046043,Montgomery County Police,Injury Crash,07/25/2023 05:20:00 PM,No,Maryland (State),North,,3,South,30,FEET,LEVEL,GEORGIA AVE,ARCOLA AVE,,N/A,,DRIVER,SAME DIR REAR END,CLEAR,DRY,DAYLIGHT,TRAFFIC SIGNAL,NONE DETECTED,,OTHER VEHICLE,N/A,NON INTERSECTION,N/A,STRAIGHT,NO DEFECTS,"TWO-WAY, DIVIDED, POSITIVE MEDIAN BARRIER",39.046731,-77.05193133,"(39.046731, -77.05193133)"
MCP28920051,180033558,Montgomery County Police,Injury Crash,07/07/2018 03:26:00 PM,Yes,,,,,,,,,,,"PARKING LOT

9159 BROOKVILLE ROAD SILVER SPRING, MD",,PEDESTRIAN,DRIVER,SINGLE VEHICLE,CLEAR,,DAYLIGHT,NO CONTROLS,UNKNOWN,NONE DETECTED,PEDESTRIAN,N/A,,,,,,39.00583712,-77.05005884,"(39.00583712, -77.05005884)"
MCP31080014,190032067,Montgomery County Police,Property Damage Crash,07/05/2019 10:11:00 PM,Yes,,,,,,,,,,,9300 BLK OF GRAZING TERR,,,DRIVER,STRAIGHT MOVEMENT ANGLE,CLEAR,,DARK LIGHTS ON,NO CONTROLS,UNKNOWN,,OTHER VEHICLE,N/A,,,,,,39.19001,-77.19215667,"(39.19001, -77.19215667)"
MCP285900BZ,220015087,Montgomery County Police,Injury Crash,04/09/2022 10:40:00 AM,No,Maryland (State),South,,4,South,20,FEET,LEVEL,MONTGOMERY VILLAGE AVE,FREDERICK RD,,N/A,,DRIVER,SAME DIRECTION SIDESWIPE,CLEAR,DRY,DAYLIGHT,NO CONTROLS,NONE DETECTED,,OTHER VEHICLE,FIXED OBJECT,NON INTERSECTION,N/A,STRAIGHT,NO DEFECTS,"TWO-WAY, DIVIDED, POSITIVE MEDIAN BARRIER",39.152425,-77.21249833,"(39.152425, -77.21249833)"
MCP23580070,190059970,Montgomery County Police,Property Damage Crash,12/12/2019 06:45:00 PM,No,Maryland (State),North,,1,South,600,FEET,LEVEL,BRADLEY BLVD,ENGLISH CT,,N/A,,DRIVER,SAME DIR REAR END,CLEAR,DRY,DUSK,NO CONTROLS,NONE DETECTED,,OTHER VEHICLE,N/A,NON INTERSECTION,N/A,STRAIGHT,NO DEFECTS,"TWO-WAY, NOT DIVIDED",38.98922417,-77.116232,"(38.98922417, -77.116232)"
MCP2444000S,15018007,Montgomery County Police,Property Damage Crash,04/17/2015 01:40:00 PM,Yes,Maryland (State),North,,4,North,20,FEET,LEVEL,ROCKVILLE PIKE,JONES BRIDGE RD,,N/A,,DRIVER,SAME DIRECTION SIDESWIPE,CLEAR,DRY,DAYLIGHT,NO CONTROLS,"NONE DETECTED, UNKNOWN",,OTHER VEHICLE,N/A,INTERSECTION RELATED,FOUR-WAY INTERSECTION,STRAIGHT,NO DEFECTS,"TWO-WAY, DIVIDED, POSITIVE MEDIAN BARRIER",38.99705752,-77.09652543,"(38.99705752, -77.09652543)"
DD55020048,180016561,Rockville Police Departme,Property Damage Crash,04/05/2018 03:39:00 PM,No,Municipality,North,,1,North,10,FEET,LEVEL,N HORNERS LA,CRABB AVE,,ROCKVILLE,,DRIVER,SINGLE VEHICLE,N/A,DRY,DAYLIGHT,NO CONTROLS,N/A,,N/A,N/A,NON INTERSECTION,N/A,STRAIGHT,NO DEFECTS,"TWO-WAY, DIVIDED, UNPROTECTED PAINTED MIN 4 FEET",39.08862582,-77.14330986,"(39.08862582, -77.14330986)"
MCP2704001Q,230004381,Montgomery County Police,Property Damage Crash,01/26/2023 07:54:00 PM,Yes,,,,,,,,,,,PARKING LOT,,,DRIVER,UNKNOWN,UNKNOWN,,UNKNOWN,NO CONTROLS,UNKNOWN,,PARKED VEHICLE,N/A,,,,,,39.07633598,-77.00389604,"(39.07633598, -77.00389604)"
MCP3164001W,190029845,Montgomery County Police,Injury Crash,06/22/2019 12:16:00 PM,No,,,,,,,,,,,CVS PARKING LOT,,PEDESTRIAN,DRIVER,HEAD ON,CLEAR,,DAYLIGHT,NO CONTROLS,N/A,N/A,FIXED OBJECT,PEDESTRIAN,,,,,,39.039275,-77.054065,"(39.039275, -77.054065)"
MCP1550002D,16054702,Montgomery County Police,Property Damage Crash,10/24/2016 12:28:00 PM,No,Maryland (State),East,RIGHT TURN LANE,3,East,20,FEET,LEVEL,RIVER RD,WHITTIER BLVD,,N/A,,DRIVER,STRAIGHT MOVEMENT ANGLE,CLEAR,DRY,DAYLIGHT,TRAFFIC SIGNAL,NONE DETECTED,,OTHER VEHICLE,N/A,INTERSECTION RELATED,OTHER,STRAIGHT,NO DEFECTS,"TWO-WAY, DIVIDED, POSITIVE MEDIAN BARRIER",38.97555,-77.12638667,"(38.97555, -77.12638667)"
MCP2339005L,200011353,Montgomery County Police,Property Damage Crash,03/07/2020 08:24:00 PM,No,County,North,,2,South,0,FEET,LEVEL,CRABBS BRANCH WAY,INDIANOLA DR,,N/A,,DRIVER,STRAIGHT MOVEMENT ANGLE,CLEAR,DRY,DARK LIGHTS ON,TRAFFIC SIGNAL,NONE DETECTED,,OTHER VEHICLE,N/A,INTERSECTION,FOUR-WAY INTERSECTION,STRAIGHT,NO DEFECTS,"TWO-WAY, NOT DIVIDED",39.11486,-77.15690333,"(39.11486, -77.15690333)"
MCP3040004P,200022696,Montgomery County Police,Injury Crash,06/09/2020 05:15:00 PM,No,Maryland (State),North,,3,North,0,FEET,LEVEL,GEORGIA AVE,RAMP 5 FR MD 97 SB TO RP 4 (TO MD200 EB),,N/A,,DRIVER,STRAIGHT MOVEMENT ANGLE,N/A,DRY,DAYLIGHT,TRAFFIC SIGNAL,N/A,,OTHER VEHICLE,FIXED OBJECT,INTERSECTION,FOUR-WAY INTERSECTION,STRAIGHT,NO DEFECTS,"TWO-WAY, DIVIDED, POSITIVE MEDIAN BARRIER",39.115535,-77.07528167,"(39.115535, -77.07528167)"
MCP28290021,15064867,Montgomery County Police,Property Damage Crash,12/19/2015 02:36:00 AM,No,Maryland (State),South,,3,North,200,FEET,GRADE DOWNHILL,NEW HAMPSHIRE AVE,NORTHAMPTON DR,,N/A,,DRIVER,SINGLE VEHICLE,CLEAR,DRY,DARK LIGHTS ON,NO CONTROLS,ALCOHOL PRESENT,,FIXED OBJECT,N/A,N/A,N/A,STRAIGHT,NO DEFECTS,"TWO-WAY, DIVIDED, POSITIVE MEDIAN BARRIER",39.00675167,-76.98072667,"(39.00675167, -76.98072667)"
MCP3362003D,240023784,MONTGOMERY,Injury Crash,05/20/2024 01:47:00 PM,No,County Route,"Southbound, Westbound",Lane 1,2,North,40.15,FEET,Level,,NORTHWEST DR,,,,UNKNOWN,Angle,Clear,Dry,Daylight,"No Controls, Stop Sign","Not Suspect of Alcohol Use, Not Suspect of Drug Use, Not Suspect of Alcohol Use, Not Suspect of Drug Use",,Motor Vehicle In Transport,,Non-Junction,,Straight,No Defects,Not Divided,39.03643124,-76.99604778,"(39.03643124, -76.99604778)"
MCP91280001,15015682,Montgomery County Police,Injury Crash,04/05/2015 10:24:00 AM,No,Maryland (State),North,,1,East,15,FEET,LEVEL,NORBECK RD,NORBECK BLVD,,N/A,PEDESTRIAN,DRIVER,OTHER,CLEAR,DRY,DAYLIGHT,PERSON,NONE DETECTED,N/A,PEDESTRIAN,N/A,NON INTERSECTION,N/A,STRAIGHT,NO DEFECTS,"TWO-WAY, DIVIDED, POSITIVE MEDIAN BARRIER",39.11194,-77.06998167,"(39.11194, -77.06998167)"
DD5674000H,240049644,ROCKVILLE,Property Damage Crash,10/17/2024 11:30:00 AM,No,Other Public Roadway,"Unknown, Westbound",Lane 1,1,South,6.27,FEET,Level,CROOKED CREEK DR,,,,,DRIVER,Angle,Clear,Dry,Daylight,No Controls,"Not Suspect of Alcohol Use, Not Suspect of Drug Use",,Motor Vehicle In Transport,,Non-Junction,,Straight,No Defects,Not Divided,39.1132576,-77.1689763,"(39.1132576, -77.1689763)"
DD5611001L,16045942,Rockville Police Departme,Injury Crash,09/08/2016 09:01:00 AM,No,Municipality,West,,2,East,800,FEET,LEVEL,W GUDE DR,FREDERICK RD,,N/A,,DRIVER,ANGLE MEETS LEFT HEAD ON,CLEAR,DRY,DAYLIGHT,NO CONTROLS,NONE DETECTED,,OTHER VEHICLE,OTHER VEHICLE,N/A,N/A,STRAIGHT,NO DEFECTS,"TWO-WAY, DIVIDED, POSITIVE MEDIAN BARRIER",39.10657121,-77.15966865,"(39.10657121, -77.15966865)"
DD5593001K,15052385,ROCKVILLE,Injury Crash,10/15/2015 04:38:00 PM,No,Municipality,South,,1,South,0,FEET,LEVEL,RESERVE CHAMPION DR,KING FARM BLVD,,ROCKVILLE,,DRIVER,STRAIGHT MOVEMENT ANGLE,CLEAR,DRY,DAYLIGHT,STOP SIGN,N/A,,OTHER VEHICLE,FIXED OBJECT,INTERSECTION,FOUR-WAY INTERSECTION,STRAIGHT,NO DEFECTS,"TWO-WAY, DIVIDED, POSITIVE MEDIAN BARRIER",39.11301833,-77.17398,"(39.11301833, -77.17398)"
MCP25160043,230023641,Montgomery County Police,Property Damage Crash,05/17/2023 10:40:00 AM,Yes,County,South,,3,East,0,FEET,LEVEL,BRINK RD,FREDERICK RD,,N/A,,DRIVER,SAME DIR REAR END,CLEAR,DRY,DAYLIGHT,TRAFFIC SIGNAL,N/A,,OTHER VEHICLE,N/A,INTERSECTION,FOUR-WAY INTERSECTION,STRAIGHT,NO DEFECTS,"TWO-WAY, DIVIDED, POSITIVE MEDIAN BARRIER",39.23887853,-77.27497953,"(39.23887853, -77.27497953)"
MCP2708001Z,170512544,Montgomery County Police,Property Damage Crash,06/08/2017 06:22:00 PM,No,Maryland (State),South,RIGHT TURN LANE,2,North,0,FEET,HILL UPHILL,PINEY BRANCH RD,ENT TO BUSINESS,,N/A,,DRIVER,STRAIGHT MOVEMENT ANGLE,CLEAR,DRY,DAYLIGHT,NO CONTROLS,NONE DETECTED,,OTHER VEHICLE,N/A,NON INTERSECTION,N/A,STRAIGHT,NO DEFECTS,"TWO-WAY, DIVIDED, UNPROTECTED PAINTED MIN 4 FEET",38.99980833,-76.99434667,"(38.99980833, -76.99434667)"
MCP31360068,230023306,Montgomery County Police,Injury Crash,05/15/2023 03:10:00 PM,No,County,West,,2,East,0,FEET,HILL UPHILL,FOREST GLEN RD,WOODLAND DR,,N/A,,DRIVER,STRAIGHT MOVEMENT ANGLE,N/A,DRY,DAYLIGHT,NO CONTROLS,NONE DETECTED,,OTHER VEHICLE,N/A,INTERSECTION,FOUR-WAY INTERSECTION,STRAIGHT,NO DEFECTS,"TWO-WAY, NOT DIVIDED",39.01573057,-77.04155471,"(39.01573057, -77.04155471)"
MCP30040007,15066863,MONTGOMERY,Property Damage Crash,12/30/2015 01:36:00 AM,Yes,County,South,,2,North,,MILE,LEVEL,BRENNON LA,SHEPHERD ST,,N/A,,UNKNOWN,OPPOSITE DIRECTION SIDESWIPE,CLEAR,DRY,DARK LIGHTS ON,N/A,UNKNOWN,,PARKED VEHICLE,OTHER VEHICLE,NON INTERSECTION,N/A,STRAIGHT,NO DEFECTS,"TWO-WAY, NOT DIVIDED",38.979515,-77.06626167,"(38.979515, -77.06626167)"
MCP2914003S,16057491,Montgomery County Police,Injury Crash,11/07/2016 07:49:00 PM,No,Maryland (State),North,,3,North,0,FEET,GRADE DOWNHILL,NEW HAMPSHIRE AVE,OAKVIEW DR,,N/A,,UNKNOWN,SAME DIR REAR END,CLEAR,N/A,DARK LIGHTS ON,N/A,N/A,,OTHER VEHICLE,FIXED OBJECT,N/A,FOUR-WAY INTERSECTION,STRAIGHT,N/A,"TWO-WAY, DIVIDED, POSITIVE MEDIAN BARRIER",39.01545757,-76.97774112,"(39.01545757, -76.97774112)"