Report Number,Local Case Number,Agency Name,ACRS Report Type,Crash Date/Time,Hit/Run,Route Type,Lane Direction,Lane Type,Number of Lanes,Direction,Distance,Distance Unit,Road Grade,Road Name,Cross-Street Name,Off-Road Description,Municipality,Related Non-Motorist,At Fault,Collision Type,Weather,Surface Condition,Light,Traffic Control,Driver Substance Abuse,Non-Motorist Substance Abuse,First Harmful Event,Second Harmful Event,Junction,Intersection Type,Road Alignment,Road Condition,Road Division,Latitude,Longitude,Location
MCP2348006K,230034669,Montgomery County Police,Fatal Crash,07/20/2023 09:32:00 PM,No,Maryland (State),South,,1,South,0.25,MILE,LEVEL,BEALLSVILLE RD,LYNDENWOOD AVE,,N/A,,DRIVER,SINGLE VEHICLE,CLEAR,DRY,DARK -- UNKNOWN LIGHTING,NO CONTROLS,MEDICATION PRESENT,,FIXED OBJECT,N/A,N/A,N/A,CURVE LEFT,NO DEFECTS,"TWO-WAY, NOT DIVIDED",39.16166333,-77.41915333,"(39.16166333, -77.41915333)"
MCP2689007F,210001734,Montgomery County Police,Property Damage Crash,01/14/2021 01:33:00 PM,No,County,South,,1,North,240,FEET,LEVEL,SEVEN LOCKS RD,BELLS MILL RD,,N/A,,DRIVER,SINGLE VEHICLE,CLEAR,DRY,DAYLIGHT,NO CONTROLS,NONE DETECTED,,OFF ROAD,FIXED OBJECT,NON INTERSECTION,N/A,STRAIGHT,NO DEFECTS,"TWO-WAY, NOT DIVIDED",39.03349333,-77.16064167,"(39.03349333, -77.16064167)"
MCP2046005Z,16047513,Montgomery County Police,Property Damage Crash,09/16/2016 07:50:00 AM,No,Maryland (State),North,,3,North,30,FEET,LEVEL,NEW HAMPSHIRE AVE,TANLEY RD,,N/A,,DRIVER,SAME DIR REAR END,CLOUDY,DRY,DAYLIGHT,NO CONTROLS,NONE DETECTED,,OTHER VEHICLE,N/A,NON INTERSECTION,N/A,STRAIGHT,NO DEFECTS,"TWO-WAY, DIVIDED, POSITIVE MEDIAN BARRIER",39.05303,-76.994215,"(39.05303, -76.994215)"
MCP25360045,220026374,Montgomery County Police,Injury Crash,06/18/2022 10:50:00 PM,No,County,West,,3,East,0,FEET,LEVEL,RANDOLPH RD,GOODHILL RD,,N/A,,DRIVER,STRAIGHT MOVEMENT ANGLE,CLEAR,DRY,DARK LIGHTS ON,STOP SIGN,NONE DETECTED,,OTHER VEHICLE,N/A,INTERSECTION,FOUR-WAY INTERSECTION,STRAIGHT,NO DEFECTS,"TWO-WAY, DIVIDED, POSITIVE MEDIAN BARRIER",39.05849,-77.070965,"(39.05849, -77.070965)"
EJ7809000S,16033717,Gaithersburg Police Depar,Property Damage Crash,07/03/2016 08:53:00 PM,Yes,,,,,,0,,,,,"328 MAIN ST. GAITHERSBURG, MD. 20878 (PARKING LOT)",,,DRIVER,OTHER,CLEAR,,DUSK,NO CONTROLS,NONE DETECTED,,PARKED VEHICLE,N/A,,,,,,39.12186416,-77.23788992,"(39.12186416, -77.23788992)"
MCP93650031,250016385,MONTGOMERY,Property Damage Crash,04/15/2025 12:59:00 PM,No,County Route,"Southbound, Westbound","Lane 1, Lane 2","1, 2",North,0,FEET,Level,GRACEFIELD RD,CHERRY HILL RD,,,,DRIVER,Angle,Clear,Dry,Daylight,"No Controls, Stop Sign","Not Suspect of Alcohol Use, Not Suspect of Drug Use, Not Suspect of Alcohol Use, Not Suspect of Drug Use",,Motor Vehicle In Transport,,Intersection or Related,Perpendicular,Straight,No Defects,"Divided, Flush Median (greater than 4ft wide)",39.0498408,-76.95245666,"(39.0498408, -76.95245666)"
MCP2246000F,15010915,Montgomery County Police,Property Damage Crash,03/09/2015 04:26:00 PM,Yes,,,,,,0,,,,,9520 Georgia Avenue (CVS Parking lot),,,DRIVER,OTHER,CLEAR,,DAYLIGHT,N/A,ALCOHOL PRESENT,,PARKED VEHICLE,N/A,,,,,,38.99052333,-77.027155,"(38.99052333, -77.027155)"
MCP2134002F,190058557,Montgomery County Police,Property Damage Crash,12/05/2019 07:47:00 AM,No,US (State),South,,3,North,200,FEET,LEVEL,COLESVILLE RD,SOUTHWOOD AVE,,N/A,,DRIVER,SAME DIR REAR END,CLEAR,DRY,DAYLIGHT,N/A,N/A,,OTHER VEHICLE,N/A,INTERSECTION RELATED,T-INTERSECTION,STRAIGHT,NO DEFECTS,"TWO-WAY, DIVIDED, POSITIVE MEDIAN BARRIER",39.02651633,-77.01074731,"(39.02651633, -77.01074731)"
MCP2843000X,16047690,Montgomery County Police,Injury Crash,09/16/2016 10:44:00 PM,No,Maryland (State),West,,3,North,0,FEET,LEVEL,QUINCE ORCHARD RD,RAMP 6 FR MD 124 EB TO RAMP 7 (TO IS270),,N/A,,DRIVER,SAME DIR REAR END,N/A,DRY,DARK LIGHTS ON,N/A,NONE DETECTED,,OTHER VEHICLE,N/A,NON INTERSECTION,N/A,CURVE RIGHT,NO DEFECTS,"TWO-WAY, DIVIDED, POSITIVE MEDIAN BARRIER",39.1484631,-77.21755743,"(39.1484631, -77.21755743)"
MCP28000037,180045635,Montgomery County Police,Injury Crash,09/12/2018 09:45:00 PM,No,County,West,,2,West,50,FEET,LEVEL,TUCKERMAN LA,GROSVENOR PL,,N/A,,DRIVER,SAME DIR REAR END,SLEET,WET,DARK LIGHTS ON,TRAFFIC SIGNAL,NONE DETECTED,,OTHER VEHICLE,OTHER VEHICLE,INTERSECTION RELATED,FOUR-WAY INTERSECTION,STRAIGHT,NO DEFECTS,"TWO-WAY, NOT DIVIDED",39.029125,-77.10815667,"(39.029125, -77.10815667)"
MCP3099002R,21013746,Montgomery County Police,Injury Crash,04/13/2021 09:43:00 AM,No,County,West,,3,West,700,FEET,HILL UPHILL,MIDDLEBROOK RD,WARING STATION RD,,N/A,,DRIVER,SAME DIRECTION SIDESWIPE,CLOUDY,DRY,DAYLIGHT,NO CONTROLS,NONE DETECTED,,OTHER VEHICLE,N/A,COMMERCIAL DRIVEWAY,T-INTERSECTION,CURVE LEFT,NO DEFECTS,"TWO-WAY, DIVIDED, POSITIVE MEDIAN BARRIER",39.17555833,-77.255435,"(39.17555833, -77.255435)"
MCP3287000B,210005491,Montgomery County Police,Property Damage Crash,02/09/2021 03:43:00 PM,No,,,,,,,,,,,PARKING LOT OF 9719 TRAVILLE GATEWAY DR,,,DRIVER,OTHER,CLOUDY,,DAYLIGHT,N/A,UNKNOWN,,PARKED VEHICLE,N/A,,,,,,39.09136178,-77.20330244,"(39.09136178, -77.20330244)"
DD55750025,220011629,Rockville Police Departme,Property Damage Crash,03/18/2022 02:43:00 AM,No,Maryland (State),East,OTHER,2,East,0,FEET,HILL UPHILL,VEIRS MILL RD,SPUR TO MD 355,,N/A,,DRIVER,SAME DIRECTION RIGHT TURN,FOGGY,WET,DARK LIGHTS ON,NO CONTROLS,NONE DETECTED,,OTHER VEHICLE,N/A,OTHER,N/A,CURVE RIGHT,N/A,N/A,39.08133412,-77.14682347,"(39.08133412, -77.14682347)"
MCP2048003K,210050132,Montgomery County Police,Injury Crash,12/10/2021 08:40:00 AM,No,Maryland (State),East,,3,East,0,FEET,LEVEL,SANDY SPRING RD,CEDAR TREE DR,,N/A,,DRIVER,STRAIGHT MOVEMENT ANGLE,CLOUDY,DRY,DAYLIGHT,N/A,NONE DETECTED,,OTHER VEHICLE,N/A,INTERSECTION,T-INTERSECTION,STRAIGHT,NO DEFECTS,"TWO-WAY, DIVIDED, POSITIVE MEDIAN BARRIER",39.106625,-76.91979,"(39.106625, -76.91979)"
MCP2039004S,180062034,Montgomery County Police,Injury Crash,12/12/2018 08:45:00 AM,No,Maryland (State),South,,3,North,0,FEET,HILL UPHILL,CONNECTICUT AVE,ATHERTON DR,,N/A,,DRIVER,STRAIGHT MOVEMENT ANGLE,CLOUDY,DRY,DAYLIGHT,STOP SIGN,N/A,,OTHER VEHICLE,OVERTURN,INTERSECTION,T-INTERSECTION,STRAIGHT,NO DEFECTS,"TWO-WAY, DIVIDED, POSITIVE MEDIAN BARRIER",39.06713596,-77.07492446,"(39.06713596, -77.07492446)"
MCP2395000K,170510938,Montgomery County Police,Property Damage Crash,05/31/2017 04:33:00 PM,No,Maryland (State),West,,2,West,0.25,MILE,LEVEL,DARNESTOWN RD,MARTINSBURG RD,,N/A,,DRIVER,SAME DIR REAR END,CLEAR,DRY,DAYLIGHT,NO CONTROLS,NONE DETECTED,,OTHER VEHICLE,N/A,NON INTERSECTION,N/A,STRAIGHT,NO DEFECTS,"TWO-WAY, NOT DIVIDED",39.20325,-77.43308333,"(39.20325, -77.43308333)"
MCP2991008F,230050838,Montgomery County Police,Property Damage Crash,08/23/2023 08:00:00 AM,No,Maryland (State),South,N/A,2,South,0.1,FEET,LEVEL,NEW HAMPSHIRE AVE,STONEGATE DR,,N/A,,DRIVER,STRAIGHT MOVEMENT ANGLE,N/A,DRY,DAYLIGHT,NO CONTROLS,NONE DETECTED,,OTHER VEHICLE,OTHER VEHICLE,N/A,FOUR-WAY INTERSECTION,STRAIGHT,NO DEFECTS,"TWO-WAY, NOT DIVIDED",39.09996787,-77.00375596,"(39.09996787, -77.00375596)"
MCP93900039,250008220,MONTGOMERY,Injury Crash,02/24/2025 09:39:00 PM,No,Maryland (State) Route,Northbound,Lane 1,3,West,45.29,FEET,Level,GREAT SENECA HWY,,,,,DRIVER,Front to Rear,Clear,Dry,Dark - Lighted,Traffic Control Signal,"Not Suspect of Alcohol Use, Not Suspect of Drug Use, Not Suspect of Alcohol Use, Not Suspect of Drug Use",,Motor Vehicle In Transport,,Non-Junction,,Curve Left,No Defects,"Divided, Flush Median (greater than 4ft wide)",39.10820738,-77.21115459,"(39.10820738, -77.21115459)"
HA2400000C,16000770,Maryland-National Capital,Property Damage Crash,06/21/2016 01:10:00 PM,No,County,Unknown,N/A,0,South,500,FEET,LEVEL,CAMERON ST,SECOND AVE,,N/A,,DRIVER,SINGLE VEHICLE,N/A,DRY,DAYLIGHT,N/A,N/A,,FIXED OBJECT,N/A,OTHER,N/A,STRAIGHT,NO DEFECTS,N/A,38.99671565,-77.03142822,"(38.99671565, -77.03142822)"
MCP9437001X,220043373,Montgomery County Police,Injury Crash,10/05/2022 12:04:00 AM,No,Maryland (State),North,,2,North,0,FEET,LEVEL,RIDGE RD,SWEEPSTAKES RD,,N/A,,DRIVER,SAME DIRECTION LEFT TURN,RAINING,WET,DARK LIGHTS ON,TRAFFIC SIGNAL,"ILLEGAL DRUG PRESENT, NONE DETECTED",,OTHER VEHICLE,N/A,INTERSECTION,FOUR-WAY INTERSECTION,STRAIGHT,NO DEFECTS,"TWO-WAY, NOT DIVIDED",39.26207551,-77.22150922,"(39.26207551, -77.22150922)"
MCP3093003D,210042210,Montgomery County Police,Property Damage Crash,10/20/2021 06:20:00 PM,Yes,,,,,,,,,,,8510 16TH  ST PARKING LOT,,,DRIVER,N/A,N/A,,DARK LIGHTS ON,N/A,N/A,,PARKED VEHICLE,N/A,,,,,,38.99835167,-77.04119833,"(38.99835167, -77.04119833)"
MCP2399004H,210016275,Montgomery County Police,Property Damage Crash,05/01/2021 03:30:00 PM,No,County,East,,1,East,0,FEET,LEVEL,CENTERWAY RD,GOSHEN RD,,N/A,,DRIVER,STRAIGHT MOVEMENT ANGLE,CLEAR,DRY,DAYLIGHT,TRAFFIC SIGNAL,NONE DETECTED,,OTHER VEHICLE,N/A,INTERSECTION,FOUR-WAY INTERSECTION,STRAIGHT,NO DEFECTS,"TWO-WAY, DIVIDED, UNPROTECTED PAINTED MIN 4 FEET",39.169245,-77.19047833,"(39.169245, -77.19047833)"
MCP2720000Q,15002237,Montgomery County Police,Injury Crash,01/14/2015 07:35:00 PM,No,County,North,,1,South,0,FEET,LEVEL,WELLER RD,GOODHILL RD,,N/A,,DRIVER,STRAIGHT MOVEMENT ANGLE,CLEAR,DRY,DARK LIGHTS ON,STOP SIGN,N/A,,OTHER VEHICLE,N/A,INTERSECTION,FOUR-WAY INTERSECTION,STRAIGHT,NO DEFECTS,"TWO-WAY, NOT DIVIDED",39.06355167,-77.072385,"(39.06355167, -77.072385)"
MCP2552006J,230059079,Montgomery County Police,Property Damage Crash,10/07/2023 08:17:00 AM,No,County,North,,2,North,0.25,MILE,LEVEL,AIRPARK RD,MUNCASTER MILL RD,,N/A,,DRIVER,SINGLE VEHICLE,RAINING,WET,DAYLIGHT,N/A,N/A,,FIXED OBJECT,FIXED OBJECT,N/A,N/A,CURVE LEFT,NO DEFECTS,"TWO-WAY, DIVIDED, UNPROTECTED PAINTED MIN 4 FEET",39.15463333,-77.14222,"(39.15463333, -77.14222)"
DM8502000G,220043962,Takoma Park Police Depart,Property Damage Crash,10/08/2022 05:10:00 AM,No,Municipality,North,N/A,2,East,0.98,MILE,LEVEL,MAPLE AVE,SLIGO CREEK PKWY,,N/A,,DRIVER,HEAD ON LEFT TURN,CLEAR,DRY,N/A,N/A,NONE DETECTED,,PARKED VEHICLE,PARKED VEHICLE,N/A,N/A,STRAIGHT,NO DEFECTS,"TWO-WAY, NOT DIVIDED",38.9825445,-77.007133,"(38.9825445, -77.007133)"
MCP3438000T,250033401,MONTGOMERY,Property Damage Crash,07/27/2025 03:59:00 AM,No,Local Route,Eastbound,Separator,1,West,49.5,FEET,Level,PERSEI PL,,,,,UNKNOWN,Single Vehicle,Clear,Wet,Dark - Lighted,Other,"Not Suspect of Alcohol Use, Not Suspect of Drug Use",,"Other Post, Pole, Or Support",,Non-Junction,,Straight,No Defects,"Divided, Raised Median (curbed)",39.0500505,-77.11675635,"(39.0500505, -77.11675635)"
MCP2286005K,230060376,Montgomery County Police,Injury Crash,10/13/2023 07:25:00 PM,No,Maryland (State),South,,2,East,0,FEET,HILL CREST,NORBECK RD,AVERY RD,,ROCKVILLE,,DRIVER,HEAD ON LEFT TURN,CLEAR,DRY,DARK LIGHTS ON,TRAFFIC SIGNAL,NONE DETECTED,,OTHER VEHICLE,N/A,INTERSECTION,FOUR-WAY INTERSECTION,STRAIGHT,NO DEFECTS,"TWO-WAY, DIVIDED, POSITIVE MEDIAN BARRIER",39.09295617,-77.122721,"(39.09295617, -77.122721)"
MCP33670018,230055278,Montgomery County Police,Property Damage Crash,09/16/2023 07:15:00 PM,No,US (State),South,,3,North,0,FEET,LEVEL,COLESVILLE RD,FENTON ST,,N/A,,DRIVER,SAME DIRECTION SIDESWIPE,N/A,DRY,DARK LIGHTS ON,TRAFFIC SIGNAL,N/A,,OTHER VEHICLE,N/A,INTERSECTION,FOUR-WAY INTERSECTION,STRAIGHT,NO DEFECTS,"TWO-WAY, DIVIDED, UNPROTECTED PAINTED MIN 4 FEET",38.99808167,-77.02684167,"(38.99808167, -77.02684167)"
MCP2256000B,15008500,Montgomery County Police,Property Damage Crash,02/21/2015 10:22:00 AM,No,,,,,,0,,,,,In front of Target:   20908 Frederick Rd   Germantown MD 20876,,,DRIVER,SAME DIR REAR END,SNOW,,OTHER,STOP SIGN,NONE DETECTED,,OTHER VEHICLE,N/A,,,,,,39.18375833,-77.26374333,"(39.18375833, -77.26374333)"
DD56110013,16004529,Rockville Police Departme,Property Damage Crash,01/28/2016 10:21:00 AM,No,County,North,RIGHT TURN LANE,3,North,0,FEET,LEVEL,GLEN MILL RD,DARNESTOWN RD,,N/A,,DRIVER,OTHER,SNOW,WET,DAYLIGHT,TRAFFIC SIGNAL,NONE DETECTED,,OTHER VEHICLE,N/A,INTERSECTION,T-INTERSECTION,STRAIGHT,NO DEFECTS,"TWO-WAY, NOT DIVIDED",39.09249833,-77.19433333,"(39.09249833, -77.19433333)"
MCP2813001Y,16006397,Montgomery County Police,Property Damage Crash,02/07/2016 04:42:00 PM,No,Maryland (State),North,,3,North,0,FEET,LEVEL,GEORGIA AVE,MASON ST,,N/A,,DRIVER,HEAD ON LEFT TURN,CLEAR,DRY,DAYLIGHT,NO CONTROLS,N/A,,OTHER VEHICLE,N/A,INTERSECTION,FOUR-WAY INTERSECTION,STRAIGHT,NO DEFECTS,"TWO-WAY, DIVIDED, POSITIVE MEDIAN BARRIER",39.05529833,-77.05011667,"(39.05529833, -77.05011667)"
DD56210007,16061284,Rockville Police Departme,Injury Crash,11/29/2016 05:38:00 PM,No,Maryland (State),East,LEFT TURN LANE,3,East,0,FEET,LEVEL,NORBECK RD,AVERY RD,,ROCKVILLE,,DRIVER,OTHER,RAINING,WET,DARK LIGHTS ON,TRAFFIC SIGNAL,NONE DETECTED,,OTHER VEHICLE,OTHER VEHICLE,INTERSECTION,T-INTERSECTION,STRAIGHT,NO DEFECTS,OTHER,39.09293833,-77.12284833,"(39.09293833, -77.12284833)"
MCP27720027,230068823,Montgomery County Police,Injury Crash,11/28/2023 11:05:00 PM,No,Maryland (State),North,,3,North,0,FEET,LEVEL,CONNECTICUT AVE,PLYERS MILL RD,,N/A,,DRIVER,SAME DIRECTION SIDESWIPE,CLEAR,DRY,DARK LIGHTS ON,TRAFFIC SIGNAL,NONE DETECTED,,OTHER VEHICLE,N/A,INTERSECTION,FOUR-WAY INTERSECTION,STRAIGHT,NO DEFECTS,"TWO-WAY, DIVIDED, POSITIVE MEDIAN BARRIER",39.02992217,-77.07579517,"(39.02992217, -77.07579517)"
EJ7857001J,17052970,Gaithersburg Police Depar,Property Damage Crash,09/10/2017 05:30:00 PM,No,Municipality,South,,2,South,0,FEET,LEVEL,CHESTNUT ST,E DIAMOND AVE,,GAITHERSBURG,,DRIVER,HEAD ON LEFT TURN,CLEAR,DRY,DAYLIGHT,TRAFFIC SIGNAL,"N/A, NONE DETECTED",,OTHER VEHICLE,OTHER VEHICLE,INTERSECTION,T-INTERSECTION,OTHER,NO DEFECTS,"TWO-WAY, NOT DIVIDED",39.14238833,-77.20301667,"(39.14238833, -77.20301667)"
MCP2954002F,16051359,Montgomery County Police,Property Damage Crash,08/29/2016 09:11:00 AM,Yes,County,North,,1,South,200,FEET,LEVEL,DALEVIEW DR,LINTON ST,,N/A,,DRIVER,SAME DIRECTION SIDESWIPE,UNKNOWN,UNKNOWN,UNKNOWN,NO CONTROLS,UNKNOWN,,PARKED VEHICLE,N/A,N/A,N/A,STRAIGHT,NO DEFECTS,"TWO-WAY, NOT DIVIDED",39.00637174,-76.99430242,"(39.00637174, -76.99430242)"
MCP27710015,220027237,Montgomery County Police,Property Damage Crash,06/23/2022 01:30:00 PM,Yes,,,,,,,,,,,"IN THE PARKING LOT OF HOME DEPOT AT 14000 GEORGIA AVE, SILVER SPRING, MD",,,DRIVER,OTHER,UNKNOWN,,DAYLIGHT,UNKNOWN,UNKNOWN,,OTHER VEHICLE,N/A,,,,,,39.08409658,-77.08097794,"(39.08409658, -77.08097794)"
MCP28660084,220051840,Montgomery County Police,Property Damage Crash,11/23/2022 05:50:00 AM,No,,,,,,,,,,,"DRIVEWAY OF 25529 LONG CORNER RD, LAYTONSVILLE, MD, 20882",,,DRIVER,OTHER,CLEAR,,DARK LIGHTS ON,NO CONTROLS,NONE DETECTED,,PARKED VEHICLE,N/A,,,,,,39.27990405,-77.15892634,"(39.27990405, -77.15892634)"
MCP94370011,190004821,Montgomery County Police,Injury Crash,01/30/2019 11:18:00 PM,No,Maryland (State),South,,2,North,0.5,MILE,LEVEL,WOODFIELD RD,CHURCHILL DOWNS RD,,N/A,,DRIVER,SINGLE VEHICLE,CLEAR,SNOW,DARK NO LIGHTS,N/A,NONE DETECTED,,OVERTURN,N/A,NON INTERSECTION,N/A,STRAIGHT,NO DEFECTS,"TWO-WAY, NOT DIVIDED",39.218885,-77.17354333,"(39.218885, -77.17354333)"
EJ7809000V,16060797,Gaithersburg Police Depar,Property Damage Crash,11/26/2016 08:47:00 PM,No,Maryland (State),South,,3,South,10,FEET,LEVEL,S FREDERICK RD,CEDAR AVE,,GAITHERSBURG,PEDESTRIAN,NONMOTORIST,SINGLE VEHICLE,CLEAR,DRY,DARK LIGHTS ON,NO CONTROLS,NONE DETECTED,NONE DETECTED,PEDESTRIAN,N/A,NON INTERSECTION,N/A,STRAIGHT,NO DEFECTS,"TWO-WAY, DIVIDED, POSITIVE MEDIAN BARRIER",39.13965754,-77.1964176,"(39.13965754, -77.1964176)"
MCP27660019,15018028,Montgomery County Police,Injury Crash,04/17/2015 05:31:00 PM,No,Maryland (State),South,,3,North,50,FEET,LEVEL,GEORGIA AVE,BEL PRE RD,,N/A,,DRIVER,SAME DIR REAR END,CLEAR,DRY,DAYLIGHT,NO CONTROLS,NONE DETECTED,,OTHER VEHICLE,N/A,NON INTERSECTION,N/A,STRAIGHT,NO DEFECTS,"TWO-WAY, DIVIDED, POSITIVE MEDIAN BARRIER",39.09384,-77.07967,"(39.09384, -77.07967)"
MCP25160022,180042172,Montgomery County Police,Property Damage Crash,08/24/2018 10:49:00 AM,No,Other Public Roadway,North,OTHER,2,South,0,FEET,LEVEL,HENDERSON CORNER RD,SENECA CROSSING DR,,N/A,,DRIVER,STRAIGHT MOVEMENT ANGLE,CLEAR,DRY,DAYLIGHT,FLASHING TRAFFIC SIGNAL,N/A,,OTHER VEHICLE,N/A,INTERSECTION,FOUR-WAY INTERSECTION,STRAIGHT,NO DEFECTS,OTHER,39.203385,-77.24428,"(39.203385, -77.24428)"
MCP27390035,200006256,Montgomery County Police,Property Damage Crash,02/07/2020 12:30:00 AM,No,Interstate (State),West,,4,West,0.2,MILE,LEVEL,CAPITAL BELTWAY,RAMP 1 FR MD 193 NB TO IS 495 WB,,N/A,,UNKNOWN,SAME DIR REAR END,RAINING,WATER(STANDING/MOVING),DARK LIGHTS ON,NO CONTROLS,"N/A, NONE DETECTED",,OTHER VEHICLE,FIXED OBJECT,NON INTERSECTION,N/A,STRAIGHT,OTHER,"TWO-WAY, DIVIDED, POSITIVE MEDIAN BARRIER",39.01587,-77.00756167,"(39.01587, -77.00756167)"
MCP1554001M,16055171,Montgomery County Police,Injury Crash,10/26/2016 06:22:00 PM,No,County,North,,4,North,0,FEET,GRADE DOWNHILL,MUDDY BRANCH RD,FORREST LANDING WAY,,N/A,,DRIVER,HEAD ON LEFT TURN,CLEAR,DRY,DARK LIGHTS ON,NO CONTROLS,NONE DETECTED,,OTHER VEHICLE,FIXED OBJECT,INTERSECTION,T-INTERSECTION,STRAIGHT,NO DEFECTS,"TWO-WAY, DIVIDED, UNPROTECTED PAINTED MIN 4 FEET",39.10172,-77.22113167,"(39.10172, -77.22113167)"
EJ7833002D,16054073,Gaithersburg Police Depar,Property Damage Crash,10/20/2016 07:12:00 PM,Yes,Ramp,West,ON RAMP,2,West,0,FEET,LEVEL,RAMP 1 FR IS 270 NB TO SHADY GROVE RD WB,RAMP 4 FR RAMP 1 TO SHADY GROVE RD,,N/A,,DRIVER,SAME DIRECTION SIDESWIPE,CLEAR,DRY,DARK NO LIGHTS,UNKNOWN,"NONE DETECTED, UNKNOWN",,OTHER VEHICLE,N/A,INTERCHANGE RELATED,OTHER,CURVE LEFT,NO DEFECTS,ONE-WAY TRAFFICWAY,39.11059949,-77.18512684,"(39.11059949, -77.18512684)"
MCP24370051,230026386,Montgomery County Police,Property Damage Crash,06/01/2023 06:10:00 PM,Yes,,,,,,,,,,,PARKING LOT OF 12274A ROCKVILLE PIKE,,,DRIVER,STRAIGHT MOVEMENT ANGLE,CLEAR,,DAYLIGHT,STOP SIGN,"N/A, NONE DETECTED",,OTHER VEHICLE,N/A,,,,,,39.05790533,-77.12240517,"(39.05790533, -77.12240517)"
MCP30160022,180052735,Montgomery County Police,Injury Crash,10/21/2018 01:50:00 PM,No,County,South,,3,South,100,FEET,LEVEL,FATHER HURLEY BLVD,END BRIDGE,,N/A,,DRIVER,SAME DIR REAR END,CLEAR,DRY,DAYLIGHT,TRAFFIC SIGNAL,N/A,,OTHER VEHICLE,N/A,INTERCHANGE RELATED,N/A,STRAIGHT,NO DEFECTS,"TWO-WAY, DIVIDED, POSITIVE MEDIAN BARRIER",39.19879717,-77.26137167,"(39.19879717, -77.26137167)"
MCP30700013,190054356,Montgomery County Police,Property Damage Crash,11/11/2019 02:15:00 PM,No,Maryland (State),East,,2,West,700,FEET,GRADE DOWNHILL,EAST WEST HWY,EDGEVALE ST,,N/A,,DRIVER,SAME DIR REAR END,CLEAR,DRY,DAYLIGHT,NO CONTROLS,N/A,,OTHER VEHICLE,N/A,NON INTERSECTION,N/A,CURVE LEFT,NO DEFECTS,"TWO-WAY, NOT DIVIDED",38.986805,-77.08434167,"(38.986805, -77.08434167)"
MCP24750065,210020516,Montgomery County Police,Property Damage Crash,05/30/2021 06:31:00 PM,Yes,US (State),South,,3,North,0,FEET,LEVEL,COLUMBIA PIKE,NORTHWEST DR,,N/A,,DRIVER,STRAIGHT MOVEMENT ANGLE,N/A,DRY,DAYLIGHT,NO CONTROLS,"NONE DETECTED, UNKNOWN",,OTHER VEHICLE,N/A,INTERSECTION,FOUR-WAY INTERSECTION,STRAIGHT,NO DEFECTS,"TWO-WAY, DIVIDED, UNPROTECTED PAINTED MIN 4 FEET",39.03374333,-77.00285333,"(39.03374333, -77.00285333)"
MCP11740031,180022421,Montgomery County Police,Property Damage Crash,05/07/2018 12:37:00 PM,No,Maryland (State),West,,2,East,0,FEET,LEVEL,WILSON LA,EXETER RD,,N/A,,DRIVER,STRAIGHT MOVEMENT ANGLE,CLEAR,DRY,DAYLIGHT,STOP SIGN,NONE DETECTED,,OTHER VEHICLE,OTHER OBJECT,INTERSECTION,FOUR-WAY INTERSECTION,STRAIGHT,NO DEFECTS,"TWO-WAY, NOT DIVIDED",38.98718438,-77.10340261,"(38.98718438, -77.10340261)"
MCP2707001B,180055608,Montgomery County Police,Property Damage Crash,11/06/2018 08:15:00 AM,No,Maryland (State),South,,2,North,0,FEET,LEVEL,GREAT SENECA HWY,KEY WEST AVE,,N/A,,DRIVER,SAME DIR REAR END,RAINING,WET,DAYLIGHT,TRAFFIC SIGNAL,NONE DETECTED,,OTHER VEHICLE,N/A,INTERSECTION,FOUR-WAY INTERSECTION,STRAIGHT,NO DEFECTS,"TWO-WAY, DIVIDED, POSITIVE MEDIAN BARRIER",39.10568333,-77.20794,"(39.10568333, -77.20794)"
MCP20480024,190035004,Montgomery County Police,Injury Crash,07/23/2019 03:40:00 PM,No,Maryland (State),East,,1,West,200,FEET,HILL UPHILL,FOREST GLEN RD,HOLLOW GLEN PL,,N/A,,DRIVER,SAME DIR REAR END,CLEAR,DRY,DAYLIGHT,N/A,NONE DETECTED,,OTHER VEHICLE,OTHER VEHICLE,N/A,N/A,STRAIGHT,NO DEFECTS,"TWO-WAY, NOT DIVIDED",39.01450167,-77.052825,"(39.01450167, -77.052825)"
MCP23990033,190049057,Montgomery County Police,Property Damage Crash,10/12/2019 03:20:00 PM,No,,,,,,,,,,,PARKING LOT OF 18270 CONTOUR RD,,,DRIVER,OTHER,CLEAR,,DAYLIGHT,N/A,NONE DETECTED,,OTHER VEHICLE,N/A,,,,,,39.15475093,-77.19870451,"(39.15475093, -77.19870451)"
MCP3005001Z,170505884,Montgomery County Police,Injury Crash,05/04/2017 01:09:00 PM,Yes,Maryland (State),West,,3,East,0,FEET,LEVEL,UNIVERSITY BLVD W,EISNER ST,,N/A,,DRIVER,ANGLE MEETS LEFT TURN,CLEAR,DRY,DAYLIGHT,STOP SIGN,NONE DETECTED,,OTHER VEHICLE,FIXED OBJECT,INTERSECTION,FOUR-WAY INTERSECTION,CURVE LEFT,NO DEFECTS,"TWO-WAY, DIVIDED, POSITIVE MEDIAN BARRIER",39.05198333,-77.04398667,"(39.05198333, -77.04398667)"
EJ7865005J,200005161,Gaithersburg Police Depar,Injury Crash,01/31/2020 03:20:00 PM,No,Maryland (State),North,,2,North,0,FEET,LEVEL,QUINCE ORCHARD RD,GREAT SENECA HWY,,N/A,,DRIVER,STRAIGHT MOVEMENT ANGLE,CLEAR,DRY,DAYLIGHT,TRAFFIC SIGNAL,NONE DETECTED,,OTHER VEHICLE,N/A,INTERSECTION,FOUR-WAY INTERSECTION,STRAIGHT,NO DEFECTS,"TWO-WAY, DIVIDED, POSITIVE MEDIAN BARRIER",39.12846253,-77.23736013,"(39.12846253, -77.23736013)"