Report Number,Local Case Number,Agency Name,ACRS Report Type,Crash Date/Time,Hit/Run,Route Type,Lane Direction,Lane Type,Number of Lanes,Direction,Distance,Distance Unit,Road Grade,Road Name,Cross-Street Name,Off-Road Description,Municipality,Related Non-Motorist,At Fault,Collision Type,Weather,Surface Condition,Light,Traffic Control,Driver Substance Abuse,Non-Motorist Substance Abuse,First Harmful Event,Second Harmful Event,Junction,Intersection Type,Road Alignment,Road Condition,Road Division,Latitude,Longitude,Location
MCP3191001N,200000763,Montgomery County Police,Property Damage Crash,01/05/2020 04:33:00 PM,No,County,South,,2,East,0,FEET,LEVEL,PARKLAWN DR,WILKINS AVE,,N/A,,DRIVER,ANGLE MEETS RIGHT TURN,CLEAR,DRY,DARK LIGHTS ON,TRAFFIC SIGNAL,N/A,,OTHER VEHICLE,N/A,INTERSECTION,T-INTERSECTION,STRAIGHT,NO DEFECTS,"TWO-WAY, DIVIDED, POSITIVE MEDIAN BARRIER",39.06069833,-77.11179667,"(39.06069833, -77.11179667)"
MCP2118000B,180004573,Montgomery County Police,Injury Crash,01/27/2018 12:02:00 AM,No,Maryland (State),North,,3,North,0,FEET,LEVEL,RIDGE RD,FREDERICK RD,,N/A,,UNKNOWN,STRAIGHT MOVEMENT ANGLE,CLEAR,DRY,DARK LIGHTS ON,TRAFFIC SIGNAL,NONE DETECTED,,OTHER VEHICLE,N/A,INTERSECTION,FOUR-WAY INTERSECTION,STRAIGHT,NO DEFECTS,"TWO-WAY, DIVIDED, POSITIVE MEDIAN BARRIER",39.20474,-77.24603167,"(39.20474, -77.24603167)"
MCP21080019,220023524,Montgomery County Police,Property Damage Crash,06/01/2022 07:00:00 PM,No,,,,,,,,,,,"PARKING LOT OF 12270 WILKINS AVE, ROCKVILLE, MD",,,DRIVER,UNKNOWN,CLEAR,,DAYLIGHT,NO CONTROLS,UNKNOWN,,PARKED VEHICLE,N/A,,,,,,39.055755,-77.11210167,"(39.055755, -77.11210167)"
MCP28910058,180009598,Montgomery County Police,Injury Crash,02/24/2018 12:20:00 PM,No,US (State),North,,2,North,0,FEET,LEVEL,COLESVILLE RD,SPRING ST,,N/A,,DRIVER,HEAD ON LEFT TURN,CLEAR,DRY,DAYLIGHT,TRAFFIC SIGNAL,NONE DETECTED,,OTHER VEHICLE,OTHER VEHICLE,INTERSECTION,FOUR-WAY INTERSECTION,STRAIGHT,N/A,"TWO-WAY, DIVIDED, UNPROTECTED PAINTED MIN 4 FEET",38.9989825,-77.0255595,"(38.9989825, -77.0255595)"
DD5631004M,230001235,Rockville Police Departme,Property Damage Crash,01/08/2023 08:50:00 PM,No,Maryland (State),North,,3,North,500,FEET,LEVEL,ROCKVILLE PIKE,TEMPLETON PL,,ROCKVILLE,,DRIVER,SAME DIR REAR END,CLEAR,DRY,DARK LIGHTS ON,NO CONTROLS,NONE DETECTED,,OTHER VEHICLE,N/A,OTHER,T-INTERSECTION,STRAIGHT,NO DEFECTS,"TWO-WAY, DIVIDED, POSITIVE MEDIAN BARRIER",39.0685625,-77.12962467,"(39.0685625, -77.12962467)"
MCP9365002M,240023460,MONTGOMERY,Property Damage Crash,05/18/2024 09:44:00 AM,No,County Route,Southbound,Lane 1,3,West,28.81,FEET,Level,LOCKWOOD DR,,,,,DRIVER,Front to Rear,Rain,Wet,Daylight,No Controls,"Not Suspect of Alcohol Use, Not Suspect of Drug Use, Not Suspect of Alcohol Use, Not Suspect of Drug Use",,Motor Vehicle In Transport,,Non-Junction,,Straight,No Defects,"Divided, Raised Median (curbed)",39.04000027,-76.98985751,"(39.04000027, -76.98985751)"
MCP31700021,210036878,Montgomery County Police,Property Damage Crash,09/18/2021 07:53:00 PM,No,County,West,,2,South,0,FEET,LEVEL,HOPKINS RD,ETERNITY RD,,N/A,,DRIVER,SAME DIRECTION SIDESWIPE,CLEAR,DRY,DARK LIGHTS ON,NO CONTROLS,NONE DETECTED,,OTHER VEHICLE,N/A,N/A,FOUR-WAY INTERSECTION,STRAIGHT,N/A,"TWO-WAY, NOT DIVIDED",39.168895,-77.29058333,"(39.168895, -77.29058333)"
DM83700014,180021989,Takoma Park Police Depart,Property Damage Crash,05/04/2018 08:24:00 PM,No,Maryland (State),North,,1,North,0,FEET,HILL CREST,PINEY BRANCH RD,PHILADELPHIA AVE,,N/A,,UNKNOWN,SAME DIRECTION SIDESWIPE,RAINING,WET,DARK LIGHTS ON,TRAFFIC SIGNAL,NONE DETECTED,,OTHER VEHICLE,N/A,INTERSECTION,FOUR-WAY INTERSECTION,STRAIGHT,NO DEFECTS,"TWO-WAY, NOT DIVIDED",38.98380167,-77.01526833,"(38.98380167, -77.01526833)"
MCP15310009,17004433,Montgomery County Police,Property Damage Crash,01/25/2017 09:43:00 PM,Yes,Maryland (State),South,,3,North,0,FEET,GRADE DOWNHILL,OLD GEORGETOWN RD,LINCOLN ST,,N/A,,DRIVER,STRAIGHT MOVEMENT ANGLE,CLEAR,DRY,DARK LIGHTS ON,TRAFFIC SIGNAL,"NONE DETECTED, UNKNOWN",,OTHER VEHICLE,N/A,INTERSECTION,T-INTERSECTION,STRAIGHT,NO DEFECTS,"TWO-WAY, DIVIDED, UNPROTECTED PAINTED MIN 4 FEET",38.99798667,-77.109435,"(38.99798667, -77.109435)"
MCP3328004D,250010656,MONTGOMERY,Injury Crash,03/11/2025 02:36:00 PM,,County Route,Eastbound,Lane 2,3,East,26.07,FEET,Level,RANDOLPH RD,,,,,DRIVER,Front to Rear,Clear,Dry,Daylight,No Controls,"Not Suspect of Alcohol Use, Not Suspect of Drug Use, Unknown, Unknown",,Motor Vehicle In Transport,,Non-Junction,,Straight,No Defects,"Divided, Raised Median (curbed)",39.05906502,-77.06688378,"(39.05906502, -77.06688378)"
MCP1309000V,170534170,Montgomery County Police,Injury Crash,10/01/2017 01:50:00 PM,No,County,North,,1,North,1,MILE,HILL CREST,CLARKSBURG RD,SNOWDEN FARM PKWY (PROP),,N/A,,DRIVER,SINGLE VEHICLE,CLEAR,DRY,DAYLIGHT,NO CONTROLS,NONE DETECTED,,OVERTURN,FIXED OBJECT,NON INTERSECTION,N/A,CURVE LEFT,NO DEFECTS,"TWO-WAY, NOT DIVIDED",39.25776154,-77.27668405,"(39.25776154, -77.27668405)"
MCP2487000C,170515778,Montgomery County Police,Injury Crash,06/26/2017 06:09:00 AM,No,Maryland (State),South,,2,South,75,FEET,HILL UPHILL,FALLS RD,WINTERSET DR,,N/A,,DRIVER,SINGLE VEHICLE,CLEAR,DRY,DAYLIGHT,NO CONTROLS,NONE DETECTED,,FIXED OBJECT,FIXED OBJECT,NON INTERSECTION,N/A,STRAIGHT,NO DEFECTS,"TWO-WAY, NOT DIVIDED",39.04882,-77.18935167,"(39.04882, -77.18935167)"
MCP3271001Q,220006654,Montgomery County Police,Property Damage Crash,02/13/2022 12:02:00 PM,Yes,,,,,,,,,,,6831 WISCONSIN AVE BETHESDA MD,,,DRIVER,SAME DIRECTION SIDESWIPE,CLEAR,,DAYLIGHT,N/A,UNKNOWN,,PARKED VEHICLE,N/A,,,,,,38.97819607,-77.09057369,"(38.97819607, -77.09057369)"
MCP2969000R,15038096,MONTGOMERY,Injury Crash,08/01/2015 11:46:00 AM,No,Maryland (State),South,,3,East,300,FEET,LEVEL,VEIRS MILL RD,VALLEYWOOD DR,,N/A,,DRIVER,SAME DIRECTION SIDESWIPE,CLEAR,DRY,DAYLIGHT,NO CONTROLS,NONE DETECTED,,OTHER VEHICLE,N/A,NON INTERSECTION,N/A,STRAIGHT,NO DEFECTS,"TWO-WAY, DIVIDED, POSITIVE MEDIAN BARRIER",39.04949381,-77.07092106,"(39.04949381, -77.07092106)"
MCP27560042,220003286,Montgomery County Police,Property Damage Crash,01/25/2022 03:26:00 PM,No,County,South,,1,North,0,FEET,LEVEL,COLIN RD,BENNION RD,,N/A,,DRIVER,STRAIGHT MOVEMENT ANGLE,CLEAR,DRY,DAYLIGHT,STOP SIGN,NONE DETECTED,,OTHER VEHICLE,N/A,INTERSECTION,FOUR-WAY INTERSECTION,STRAIGHT,NO DEFECTS,"TWO-WAY, NOT DIVIDED",39.05208833,-77.08727167,"(39.05208833, -77.08727167)"
MCP32150028,210042655,Montgomery County Police,Injury Crash,10/23/2021 01:25:00 PM,No,County,East,,2,West,400,FEET,GRADE DOWNHILL,NICHOLSON LA,HUFF CT,,N/A,,DRIVER,STRAIGHT MOVEMENT ANGLE,CLOUDY,DRY,DAYLIGHT,N/A,NONE DETECTED,,OTHER VEHICLE,N/A,INTERSECTION RELATED,OTHER,STRAIGHT,NO DEFECTS,"TWO-WAY, DIVIDED, UNPROTECTED PAINTED MIN 4 FEET",39.0448005,-77.11003837,"(39.0448005, -77.11003837)"
MCP9424000J,15050936,MONTGOMERY,Property Damage Crash,10/07/2015 10:40:00 PM,Yes,Maryland (State),South,,1,South,100,FEET,GRADE DOWNHILL,WOODFIELD RD,BETHESDA CHURCH RD,,N/A,,DRIVER,SINGLE VEHICLE,CLEAR,DRY,DARK NO LIGHTS,N/A,N/A,,FIXED OBJECT,N/A,NON INTERSECTION,N/A,STRAIGHT,NO DEFECTS,"TWO-WAY, NOT DIVIDED",39.28238333,-77.20217,"(39.28238333, -77.20217)"
MCP00360065,170501353,Montgomery County Police,Injury Crash,04/10/2017 08:30:00 AM,No,County,South,,2,North,0,FEET,LEVEL,CRYSTAL ROCK DR,WATERS LANDING DR,,N/A,,DRIVER,STRAIGHT MOVEMENT ANGLE,CLEAR,DRY,DAYLIGHT,STOP SIGN,NONE DETECTED,,OTHER VEHICLE,FIXED OBJECT,INTERSECTION,FOUR-WAY INTERSECTION,STRAIGHT,NO DEFECTS,"TWO-WAY, DIVIDED, UNPROTECTED PAINTED MIN 4 FEET",39.19000117,-77.266825,"(39.19000117, -77.266825)"
MCP3267000S,210025725,Montgomery County Police,Property Damage Crash,07/05/2021 07:30:00 AM,Yes,Maryland (State),North,,3,North,10,FEET,LEVEL,ROCKVILLE PIKE,ENT TO APTS,,N/A,,DRIVER,SAME DIRECTION SIDESWIPE,CLEAR,DRY,DAYLIGHT,N/A,NONE DETECTED,,OTHER VEHICLE,FIXED OBJECT,N/A,N/A,STRAIGHT,NO DEFECTS,"TWO-WAY, DIVIDED, POSITIVE MEDIAN BARRIER",39.073284,-77.134193,"(39.073284, -77.134193)"
MCP24110029,180040448,Montgomery County Police,Property Damage Crash,08/14/2018 06:21:00 PM,Yes,County,North,,1,East,0,FEET,LEVEL,RANDOLPH RD,LAUDERDALE DR,,N/A,,DRIVER,OTHER,CLEAR,DRY,DAYLIGHT,TRAFFIC SIGNAL,"N/A, UNKNOWN",,OTHER VEHICLE,N/A,INTERSECTION RELATED,OTHER,STRAIGHT,NO DEFECTS,"TWO-WAY, NOT DIVIDED",39.05387333,-77.10417167,"(39.05387333, -77.10417167)"
MCP31900029,210015363,Montgomery County Police,Injury Crash,04/25/2021 01:45:00 AM,Yes,County,North,OTHER,3,South,100,FEET,LEVEL,CONNECTICUT AVE SERVICE RD,BRIGHTVIEW ST,,N/A,,DRIVER,OTHER,RAINING,WET,DARK LIGHTS ON,NO CONTROLS,ALCOHOL PRESENT,,OTHER VEHICLE,N/A,N/A,N/A,STRAIGHT,NO DEFECTS,"TWO-WAY, DIVIDED, POSITIVE MEDIAN BARRIER",39.05308667,-77.07431833,"(39.05308667, -77.07431833)"
MCP25820018,16036159,Montgomery County Police,Injury Crash,07/17/2016 03:56:00 AM,No,Maryland (State),East,,1,North,0,FEET,LEVEL,LAYHILL RD,ENT TO GOLF COURSE,,N/A,,DRIVER,SINGLE VEHICLE,CLEAR,DRY,DARK LIGHTS ON,NO CONTROLS,ALCOHOL CONTRIBUTED,,FIXED OBJECT,N/A,INTERSECTION RELATED,T-INTERSECTION,STRAIGHT,NO DEFECTS,"TWO-WAY, NOT DIVIDED",39.112504,-77.037092,"(39.112504, -77.037092)"
MCP32550061,240046403,MONTGOMERY,Property Damage Crash,09/28/2024 07:50:00 PM,No,Maryland (State) Route,Northbound,Lane 3,5,West,160.36,FEET,Level,MONTGOMERY VILLAGE AVE,,,,,DRIVER,Front to Rear,Clear,Dry,Dusk,Traffic Control Signal,"Not Suspect of Alcohol Use, Not Suspect of Drug Use, Not Suspect of Alcohol Use, Not Suspect of Drug Use",,Motor Vehicle In Transport,,Non-Junction,,Straight,No Defects,"Divided, Raised Median (curbed)",39.15658969,-77.20572242,"(39.15658969, -77.20572242)"
MCP15630084,220048205,Montgomery County Police,Property Damage Crash,11/02/2022 01:05:00 PM,No,County,North,,1,South,75,FEET,HILL UPHILL,BROOKVILLE RD,TALBOT AVE,,N/A,,DRIVER,SAME DIR REAR END,CLOUDY,DRY,DAYLIGHT,NO CONTROLS,NONE DETECTED,,OTHER VEHICLE,OTHER VEHICLE,NON INTERSECTION,N/A,STRAIGHT,NO DEFECTS,"TWO-WAY, NOT DIVIDED",39.004455,-77.05118833,"(39.004455, -77.05118833)"
MCP3329000T,220049042,Montgomery County Police,Injury Crash,11/10/2022 03:42:00 AM,No,County,South,,1,South,0,FEET,LEVEL,CHERRY HILL RD,CALVERTON BLVD,,N/A,,DRIVER,STRAIGHT MOVEMENT ANGLE,CLEAR,DRY,DARK LIGHTS ON,FLASHING TRAFFIC SIGNAL,NONE DETECTED,,OTHER VEHICLE,N/A,INTERSECTION,FOUR-WAY INTERSECTION,STRAIGHT,NO DEFECTS,N/A,39.05608879,-76.95423762,"(39.05608879, -76.95423762)"
MCP26590011,16010956,MONTGOMERY,Property Damage Crash,03/05/2016 02:08:00 AM,No,US (State),North,,6,North,235,FEET,LEVEL,GEORGIA AVE,SILVER SPRING AVE,,N/A,,DRIVER,SAME DIR REAR END,CLEAR,DRY,DARK LIGHTS ON,NO CONTROLS,"ALCOHOL PRESENT, NONE DETECTED",,OTHER VEHICLE,N/A,NON INTERSECTION,N/A,STRAIGHT,NO DEFECTS,"TWO-WAY, DIVIDED, UNPROTECTED PAINTED MIN 4 FEET",38.99232125,-77.0265305,"(38.99232125, -77.0265305)"
MCP3270002M,240036806,MONTGOMERY,Injury Crash,08/04/2024 11:46:00 PM,No,Maryland (State) Route,Eastbound,"Lane 1, Lane 2",2,West,26.53,FEET,Level,UNIVERSITY BLVD E (WB/L),,,,,UNKNOWN,"Sideswipe, Same Direction",Clear,Dry,Dark - Lighted,No Controls,"Not Suspect of Alcohol Use, Not Suspect of Drug Use, Not Suspect of Alcohol Use, Not Suspect of Drug Use",,Motor Vehicle In Transport,,Non-Junction,,Straight,No Defects,Not Divided,38.99912167,-76.99496867,"(38.99912167, -76.99496867)"
MCP1128003W,15014710,Montgomery County Police,Property Damage Crash,03/31/2015 07:40:00 AM,No,County,South,,4,South,50,FEET,LEVEL,WOODMONT AVE,EDGEMOOR LA,,N/A,,DRIVER,SAME DIR REND LEFT TURN,CLEAR,DRY,DAYLIGHT,N/A,NONE DETECTED,,OTHER VEHICLE,N/A,OTHER DRIVEWAY,T-INTERSECTION,CURVE LEFT,NO DEFECTS,N/A,38.985585,-77.09664667,"(38.985585, -77.09664667)"
MCP3086008C,230012122,Montgomery County Police,Property Damage Crash,03/12/2023 04:45:00 PM,No,County,East,,2,West,250,FEET,GRADE DOWNHILL,CENTERWAY RD,SNOUFFERS SCHOOL RD,,N/A,,DRIVER,SINGLE VEHICLE,RAINING,WET,DAYLIGHT,NO CONTROLS,NONE DETECTED,,FIXED OBJECT,N/A,NON INTERSECTION,N/A,CURVE LEFT,NO DEFECTS,"TWO-WAY, NOT DIVIDED",39.16972667,-77.17763167,"(39.16972667, -77.17763167)"
MCP1399000M,18002192,Montgomery County Police,Property Damage Crash,05/01/2018 01:30:00 PM,No,Ramp,South,ON RAMP,3,South,0,FEET,LEVEL,RAMP 7 FR MD 117 WB TO RAMP 6 (TO IS270),W DIAMOND AVE,,N/A,,DRIVER,SAME DIR REAR END,CLEAR,DRY,DAYLIGHT,NO CONTROLS,NONE DETECTED,,OTHER VEHICLE,N/A,INTERCHANGE RELATED,N/A,STRAIGHT,NO DEFECTS,"TWO-WAY, NOT DIVIDED",39.140925,-77.21103333,"(39.140925, -77.21103333)"
MCP2594001P,16034939,Montgomery County Police,Injury Crash,07/10/2016 02:00:00 PM,No,Maryland (State),West,,1,East,500,FEET,LEVEL,NORBECK RD,BAILEYS LA,,N/A,,DRIVER,SINGLE VEHICLE,N/A,DRY,DAYLIGHT,NO CONTROLS,ILLEGAL DRUG PRESENT,,FIXED OBJECT,OTHER OBJECT,NON INTERSECTION,N/A,CURVE RIGHT,NO DEFECTS,"TWO-WAY, NOT DIVIDED",39.11231439,-77.06055164,"(39.11231439, -77.06055164)"
MCP2799006X,220040471,Montgomery County Police,Property Damage Crash,09/17/2022 04:20:00 PM,No,County,East,,2,East,0,FEET,LEVEL,NORBECK RD,NEW HAMPSHIRE AVE,,N/A,,DRIVER,SAME DIR REAR END,CLEAR,DRY,DAYLIGHT,TRAFFIC SIGNAL,"ALCOHOL PRESENT, NONE DETECTED",,OTHER VEHICLE,OTHER VEHICLE,INTERSECTION,FOUR-WAY INTERSECTION,STRAIGHT,NO DEFECTS,"TWO-WAY, DIVIDED, POSITIVE MEDIAN BARRIER",39.12121167,-76.989495,"(39.12121167, -76.989495)"
MCP2358009C,220008641,Montgomery County Police,Property Damage Crash,02/28/2022 01:50:00 PM,No,County,West,,2,West,0,FEET,LEVEL,DEMOCRACY BLVD,SEVEN LOCKS RD,,N/A,,UNKNOWN,STRAIGHT MOVEMENT ANGLE,CLEAR,DRY,DAYLIGHT,TRAFFIC SIGNAL,NONE DETECTED,,OTHER VEHICLE,N/A,INTERSECTION,FOUR-WAY INTERSECTION,STRAIGHT,NO DEFECTS,"TWO-WAY, NOT DIVIDED",39.02324552,-77.16237868,"(39.02324552, -77.16237868)"
MCP2737001L,16012879,MONTGOMERY,Injury Crash,03/15/2016 11:13:00 PM,No,Maryland (State),North,,1,South,125,FEET,HILL CREST,DR BIRD RD,BATCHELLORS FOREST RD,,N/A,,DRIVER,OPPOSITE DIRECTION SIDESWIPE,FOGGY,DRY,DARK LIGHTS ON,N/A,"ALCOHOL PRESENT, NONE DETECTED",,OTHER VEHICLE,N/A,NON INTERSECTION,N/A,STRAIGHT,NO DEFECTS,"TWO-WAY, NOT DIVIDED",39.1436,-77.04186833,"(39.1436, -77.04186833)"
MCP3330000Y,230006469,Montgomery County Police,Property Damage Crash,02/08/2023 05:24:00 PM,No,Maryland (State),West,,2,East,0,FEET,LEVEL,DARNESTOWN RD,GERMANTOWN RD,,N/A,,DRIVER,SAME DIR REAR END,CLEAR,DRY,DUSK,TRAFFIC SIGNAL,NONE DETECTED,,OTHER VEHICLE,OTHER VEHICLE,INTERSECTION,FOUR-WAY INTERSECTION,STRAIGHT,NO DEFECTS,"TWO-WAY, DIVIDED, UNPROTECTED PAINTED MIN 4 FEET",39.10979167,-77.30237283,"(39.10979167, -77.30237283)"
MCP3180001B,200026847,Montgomery County Police,Property Damage Crash,07/10/2020 07:10:00 PM,No,,,,,,,,,,,DRIVEWAY INTERSECTION 5011 OLNEY LAYTONSVILLE RD,,,DRIVER,STRAIGHT MOVEMENT ANGLE,CLEAR,,DAYLIGHT,NO CONTROLS,NONE DETECTED,,OTHER VEHICLE,N/A,,,,,,39.17863667,-77.10212,"(39.17863667, -77.10212)"
MCP24280018,180035305,Montgomery County Police,Injury Crash,07/17/2018 08:27:00 AM,No,Maryland (State),East,,1,East,0,FEET,LEVEL,DARNESTOWN RD,SUGARLAND RD,,N/A,,DRIVER,STRAIGHT MOVEMENT ANGLE,CLEAR,DRY,DAYLIGHT,STOP SIGN,NONE DETECTED,,OTHER VEHICLE,N/A,INTERSECTION,T-INTERSECTION,STRAIGHT,NO DEFECTS,"TWO-WAY, NOT DIVIDED",39.12999574,-77.34601513,"(39.12999574, -77.34601513)"
MCP2823004C,240012205,MONTGOMERY,Property Damage Crash,03/14/2024 08:53:00 AM,No,Other Public Roadway,Unknown,Lane 1,1,South,15.27,FEET,Level,DWIGHT CT,,,,,DRIVER,Single Vehicle,Clear,Dry,Daylight,No Controls,"Not Suspect of Alcohol Use, Not Suspect of Drug Use",,Mailbox,,Through Roadway,,Curve Left,,Not Divided,39.00317927,-77.15685348,"(39.00317927, -77.15685348)"
DD5653003N,240033656,ROCKVILLE,Property Damage Crash,07/16/2024 09:55:00 PM,No,Crossover,"Eastbound, Westbound",Lane 1,"2, 3",North,12.45,FEET,"Downhill, Uphill",,VEIRS MILL RD,,,,UNKNOWN,Angle,Rain,Wet,Dark - Lighted,"No Controls, Other","Not Suspect of Alcohol Use, Not Suspect of Drug Use, Not Suspect of Alcohol Use, Not Suspect of Drug Use",,Motor Vehicle In Transport,,Crossover-Related,,Straight,,"Divided, Raised Median (curbed)",39.07540618,-77.11727358,"(39.07540618, -77.11727358)"
MCP3037005Q,230074072,Montgomery County Police,Property Damage Crash,12/28/2023 08:48:00 PM,No,Maryland (State),East,,1,East,5,FEET,LEVEL,CLOPPER RD,GREAT SENECA HWY,,N/A,,DRIVER,SINGLE VEHICLE,CLEAR,DRY,DARK LIGHTS ON,NO CONTROLS,NONE DETECTED,,FIXED OBJECT,FIXED OBJECT,OTHER,FOUR-WAY INTERSECTION,STRAIGHT,NO DEFECTS,"TWO-WAY, DIVIDED, UNPROTECTED PAINTED MIN 4 FEET",39.15888833,-77.27485167,"(39.15888833, -77.27485167)"
MCP0961001D,200001218,Montgomery County Police,Injury Crash,01/08/2020 06:03:00 AM,No,Maryland (State),South,,3,North,20,FEET,GRADE DOWNHILL,FREDERICK RD,WHEATFIELD DR,,N/A,,DRIVER,SAME DIRECTION SIDESWIPE,CLEAR,WET,DARK LIGHTS ON,NO CONTROLS,NONE DETECTED,,OTHER VEHICLE,N/A,NON INTERSECTION,N/A,CURVE LEFT,NO DEFECTS,"TWO-WAY, DIVIDED, POSITIVE MEDIAN BARRIER",39.16802833,-77.23141,"(39.16802833, -77.23141)"
MCP3263003B,230023356,Montgomery County Police,Property Damage Crash,05/15/2023 05:00:00 PM,Yes,Maryland (State),South,,3,North,0,FEET,LEVEL,WISCONSIN AVE,EAST WEST HWY (W/B COUPLET),,N/A,,DRIVER,STRAIGHT MOVEMENT ANGLE,CLEAR,DRY,DAYLIGHT,TRAFFIC SIGNAL,NONE DETECTED,,OTHER VEHICLE,OTHER VEHICLE,INTERSECTION,FOUR-WAY INTERSECTION,STRAIGHT,NO DEFECTS,"TWO-WAY, DIVIDED, POSITIVE MEDIAN BARRIER",38.98473895,-77.0939512,"(38.98473895, -77.0939512)"
MCP27910023,16013580,MONTGOMERY,Injury Crash,03/19/2016 03:54:00 PM,No,Maryland (State),West,,2,West,100,FEET,LEVEL,OLD COLUMBIA PIKE,ENT TO BURTONSVILLE VILLAGE SHOPPING CTR,,N/A,,DRIVER,SAME DIR REAR END,RAINING,WET,DAYLIGHT,NO CONTROLS,NONE DETECTED,,OTHER VEHICLE,OTHER VEHICLE,N/A,N/A,STRAIGHT,NO DEFECTS,"TWO-WAY, NOT DIVIDED",39.10908667,-76.93564667,"(39.10908667, -76.93564667)"
EJ7865003N,180045205,Gaithersburg Police Depar,Property Damage Crash,09/10/2018 05:32:00 PM,No,Maryland (State),South,,3,North,0,FEET,LEVEL,FREDERICK RD,WATKINS MILL RD,,GAITHERSBURG,,DRIVER,SINGLE VEHICLE,RAINING,WET,DAYLIGHT,TRAFFIC SIGNAL,NONE DETECTED,,FIXED OBJECT,N/A,INTERSECTION,FOUR-WAY INTERSECTION,STRAIGHT,NO DEFECTS,"TWO-WAY, DIVIDED, POSITIVE MEDIAN BARRIER",39.159135,-77.21919833,"(39.159135, -77.21919833)"
MCP10150015,170526338,Montgomery County Police,Property Damage Crash,08/23/2017 06:54:00 AM,No,Maryland (State),East,,2,East,0.25,MILE,LEVEL,DAMASCUS RD,CHROME MINE RD,,N/A,,DRIVER,OPPOSITE DIRECTION SIDESWIPE,CLEAR,DRY,DAYLIGHT,NO CONTROLS,NONE DETECTED,,OTHER VEHICLE,N/A,N/A,N/A,STRAIGHT,NO DEFECTS,"TWO-WAY, NOT DIVIDED",39.263495,-77.149975,"(39.263495, -77.149975)"
MCP28910035,16065040,Montgomery County Police,Injury Crash,12/19/2016 02:03:00 PM,No,Maryland (State),South,,4,North,0,FEET,LEVEL,GEORGIA AVE,ENT TO BUSINESS,,N/A,,DRIVER,STRAIGHT MOVEMENT ANGLE,CLEAR,DRY,DAYLIGHT,N/A,NONE DETECTED,,OTHER VEHICLE,OTHER VEHICLE,INTERSECTION,T-INTERSECTION,STRAIGHT,N/A,"TWO-WAY, DIVIDED, UNPROTECTED PAINTED MIN 4 FEET",39.01100911,-77.04112172,"(39.01100911, -77.04112172)"
MCP20870019,170500123,Montgomery County Police,Property Damage Crash,04/03/2017 07:45:00 AM,No,County,North,,1,South,50,FEET,LEVEL,WENDY LA,PALMIRA LA,,N/A,,DRIVER,OTHER,N/A,DRY,DAYLIGHT,N/A,NONE DETECTED,,PARKED VEHICLE,PARKED VEHICLE,NON INTERSECTION,N/A,CURVE RIGHT,NO DEFECTS,"TWO-WAY, NOT DIVIDED",39.07660417,-77.07896769,"(39.07660417, -77.07896769)"
DD5590000N,16040569,Rockville Police Departme,Property Damage Crash,08/10/2016 04:48:00 PM,No,Maryland (State),South,,,North,5,FEET,LEVEL,ROCKVILLE PIKE,EXIT FR ROCKVILLE METRO PLAZA,,N/A,,DRIVER,SAME DIR REAR END,CLEAR,DRY,DAYLIGHT,N/A,NONE DETECTED,,FIXED OBJECT,OTHER VEHICLE,COMMERCIAL DRIVEWAY,T-INTERSECTION,STRAIGHT,NO DEFECTS,"TWO-WAY, DIVIDED, UNPROTECTED PAINTED MIN 4 FEET",39.086005,-77.14908667,"(39.086005, -77.14908667)"
MCP2356001Q,200024925,Montgomery County Police,Injury Crash,06/26/2020 03:00:00 PM,No,County,East,,1,West,0,FEET,LEVEL,TUCKERMAN LA,SEVEN LOCKS RD,,N/A,,DRIVER,SAME DIR REAR END,N/A,DRY,DAYLIGHT,TRAFFIC SIGNAL,NONE DETECTED,,OTHER VEHICLE,N/A,INTERSECTION,FOUR-WAY INTERSECTION,STRAIGHT,NO DEFECTS,"TWO-WAY, NOT DIVIDED",39.04079167,-77.15968558,"(39.04079167, -77.15968558)"
MCP15630096,240006949,MONTGOMERY,Injury Crash,02/12/2024 10:47:00 AM,No,Maryland (State) Route,Southbound,Lane 2,4,West,5.61,FEET,Uphill,ROCKVILLE PIKE (SB/L),,,,,DRIVER,Front to Rear,Cloudy,Dry,Daylight,No Controls,"Not Suspect of Alcohol Use, Not Suspect of Drug Use, Not Suspect of Alcohol Use, Not Suspect of Drug Use",,Motor Vehicle In Transport,Not Applicable,Non-Junction,,Straight,No Defects,"Divided, Raised Median (curbed)",39.00021833,-77.097055,"(39.00021833, -77.097055)"
MCP20080023,16019246,Montgomery County Police,Injury Crash,04/19/2016 05:38:00 PM,No,Maryland (State),North,,1,North,0,FEET,LEVEL,OLD GEORGETOWN RD,RAMP 2 FR IS 270 WB TO MD 187 NB,,N/A,BICYCLIST,BOTH,STRAIGHT MOVEMENT ANGLE,CLEAR,DRY,DAYLIGHT,YIELD SIGN,NONE DETECTED,NONE DETECTED,BICYCLE,N/A,INTERCHANGE RELATED,Y-INTERSECTION,CURVE RIGHT,NO DEFECTS,OTHER,39.03156667,-77.1259,"(39.03156667, -77.1259)"