Report Number,Local Case Number,Agency Name,ACRS Report Type,Crash Date/Time,Hit/Run,Route Type,Lane Direction,Lane Type,Number of Lanes,Direction,Distance,Distance Unit,Road Grade,Road Name,Cross-Street Name,Off-Road Description,Municipality,Related Non-Motorist,At Fault,Collision Type,Weather,Surface Condition,Light,Traffic Control,Driver Substance Abuse,Non-Motorist Substance Abuse,First Harmful Event,Second Harmful Event,Junction,Intersection Type,Road Alignment,Road Condition,Road Division,Latitude,Longitude,Location
MCP271700LY,190002259,Montgomery County Police,Property Damage Crash,01/15/2019 11:00:00 AM,No,County,West,,2,East,50,FEET,LEVEL,BENALDER DR,ANNAN DR (BACK),,N/A,,DRIVER,OTHER,CLEAR,WET,DAYLIGHT,NO CONTROLS,NONE DETECTED,,PARKED VEHICLE,N/A,NON INTERSECTION,N/A,STRAIGHT,N/A,"TWO-WAY, NOT DIVIDED",38.96919883,-77.13972167,"(38.96919883, -77.13972167)"
MCP2425004R,15014519,Montgomery County Police,Injury Crash,03/30/2015 08:05:00 AM,No,County,South,,2,East,25,FEET,HILL UPHILL,WAYNE AVE,DALE DR,,N/A,,DRIVER,STRAIGHT MOVEMENT ANGLE,CLEAR,DRY,DAYLIGHT,STOP SIGN,NONE DETECTED,,OTHER VEHICLE,N/A,COMMERCIAL DRIVEWAY,T-INTERSECTION,STRAIGHT,NO DEFECTS,"TWO-WAY, NOT DIVIDED",38.99931833,-77.01651833,"(38.99931833, -77.01651833)"
MCP2919006Q,200003469,Montgomery County Police,Property Damage Crash,01/21/2020 08:10:00 PM,No,Maryland (State),South,,1,South,0,FEET,LEVEL,FLOWER AVE,HOUSTON AVE,,N/A,,DRIVER,SAME DIR REAR END,N/A,DRY,DARK LIGHTS ON,N/A,NONE DETECTED,,OTHER VEHICLE,OTHER VEHICLE,N/A,FOUR-WAY INTERSECTION,STRAIGHT,NO DEFECTS,"TWO-WAY, NOT DIVIDED",38.99100667,-77.00187833,"(38.99100667, -77.00187833)"
MCP2504001K,16036569,Montgomery County Police,Injury Crash,07/19/2016 04:40:00 PM,No,County,West,,2,West,0,FEET,LEVEL,TUCKERMAN LA,POSTOAK RD,,N/A,,DRIVER,SAME DIR REAR END,CLEAR,DRY,DAYLIGHT,N/A,NONE DETECTED,,OTHER VEHICLE,N/A,INTERSECTION,T-INTERSECTION,STRAIGHT,NO DEFECTS,"TWO-WAY, NOT DIVIDED",39.045125,-77.18028667,"(39.045125, -77.18028667)"
MCP3130001V,190046797,Montgomery County Police,Property Damage Crash,09/30/2019 10:00:00 AM,No,County,West,,1,West,100,FEET,LEVEL,NORMANDY CROSSING DR,LONDON BRIDGE DR,,N/A,,DRIVER,OTHER,RAINING,N/A,DAYLIGHT,NO CONTROLS,NONE DETECTED,,PARKED VEHICLE,N/A,OTHER,OTHER,CURVE RIGHT,NO DEFECTS,OTHER,39.100995,-77.05068667,"(39.100995, -77.05068667)"
MCP3442000W,250029304,MONTGOMERY,Property Damage Crash,07/01/2025 04:12:00 PM,No,County Route,Northbound,Lane 1,3,North,5.82,FEET,Level,SHADY GROVE RD,,,,,DRIVER,Front to Rear,Rain,Wet,Daylight,No Controls,"Not Suspect of Alcohol Use, Not Suspect of Drug Use, Not Suspect of Alcohol Use, Not Suspect of Drug Use",,Motor Vehicle In Transport,,Through Roadway,,Straight,No Defects,"Divided, Raised Median (curbed)",39.13709937,-77.15446837,"(39.13709937, -77.15446837)"
MCP29650053,210028811,Montgomery County Police,Property Damage Crash,07/25/2021 02:14:00 PM,No,,,,,,,,,,,"PARKING LOT OF 17580 MACDUFF AVE, OLNEY, MD 20832.",,,DRIVER,OTHER,CLEAR,,DAYLIGHT,N/A,NONE DETECTED,,PARKED VEHICLE,N/A,,,,,,39.14169279,-77.08831051,"(39.14169279, -77.08831051)"
EJ78840030,210041670,Gaithersburg Police Depar,Injury Crash,10/17/2021 02:51:00 PM,No,Maryland (State),East,,2,East,0,FEET,LEVEL,CLOPPER RD,LONGDRAFT RD,,GAITHERSBURG,,DRIVER,STRAIGHT MOVEMENT ANGLE,CLEAR,DRY,DAYLIGHT,TRAFFIC SIGNAL,NONE DETECTED,,OTHER VEHICLE,N/A,INTERSECTION,FOUR-WAY INTERSECTION,STRAIGHT,NO DEFECTS,"TWO-WAY, DIVIDED, UNPROTECTED PAINTED MIN 4 FEET",39.14826915,-77.23789038,"(39.14826915, -77.23789038)"
MCP263900D0,210041923,Montgomery County Police,Injury Crash,10/19/2021 07:40:00 AM,No,,East,,2,East,0,FEET,LEVEL,SNOWDEN FARM PKWY,SWEETSPIRE DR,,N/A,BICYCLIST,NONMOTORIST,STRAIGHT MOVEMENT ANGLE,CLEAR,DRY,DAYLIGHT,N/A,NONE DETECTED,NONE DETECTED,PEDESTRIAN,N/A,INTERSECTION,FOUR-WAY INTERSECTION,STRAIGHT,NO DEFECTS,"TWO-WAY, DIVIDED, POSITIVE MEDIAN BARRIER",39.226935,-77.24847833,"(39.226935, -77.24847833)"
DD5649001C,210044334,Rockville Police Departme,Injury Crash,11/02/2021 03:21:00 PM,No,,,,,,,,,,,PARKING GARAGE AT 121 CONGRESSIONAL LN,,,UNKNOWN,OTHER,N/A,,DAYLIGHT,NO CONTROLS,N/A,,OTHER VEHICLE,N/A,,,,,,39.06055,-77.12716167,"(39.06055, -77.12716167)"
MCP2760001W,180023278,Montgomery County Police,Injury Crash,05/11/2018 09:08:00 PM,No,Maryland (State),East,,4,North,0.1,MILE,LEVEL,QUINCE ORCHARD RD,SPUR TO MD 355,,N/A,,DRIVER,SAME DIR REAR END,CLEAR,DRY,DARK LIGHTS ON,TRAFFIC SIGNAL,N/A,,OTHER VEHICLE,N/A,INTERSECTION RELATED,FOUR-WAY INTERSECTION,STRAIGHT,NO DEFECTS,"TWO-WAY, DIVIDED, POSITIVE MEDIAN BARRIER",39.15093167,-77.211135,"(39.15093167, -77.211135)"
MCP3067001H,190036026,Montgomery County Police,Injury Crash,07/28/2019 10:00:00 PM,No,County,South,,2,North,0,FEET,LEVEL,MONTGOMERY VILLAGE AVE,APPLE RIDGE RD,,N/A,,DRIVER,HEAD ON LEFT TURN,CLEAR,DRY,DARK LIGHTS ON,TRAFFIC SIGNAL,NONE DETECTED,,OTHER VEHICLE,N/A,INTERSECTION,FOUR-WAY INTERSECTION,STRAIGHT,NO DEFECTS,"TWO-WAY, DIVIDED, POSITIVE MEDIAN BARRIER",39.18693667,-77.19852167,"(39.18693667, -77.19852167)"
EJ7870005T,220038577,Gaithersburg Police Depar,Property Damage Crash,09/07/2022 07:51:00 AM,No,Maryland (State),South,,3,South,150,FEET,LEVEL,FREDERICK RD,ODENDHAL AVE,,GAITHERSBURG,,DRIVER,SAME DIRECTION SIDESWIPE,RAINING,WET,DAYLIGHT,NO CONTROLS,NONE DETECTED,,OTHER VEHICLE,N/A,NON INTERSECTION,N/A,STRAIGHT,NO DEFECTS,"TWO-WAY, NOT DIVIDED",39.14758348,-77.20589072,"(39.14758348, -77.20589072)"
MCP2907002B,200046900,Montgomery County Police,Injury Crash,11/28/2020 09:30:00 PM,Yes,County,West,,1,North,100,FEET,LEVEL,JONES MILL RD,FORSYTHE AVE,,N/A,,DRIVER,SINGLE VEHICLE,CLEAR,DRY,DARK LIGHTS ON,NO CONTROLS,N/A,,N/A,FIXED OBJECT,NON INTERSECTION,N/A,STRAIGHT,NO DEFECTS,"TWO-WAY, NOT DIVIDED",39.00672167,-77.06284333,"(39.00672167, -77.06284333)"
MCP3258003C,230054167,Montgomery County Police,Property Damage Crash,09/11/2023 06:42:00 AM,No,,,,,,,,,,,DRIVEWAY OF 11215 VEIRS MILL RD SILVER SPRING MD 20902,,,DRIVER,STRAIGHT MOVEMENT ANGLE,RAINING,,DARK LIGHTS ON,N/A,NONE DETECTED,,OTHER VEHICLE,N/A,,,,,,39.04046667,-77.05600833,"(39.04046667, -77.05600833)"
MCP22160004,15012963,Montgomery County Police,Injury Crash,03/20/2015 09:58:00 PM,No,Maryland (State),West,,1,East,0,FEET,HILL CREST,MUNCASTER MILL RD,NEEDWOOD RD,,N/A,,DRIVER,SAME DIR REAR END,CLEAR,DRY,DARK LIGHTS ON,TRAFFIC SIGNAL,NONE DETECTED,,OTHER VEHICLE,N/A,INTERSECTION,T-INTERSECTION,STRAIGHT,NO DEFECTS,"TWO-WAY, NOT DIVIDED",39.13297833,-77.12165667,"(39.13297833, -77.12165667)"
EJ7887000H,210022430,Gaithersburg Police Depar,Injury Crash,06/12/2021 09:50:00 AM,No,Maryland (State),West,,2,North,0,FEET,LEVEL,GREAT SENECA HWY,LONGDRAFT RD,,N/A,,DRIVER,STRAIGHT MOVEMENT ANGLE,CLOUDY,DRY,DAYLIGHT,TRAFFIC SIGNAL,NONE DETECTED,,OTHER VEHICLE,N/A,INTERSECTION,FOUR-WAY INTERSECTION,STRAIGHT,NO DEFECTS,"TWO-WAY, DIVIDED, POSITIVE MEDIAN BARRIER",39.13337067,-77.24478633,"(39.13337067, -77.24478633)"
MCP242500FJ,190047373,Montgomery County Police,Injury Crash,10/03/2019 06:50:00 AM,No,Maryland (State),North,,3,North,50,FEET,LEVEL,NEW HAMPSHIRE AVE,OAKLAWN DR,,N/A,,DRIVER,SAME DIR REAR END,CLEAR,DRY,DAWN,NO CONTROLS,NONE DETECTED,,OTHER VEHICLE,OTHER VEHICLE,NON INTERSECTION,N/A,STRAIGHT,NO DEFECTS,"TWO-WAY, DIVIDED, POSITIVE MEDIAN BARRIER",39.02612,-76.98086,"(39.02612, -76.98086)"
MCP32080028,210042427,Montgomery County Police,Property Damage Crash,10/22/2021 01:51:00 AM,Yes,US (State),North,,3,North,0,FEET,LEVEL,COLESVILLE RD,UNIVERSITY BLVD E,,N/A,,DRIVER,SAME DIR REAR END,CLEAR,DRY,DARK LIGHTS ON,TRAFFIC SIGNAL,N/A,,OTHER VEHICLE,N/A,INTERSECTION,FOUR-WAY INTERSECTION,STRAIGHT,LOOSE SURFACE MATERIAL,"TWO-WAY, DIVIDED, POSITIVE MEDIAN BARRIER",39.0196603,-77.01322486,"(39.0196603, -77.01322486)"
MCP2801001B,16015825,Montgomery County Police,Property Damage Crash,03/31/2016 11:16:00 PM,Yes,US (State),South,,2,North,50,FEET,LEVEL,COLUMBIA PIKE,SANDY SPRING RD,,N/A,,DRIVER,SAME DIR REAR END,CLEAR,DRY,DARK NO LIGHTS,NO CONTROLS,NONE DETECTED,,OTHER VEHICLE,N/A,NON INTERSECTION,N/A,STRAIGHT,NO DEFECTS,"TWO-WAY, DIVIDED, POSITIVE MEDIAN BARRIER",39.11677624,-76.92768574,"(39.11677624, -76.92768574)"
MCP2657000Z,15062269,MONTGOMERY,Injury Crash,12/06/2015 03:05:00 AM,No,County,East,,2,East,0,FEET,LEVEL,E RANDOLPH RD,E RANDOLPH RD (AHEAD),,N/A,,DRIVER,STRAIGHT MOVEMENT ANGLE,CLEAR,DRY,DARK LIGHTS ON,TRAFFIC SIGNAL,NONE DETECTED,,OTHER VEHICLE,N/A,INTERSECTION,FOUR-WAY INTERSECTION,STRAIGHT,NO DEFECTS,"TWO-WAY, NOT DIVIDED",39.06318833,-76.96595167,"(39.06318833, -76.96595167)"
MCP20010017,200000963,Montgomery County Police,Fatal Crash,01/06/2020 06:26:00 PM,No,Maryland (State),North,,3,North,0,FEET,LEVEL,GEORGIA AVE,ENT TO CEMETERY,,N/A,PEDESTRIAN,NONMOTORIST,SINGLE VEHICLE,CLEAR,DRY,DARK LIGHTS ON,NO CONTROLS,NONE DETECTED,NONE DETECTED,PEDESTRIAN,N/A,INTERSECTION,FOUR-WAY INTERSECTION,STRAIGHT,NO DEFECTS,"TWO-WAY, DIVIDED, UNPROTECTED PAINTED MIN 4 FEET",39.08100667,-77.07525333,"(39.08100667, -77.07525333)"
MCP9301005S,250016642,MONTGOMERY,Injury Crash,04/17/2025 05:25:00 AM,No,County Route,"Eastbound, Southbound",Lane 1,2,North,0,FEET,Level,BRINK RD,WOODFIELD RD,,,,DRIVER,Angle,Clear,Dry,Dark - Lighted,"Flashing Traffic Control Signal, No Controls","Not Suspect of Alcohol Use, Not Suspect of Drug Use, Not Suspect of Alcohol Use, Not Suspect of Drug Use",,Motor Vehicle In Transport,,Intersection or Related,Angled/Skewed,Straight,No Defects,Not Divided,39.20839222,-77.16930658,"(39.20839222, -77.16930658)"
MCP22540018,170521256,Montgomery County Police,Property Damage Crash,07/26/2017 01:20:00 PM,No,County,North,LEFT TURN LANE,0,North,0,MILE,LEVEL,FATHER HURLEY BLVD,CRYSTAL ROCK DR,,N/A,,DRIVER,ANGLE MEETS LEFT TURN,CLEAR,DRY,DAYLIGHT,TRAFFIC SIGNAL,NONE DETECTED,,OTHER VEHICLE,N/A,INTERSECTION RELATED,FOUR-WAY INTERSECTION,STRAIGHT,NO DEFECTS,"TWO-WAY, DIVIDED, POSITIVE MEDIAN BARRIER",39.19345333,-77.27041833,"(39.19345333, -77.27041833)"
MCP3230006N,250013722,MONTGOMERY,Injury Crash,03/29/2025 03:15:00 PM,No,Maryland (State) Route,Northbound,Other,1,North,16.11,FEET,Level,MUNCASTER MILL RD (WB/L),,,,,UNKNOWN,Single Vehicle,Clear,Dry,Daylight,No Controls,"Not Suspect of Alcohol Use, Not Suspect of Drug Use",,Tree (standing),,Non-Junction,,Straight,No Defects,"Divided, Raised Median (curbed)",39.10916783,-77.08032133,"(39.10916783, -77.08032133)"
MCP2008000Y,15014625,Montgomery County Police,Injury Crash,03/30/2015 04:25:00 PM,Yes,Maryland (State),North,,2,North,50,FEET,LEVEL,WISCONSIN AVE,LELAND ST,,N/A,PEDESTRIAN,DRIVER,OTHER,CLEAR,DRY,DAYLIGHT,N/A,N/A,NONE DETECTED,PEDESTRIAN,N/A,NON INTERSECTION,N/A,STRAIGHT,NO DEFECTS,"TWO-WAY, DIVIDED, POSITIVE MEDIAN BARRIER",38.97980167,-77.09194667,"(38.97980167, -77.09194667)"
MCP3122003W,210013722,Montgomery County Police,Injury Crash,04/13/2021 06:45:00 AM,No,Maryland (State),North,,3,North,0,FEET,LEVEL,GEORGIA AVE,HEWITT AVE,,N/A,,DRIVER,STRAIGHT MOVEMENT ANGLE,CLOUDY,DRY,DAWN,TRAFFIC SIGNAL,NONE DETECTED,,OTHER VEHICLE,OTHER VEHICLE,INTERSECTION,T-INTERSECTION,STRAIGHT,NO DEFECTS,"TWO-WAY, DIVIDED, POSITIVE MEDIAN BARRIER",39.07744833,-77.07036167,"(39.07744833, -77.07036167)"
MCP29400027,180002008,Montgomery County Police,Injury Crash,01/13/2018 08:30:00 AM,Yes,Maryland (State),East,LEFT TURN LANE,3,North,0,FEET,LEVEL,GOLDSBORO RD,RIVER RD,,N/A,,DRIVER,SAME DIR REAR END,CLOUDY,DRY,DAYLIGHT,TRAFFIC SIGNAL,"NONE DETECTED, UNKNOWN",,OTHER VEHICLE,N/A,INTERSECTION,FOUR-WAY INTERSECTION,STRAIGHT,NO DEFECTS,"TWO-WAY, DIVIDED, POSITIVE MEDIAN BARRIER",38.97315167,-77.12216333,"(38.97315167, -77.12216333)"
MCP271700WH,210049715,Montgomery County Police,Property Damage Crash,12/07/2021 03:56:00 PM,No,,North,,2,North,50,FEET,LEVEL,CABIN BRANCH AVENUE,CLARKSBURG ROAD,,N/A,,DRIVER,OTHER,CLEAR,DRY,DAYLIGHT,NO CONTROLS,UNKNOWN,,PARKED VEHICLE,N/A,NON INTERSECTION,N/A,STRAIGHT,NO DEFECTS,"TWO-WAY, DIVIDED, POSITIVE MEDIAN BARRIER",39.22630833,-77.28960483,"(39.22630833, -77.28960483)"
MCP2730004X,250008460,MONTGOMERY,Property Damage Crash,02/26/2025 10:45:00 AM,No,Bicycle Route,Northbound,Lane 1,3,North,21.09,FEET,Downhill,,,,,,DRIVER,"Sideswipe, Same Direction",Clear,Dry,Daylight,"No Controls, Traffic Control Signal","Not Suspect of Alcohol Use, Not Suspect of Drug Use, Not Suspect of Alcohol Use, Not Suspect of Drug Use",,Motor Vehicle In Transport,,Non-Junction,,Straight,No Defects,"Divided, Raised Median (curbed)",39.18181431,-77.26266213,"(39.18181431, -77.26266213)"
DM83880018,17000002,Takoma Park Police Depart,Property Damage Crash,01/01/2017 12:00:00 AM,No,Maryland (State),East,,3,East,0,FEET,LEVEL,UNIVERSITY BLVD E,PRINCE GEORGES CO/L,,N/A,,DRIVER,SAME DIR REAR END,CLEAR,DRY,DARK LIGHTS ON,TRAFFIC SIGNAL,"ALCOHOL PRESENT, NONE DETECTED",,OTHER VEHICLE,N/A,INTERSECTION,FOUR-WAY INTERSECTION,STRAIGHT,NO DEFECTS,"TWO-WAY, DIVIDED, POSITIVE MEDIAN BARRIER",38.98738452,-76.98562145,"(38.98738452, -76.98562145)"
MCP3254003C,230051643,Montgomery County Police,Injury Crash,08/26/2023 09:20:00 PM,No,County,North,,2,North,0,FEET,LEVEL,CRYSTAL ROCK DR,FATHER HURLEY BLVD,,N/A,OTHER,DRIVER,SINGLE VEHICLE,CLEAR,DRY,DARK LIGHTS ON,TRAFFIC SIGNAL,N/A,N/A,OTHER PEDALCYCLE,N/A,INTERSECTION,FOUR-WAY INTERSECTION,STRAIGHT,NO DEFECTS,"TWO-WAY, NOT DIVIDED",39.19362017,-77.27031762,"(39.19362017, -77.27031762)"
MCP28450061,200000879,Montgomery County Police,Property Damage Crash,01/06/2020 01:30:00 PM,No,US (State),South,,3,North,200,FEET,HILL UPHILL,COLESVILLE RD,SOUTHWOOD AVE,,N/A,,DRIVER,SAME DIR REAR END,CLEAR,DRY,DAYLIGHT,NO CONTROLS,NONE DETECTED,,OTHER VEHICLE,N/A,NON INTERSECTION,N/A,CURVE LEFT,NO DEFECTS,"TWO-WAY, DIVIDED, POSITIVE MEDIAN BARRIER",39.027335,-77.01015133,"(39.027335, -77.01015133)"
MCP2347000Y,16064845,Montgomery County Police,Injury Crash,12/18/2016 10:14:00 AM,No,US (State),North,,3,South,300,FEET,GRADE DOWNHILL,COLUMBIA PIKE,STEWART LA,,N/A,,DRIVER,SINGLE VEHICLE,RAINING,WET,DAYLIGHT,N/A,NONE DETECTED,,OVERTURN,N/A,NON INTERSECTION,N/A,STRAIGHT,NO DEFECTS,"TWO-WAY, NOT DIVIDED",39.04524333,-76.98884,"(39.04524333, -76.98884)"
MCP1531000L,190024846,Montgomery County Police,Injury Crash,05/25/2019 01:18:00 AM,No,County,West,,2,West,0,FEET,GRADE DOWNHILL,DEMOCRACY BLVD,SEVEN LOCKS RD,,N/A,,DRIVER,STRAIGHT MOVEMENT ANGLE,CLEAR,DRY,DARK LIGHTS ON,FLASHING TRAFFIC SIGNAL,NONE DETECTED,,OTHER VEHICLE,N/A,INTERSECTION,FOUR-WAY INTERSECTION,STRAIGHT,NO DEFECTS,"TWO-WAY, DIVIDED, UNPROTECTED PAINTED MIN 4 FEET",39.02332667,-77.16276333,"(39.02332667, -77.16276333)"
MCP1301000V,170537493,Montgomery County Police,Fatal Crash,10/18/2017 11:39:00 PM,No,County,East,,2,West,750,FEET,LEVEL,DEMOCRACY BLVD,GAINSBOROUGH RD,,N/A,,UNKNOWN,SINGLE VEHICLE,CLEAR,DRY,DARK LIGHTS ON,N/A,UNKNOWN,,FIXED OBJECT,FIXED OBJECT,NON INTERSECTION,N/A,CURVE LEFT,NO DEFECTS,"TWO-WAY, NOT DIVIDED",39.02194272,-77.16981411,"(39.02194272, -77.16981411)"
MCP33860032,250031404,MONTGOMERY,Property Damage Crash,07/14/2025 06:00:00 PM,No,Maryland (State) Route,"Eastbound, Westbound",Lane 1,2,South,28.13,FEET,Uphill,EAST WEST HWY,,,,,DRIVER,Other,Rain,Wet,Daylight,No Controls,"Not Suspect of Alcohol Use, Not Suspect of Drug Use, Not Suspect of Alcohol Use, Not Suspect of Drug Use",,Motor Vehicle In Transport,,Non-Junction,,Straight,No Defects,Not Divided,38.98721383,-77.0839575,"(38.98721383, -77.0839575)"
MCP295400CX,230006292,Montgomery County Police,Property Damage Crash,02/07/2023 06:30:00 PM,Yes,Maryland (State),North,,3,North,20,FEET,LEVEL,NEW HAMPSHIRE AVE,OAKVIEW DR,,N/A,,DRIVER,SAME DIRECTION SIDESWIPE,CLOUDY,DRY,UNKNOWN,NO CONTROLS,"NONE DETECTED, UNKNOWN",,OTHER VEHICLE,N/A,NON INTERSECTION,N/A,STRAIGHT,NO DEFECTS,"TWO-WAY, DIVIDED, POSITIVE MEDIAN BARRIER",39.01546445,-76.9776947,"(39.01546445, -76.9776947)"
EJ7846001R,16055928,Gaithersburg Police Depar,Property Damage Crash,10/30/2016 04:30:00 PM,Yes,County,West,,4,East,20,FEET,LEVEL,FIELDS RD,SAM EIG HWY,,N/A,,DRIVER,SAME DIR REAR END,CLEAR,DRY,DAYLIGHT,TRAFFIC SIGNAL,"NONE DETECTED, UNKNOWN",,OTHER VEHICLE,N/A,INTERSECTION RELATED,T-INTERSECTION,CURVE RIGHT,NO DEFECTS,"TWO-WAY, NOT DIVIDED",39.11653,-77.207655,"(39.11653, -77.207655)"
MCP1283000D,15027874,Montgomery County Police,Property Damage Crash,06/09/2015 09:31:00 AM,No,Maryland (State),East,,3,East,0,FEET,LEVEL,CLOPPER RD,LIBERTY MILL RD,,N/A,,DRIVER,STRAIGHT MOVEMENT ANGLE,CLEAR,DRY,DAYLIGHT,STOP SIGN,NONE DETECTED,,OTHER VEHICLE,FIXED OBJECT,INTERSECTION,FOUR-WAY INTERSECTION,STRAIGHT,NO DEFECTS,"TWO-WAY, DIVIDED, POSITIVE MEDIAN BARRIER",39.16200833,-77.28156667,"(39.16200833, -77.28156667)"
MCP1314000J,190029808,Montgomery County Police,Injury Crash,06/22/2019 04:46:00 AM,No,Maryland (State),East,,2,East,10,FEET,HILL CREST,RIVER RD,BURDETTE RD,,N/A,,DRIVER,SINGLE VEHICLE,CLEAR,DRY,DARK LIGHTS ON,FLASHING TRAFFIC SIGNAL,NONE DETECTED,,FIXED OBJECT,N/A,NON INTERSECTION,N/A,STRAIGHT,NO DEFECTS,"TWO-WAY, DIVIDED, POSITIVE MEDIAN BARRIER",38.99013333,-77.15247833,"(38.99013333, -77.15247833)"
MCP2750004Q,200006866,Montgomery County Police,Property Damage Crash,02/11/2020 12:05:00 AM,No,County,East,SHOULDER AREA,2,West,0.1,MILE,LEVEL,BEL PRE RD,WESTBURY RD,,N/A,,DRIVER,SAME DIR REAR END,RAINING,WET,DARK NO LIGHTS,NO CONTROLS,NONE DETECTED,,OTHER VEHICLE,OTHER VEHICLE,NON INTERSECTION,N/A,STRAIGHT,NO DEFECTS,"TWO-WAY, DIVIDED, UNPROTECTED PAINTED MIN 4 FEET",39.09639833,-77.09520833,"(39.09639833, -77.09520833)"
MCP3107001N,210042609,Montgomery County Police,Property Damage Crash,10/23/2021 02:20:00 AM,No,County,South,,1,South,250,FEET,LEVEL,SHADY GROVE RD,ENT TO MONT CO TRANSFER STATION,,N/A,,DRIVER,SINGLE VEHICLE,CLEAR,DRY,DARK LIGHTS ON,NO CONTROLS,UNKNOWN,,FIXED OBJECT,FIXED OBJECT,NON INTERSECTION,N/A,STRAIGHT,NO DEFECTS,"TWO-WAY, DIVIDED, UNPROTECTED PAINTED MIN 4 FEET",39.12291167,-77.17354667,"(39.12291167, -77.17354667)"
DM8336000M,15064563,TAKOMA,Property Damage Crash,12/17/2015 07:37:00 PM,No,Maryland (State),South,,2,South,50,FEET,LEVEL,FLOWER AVE,HUDSON AVE,,TAKOMA PARK,,DRIVER,OTHER,RAINING,WET,DARK LIGHTS ON,N/A,"N/A, NONE DETECTED",,PARKED VEHICLE,OTHER,N/A,N/A,STRAIGHT,NO DEFECTS,"TWO-WAY, NOT DIVIDED",38.99274028,-77.00222634,"(38.99274028, -77.00222634)"
DM83380016,180018746,Takoma Park Police Depart,Property Damage Crash,04/17/2018 04:03:00 PM,Yes,,,,,,,,,,,PARKING LOT OF 7663 NEW HAMPSHIRE AVE,,,DRIVER,OTHER,CLOUDY,,DAYLIGHT,NO CONTROLS,"N/A, UNKNOWN",,OTHER VEHICLE,N/A,,,,,,38.98767,-76.987585,"(38.98767, -76.987585)"
MCP33360012,230011128,Montgomery County Police,Property Damage Crash,03/07/2023 07:44:00 AM,Yes,,,,,,,,,,,650 UNIVERSITY BLVD E EXTERIOR PARKING LOT OF 7-ELEVEN,,,DRIVER,OPPOSITE DIRECTION SIDESWIPE,CLEAR,,DAYLIGHT,NO CONTROLS,"NONE DETECTED, UNKNOWN",,OTHER VEHICLE,N/A,,,,,,39.00003978,-76.99475042,"(39.00003978, -76.99475042)"
MCP3037002R,190027745,Montgomery County Police,Property Damage Crash,06/10/2019 08:00:00 AM,Yes,Maryland (State),South,,2,North,50,FEET,LEVEL,CONNECTICUT AVE,EAST WEST HWY,,N/A,,DRIVER,SAME DIRECTION SIDESWIPE,CLEAR,DRY,DAYLIGHT,TRAFFIC SIGNAL,"NONE DETECTED, UNKNOWN",,OTHER VEHICLE,N/A,INTERSECTION RELATED,UNKNOWN,STRAIGHT,NO DEFECTS,"TWO-WAY, DIVIDED, POSITIVE MEDIAN BARRIER",38.98837752,-77.07721017,"(38.98837752, -77.07721017)"
MCP2776001X,170515948,Montgomery County Police,Property Damage Crash,06/27/2017 05:30:00 AM,No,Maryland (State),South,,2,North,0,FEET,HILL UPHILL,GEORGIA AVE,MORNINGWOOD DR,,N/A,,DRIVER,ANGLE MEETS RIGHT TURN,CLEAR,DRY,DAWN,TRAFFIC SIGNAL,NONE DETECTED,,OTHER VEHICLE,N/A,INTERSECTION,FOUR-WAY INTERSECTION,STRAIGHT,NO DEFECTS,"TWO-WAY, DIVIDED, POSITIVE MEDIAN BARRIER",39.15041,-77.06668833,"(39.15041, -77.06668833)"
MCP3230005T,240040320,MONTGOMERY,Property Damage Crash,08/26/2024 10:53:00 AM,,,,,0,,,FEET,,,,Parking Aisle        KOHLS PARKI NG LOT,,,UNKNOWN,"Sideswipe, Same Direction",Clear,,Daylight,,"Not Suspect of Alcohol Use, Not Suspect of Drug Use, Not Suspect of Alcohol Use, Not Suspect of Drug Use",,Motor Vehicle In Transport,,,,,,,39.08054898,-77.07817082,"(39.08054898, -77.07817082)"
MCP9318001J,210021079,Montgomery County Police,Property Damage Crash,06/03/2021 09:00:00 AM,Yes,,,,,,,,,,,"HOLY CROSS HSP, 1500 FOREST GLEN RD, SILVER SPRING MD 20910",,,DRIVER,SAME DIRECTION SIDESWIPE,CLEAR,,DAYLIGHT,N/A,UNKNOWN,,PARKED VEHICLE,N/A,,,,,,39.01526057,-77.03545179,"(39.01526057, -77.03545179)"
MCP3170002T,230005131,Montgomery County Police,Property Damage Crash,01/31/2023 06:23:00 PM,No,County,West,,1,East,500,FEET,HILL UPHILL,WEST OLD BALTIMORE RD,SENECA AYR DR,,N/A,,DRIVER,SAME DIR REAR END,RAINING,WET,N/A,NO CONTROLS,NONE DETECTED,,OTHER VEHICLE,N/A,N/A,N/A,STRAIGHT,NO DEFECTS,"TWO-WAY, NOT DIVIDED",39.21463133,-77.27235967,"(39.21463133, -77.27235967)"
MCP30480070,210029253,Montgomery County Police,Property Damage Crash,07/28/2021 12:00:00 AM,Yes,Maryland (State),West,N/A,0,North,0,FEET,OTHER,OLD GEORGETOWN RD,OLD GEORGETOWN RD,,N/A,,DRIVER,SINGLE VEHICLE,CLEAR,DRY,UNKNOWN,NO CONTROLS,UNKNOWN,,OTHER OBJECT,N/A,N/A,N/A,OTHER,OTHER,N/A,39.04833833,-77.11666833,"(39.04833833, -77.11666833)"