Report Number,Local Case Number,Agency Name,ACRS Report Type,Crash Date/Time,Hit/Run,Route Type,Lane Direction,Lane Type,Number of Lanes,Direction,Distance,Distance Unit,Road Grade,Road Name,Cross-Street Name,Off-Road Description,Municipality,Related Non-Motorist,At Fault,Collision Type,Weather,Surface Condition,Light,Traffic Control,Driver Substance Abuse,Non-Motorist Substance Abuse,First Harmful Event,Second Harmful Event,Junction,Intersection Type,Road Alignment,Road Condition,Road Division,Latitude,Longitude,Location
MCP1119006K,190004584,Montgomery County Police,Property Damage Crash,01/29/2019 02:42:00 PM,No,Maryland (State),North,,2,North,0,FEET,GRADE DOWNHILL,GEORGIA AVE,HILLCREST AVE,,N/A,,DRIVER,STRAIGHT MOVEMENT ANGLE,SNOW,WET,DAYLIGHT,STOP SIGN,NONE DETECTED,,OTHER VEHICLE,N/A,INTERSECTION,T-INTERSECTION,STRAIGHT,N/A,"TWO-WAY, DIVIDED, UNPROTECTED PAINTED MIN 4 FEET",39.15451667,-77.06685833,"(39.15451667, -77.06685833)"
MCP3127002C,230013555,Montgomery County Police,Property Damage Crash,03/20/2023 05:43:00 PM,No,Maryland (State),East,LEFT TURN LANE,2,West,0,FEET,HILL CREST,EAST WEST HWY,GRUBB RD,,N/A,,DRIVER,HEAD ON LEFT TURN,CLEAR,DRY,DAYLIGHT,TRAFFIC SIGNAL,NONE DETECTED,,OTHER VEHICLE,N/A,N/A,FOUR-WAY INTERSECTION,STRAIGHT,NO DEFECTS,"TWO-WAY, DIVIDED, POSITIVE MEDIAN BARRIER",38.99395433,-77.0522545,"(38.99395433, -77.0522545)"
MCP3069005D,210018066,Montgomery County Police,Property Damage Crash,05/13/2021 07:42:00 PM,No,County,South,,2,South,200,FEET,LEVEL,LYTTONSVILLE RD,LYTTONSVILLE PL,,N/A,,DRIVER,HEAD ON LEFT TURN,CLEAR,DRY,DUSK,NO CONTROLS,NONE DETECTED,,OTHER VEHICLE,N/A,NON INTERSECTION,N/A,STRAIGHT,NO DEFECTS,"TWO-WAY, NOT DIVIDED",38.999445,-77.05151333,"(38.999445, -77.05151333)"
MCP20390076,210052918,Montgomery County Police,Property Damage Crash,12/20/2021 02:55:00 PM,Yes,,,,,,,,,,,"(WALGREENS PARKING LOT)
13870 GEORGIA AVENUE
SILVER SPRING, MD 20906",,,DRIVER,OTHER,OTHER,,DAYLIGHT,N/A,N/A,,PARKED VEHICLE,N/A,,,,,,39.08130526,-77.07773374,"(39.08130526, -77.07773374)"
MCP291400CC,220026230,Montgomery County Police,Property Damage Crash,06/18/2022 03:47:00 AM,No,US (State),North,,1,North,0,FEET,LEVEL,GEORGIA AVE,CROSSOVER,,N/A,,DRIVER,SINGLE VEHICLE,CLEAR,N/A,N/A,NO CONTROLS,ALCOHOL PRESENT,,FIXED OBJECT,FIXED OBJECT,CROSSOVER RELATED,N/A,STRAIGHT,NO DEFECTS,"TWO-WAY, DIVIDED, POSITIVE MEDIAN BARRIER",38.99048154,-77.02647834,"(38.99048154, -77.02647834)"
MCP93010040,220018331,Montgomery County Police,Property Damage Crash,04/30/2022 06:05:00 AM,No,Maryland (State),South,,2,South,300,FEET,LEVEL,MIDCOUNTY HWY,PIER POINT PL,,N/A,,UNKNOWN,SINGLE VEHICLE,CLEAR,DRY,DAWN,NO CONTROLS,N/A,,ANIMAL,FIXED OBJECT,N/A,N/A,STRAIGHT,NO DEFECTS,"TWO-WAY, DIVIDED, POSITIVE MEDIAN BARRIER",39.15847167,-77.1942,"(39.15847167, -77.1942)"
MCP3024000V,170538679,Montgomery County Police,Property Damage Crash,10/25/2017 01:10:00 AM,No,Maryland (State),North,LEFT TURN LANE,3,North,0,FEET,LEVEL,RIDGE RD,SNOWDEN FARM PKWY (PROP),,N/A,,DRIVER,HEAD ON LEFT TURN,CLEAR,DRY,DARK LIGHTS ON,FLASHING TRAFFIC SIGNAL,N/A,,OTHER VEHICLE,N/A,INTERSECTION,T-INTERSECTION,STRAIGHT,NO DEFECTS,"TWO-WAY, DIVIDED, POSITIVE MEDIAN BARRIER",39.21634167,-77.23899667,"(39.21634167, -77.23899667)"
MCP2675000N,15010679,Montgomery County Police,Injury Crash,03/08/2015 03:30:00 AM,No,,,,,,0,,,,,"11219 Grandview Ave
Montgomery County Public Parking Lot 13",,PEDESTRIAN,DRIVER,N/A,CLEAR,,DARK LIGHTS ON,NO CONTROLS,ALCOHOL PRESENT,ALCOHOL PRESENT,PEDESTRIAN,N/A,,,,,,39.0396,-77.05226833,"(39.0396, -77.05226833)"
MCP28800012,15027509,Montgomery County Police,Property Damage Crash,06/07/2015 02:02:00 AM,Yes,Maryland (State),West,,3,North,0,FEET,GRADE DOWNHILL,MIDCOUNTY HWY,MONTGOMERY VILLAGE AVE,,N/A,,DRIVER,STRAIGHT MOVEMENT ANGLE,CLEAR,DRY,DARK LIGHTS ON,FLASHING TRAFFIC SIGNAL,"ALCOHOL PRESENT, NONE DETECTED",,OTHER VEHICLE,FIXED OBJECT,INTERSECTION,T-INTERSECTION,STRAIGHT,NO DEFECTS,"TWO-WAY, DIVIDED, POSITIVE MEDIAN BARRIER",39.159825,-77.20161833,"(39.159825, -77.20161833)"
DD55750017,170525438,Rockville Police Departme,Property Damage Crash,08/17/2017 11:40:00 PM,Yes,Municipality,East,,1,West,100,FEET,GRADE DOWNHILL,PINEWOOD RD,LONGWOOD DR,,ROCKVILLE,,DRIVER,OTHER,CLEAR,DRY,DARK LIGHTS ON,N/A,UNKNOWN,,PARKED VEHICLE,N/A,NON INTERSECTION,N/A,STRAIGHT,NO DEFECTS,"TWO-WAY, NOT DIVIDED",39.09034333,-77.14103167,"(39.09034333, -77.14103167)"
DD56340028,190046140,Rockville Police Departme,Property Damage Crash,09/26/2019 10:45:00 AM,No,Maryland (State),West,,2,East,0,FEET,LEVEL,VEIRS MILL RD,EDMONSTON DR,,ROCKVILLE,,DRIVER,SAME DIR REAR END,CLEAR,DRY,DAYLIGHT,TRAFFIC SIGNAL,N/A,,OTHER VEHICLE,OTHER VEHICLE,INTERSECTION,T-INTERSECTION,STRAIGHT,NO DEFECTS,"TWO-WAY, DIVIDED, POSITIVE MEDIAN BARRIER",39.078623,-77.13067833,"(39.078623, -77.13067833)"
MCP1160000C,190043808,Montgomery County Police,Injury Crash,09/13/2019 05:15:00 AM,No,Maryland (State),South,,3,North,0,FEET,LEVEL,OLD GEORGETOWN RD,GREENTREE RD,,N/A,,DRIVER,STRAIGHT MOVEMENT ANGLE,RAINING,WET,DARK LIGHTS ON,FLASHING TRAFFIC SIGNAL,NONE DETECTED,,OTHER VEHICLE,N/A,INTERSECTION,FOUR-WAY INTERSECTION,STRAIGHT,NO DEFECTS,"TWO-WAY, DIVIDED, POSITIVE MEDIAN BARRIER",39.00007167,-77.10958,"(39.00007167, -77.10958)"
EJ7887001B,210045344,Gaithersburg Police Depar,Injury Crash,11/09/2021 10:45:00 AM,No,Maryland (State),North,,2,North,0,FEET,LEVEL,FREDERICK RD,CHESTNUT ST,,GAITHERSBURG,,DRIVER,STRAIGHT MOVEMENT ANGLE,CLEAR,DRY,DAYLIGHT,TRAFFIC SIGNAL,NONE DETECTED,,OTHER VEHICLE,N/A,INTERSECTION,FOUR-WAY INTERSECTION,STRAIGHT,NO DEFECTS,"TWO-WAY, DIVIDED, UNPROTECTED PAINTED MIN 4 FEET",39.14430283,-77.201978,"(39.14430283, -77.201978)"
MCP22310010,15007956,Montgomery County Police,Injury Crash,02/18/2015 08:26:00 AM,No,Maryland (State),South,,3,North,500,FEET,GRADE DOWNHILL,ROCKVILLE PIKE,TUCKERMAN LA,,N/A,,DRIVER,SAME DIR REAR END,CLEAR,WET,DAYLIGHT,NO CONTROLS,NONE DETECTED,,OTHER VEHICLE,OTHER VEHICLE,INTERSECTION RELATED,T-INTERSECTION,STRAIGHT,NO DEFECTS,"TWO-WAY, DIVIDED, POSITIVE MEDIAN BARRIER",39.02575,-77.103515,"(39.02575, -77.103515)"
MCP3016000V,16034553,Montgomery County Police,Property Damage Crash,07/08/2016 10:35:00 AM,Yes,County,West,,1,West,10,FEET,LEVEL,SCARLET LEAF CIR,SCOTTSBURY DR,,N/A,,DRIVER,OTHER,CLEAR,DRY,DAYLIGHT,NO CONTROLS,N/A,,OTHER VEHICLE,N/A,N/A,N/A,CURVE LEFT,NO DEFECTS,"TWO-WAY, NOT DIVIDED",39.20229333,-77.24437333,"(39.20229333, -77.24437333)"
MCP1174006C,230028606,Montgomery County Police,Property Damage Crash,06/13/2023 09:00:00 PM,Yes,Maryland (State),South,,4,North,30,FEET,LEVEL,NEW HAMPSHIRE AVE,SCHINDLER DR,,N/A,,DRIVER,SAME DIR REAR END,CLEAR,DRY,DARK LIGHTS ON,TRAFFIC SIGNAL,"N/A, NONE DETECTED",,OTHER VEHICLE,N/A,INTERSECTION RELATED,FOUR-WAY INTERSECTION,STRAIGHT,NO DEFECTS,"TWO-WAY, NOT DIVIDED",39.03375849,-76.98623601,"(39.03375849, -76.98623601)"
MCP24360016,16005059,Montgomery County Police,Property Damage Crash,01/31/2016 09:52:00 AM,No,County,West,,1,West,0,FEET,LEVEL,RUATAN ST,11TH AVE,,N/A,,DRIVER,STRAIGHT MOVEMENT ANGLE,CLEAR,WET,DAYLIGHT,STOP SIGN,NONE DETECTED,,OTHER VEHICLE,N/A,INTERSECTION,T-INTERSECTION,STRAIGHT,N/A,"TWO-WAY, NOT DIVIDED",38.99704333,-76.990485,"(38.99704333, -76.990485)"
MCP2134001R,180058159,Montgomery County Police,Fatal Crash,11/20/2018 06:44:00 AM,Yes,Municipality,North,,2,North,0.1,MILE,LEVEL,S SUMMIT AVE,WELLS AVE,,GAITHERSBURG,PEDESTRIAN,UNKNOWN,OTHER,CLEAR,N/A,DAWN,OTHER,N/A,UNKNOWN,PEDESTRIAN,N/A,INTERSECTION RELATED,T-INTERSECTION,STRAIGHT,NO DEFECTS,"TWO-WAY, DIVIDED, UNPROTECTED PAINTED MIN 4 FEET",39.14136392,-77.19350721,"(39.14136392, -77.19350721)"
MCP0036001Z,15008222,Montgomery County Police,Injury Crash,02/19/2015 04:09:00 PM,No,County,East,OFF ROAD,1,West,700,FEET,GRADE DOWNHILL,PRICES DISTILLERY RD,CLARKSBURG RD,,N/A,,DRIVER,SINGLE VEHICLE,BLOWING SNOW,SNOW,DAYLIGHT,NO CONTROLS,NONE DETECTED,,OFF ROAD,FIXED OBJECT,NON INTERSECTION,N/A,STRAIGHT,NO DEFECTS,"TWO-WAY, NOT DIVIDED",39.291775,-77.26616,"(39.291775, -77.26616)"
MCP2772000P,15000972,Montgomery County Police,Property Damage Crash,01/06/2015 05:30:00 AM,No,Maryland (State),West,RIGHT TURN LANE,2,East,0,FEET,LEVEL,WILSON LA,RIVER RD,,N/A,,DRIVER,SINGLE VEHICLE,SNOW,SNOW,DARK LIGHTS ON,YIELD SIGN,NONE DETECTED,,FIXED OBJECT,N/A,INTERSECTION RELATED,FOUR-WAY INTERSECTION,CURVE RIGHT,NO DEFECTS,"TWO-WAY, DIVIDED, POSITIVE MEDIAN BARRIER",38.98384,-77.13771833,"(38.98384, -77.13771833)"
MCP31090043,200009563,Montgomery County Police,Injury Crash,02/26/2020 02:25:00 PM,No,,,,,,,,,,,PARKING LOT OF 9520 GEORGIA AVE,,,DRIVER,SINGLE VEHICLE,CLOUDY,,DAYLIGHT,NO CONTROLS,NONE DETECTED,,FIXED OBJECT,N/A,,,,,,39.0109605,-77.0415735,"(39.0109605, -77.0415735)"
MCP3329003Y,250011074,MONTGOMERY,Property Damage Crash,03/13/2025 03:18:00 PM,,,,,0,,,FEET,,,,Parking Lot Way        PARKING LOT OF 11223 LOCKWOOD DR,,,DRIVER,Unknown,Clear,,Daylight,,"Unknown, Unknown",,Motor Vehicle In Transport,,,,,,,39.03615298,-76.99552582,"(39.03615298, -76.99552582)"
MCP01060006,210020442,Montgomery County Police,Injury Crash,05/30/2021 02:45:00 AM,Yes,Maryland (State),West,,3,North,20,FEET,HILL CREST,CLARKSBURG RD,RAMP 8 FR IS 270 SB TO MD 121 WB,,N/A,,DRIVER,HEAD ON LEFT TURN,RAINING,WET,DARK LIGHTS ON,TRAFFIC SIGNAL,"N/A, UNKNOWN",,OTHER VEHICLE,FIXED OBJECT,INTERSECTION RELATED,FOUR-WAY INTERSECTION,STRAIGHT,NO DEFECTS,"TWO-WAY, NOT DIVIDED",39.23094343,-77.28602372,"(39.23094343, -77.28602372)"
MCP2588001Q,16034374,Montgomery County Police,Property Damage Crash,07/07/2016 11:10:00 AM,No,Maryland (State),South,,3,North,0,FEET,LEVEL,CONNECTICUT AVE,ENT TO ASPEN HILLS SHOPPING CTR,,N/A,,DRIVER,STRAIGHT MOVEMENT ANGLE,CLEAR,DRY,DAYLIGHT,NO CONTROLS,NONE DETECTED,,OTHER VEHICLE,N/A,CROSSOVER RELATED,T-INTERSECTION,CURVE LEFT,NO DEFECTS,"TWO-WAY, DIVIDED, POSITIVE MEDIAN BARRIER",39.07814,-77.08062833,"(39.07814, -77.08062833)"
MCP2446004R,190041393,Montgomery County Police,Property Damage Crash,08/29/2019 03:08:00 PM,No,,,,,,,,,,,"IN THE PARKING LOT OF, CLARKSBURG HIGH SCHOOL 22500 WIMS RD. CLARKSBURG MD. 20871",,,DRIVER,SINGLE VEHICLE,CLEAR,,DAYLIGHT,WARNING SIGN,NONE DETECTED,,FIXED OBJECT,N/A,,,,,,39.22763667,-77.266925,"(39.22763667, -77.266925)"
MCP23530051,180003044,Montgomery County Police,Injury Crash,01/19/2018 07:32:00 AM,No,County,East,OTHER,2,East,0,FEET,GRADE DOWNHILL,WESTLAKE TERR,ROCKLEDGE DR,,N/A,BICYCLIST,NONMOTORIST,STRAIGHT MOVEMENT ANGLE,CLOUDY,DRY,DAYLIGHT,PERSON,NONE DETECTED,NONE DETECTED,BICYCLE,N/A,INTERSECTION,FOUR-WAY INTERSECTION,STRAIGHT,NO DEFECTS,"TWO-WAY, DIVIDED, POSITIVE MEDIAN BARRIER",39.02642071,-77.13919133,"(39.02642071, -77.13919133)"
MCP29230050,190010661,Montgomery County Police,Property Damage Crash,03/07/2019 03:40:00 PM,Yes,,,,,,,,,,,PARKING LOT OF 12029 GEORGIA AVENUE,,,DRIVER,OTHER,CLEAR,,DAYLIGHT,N/A,"NONE DETECTED, UNKNOWN",,BACKING,N/A,,,,,,38.953,-77.338,"(38.953, -77.338)"
MCP2455001C,16054066,Montgomery County Police,Property Damage Crash,10/20/2016 05:40:00 PM,No,Maryland (State),East,,4,East,200,FEET,GRADE DOWNHILL,W MONTGOMERY AVE,DARNESTOWN RD,,N/A,,DRIVER,SAME DIR REAR END,CLEAR,DRY,DAYLIGHT,N/A,N/A,,OTHER VEHICLE,N/A,N/A,N/A,STRAIGHT,NO DEFECTS,"TWO-WAY, DIVIDED, POSITIVE MEDIAN BARRIER",39.09206667,-77.18149833,"(39.09206667, -77.18149833)"
MCP31060018,190004448,Montgomery County Police,Injury Crash,01/28/2019 04:32:00 PM,No,Maryland (State),North,ON RAMP,3,North,40,FEET,LEVEL,CONNECTICUT AVE,RAMP 3 FR IS 495 EB TO MD 185 NB,,N/A,,DRIVER,SAME DIR REAR END,CLEAR,DRY,DUSK,NO CONTROLS,N/A,,OTHER VEHICLE,OTHER VEHICLE,INTERCHANGE RELATED,N/A,STRAIGHT,NO DEFECTS,"TWO-WAY, DIVIDED, POSITIVE MEDIAN BARRIER",39.00233167,-77.077255,"(39.00233167, -77.077255)"
MCP25120054,200031570,Montgomery County Police,Injury Crash,08/13/2020 06:02:00 PM,No,Municipality,North,LEFT TURN LANE,2,East,0,FEET,OTHER,PHEASANT RUN DR,CLOPPER RD,,N/A,,DRIVER,HEAD ON,N/A,DRY,DAYLIGHT,TRAFFIC SIGNAL,NONE DETECTED,,OTHER VEHICLE,N/A,INTERSECTION,FOUR-WAY INTERSECTION,OTHER,NO DEFECTS,"TWO-WAY, DIVIDED, POSITIVE MEDIAN BARRIER",39.14735667,-77.23311667,"(39.14735667, -77.23311667)"
MCP2456004Z,200039744,Montgomery County Police,Property Damage Crash,10/09/2020 08:45:00 AM,No,County,West,,1,East,0.5,MILE,HILL UPHILL,ELTON RD,NEW HAMPSHIRE AVE,,N/A,,DRIVER,STRAIGHT MOVEMENT ANGLE,CLEAR,DRY,DAYLIGHT,NO CONTROLS,NONE DETECTED,,OTHER VEHICLE,N/A,COMMERCIAL DRIVEWAY,OTHER,STRAIGHT,NO DEFECTS,"TWO-WAY, DIVIDED, UNPROTECTED PAINTED MIN 4 FEET",39.01955167,-76.97292333,"(39.01955167, -76.97292333)"
MCP23390048,190019768,Montgomery County Police,Injury Crash,04/27/2019 03:33:00 PM,No,County,West,,2,East,150,FEET,LEVEL,RANDOLPH RD,PARKLAWN DR,,N/A,OTHER,DRIVER,SINGLE VEHICLE,N/A,DRY,DAYLIGHT,TRAFFIC SIGNAL,NONE DETECTED,N/A,PEDESTRIAN,N/A,NON INTERSECTION,N/A,STRAIGHT,NO DEFECTS,"TWO-WAY, NOT DIVIDED",39.0535975,-77.10567826,"(39.0535975, -77.10567826)"
MCP3347000K,230021584,Montgomery County Police,Property Damage Crash,05/05/2023 04:39:00 PM,No,Maryland (State),East,LEFT TURN LANE,2,East,20,FEET,LEVEL,RIVER RD,BUTLER RD,,N/A,,DRIVER,STRAIGHT MOVEMENT ANGLE,N/A,DRY,DAYLIGHT,N/A,NONE DETECTED,,OTHER VEHICLE,N/A,N/A,N/A,STRAIGHT,NO DEFECTS,"TWO-WAY, DIVIDED, UNPROTECTED PAINTED MIN 4 FEET",38.96361815,-77.10200547,"(38.96361815, -77.10200547)"
MCP2896000G,15001351,Montgomery County Police,Injury Crash,01/09/2015 09:07:00 AM,No,Maryland (State),South,,4,North,0,FEET,LEVEL,ROCKVILLE PIKE,SPUR TO WOODMONT AVE,,N/A,,DRIVER,SAME DIR REAR END,CLEAR,DRY,DAYLIGHT,NO CONTROLS,NONE DETECTED,,OTHER VEHICLE,N/A,NON INTERSECTION,N/A,STRAIGHT,N/A,"TWO-WAY, DIVIDED, POSITIVE MEDIAN BARRIER",39.00336833,-77.097475,"(39.00336833, -77.097475)"
MCP23560043,250006359,MONTGOMERY,Property Damage Crash,02/10/2025 06:20:00 PM,,,,,0,,,FEET,,,,Parking Stall        15740 SHADY GROVE RD,,,DRIVER,"Sideswipe, Same Direction",Clear,,Dark - Lighted,,"Unknown, Unknown",,Motor Vehicle In Transport,,,,,,,39.11503509,-77.18661392,"(39.11503509, -77.18661392)"
MCP2863003P,250016307,MONTGOMERY,Injury Crash,04/14/2025 05:40:00 PM,No,County Route,Unknown,Lane 1,1,North,35.46,FEET,Level,TURKEY BRANCH PKWY,,,,Cyclist (non-electric),UNKNOWN,Single Vehicle,Clear,,Daylight,No Controls,"Not Suspect of Alcohol Use, Not Suspect of Drug Use","Unknown, Unknown",Pedalcycle,,,,Straight,Unknown,Not Divided,39.07575782,-77.08179226,"(39.07575782, -77.08179226)"
MCP27270013,16042068,Montgomery County Police,Property Damage Crash,08/19/2016 08:48:00 AM,No,Maryland (State),South,,2,South,0,MILE,LEVEL,FREDERICK RD,WEST OLD BALTIMORE RD,,N/A,,DRIVER,SAME DIR REAR END,CLEAR,DRY,DAYLIGHT,NO CONTROLS,NONE DETECTED,,OTHER VEHICLE,OTHER VEHICLE,NON INTERSECTION,N/A,STRAIGHT,NO DEFECTS,"TWO-WAY, DIVIDED, UNPROTECTED PAINTED MIN 4 FEET",39.2155,-77.25231667,"(39.2155, -77.25231667)"
MCP27020010,15046733,MONTGOMERY,Property Damage Crash,09/15/2015 03:15:00 PM,Yes,,,,,,,,,,,901 Jessup Blair Rd Garage (Level 2),,OTHER,DRIVER,OTHER,N/A,,DAYLIGHT,N/A,NONE DETECTED,NONE DETECTED,PARKED VEHICLE,PARKED VEHICLE,,,,,,38.98729,-77.02467167,"(38.98729, -77.02467167)"
MCP3003002Q,180050825,Montgomery County Police,Property Damage Crash,10/11/2018 06:06:00 AM,No,Maryland (State),East,,2,West,100,FEET,GRADE DOWNHILL,CAPITOL VIEW AVE,BEECHBANK RD,,N/A,,DRIVER,SINGLE VEHICLE,RAINING,WET,DARK NO LIGHTS,NO CONTROLS,NONE DETECTED,,OFF ROAD,N/A,OTHER,OTHER,CURVE LEFT,NO DEFECTS,"TWO-WAY, DIVIDED, UNPROTECTED PAINTED MIN 4 FEET",39.016315,-77.05809,"(39.016315, -77.05809)"
EJ7839003K,190007126,Gaithersburg Police Depar,Property Damage Crash,02/13/2019 09:01:00 PM,No,Other Public Roadway,East,,1,East,50,FEET,HILL UPHILL,BEACON SQUARE CT,BOOTH ST,,GAITHERSBURG,,DRIVER,OTHER,CLEAR,DRY,DARK LIGHTS ON,NO CONTROLS,NONE DETECTED,,PARKED VEHICLE,N/A,N/A,N/A,CURVE LEFT,NO DEFECTS,"TWO-WAY, NOT DIVIDED",39.12610333,-77.23969333,"(39.12610333, -77.23969333)"
DD5624002J,190018366,Rockville Police Departme,Property Damage Crash,04/19/2019 05:03:00 PM,No,Maryland (State),North,,2,West,20,FEET,LEVEL,FIRST ST,MAPLE AVE,,ROCKVILLE,,DRIVER,SAME DIR REAR END,RAINING,WET,DAYLIGHT,NO CONTROLS,NONE DETECTED,,OTHER VEHICLE,N/A,NON INTERSECTION,N/A,STRAIGHT,NO DEFECTS,"TWO-WAY, DIVIDED, POSITIVE MEDIAN BARRIER",39.0842035,-77.136507,"(39.0842035, -77.136507)"
MCP2937000J,15028217,Montgomery County Police,Property Damage Crash,06/10/2015 05:37:00 PM,Yes,,,,,,0,,,,,PARKING LOT OF THE 7-11 LOCATED AT 8619 16TH STREET,,,DRIVER,SAME DIR BOTH LEFT TURN,CLEAR,,DAYLIGHT,N/A,"ALCOHOL PRESENT, NONE DETECTED",,OTHER VEHICLE,OTHER VEHICLE,,,,,,38.99807477,-77.03797817,"(38.99807477, -77.03797817)"
MCP2976004W,230029348,Montgomery County Police,Injury Crash,06/18/2023 10:19:00 PM,No,Maryland (State),East,,2,East,0,FEET,LEVEL,E RANDOLPH RD,OLD COLUMBIA PIKE,,N/A,,DRIVER,SAME DIR REAR END,N/A,DRY,DARK LIGHTS ON,TRAFFIC SIGNAL,"ALCOHOL PRESENT, NONE DETECTED",,OTHER VEHICLE,OTHER VEHICLE,INTERSECTION,FOUR-WAY INTERSECTION,STRAIGHT,NO DEFECTS,"TWO-WAY, DIVIDED, POSITIVE MEDIAN BARRIER",39.04651333,-76.99385,"(39.04651333, -76.99385)"
MCP31180041,230026982,Montgomery County Police,Injury Crash,06/05/2023 02:02:00 PM,No,Maryland (State),North,,2,North,0,FEET,LEVEL,LAYHILL RD,HATHAWAY DR,,N/A,,DRIVER,SAME DIR REND LEFT TURN,CLEAR,DRY,DAYLIGHT,STOP SIGN,NONE DETECTED,,OTHER VEHICLE,N/A,INTERSECTION,T-INTERSECTION,STRAIGHT,NO DEFECTS,"TWO-WAY, DIVIDED, POSITIVE MEDIAN BARRIER",39.11772992,-77.05684182,"(39.11772992, -77.05684182)"
MCP3057002D,200011934,Montgomery County Police,Injury Crash,03/11/2020 05:43:00 AM,No,,,,,,,,,,,PARKING LOT OF 12612 GREY EAGLE CT,,,DRIVER,OTHER,CLEAR,,DARK LIGHTS ON,N/A,UNKNOWN,,FIXED OBJECT,N/A,,,,,,39.167443,-77.26249567,"(39.167443, -77.26249567)"
MCP91060016,16061222,Montgomery County Police,Property Damage Crash,11/29/2016 12:28:00 PM,No,County,North,,1,South,30,FEET,LEVEL,GERMANTOWN RD,ROUNDABOUT,,N/A,,DRIVER,SINGLE VEHICLE,RAINING,WET,DAYLIGHT,YIELD SIGN,NONE DETECTED,,FIXED OBJECT,N/A,OTHER,ROUNDABOUT,OTHER,NO DEFECTS,OTHER,39.19046,-77.22498333,"(39.19046, -77.22498333)"
MCP2837002G,180060326,Montgomery County Police,Property Damage Crash,12/03/2018 06:17:00 AM,No,Maryland (State),South,,3,South,25,FEET,LEVEL,FREDERICK RD,SHADY GROVE RD,,N/A,,UNKNOWN,SAME DIRECTION SIDESWIPE,N/A,WET,DAWN,NO CONTROLS,NONE DETECTED,,OTHER VEHICLE,FIXED OBJECT,N/A,N/A,STRAIGHT,NO DEFECTS,"TWO-WAY, DIVIDED, POSITIVE MEDIAN BARRIER",39.121805,-77.17658333,"(39.121805, -77.17658333)"
DD5508001D,15062860,ROCKVILLE,Property Damage Crash,12/09/2015 12:13:00 PM,No,,,,,,,,,,,Parking Lot of 799 Rockville Pike,,,DRIVER,SINGLE VEHICLE,CLOUDY,,DAYLIGHT,NO CONTROLS,NONE DETECTED,,FIXED OBJECT,N/A,,,,,,39.076478,-77.140419,"(39.076478, -77.140419)"
MCP2541000C,15064401,MONTGOMERY,Injury Crash,12/17/2015 07:07:00 AM,No,County,East,,3,East,0,FEET,LEVEL,ARCOLA AVE,AMHERST AVE,,N/A,,DRIVER,HEAD ON LEFT TURN,RAINING,WET,DARK LIGHTS ON,TRAFFIC SIGNAL,"N/A, NONE DETECTED",,N/A,N/A,INTERSECTION,T-INTERSECTION,STRAIGHT,NO DEFECTS,"TWO-WAY, DIVIDED, UNPROTECTED PAINTED MIN 4 FEET",39.04705167,-77.04856833,"(39.04705167, -77.04856833)"
MCP3085005Y,250013740,MONTGOMERY,Injury Crash,03/29/2025 04:53:00 PM,No,Maryland (State) Route,Northbound,Lane 4,4,North,48.53,FEET,Downhill,CONNECTICUT AVE,,,,,UNKNOWN,Front to Rear,Clear,Dry,Daylight,No Controls,"Not Suspect of Alcohol Use, Not Suspect of Drug Use, Not Suspect of Alcohol Use, Not Suspect of Drug Use, Not Suspect of Alcohol Use, Not Suspect of Drug Use",,Motor Vehicle In Transport,Motor Vehicle In Transport,Non-Junction,,Straight,No Defects,"Divided, Raised Median (curbed)",39.000701,-77.07683,"(39.000701, -77.07683)"
DM8456001C,170548018,Takoma Park Police Depart,Property Damage Crash,12/11/2017 11:00:00 PM,Yes,Maryland (State),North,,3,North,0,FEET,LEVEL,NEW HAMPSHIRE AVE,UNIVERSITY BLVD,,N/A,,DRIVER,SAME DIRECTION LEFT TURN,CLEAR,DRY,DARK LIGHTS ON,TRAFFIC SIGNAL,"NONE DETECTED, UNKNOWN",,OTHER VEHICLE,OTHER VEHICLE,INTERSECTION,FOUR-WAY INTERSECTION,STRAIGHT,NO DEFECTS,"TWO-WAY, DIVIDED, POSITIVE MEDIAN BARRIER",38.98982667,-76.988395,"(38.98982667, -76.988395)"
MCP2648000H,15055473,MONTGOMERY,Injury Crash,10/30/2015 09:34:00 PM,No,County,East,,3,West,50,FEET,LEVEL,RANDOLPH RD,GREENERY LA,,N/A,,DRIVER,SAME DIR REAR END,CLEAR,DRY,DARK LIGHTS ON,N/A,NONE DETECTED,,OTHER VEHICLE,OTHER VEHICLE,NON INTERSECTION,N/A,STRAIGHT,NO DEFECTS,"TWO-WAY, DIVIDED, POSITIVE MEDIAN BARRIER",39.05827167,-77.04851833,"(39.05827167, -77.04851833)"
EJ78770009,190011060,Gaithersburg Police Depar,Property Damage Crash,03/10/2019 03:30:00 AM,No,Maryland (State),North,,3,North,0,FEET,LEVEL,MONTGOMERY VILLAGE AVE,CHRISTOPHER AVE,,N/A,,DRIVER,STRAIGHT MOVEMENT ANGLE,RAINING,WET,DARK LIGHTS ON,TRAFFIC SIGNAL,"N/A, NONE DETECTED",,OTHER VEHICLE,N/A,INTERSECTION,FOUR-WAY INTERSECTION,STRAIGHT,NO DEFECTS,"TWO-WAY, DIVIDED, POSITIVE MEDIAN BARRIER",39.15796167,-77.20435333,"(39.15796167, -77.20435333)"
MCP21340019,170548445,Montgomery County Police,Fatal Crash,12/13/2017 11:22:00 PM,No,Maryland (State),North,,6,North,0,FEET,LEVEL,ROCKVILLE PIKE,CHURCH ST,,ROCKVILLE,PEDESTRIAN,UNKNOWN,OTHER,CLEAR,N/A,DARK LIGHTS ON,TRAFFIC SIGNAL,NONE DETECTED,UNKNOWN,PEDESTRIAN,N/A,INTERSECTION,FOUR-WAY INTERSECTION,STRAIGHT,NO DEFECTS,"TWO-WAY, DIVIDED, POSITIVE MEDIAN BARRIER",39.08351729,-77.14680813,"(39.08351729, -77.14680813)"